source_name,unit,start_date,end_date,value
Watch,count/min,2023-11-19 19:39:51-07:00,2023-11-19 22:09:17-07:00,114.0
Watch,count/min,2023-11-20 01:06:16-07:00,2023-11-20 16:43:52-07:00,89.0
Watch,count/min,2023-11-22 09:30:01-07:00,2023-11-22 19:04:52-07:00,88.5
Watch,count/min,2023-11-25 13:42:58-07:00,2023-11-25 16:37:11-07:00,127.0
Watch,count/min,2023-11-27 07:22:55-07:00,2023-11-27 13:13:15-07:00,93.0
Watch,count/min,2023-11-28 01:00:17-07:00,2023-11-28 18:26:16-07:00,111.5
Watch,count/min,2023-11-29 08:42:07-07:00,2023-11-29 19:10:15-07:00,87.0
Watch,count/min,2023-12-03 03:55:15-07:00,2023-12-03 16:25:33-07:00,115.0
Watch,count/min,2023-12-04 10:08:26-07:00,2023-12-04 18:02:06-07:00,100.5
Watch,count/min,2023-12-06 15:48:04-07:00,2023-12-07 00:51:24-07:00,95.0
Watch,count/min,2023-12-07 01:03:50-07:00,2023-12-07 10:56:40-07:00,91.5
Watch,count/min,2023-05-23 09:33:50-07:00,2023-05-23 19:37:44-07:00,109.0
Watch,count/min,2023-05-25 06:47:02-07:00,2023-05-25 11:57:18-07:00,83.0
Watch,count/min,2023-05-27 12:23:05-07:00,2023-05-27 15:38:55-07:00,103.0
Watch,count/min,2023-05-30 06:33:53-07:00,2023-05-30 12:27:45-07:00,82.0
Watch,count/min,2023-05-31 09:16:24-07:00,2023-05-31 18:28:37-07:00,137.0
Watch,count/min,2023-06-01 08:49:13-07:00,2023-06-01 17:51:58-07:00,103.0
Watch,count/min,2023-06-03 14:14:51-07:00,2023-06-03 15:29:44-07:00,114.0
Watch,count/min,2023-06-04 15:44:51-07:00,2023-06-04 23:18:04-07:00,87.0
Watch,count/min,2023-06-05 00:15:09-07:00,2023-06-05 22:28:02-07:00,98.5
Watch,count/min,2023-06-06 10:12:44-07:00,2023-06-06 18:34:46-07:00,99.5
Watch,count/min,2023-06-08 07:42:54-07:00,2023-06-08 12:51:26-07:00,109.0
Watch,count/min,2023-06-12 18:55:34-07:00,2023-06-12 20:50:37-07:00,110.0
Watch,count/min,2023-06-13 09:57:30-07:00,2023-06-13 15:27:44-07:00,106.5
Watch,count/min,2023-06-15 08:49:57-07:00,2023-06-15 15:10:55-07:00,110.0
Watch,count/min,2023-06-16 09:01:15-07:00,2023-06-16 12:23:58-07:00,101.0
Watch,count/min,2023-06-17 11:13:22-07:00,2023-06-17 13:48:18-07:00,119.0
Watch,count/min,2023-06-20 00:00:46-07:00,2023-06-20 21:47:54-07:00,87.5
Watch,count/min,2023-06-21 07:24:46-07:00,2023-06-21 16:56:21-07:00,102.5
Watch,count/min,2023-06-22 07:26:17-07:00,2023-06-22 10:32:22-07:00,90.0
Watch,count/min,2023-06-25 12:50:35-07:00,2023-06-25 18:28:04-07:00,102.0
Watch,count/min,2023-06-26 07:07:52-07:00,2023-06-26 21:12:38-07:00,86.5
Watch,count/min,2023-06-27 08:49:24-07:00,2023-06-27 17:54:18-07:00,110.0
Watch,count/min,2023-06-28 08:27:00-07:00,2023-06-28 15:44:27-07:00,83.0
Watch,count/min,2023-06-29 08:40:53-07:00,2023-06-29 19:29:28-07:00,89.0
Watch,count/min,2023-07-01 16:17:39-07:00,2023-07-01 18:15:32-07:00,115.0
Watch,count/min,2023-07-04 15:42:50-07:00,2023-07-04 17:54:33-07:00,111.0
Watch,count/min,2023-07-05 07:50:05-07:00,2023-07-05 14:58:32-07:00,100.0
Watch,count/min,2023-07-06 00:03:05-07:00,2023-07-06 15:20:57-07:00,105.0
Watch,count/min,2023-07-07 08:40:13-07:00,2023-07-07 16:59:06-07:00,82.0
Watch,count/min,2023-07-08 11:00:45-07:00,2023-07-08 11:28:14-07:00,103.5
Watch,count/min,2023-07-09 15:58:10-07:00,2023-07-09 20:12:38-07:00,124.0
Watch,count/min,2023-07-10 09:02:20-07:00,2023-07-10 12:40:29-07:00,90.0
Watch,count/min,2023-07-11 06:57:37-07:00,2023-07-11 20:19:08-07:00,106.0
Watch,count/min,2023-07-12 08:06:18-07:00,2023-07-12 15:45:57-07:00,85.0
Watch,count/min,2023-07-13 09:28:06-07:00,2023-07-13 19:50:11-07:00,78.0
Watch,count/min,2023-07-17 08:45:17-07:00,2023-07-17 16:58:27-07:00,97.0
Watch,count/min,2023-07-18 08:54:36-07:00,2023-07-18 17:07:29-07:00,105.0
Watch,count/min,2023-07-19 08:56:47-07:00,2023-07-19 15:52:39-07:00,86.5
Watch,count/min,2023-07-20 21:03:59-07:00,2023-07-20 21:59:13-07:00,118.0
Watch,count/min,2023-07-21 09:09:18-07:00,2023-07-21 12:29:35-07:00,103.0
Watch,count/min,2023-07-22 10:32:55-07:00,2023-07-22 20:58:45-07:00,89.0
Watch,count/min,2023-07-24 08:34:56-07:00,2023-07-24 18:59:48-07:00,97.0
Watch,count/min,2023-07-25 11:46:25-07:00,2023-07-25 11:46:25-07:00,126.0
Watch,count/min,2023-07-27 12:18:52-07:00,2023-07-27 14:08:54-07:00,98.0
Watch,count/min,2023-07-28 09:15:28-07:00,2023-07-28 11:10:57-07:00,116.0
Watch,count/min,2023-07-29 11:10:15-07:00,2023-07-29 14:48:51-07:00,101.5
Watch,count/min,2023-07-31 08:10:00-07:00,2023-07-31 18:15:18-07:00,98.0
Watch,count/min,2023-08-01 07:03:49-07:00,2023-08-01 09:38:33-07:00,100.0
Watch,count/min,2023-08-02 07:46:10-07:00,2023-08-02 11:50:23-07:00,98.0
Watch,count/min,2023-08-03 08:32:10-07:00,2023-08-03 17:33:44-07:00,103.5
Watch,count/min,2023-08-05 07:57:40-07:00,2023-08-05 12:08:37-07:00,76.0
Watch,count/min,2023-08-07 08:43:12-07:00,2023-08-07 16:35:20-07:00,86.5
Watch,count/min,2023-08-09 08:50:40-07:00,2023-08-09 13:20:23-07:00,109.0
Watch,count/min,2023-08-12 10:20:23-07:00,2023-08-12 11:05:37-07:00,112.0
Watch,count/min,2023-08-14 08:40:50-07:00,2023-08-14 23:43:22-07:00,88.0
Watch,count/min,2023-08-15 08:47:00-07:00,2023-08-15 17:47:46-07:00,91.0
Watch,count/min,2023-08-16 07:52:14-07:00,2023-08-16 16:22:58-07:00,100.0
Watch,count/min,2023-08-17 08:56:00-07:00,2023-08-17 17:20:54-07:00,94.0
Watch,count/min,2023-08-20 11:19:03-07:00,2023-08-20 12:41:56-07:00,86.0
Watch,count/min,2023-08-22 08:53:13-07:00,2023-08-22 20:43:45-07:00,87.0
Watch,count/min,2023-08-23 08:46:59-07:00,2023-08-23 18:18:12-07:00,119.0
Watch,count/min,2023-08-24 09:11:06-07:00,2023-08-24 16:20:27-07:00,108.0
Watch,count/min,2023-08-25 09:47:10-07:00,2023-08-25 16:39:47-07:00,89.0
Watch,count/min,2023-08-27 18:47:57-07:00,2023-08-27 20:06:56-07:00,127.0
Watch,count/min,2023-08-28 08:48:57-07:00,2023-08-28 18:20:05-07:00,89.0
Watch,count/min,2023-08-29 09:15:13-07:00,2023-08-29 15:24:41-07:00,95.5
Watch,count/min,2023-08-30 18:04:05-07:00,2023-08-30 21:54:55-07:00,88.0
Watch,count/min,2023-08-31 00:24:10-07:00,2023-08-31 20:47:58-07:00,116.0
Watch,count/min,2023-09-01 09:18:30-07:00,2023-09-01 16:58:35-07:00,94.5
Watch,count/min,2023-09-02 18:00:49-07:00,2023-09-02 18:27:38-07:00,140.0
Watch,count/min,2023-09-05 09:05:32-07:00,2023-09-05 23:42:42-07:00,103.0
Watch,count/min,2023-09-06 00:06:18-07:00,2023-09-06 17:46:37-07:00,101.0
Watch,count/min,2023-09-08 09:59:01-07:00,2023-09-08 17:23:31-07:00,94.0
Watch,count/min,2023-09-09 13:15:41-07:00,2023-09-09 15:01:43-07:00,121.0
Watch,count/min,2023-09-10 14:49:09-07:00,2023-09-10 16:20:03-07:00,128.0
Watch,count/min,2023-09-11 09:09:14-07:00,2023-09-11 17:05:34-07:00,91.0
Watch,count/min,2023-09-12 10:00:07-07:00,2023-09-12 21:51:50-07:00,89.0
Watch,count/min,2023-09-13 08:52:51-07:00,2023-09-13 19:57:22-07:00,89.0
Watch,count/min,2023-09-17 11:46:07-07:00,2023-09-17 15:24:33-07:00,119.0
Watch,count/min,2023-09-18 08:42:43-07:00,2023-09-18 19:07:41-07:00,102.5
Watch,count/min,2023-09-19 09:04:26-07:00,2023-09-19 19:44:20-07:00,82.0
Watch,count/min,2023-09-20 08:35:29-07:00,2023-09-20 09:24:40-07:00,84.0
Watch,count/min,2023-09-21 09:06:42-07:00,2023-09-21 17:06:21-07:00,102.0
Watch,count/min,2023-09-23 14:45:24-07:00,2023-09-23 18:57:24-07:00,100.0
Watch,count/min,2023-09-27 08:35:16-07:00,2023-09-27 15:33:12-07:00,97.0
Watch,count/min,2023-09-28 07:56:43-07:00,2023-09-28 17:52:02-07:00,117.0
Watch,count/min,2023-09-29 08:11:44-07:00,2023-09-29 15:45:27-07:00,96.0
Watch,count/min,2023-09-30 11:39:44-07:00,2023-09-30 13:53:59-07:00,91.0
Watch,count/min,2023-10-02 05:43:31-07:00,2023-10-02 17:14:17-07:00,88.0
Watch,count/min,2023-10-03 06:08:25-07:00,2023-10-03 16:01:02-07:00,110.5
Watch,count/min,2023-10-04 08:49:13-07:00,2023-10-04 08:49:13-07:00,91.0
Watch,count/min,2023-10-05 06:29:05-07:00,2023-10-05 11:42:22-07:00,148.0
Watch,count/min,2023-10-08 16:25:33-07:00,2023-10-08 16:25:33-07:00,99.0
Watch,count/min,2023-10-09 06:59:57-07:00,2023-10-09 16:55:17-07:00,95.0
Watch,count/min,2023-10-10 07:23:15-07:00,2023-10-10 22:10:23-07:00,104.0
Watch,count/min,2023-10-11 08:56:26-07:00,2023-10-11 17:08:14-07:00,109.0
Watch,count/min,2023-10-13 18:09:03-07:00,2023-10-13 19:54:46-07:00,101.5
Watch,count/min,2023-10-14 00:37:06-07:00,2023-10-14 16:46:40-07:00,94.5
Watch,count/min,2023-10-16 14:53:02-07:00,2023-10-16 19:26:01-07:00,82.5
Watch,count/min,2023-10-17 08:24:11-07:00,2023-10-17 16:52:59-07:00,153.0
Watch,count/min,2023-10-19 10:15:24-07:00,2023-10-19 10:57:43-07:00,153.0
Watch,count/min,2023-10-20 07:00:12-07:00,2023-10-20 16:42:45-07:00,100.0
Watch,count/min,2023-10-21 09:28:03-07:00,2023-10-21 12:52:00-07:00,94.5
Watch,count/min,2023-10-24 08:59:08-07:00,2023-10-24 18:58:33-07:00,122.0
Watch,count/min,2023-10-25 11:45:34-07:00,2023-10-25 20:27:19-07:00,136.5
Watch,count/min,2023-10-26 00:11:25-07:00,2023-10-26 00:22:33-07:00,115.0
Watch,count/min,2023-10-28 10:14:52-07:00,2023-10-28 10:40:29-07:00,168.0
Watch,count/min,2023-10-31 14:24:52-07:00,2023-10-31 19:33:22-07:00,91.0
Watch,count/min,2023-11-06 09:46:24-07:00,2023-11-06 15:47:40-07:00,87.5
Watch,count/min,2023-11-07 10:13:55-07:00,2023-11-07 13:01:49-07:00,133.0
Watch,count/min,2023-11-12 18:46:01-07:00,2023-11-12 20:29:10-07:00,99.5
Watch,count/min,2023-11-13 09:24:27-07:00,2023-11-13 14:30:33-07:00,96.5
Watch,count/min,2023-11-18 01:08:44-07:00,2023-11-18 19:55:03-07:00,114.0
Watch,count/min,2022-11-26 16:14:18-07:00,2022-11-26 16:14:18-07:00,89.0
Watch,count/min,2022-11-27 13:47:42-07:00,2022-11-27 20:17:00-07:00,90.0
Watch,count/min,2022-11-28 17:23:24-07:00,2022-11-28 18:13:37-07:00,103.0
Watch,count/min,2022-11-29 14:49:25-07:00,2022-11-29 19:24:15-07:00,121.0
Watch,count/min,2022-11-30 13:01:46-07:00,2022-11-30 22:11:40-07:00,107.0
Watch,count/min,2022-12-01 01:02:25-07:00,2022-12-01 20:35:31-07:00,95.0
Watch,count/min,2022-12-02 10:27:17-07:00,2022-12-02 17:21:52-07:00,92.5
Watch,count/min,2022-12-03 11:04:08-07:00,2022-12-03 14:04:14-07:00,109.0
Watch,count/min,2022-12-04 10:09:34-07:00,2022-12-04 21:10:00-07:00,105.0
Watch,count/min,2022-12-05 12:43:55-07:00,2022-12-06 00:23:18-07:00,103.0
Watch,count/min,2022-12-06 11:09:28-07:00,2022-12-06 12:27:26-07:00,116.0
Watch,count/min,2022-12-07 15:10:16-07:00,2022-12-07 18:32:58-07:00,117.5
Watch,count/min,2022-12-08 09:39:17-07:00,2022-12-08 10:03:16-07:00,67.0
Watch,count/min,2022-12-09 14:43:20-07:00,2022-12-09 19:28:10-07:00,87.0
Watch,count/min,2022-12-11 14:46:20-07:00,2022-12-11 18:33:41-07:00,102.0
Watch,count/min,2022-12-12 08:31:59-07:00,2022-12-12 20:21:07-07:00,88.5
Watch,count/min,2022-12-13 08:22:40-07:00,2022-12-13 18:07:48-07:00,91.0
Watch,count/min,2022-12-14 07:54:55-07:00,2022-12-14 22:21:07-07:00,90.0
Watch,count/min,2022-12-15 11:52:02-07:00,2022-12-15 18:02:25-07:00,93.0
Watch,count/min,2022-12-16 13:37:50-07:00,2022-12-16 20:52:54-07:00,100.0
Watch,count/min,2022-12-17 15:03:43-07:00,2022-12-18 00:36:18-07:00,126.5
Watch,count/min,2022-12-18 01:15:49-07:00,2022-12-18 07:23:12-07:00,129.0
Watch,count/min,2022-12-19 08:26:11-07:00,2022-12-19 22:34:21-07:00,93.0
Watch,count/min,2022-12-20 08:29:31-07:00,2022-12-20 17:59:00-07:00,90.5
Watch,count/min,2022-12-21 08:43:10-07:00,2022-12-21 18:56:56-07:00,80.0
Watch,count/min,2022-12-22 08:49:48-07:00,2022-12-22 17:37:03-07:00,100.0
Watch,count/min,2022-12-23 09:08:50-07:00,2022-12-23 17:26:45-07:00,87.0
Watch,count/min,2022-12-24 11:05:53-07:00,2022-12-24 14:01:36-07:00,107.0
Watch,count/min,2022-12-26 11:19:20-07:00,2022-12-26 17:03:28-07:00,74.0
Watch,count/min,2022-12-27 08:07:25-07:00,2022-12-27 08:24:05-07:00,85.0
Watch,count/min,2022-12-28 08:05:08-07:00,2022-12-28 13:35:33-07:00,90.0
Watch,count/min,2022-12-29 08:25:56-07:00,2022-12-29 18:14:04-07:00,90.0
Watch,count/min,2022-12-30 11:56:58-07:00,2022-12-30 19:27:49-07:00,87.0
Watch,count/min,2022-12-31 14:01:47-07:00,2023-01-01 00:35:01-07:00,106.0
Watch,count/min,2023-01-01 10:09:59-07:00,2023-01-01 10:28:54-07:00,127.0
Watch,count/min,2023-01-02 15:18:12-07:00,2023-01-02 18:24:34-07:00,104.0
Watch,count/min,2023-01-03 08:38:06-07:00,2023-01-03 16:20:43-07:00,82.0
Watch,count/min,2023-01-04 08:52:33-07:00,2023-01-04 17:42:26-07:00,93.0
Watch,count/min,2023-01-05 09:14:00-07:00,2023-01-05 23:10:26-07:00,109.5
Watch,count/min,2023-01-08 00:51:25-07:00,2023-01-08 00:51:25-07:00,88.0
Watch,count/min,2023-01-08 01:00:15-07:00,2023-01-08 17:17:17-07:00,98.5
Watch,count/min,2023-01-09 08:14:50-07:00,2023-01-09 13:05:39-07:00,82.0
Watch,count/min,2023-01-10 09:10:18-07:00,2023-01-10 19:14:51-07:00,92.0
Watch,count/min,2023-01-11 08:55:55-07:00,2023-01-12 00:55:16-07:00,101.0
Watch,count/min,2023-01-12 01:14:04-07:00,2023-01-12 19:29:35-07:00,87.0
Watch,count/min,2023-01-14 10:57:58-07:00,2023-01-14 14:57:58-07:00,88.5
Watch,count/min,2023-01-15 12:54:26-07:00,2023-01-15 15:19:25-07:00,113.0
Watch,count/min,2023-01-16 08:36:23-07:00,2023-01-16 18:04:29-07:00,104.5
Watch,count/min,2023-01-17 07:48:33-07:00,2023-01-17 07:48:33-07:00,84.0
Watch,count/min,2023-01-19 08:54:07-07:00,2023-01-19 09:45:12-07:00,119.0
Watch,count/min,2023-01-20 09:35:24-07:00,2023-01-20 18:07:34-07:00,95.0
Watch,count/min,2023-01-21 13:56:52-07:00,2023-01-21 15:01:27-07:00,120.0
Watch,count/min,2023-01-23 09:35:11-07:00,2023-01-23 13:39:45-07:00,81.0
Watch,count/min,2023-01-22 09:32:10-07:00,2023-01-22 14:06:33-07:00,89.0
Watch,count/min,2023-01-24 08:32:51-07:00,2023-01-24 18:01:53-07:00,98.0
Watch,count/min,2023-01-25 09:23:33-07:00,2023-01-25 20:10:55-07:00,108.0
Watch,count/min,2023-01-26 09:02:16-07:00,2023-01-26 20:23:48-07:00,116.0
Watch,count/min,2023-01-27 08:23:10-07:00,2023-01-27 08:56:23-07:00,76.0
Watch,count/min,2023-01-28 16:14:09-07:00,2023-01-28 16:14:09-07:00,148.0
Watch,count/min,2023-01-29 10:21:15-07:00,2023-01-29 15:02:31-07:00,98.5
Watch,count/min,2023-01-30 07:38:27-07:00,2023-01-30 17:12:26-07:00,83.5
Watch,count/min,2023-01-31 09:10:27-07:00,2023-01-31 17:18:04-07:00,91.0
Watch,count/min,2023-02-01 09:35:52-07:00,2023-02-01 15:24:34-07:00,97.0
Watch,count/min,2023-02-02 09:42:26-07:00,2023-02-02 17:05:00-07:00,91.5
Watch,count/min,2023-02-03 09:58:37-07:00,2023-02-03 16:54:28-07:00,92.0
Watch,count/min,2023-02-06 16:22:31-07:00,2023-02-06 16:45:14-07:00,119.5
Watch,count/min,2023-02-07 08:44:53-07:00,2023-02-07 13:15:42-07:00,92.0
Watch,count/min,2023-02-08 09:39:52-07:00,2023-02-08 18:50:43-07:00,96.5
Watch,count/min,2023-02-12 13:42:54-07:00,2023-02-12 17:14:40-07:00,149.0
Watch,count/min,2023-02-13 09:03:28-07:00,2023-02-13 15:39:55-07:00,104.5
Watch,count/min,2023-02-14 09:43:50-07:00,2023-02-14 19:07:07-07:00,85.5
Watch,count/min,2023-02-15 09:49:52-07:00,2023-02-15 22:45:02-07:00,102.5
Watch,count/min,2023-02-17 09:54:06-07:00,2023-02-17 16:28:17-07:00,96.5
Watch,count/min,2023-02-18 14:40:50-07:00,2023-02-18 19:44:44-07:00,101.0
Watch,count/min,2023-02-20 07:31:22-07:00,2023-02-20 15:19:48-07:00,82.5
Watch,count/min,2023-02-21 08:12:05-07:00,2023-02-21 11:08:36-07:00,104.0
Watch,count/min,2023-02-22 08:12:09-07:00,2023-02-22 15:59:25-07:00,97.5
Watch,count/min,2023-02-23 08:49:08-07:00,2023-02-23 16:06:41-07:00,93.0
Watch,count/min,2023-02-26 16:34:50-07:00,2023-02-26 20:23:03-07:00,88.0
Watch,count/min,2023-02-27 09:39:27-07:00,2023-02-27 16:09:00-07:00,95.0
Watch,count/min,2023-02-28 08:42:09-07:00,2023-02-28 11:16:32-07:00,102.0
Watch,count/min,2023-03-01 08:19:00-07:00,2023-03-01 13:37:19-07:00,113.0
Watch,count/min,2023-03-02 09:09:59-07:00,2023-03-02 17:26:03-07:00,96.0
Watch,count/min,2023-03-03 09:37:42-07:00,2023-03-03 19:20:24-07:00,92.0
Watch,count/min,2023-03-04 16:48:03-07:00,2023-03-04 18:03:05-07:00,72.0
Watch,count/min,2023-03-06 17:22:23-07:00,2023-03-06 23:07:58-07:00,93.0
Watch,count/min,2023-03-07 01:01:27-07:00,2023-03-07 15:15:15-07:00,94.5
Watch,count/min,2023-03-08 09:07:28-07:00,2023-03-08 16:09:38-07:00,89.0
Watch,count/min,2023-03-10 09:52:43-07:00,2023-03-10 18:57:10-07:00,101.0
Watch,count/min,2023-03-11 17:46:05-07:00,2023-03-11 19:23:26-07:00,131.0
Watch,count/min,2023-03-12 16:17:15-07:00,2023-03-12 23:16:42-07:00,98.5
Watch,count/min,2023-03-13 08:02:19-07:00,2023-03-13 18:48:29-07:00,98.0
Watch,count/min,2023-03-14 09:09:03-07:00,2023-03-14 17:49:28-07:00,91.0
Watch,count/min,2023-03-15 02:17:34-07:00,2023-03-15 12:31:55-07:00,88.5
Watch,count/min,2023-03-22 08:50:13-07:00,2023-03-22 23:59:55-07:00,93.0
Watch,count/min,2023-03-24 14:53:15-07:00,2023-03-24 23:35:50-07:00,99.0
Watch,count/min,2023-03-25 00:01:22-07:00,2023-03-25 12:54:15-07:00,92.0
Watch,count/min,2023-03-26 14:31:11-07:00,2023-03-26 19:43:59-07:00,85.0
Watch,count/min,2023-03-27 00:01:27-07:00,2023-03-27 14:41:58-07:00,108.5
Watch,count/min,2023-03-28 08:48:53-07:00,2023-03-28 17:48:43-07:00,96.0
Watch,count/min,2023-03-29 09:00:36-07:00,2023-03-29 12:45:01-07:00,115.0
Watch,count/min,2023-03-30 08:54:53-07:00,2023-03-30 18:00:02-07:00,98.0
Watch,count/min,2023-03-31 09:14:54-07:00,2023-03-31 14:16:31-07:00,101.0
Watch,count/min,2023-04-01 15:32:51-07:00,2023-04-01 15:32:51-07:00,100.0
Watch,count/min,2023-04-02 13:20:16-07:00,2023-04-02 18:20:22-07:00,81.0
Watch,count/min,2023-04-03 00:00:53-07:00,2023-04-03 18:03:55-07:00,109.5
Watch,count/min,2023-04-04 08:56:33-07:00,2023-04-04 19:55:19-07:00,99.0
Watch,count/min,2023-04-05 08:26:26-07:00,2023-04-05 15:30:41-07:00,108.0
Watch,count/min,2023-04-06 08:47:46-07:00,2023-04-06 17:01:52-07:00,94.0
Watch,count/min,2023-04-09 12:09:14-07:00,2023-04-09 18:46:36-07:00,107.0
Watch,count/min,2023-04-10 05:38:51-07:00,2023-04-10 16:12:23-07:00,86.0
Watch,count/min,2023-04-11 08:57:31-07:00,2023-04-11 18:19:47-07:00,92.0
Watch,count/min,2023-04-14 19:33:25-07:00,2023-04-14 22:30:28-07:00,90.5
Watch,count/min,2023-04-17 13:25:59-07:00,2023-04-17 21:29:49-07:00,106.0
Watch,count/min,2023-04-18 08:10:31-07:00,2023-04-18 09:07:15-07:00,107.5
Watch,count/min,2023-04-19 08:56:45-07:00,2023-04-19 21:59:14-07:00,93.0
Watch,count/min,2023-04-20 08:51:39-07:00,2023-04-20 18:51:31-07:00,111.5
Watch,count/min,2023-04-23 15:51:35-07:00,2023-04-23 21:23:31-07:00,84.0
Watch,count/min,2023-04-24 08:34:26-07:00,2023-04-24 15:43:51-07:00,90.5
Watch,count/min,2023-04-25 09:45:14-07:00,2023-04-25 20:17:23-07:00,98.0
Watch,count/min,2023-04-27 00:14:39-07:00,2023-04-27 18:43:03-07:00,95.0
Watch,count/min,2023-04-28 09:47:12-07:00,2023-04-28 16:17:11-07:00,73.5
Watch,count/min,2023-04-30 11:25:39-07:00,2023-04-30 17:39:34-07:00,98.0
Watch,count/min,2023-05-01 06:49:52-07:00,2023-05-01 20:43:01-07:00,98.5
Watch,count/min,2023-05-02 09:11:06-07:00,2023-05-02 13:08:18-07:00,112.0
Watch,count/min,2023-05-03 08:00:33-07:00,2023-05-03 14:59:59-07:00,119.5
Watch,count/min,2023-05-04 08:52:20-07:00,2023-05-04 20:33:56-07:00,96.5
Watch,count/min,2023-05-05 09:07:39-07:00,2023-05-05 12:19:14-07:00,90.0
Watch,count/min,2023-05-06 12:38:05-07:00,2023-05-06 15:45:21-07:00,113.0
Watch,count/min,2023-05-08 08:30:30-07:00,2023-05-08 12:48:32-07:00,114.0
Watch,count/min,2023-05-10 08:35:06-07:00,2023-05-10 15:46:53-07:00,86.0
Watch,count/min,2023-05-11 08:30:13-07:00,2023-05-11 15:07:09-07:00,92.0
Watch,count/min,2023-05-12 18:47:43-07:00,2023-05-12 22:24:05-07:00,93.5
Watch,count/min,2023-05-14 18:14:51-07:00,2023-05-14 20:25:47-07:00,123.5
Watch,count/min,2023-05-15 08:49:50-07:00,2023-05-15 14:15:46-07:00,89.0
Watch,count/min,2023-05-16 08:34:57-07:00,2023-05-16 11:14:04-07:00,100.5
Watch,count/min,2023-05-18 08:10:29-07:00,2023-05-18 19:55:28-07:00,118.0
Watch,count/min,2023-05-20 10:26:04-07:00,2023-05-20 13:46:28-07:00,142.0
Watch,count/min,2023-05-19 09:10:23-07:00,2023-05-19 17:34:57-07:00,114.0
Watch,count/min,2023-05-21 14:59:21-07:00,2023-05-21 15:55:53-07:00,106.5
Watch,count/min,2023-05-22 08:58:56-07:00,2023-05-22 17:36:57-07:00,99.0
Watch,count/min,2022-05-30 01:38:11-07:00,2022-05-30 20:19:03-07:00,122.0
Watch,count/min,2022-05-31 01:00:08-07:00,2022-05-31 23:49:35-07:00,103.5
Watch,count/min,2022-06-01 00:15:38-07:00,2022-06-01 22:10:11-07:00,100.0
Watch,count/min,2022-06-02 00:14:49-07:00,2022-06-02 17:51:38-07:00,93.0
Watch,count/min,2022-06-03 00:13:52-07:00,2022-06-03 22:58:06-07:00,105.0
Watch,count/min,2022-06-04 00:00:18-07:00,2022-06-04 22:42:43-07:00,115.0
Watch,count/min,2022-06-05 00:01:46-07:00,2022-06-05 12:35:25-07:00,129.0
Watch,count/min,2022-06-07 13:02:47-07:00,2022-06-07 18:17:34-07:00,104.0
Watch,count/min,2022-06-08 16:33:29-07:00,2022-06-08 19:03:53-07:00,113.5
Watch,count/min,2022-06-09 00:21:10-07:00,2022-06-09 22:02:08-07:00,109.5
Watch,count/min,2022-06-10 07:52:56-07:00,2022-06-10 13:32:22-07:00,92.0
Watch,count/min,2022-06-13 00:03:52-07:00,2022-06-13 09:24:27-07:00,100.5
Watch,count/min,2022-06-14 07:00:43-07:00,2022-06-14 07:40:11-07:00,115.0
Watch,count/min,2022-06-15 00:27:37-07:00,2022-06-15 19:03:15-07:00,98.0
Watch,count/min,2022-06-17 17:36:34-07:00,2022-06-17 20:20:05-07:00,113.0
Watch,count/min,2022-06-18 09:24:23-07:00,2022-06-18 22:58:01-07:00,104.0
Watch,count/min,2022-06-19 00:01:50-07:00,2022-06-19 09:40:46-07:00,93.0
Watch,count/min,2022-06-20 06:53:56-07:00,2022-06-20 09:21:17-07:00,81.0
Watch,count/min,2022-06-21 05:59:51-07:00,2022-06-21 08:08:34-07:00,97.5
Watch,count/min,2022-06-22 00:02:22-07:00,2022-06-22 15:59:58-07:00,86.0
Watch,count/min,2022-06-23 09:49:49-07:00,2022-06-23 14:42:29-07:00,99.0
Watch,count/min,2022-06-24 09:41:44-07:00,2022-06-24 23:07:30-07:00,99.5
Watch,count/min,2022-06-25 00:00:02-07:00,2022-06-25 19:37:13-07:00,85.5
Watch,count/min,2022-06-26 08:13:34-07:00,2022-06-26 10:53:51-07:00,85.5
Watch,count/min,2022-06-27 14:38:52-07:00,2022-06-27 22:28:53-07:00,93.5
Watch,count/min,2022-06-28 08:49:11-07:00,2022-06-28 10:03:50-07:00,95.0
Watch,count/min,2022-06-29 00:02:35-07:00,2022-06-29 22:53:00-07:00,97.5
Watch,count/min,2022-06-30 00:00:57-07:00,2022-06-30 15:47:26-07:00,107.0
Watch,count/min,2022-07-01 06:33:01-07:00,2022-07-01 08:43:11-07:00,89.0
Watch,count/min,2022-07-02 21:23:46-07:00,2022-07-02 23:14:54-07:00,133.0
Watch,count/min,2022-07-06 12:48:05-07:00,2022-07-06 17:46:05-07:00,91.0
Watch,count/min,2022-07-07 00:00:00-07:00,2022-07-07 16:25:34-07:00,88.0
Watch,count/min,2022-07-09 05:49:07-07:00,2022-07-09 08:31:21-07:00,92.0
Watch,count/min,2022-07-10 11:48:06-07:00,2022-07-10 13:56:29-07:00,109.0
Watch,count/min,2022-07-11 09:44:03-07:00,2022-07-11 22:08:49-07:00,80.0
Watch,count/min,2022-07-12 09:40:38-07:00,2022-07-12 21:06:27-07:00,125.5
Watch,count/min,2022-07-13 16:36:36-07:00,2022-07-13 23:47:46-07:00,91.0
Watch,count/min,2022-07-14 09:57:00-07:00,2022-07-14 15:27:31-07:00,81.0
Watch,count/min,2022-07-15 10:54:02-07:00,2022-07-15 14:07:56-07:00,92.0
Watch,count/min,2022-07-18 07:04:09-07:00,2022-07-18 20:25:47-07:00,120.0
Watch,count/min,2022-07-19 07:07:04-07:00,2022-07-19 15:49:36-07:00,85.0
Watch,count/min,2022-07-20 08:10:23-07:00,2022-07-20 12:41:30-07:00,90.0
Watch,count/min,2022-07-21 07:14:01-07:00,2022-07-21 10:23:18-07:00,89.0
Watch,count/min,2022-07-22 10:37:20-07:00,2022-07-22 19:16:46-07:00,132.0
Watch,count/min,2022-07-23 12:52:14-07:00,2022-07-23 16:57:37-07:00,115.0
Watch,count/min,2022-07-24 01:47:30-07:00,2022-07-24 19:16:48-07:00,96.5
Watch,count/min,2022-07-25 12:09:38-07:00,2022-07-25 17:02:49-07:00,115.0
Watch,count/min,2022-07-26 07:06:15-07:00,2022-07-26 11:06:01-07:00,89.0
Watch,count/min,2022-07-27 07:32:55-07:00,2022-07-27 13:27:25-07:00,125.0
Watch,count/min,2022-07-28 07:41:55-07:00,2022-07-28 15:19:46-07:00,101.5
Watch,count/min,2022-07-29 07:38:50-07:00,2022-07-29 11:00:01-07:00,93.0
Watch,count/min,2022-07-30 00:00:04-07:00,2022-07-30 15:55:12-07:00,102.0
Watch,count/min,2022-07-31 10:37:47-07:00,2022-07-31 17:55:13-07:00,125.0
Watch,count/min,2022-08-01 07:25:50-07:00,2022-08-01 21:55:58-07:00,97.0
Watch,count/min,2022-08-02 00:05:54-07:00,2022-08-02 14:27:02-07:00,98.0
Watch,count/min,2022-08-03 08:01:54-07:00,2022-08-03 20:02:09-07:00,88.5
Watch,count/min,2022-08-04 18:46:45-07:00,2022-08-04 18:49:58-07:00,91.5
Watch,count/min,2022-08-05 07:39:39-07:00,2022-08-05 21:23:38-07:00,94.0
Watch,count/min,2022-08-06 10:39:47-07:00,2022-08-06 16:22:06-07:00,78.0
Watch,count/min,2022-08-07 13:18:32-07:00,2022-08-07 20:43:37-07:00,109.0
Watch,count/min,2022-08-08 20:20:43-07:00,2022-08-08 23:20:32-07:00,82.0
Watch,count/min,2022-08-09 00:01:29-07:00,2022-08-09 19:02:12-07:00,102.0
Watch,count/min,2022-08-10 07:17:31-07:00,2022-08-10 15:29:18-07:00,97.0
Watch,count/min,2022-08-11 00:00:03-07:00,2022-08-11 12:46:11-07:00,105.5
Watch,count/min,2022-08-12 07:28:34-07:00,2022-08-12 14:12:14-07:00,95.0
Watch,count/min,2022-08-13 19:59:15-07:00,2022-08-13 22:59:12-07:00,81.0
Watch,count/min,2022-08-13 19:59:15-07:00,2022-08-13 23:59:08-07:00,86.5
Watch,count/min,2022-08-14 00:00:44-07:00,2022-08-14 21:02:22-07:00,99.0
Watch,count/min,2022-08-15 00:08:05-07:00,2022-08-15 17:08:22-07:00,117.0
Watch,count/min,2022-08-16 06:48:53-07:00,2022-08-16 12:46:12-07:00,95.0
Watch,count/min,2022-08-17 07:00:40-07:00,2022-08-17 15:37:05-07:00,78.0
Watch,count/min,2022-08-18 00:05:22-07:00,2022-08-18 23:59:29-07:00,93.0
Watch,count/min,2022-08-19 00:02:59-07:00,2022-08-19 10:17:58-07:00,98.0
Watch,count/min,2022-08-20 12:28:46-07:00,2022-08-20 22:31:42-07:00,91.5
Watch,count/min,2022-08-21 15:56:13-07:00,2022-08-21 20:49:45-07:00,99.0
Watch,count/min,2022-08-22 07:18:35-07:00,2022-08-22 10:47:11-07:00,97.5
Watch,count/min,2022-08-29 13:52:36-07:00,2022-08-29 19:34:35-07:00,94.0
Watch,count/min,2022-08-30 13:10:50-07:00,2022-08-30 20:26:00-07:00,106.0
Watch,count/min,2022-08-31 09:43:50-07:00,2022-08-31 19:39:21-07:00,94.0
Watch,count/min,2022-09-01 00:05:24-07:00,2022-09-01 21:30:54-07:00,91.0
Watch,count/min,2022-09-02 21:30:22-07:00,2022-09-02 22:06:37-07:00,134.0
Watch,count/min,2022-09-03 00:11:21-07:00,2022-09-03 15:26:35-07:00,106.0
Watch,count/min,2022-09-04 13:33:03-07:00,2022-09-04 15:49:07-07:00,129.0
Watch,count/min,2022-09-05 16:59:48-07:00,2022-09-05 20:01:30-07:00,99.5
Watch,count/min,2022-09-06 09:57:01-07:00,2022-09-06 12:43:28-07:00,98.5
Watch,count/min,2022-09-07 21:10:45-07:00,2022-09-07 21:56:05-07:00,120.0
Watch,count/min,2022-09-08 07:31:53-07:00,2022-09-08 16:19:12-07:00,101.5
Watch,count/min,2022-09-10 15:42:13-07:00,2022-09-10 16:17:18-07:00,104.0
Watch,count/min,2022-09-11 07:16:42-07:00,2022-09-11 07:49:13-07:00,87.0
Watch,count/min,2022-09-13 18:52:37-07:00,2022-09-13 22:11:50-07:00,88.5
Watch,count/min,2022-09-14 15:55:33-07:00,2022-09-14 21:49:00-07:00,116.0
Watch,count/min,2022-09-15 00:02:15-07:00,2022-09-15 18:26:43-07:00,117.0
Watch,count/min,2022-09-16 09:57:48-07:00,2022-09-16 14:25:40-07:00,95.0
Watch,count/min,2022-09-19 00:03:52-07:00,2022-09-19 21:42:07-07:00,89.0
Watch,count/min,2022-09-20 19:07:32-07:00,2022-09-20 19:58:19-07:00,89.0
Watch,count/min,2022-09-21 14:15:59-07:00,2022-09-21 18:07:13-07:00,107.0
Watch,count/min,2022-09-22 10:31:26-07:00,2022-09-22 15:41:00-07:00,85.0
Watch,count/min,2022-09-23 09:02:21-07:00,2022-09-23 19:19:44-07:00,111.0
Watch,count/min,2022-09-24 11:07:35-07:00,2022-09-24 16:20:12-07:00,94.0
Watch,count/min,2022-09-25 00:00:04-07:00,2022-09-25 15:07:12-07:00,97.5
Watch,count/min,2022-09-26 02:05:42-07:00,2022-09-26 21:35:18-07:00,95.0
Watch,count/min,2022-09-27 10:32:46-07:00,2022-09-27 19:11:19-07:00,94.5
Watch,count/min,2022-09-28 09:26:15-07:00,2022-09-28 14:55:00-07:00,87.0
Watch,count/min,2022-09-29 16:26:33-07:00,2022-09-29 17:37:37-07:00,65.0
Watch,count/min,2022-09-30 10:28:31-07:00,2022-09-30 23:55:56-07:00,101.0
Watch,count/min,2022-10-01 00:10:45-07:00,2022-10-01 18:55:01-07:00,79.5
Watch,count/min,2022-10-02 19:13:08-07:00,2022-10-02 19:13:08-07:00,129.0
Watch,count/min,2022-10-03 09:36:40-07:00,2022-10-03 17:42:44-07:00,95.5
Watch,count/min,2022-10-05 00:04:23-07:00,2022-10-05 17:54:28-07:00,97.0
Watch,count/min,2022-10-06 00:46:34-07:00,2022-10-06 21:59:08-07:00,89.0
Watch,count/min,2022-10-07 00:02:24-07:00,2022-10-07 22:19:48-07:00,101.0
Watch,count/min,2022-10-08 00:04:18-07:00,2022-10-08 00:18:19-07:00,84.0
Watch,count/min,2022-10-09 14:31:49-07:00,2022-10-09 21:37:32-07:00,111.0
Watch,count/min,2022-10-10 00:04:49-07:00,2022-10-10 15:32:23-07:00,96.5
Watch,count/min,2022-10-11 00:26:50-07:00,2022-10-11 20:38:47-07:00,95.0
Watch,count/min,2022-10-12 00:07:36-07:00,2022-10-12 22:15:14-07:00,92.0
Watch,count/min,2022-10-13 01:17:30-07:00,2022-10-13 22:07:37-07:00,120.0
Watch,count/min,2022-10-15 00:02:01-07:00,2022-10-15 19:40:01-07:00,100.0
Watch,count/min,2022-10-16 11:05:26-07:00,2022-10-16 16:49:57-07:00,102.5
Watch,count/min,2022-10-18 09:55:55-07:00,2022-10-18 12:51:11-07:00,85.0
Watch,count/min,2022-10-20 10:58:56-07:00,2022-10-20 14:01:34-07:00,96.0
Watch,count/min,2022-10-21 14:04:09-07:00,2022-10-21 16:10:57-07:00,82.0
Watch,count/min,2022-10-22 11:27:21-07:00,2022-10-22 22:15:34-07:00,107.0
Watch,count/min,2022-10-23 00:01:28-07:00,2022-10-23 22:11:00-07:00,104.0
Watch,count/min,2022-10-24 00:00:05-07:00,2022-10-24 23:30:33-07:00,122.0
Watch,count/min,2022-10-25 00:13:00-07:00,2022-10-25 21:21:44-07:00,89.0
Watch,count/min,2022-10-26 00:01:45-07:00,2022-10-26 16:41:14-07:00,86.5
Watch,count/min,2022-10-27 09:56:32-07:00,2022-10-27 23:59:59-07:00,100.0
Watch,count/min,2022-10-28 00:00:08-07:00,2022-10-28 22:03:49-07:00,110.0
Watch,count/min,2022-10-29 00:05:12-07:00,2022-10-29 12:08:15-07:00,119.0
Watch,count/min,2022-10-30 13:03:52-07:00,2022-10-30 21:53:30-07:00,104.0
Watch,count/min,2022-10-31 09:24:19-07:00,2022-10-31 22:12:41-07:00,105.0
Watch,count/min,2022-11-01 00:01:10-07:00,2022-11-01 19:21:13-07:00,92.5
Watch,count/min,2022-11-02 09:58:58-07:00,2022-11-02 18:16:43-07:00,91.0
Watch,count/min,2022-11-03 20:11:31-07:00,2022-11-03 20:40:59-07:00,141.0
Watch,count/min,2022-11-04 00:04:28-07:00,2022-11-04 17:37:08-07:00,82.0
Watch,count/min,2022-11-05 10:34:58-07:00,2022-11-05 23:26:18-07:00,140.5
Watch,count/min,2022-11-06 00:00:32-07:00,2022-11-06 13:14:57-07:00,100.0
Watch,count/min,2022-11-07 11:16:24-07:00,2022-11-07 19:52:32-07:00,140.0
Watch,count/min,2022-11-08 01:01:05-07:00,2022-11-09 00:17:12-07:00,78.5
Watch,count/min,2022-11-09 01:03:48-07:00,2022-11-09 18:17:35-07:00,102.0
Watch,count/min,2022-11-10 10:03:00-07:00,2022-11-10 19:57:55-07:00,100.0
Watch,count/min,2022-11-11 11:40:29-07:00,2022-11-11 17:12:57-07:00,91.0
Watch,count/min,2022-11-13 13:54:03-07:00,2022-11-13 20:52:57-07:00,97.0
Watch,count/min,2022-11-14 12:43:58-07:00,2022-11-15 00:09:54-07:00,95.0
Watch,count/min,2022-11-15 09:24:42-07:00,2022-11-15 21:28:55-07:00,94.0
Watch,count/min,2022-11-16 16:06:34-07:00,2022-11-16 20:54:38-07:00,111.0
Watch,count/min,2022-11-17 18:31:10-07:00,2022-11-17 20:00:23-07:00,83.0
Watch,count/min,2022-11-19 14:32:01-07:00,2022-11-19 17:52:44-07:00,97.0
Watch,count/min,2022-11-20 01:00:01-07:00,2022-11-20 16:58:26-07:00,88.0
Watch,count/min,2022-11-22 02:11:34-07:00,2022-11-22 21:22:50-07:00,93.0
Watch,count/min,2022-11-24 16:13:36-07:00,2022-11-24 16:52:53-07:00,91.0
Melody’s Apple Watch,count/min,2021-11-29 12:50:45-07:00,2021-11-29 17:09:44-07:00,106.5
Melody’s Apple Watch,count/min,2021-11-30 12:55:35-07:00,2021-11-30 18:49:33-07:00,115.0
Melody’s Apple Watch,count/min,2021-12-01 01:05:44-07:00,2021-12-01 13:25:07-07:00,78.0
Melody’s Apple Watch,count/min,2021-12-02 12:00:46-07:00,2021-12-02 18:22:05-07:00,86.0
Melody’s Apple Watch,count/min,2021-12-03 20:45:10-07:00,2021-12-03 20:45:10-07:00,78.0
Melody’s Apple Watch,count/min,2021-12-04 01:05:15-07:00,2021-12-04 14:19:33-07:00,106.0
Melody’s Apple Watch,count/min,2021-12-07 01:03:47-07:00,2021-12-07 18:42:13-07:00,86.5
Melody’s Apple Watch,count/min,2021-12-08 01:02:13-07:00,2021-12-08 20:26:06-07:00,114.0
Melody’s Apple Watch,count/min,2021-12-09 12:47:30-07:00,2021-12-09 21:10:38-07:00,98.0
Melody’s Apple Watch,count/min,2021-12-10 11:01:05-07:00,2021-12-10 12:56:26-07:00,78.5
Melody’s Apple Watch,count/min,2021-12-12 09:48:29-07:00,2021-12-12 21:43:35-07:00,62.0
Melody’s Apple Watch,count/min,2021-12-13 01:06:33-07:00,2021-12-13 01:30:18-07:00,85.0
Melody’s Apple Watch,count/min,2021-12-14 10:51:52-07:00,2021-12-14 18:14:05-07:00,86.0
Melody’s Apple Watch,count/min,2021-12-15 16:25:42-07:00,2021-12-16 00:39:42-07:00,99.5
Melody’s Apple Watch,count/min,2021-12-16 01:03:09-07:00,2021-12-17 00:48:57-07:00,96.0
Melody’s Apple Watch,count/min,2021-12-17 08:17:43-07:00,2021-12-17 18:42:39-07:00,91.0
Melody’s Apple Watch,count/min,2021-12-18 15:38:39-07:00,2021-12-18 23:26:27-07:00,108.0
Melody’s Apple Watch,count/min,2021-12-20 09:26:15-07:00,2021-12-20 18:16:08-07:00,101.5
Melody’s Apple Watch,count/min,2021-12-24 14:45:54-07:00,2021-12-24 21:46:41-07:00,90.0
Melody’s Apple Watch,count/min,2021-12-29 16:47:40-07:00,2021-12-29 20:22:20-07:00,83.0
Melody’s Apple Watch,count/min,2021-12-30 11:33:45-07:00,2021-12-30 17:17:56-07:00,108.0
Melody’s Apple Watch,count/min,2022-01-03 15:03:32-07:00,2022-01-03 21:13:50-07:00,107.0
Melody’s Apple Watch,count/min,2022-01-04 01:30:40-07:00,2022-01-04 19:45:21-07:00,99.0
Melody’s Apple Watch,count/min,2022-01-05 03:11:41-07:00,2022-01-05 21:33:25-07:00,107.0
Melody’s Apple Watch,count/min,2022-01-06 07:46:03-07:00,2022-01-06 16:09:24-07:00,109.0
Melody’s Apple Watch,count/min,2022-01-07 10:25:33-07:00,2022-01-07 19:55:11-07:00,100.0
Melody’s Apple Watch,count/min,2022-01-08 11:05:49-07:00,2022-01-09 00:00:59-07:00,101.0
Melody’s Apple Watch,count/min,2022-01-09 11:15:04-07:00,2022-01-09 14:30:40-07:00,96.0
Melody’s Apple Watch,count/min,2022-01-10 09:20:23-07:00,2022-01-10 13:22:57-07:00,100.0
Melody’s Apple Watch,count/min,2022-01-11 02:58:09-07:00,2022-01-11 14:23:26-07:00,115.0
Melody’s Apple Watch,count/min,2022-01-13 15:53:19-07:00,2022-01-13 17:22:05-07:00,90.0
Melody’s Apple Watch,count/min,2022-01-15 12:37:13-07:00,2022-01-15 18:31:15-07:00,87.5
Melody’s Apple Watch,count/min,2022-01-16 09:12:23-07:00,2022-01-16 19:25:03-07:00,110.0
Watch,count/min,2022-01-17 08:21:23-07:00,2022-01-17 22:21:43-07:00,103.0
Watch,count/min,2022-01-18 09:19:50-07:00,2022-01-18 20:13:51-07:00,84.0
Watch,count/min,2022-01-20 11:56:50-07:00,2022-01-20 18:52:38-07:00,125.0
Watch,count/min,2022-01-21 22:19:39-07:00,2022-01-21 23:19:53-07:00,107.0
Watch,count/min,2022-01-22 01:02:39-07:00,2022-01-23 00:59:44-07:00,119.0
Watch,count/min,2022-01-23 10:54:41-07:00,2022-01-24 00:53:06-07:00,88.0
Watch,count/min,2022-01-24 01:03:55-07:00,2022-01-24 17:59:11-07:00,92.0
Watch,count/min,2022-01-25 10:13:09-07:00,2022-01-25 19:29:56-07:00,93.5
Watch,count/min,2022-01-26 09:38:33-07:00,2022-01-26 21:50:14-07:00,105.0
Watch,count/min,2022-01-27 09:53:34-07:00,2022-01-27 21:15:02-07:00,90.0
Watch,count/min,2022-01-28 08:48:33-07:00,2022-01-28 16:43:51-07:00,75.0
Watch,count/min,2022-01-29 01:02:31-07:00,2022-01-29 21:12:39-07:00,107.0
Watch,count/min,2022-01-31 10:48:48-07:00,2022-01-31 18:36:28-07:00,98.5
Watch,count/min,2022-02-03 15:41:25-07:00,2022-02-03 17:48:27-07:00,107.0
Watch,count/min,2022-02-04 10:30:43-07:00,2022-02-04 12:24:28-07:00,83.0
Watch,count/min,2022-02-05 01:03:48-07:00,2022-02-05 15:13:12-07:00,139.0
Watch,count/min,2022-02-07 11:48:23-07:00,2022-02-07 17:26:51-07:00,109.0
Watch,count/min,2022-02-09 10:30:48-07:00,2022-02-09 14:44:26-07:00,113.0
Watch,count/min,2022-02-10 01:04:30-07:00,2022-02-11 00:44:38-07:00,112.0
Watch,count/min,2022-02-11 01:02:38-07:00,2022-02-11 13:06:11-07:00,115.0
Watch,count/min,2022-02-12 01:03:36-07:00,2022-02-12 12:22:05-07:00,124.0
Watch,count/min,2022-02-13 12:04:03-07:00,2022-02-14 00:57:48-07:00,78.5
Watch,count/min,2022-02-15 09:32:52-07:00,2022-02-15 17:51:51-07:00,100.0
Watch,count/min,2022-02-16 09:46:30-07:00,2022-02-17 00:53:52-07:00,101.0
Watch,count/min,2022-02-17 01:03:01-07:00,2022-02-17 16:48:58-07:00,107.0
Watch,count/min,2022-02-18 09:07:41-07:00,2022-02-18 14:21:12-07:00,132.0
Watch,count/min,2022-02-19 13:45:44-07:00,2022-02-19 22:51:03-07:00,104.5
Watch,count/min,2022-02-20 02:14:30-07:00,2022-02-21 00:55:48-07:00,93.0
Watch,count/min,2022-02-22 08:49:32-07:00,2022-02-22 10:47:18-07:00,89.0
Watch,count/min,2022-02-23 13:05:42-07:00,2022-02-23 20:33:47-07:00,100.5
Watch,count/min,2022-02-24 01:05:58-07:00,2022-02-24 21:05:28-07:00,125.5
Watch,count/min,2022-02-25 01:01:35-07:00,2022-02-25 18:09:13-07:00,115.0
Watch,count/min,2022-02-26 09:19:16-07:00,2022-02-26 22:31:23-07:00,137.0
Watch,count/min,2022-02-27 14:44:56-07:00,2022-02-27 15:42:28-07:00,136.0
Watch,count/min,2022-02-28 08:30:43-07:00,2022-02-28 10:30:27-07:00,92.0
Watch,count/min,2022-03-01 08:30:24-07:00,2022-03-01 14:48:16-07:00,110.0
Watch,count/min,2022-03-02 10:03:53-07:00,2022-03-02 21:42:11-07:00,108.0
Watch,count/min,2022-03-06 17:06:40-07:00,2022-03-06 18:36:44-07:00,97.0
Watch,count/min,2022-03-07 01:03:42-07:00,2022-03-07 19:33:40-07:00,148.0
Watch,count/min,2022-03-08 12:11:39-07:00,2022-03-08 14:06:42-07:00,137.0
Watch,count/min,2022-03-09 09:19:44-07:00,2022-03-09 18:03:26-07:00,98.0
Watch,count/min,2022-03-10 16:23:49-07:00,2022-03-10 23:27:28-07:00,112.0
Watch,count/min,2022-03-11 01:05:05-07:00,2022-03-11 03:09:39-07:00,97.0
Watch,count/min,2022-03-22 05:55:44-07:00,2022-03-22 08:28:33-07:00,86.0
Watch,count/min,2022-03-28 10:01:51-07:00,2022-03-28 21:39:49-07:00,125.0
Watch,count/min,2022-03-29 11:05:13-07:00,2022-03-29 15:33:26-07:00,90.0
Watch,count/min,2022-03-30 00:55:17-07:00,2022-03-30 22:25:21-07:00,112.0
Watch,count/min,2022-04-02 10:59:09-07:00,2022-04-02 16:42:29-07:00,118.0
Watch,count/min,2022-04-03 01:36:32-07:00,2022-04-03 15:49:07-07:00,99.0
Watch,count/min,2022-04-04 00:01:21-07:00,2022-04-04 14:16:54-07:00,104.0
Watch,count/min,2022-04-05 00:08:45-07:00,2022-04-05 15:42:44-07:00,87.5
Watch,count/min,2022-04-08 09:32:02-07:00,2022-04-08 14:07:08-07:00,54.0
Watch,count/min,2022-04-07 18:14:04-07:00,2022-04-07 20:46:46-07:00,116.0
Watch,count/min,2022-04-10 14:13:46-07:00,2022-04-10 17:20:12-07:00,128.0
Watch,count/min,2022-04-11 11:41:48-07:00,2022-04-11 22:38:24-07:00,117.5
Watch,count/min,2022-04-12 00:00:22-07:00,2022-04-12 17:48:27-07:00,88.5
Watch,count/min,2022-04-13 00:00:02-07:00,2022-04-13 20:14:22-07:00,138.0
Watch,count/min,2022-04-14 00:00:02-07:00,2022-04-14 23:56:55-07:00,83.0
Watch,count/min,2022-04-15 11:53:17-07:00,2022-04-15 18:14:51-07:00,90.0
Watch,count/min,2022-04-17 15:06:55-07:00,2022-04-17 15:36:20-07:00,98.0
Watch,count/min,2022-04-18 11:13:26-07:00,2022-04-18 17:08:41-07:00,104.0
Watch,count/min,2022-04-19 00:10:09-07:00,2022-04-19 16:49:35-07:00,140.0
Watch,count/min,2022-04-20 01:09:36-07:00,2022-04-20 18:23:34-07:00,105.0
Watch,count/min,2022-04-21 00:19:09-07:00,2022-04-21 13:16:04-07:00,130.0
Watch,count/min,2022-04-22 09:59:45-07:00,2022-04-22 15:17:36-07:00,112.0
Watch,count/min,2022-04-26 12:03:35-07:00,2022-04-26 18:17:10-07:00,105.0
Watch,count/min,2022-04-28 19:25:26-07:00,2022-04-28 22:07:45-07:00,112.0
Watch,count/min,2022-04-29 00:02:55-07:00,2022-04-29 19:30:40-07:00,105.0
Watch,count/min,2022-04-30 00:00:29-07:00,2022-04-30 19:19:44-07:00,159.0
Watch,count/min,2022-05-01 00:06:01-07:00,2022-05-01 14:22:02-07:00,152.0
Watch,count/min,2022-05-02 18:12:49-07:00,2022-05-02 21:29:06-07:00,82.0
Watch,count/min,2022-05-03 08:39:14-07:00,2022-05-03 09:58:24-07:00,160.0
Watch,count/min,2022-05-04 11:57:47-07:00,2022-05-04 22:26:06-07:00,103.0
Watch,count/min,2022-05-05 00:00:00-07:00,2022-05-05 15:25:34-07:00,132.0
Watch,count/min,2022-05-07 00:55:27-07:00,2022-05-07 02:21:58-07:00,132.0
Watch,count/min,2022-05-08 00:00:03-07:00,2022-05-08 15:45:51-07:00,106.0
Watch,count/min,2022-05-10 00:26:55-07:00,2022-05-10 21:50:47-07:00,98.0
Watch,count/min,2022-05-12 00:00:03-07:00,2022-05-12 16:27:37-07:00,84.0
Watch,count/min,2022-05-11 23:49:09-07:00,2022-05-11 23:59:58-07:00,72.0
Watch,count/min,2022-05-13 18:27:45-07:00,2022-05-13 21:16:27-07:00,120.0
Watch,count/min,2022-05-14 02:23:38-07:00,2022-05-14 23:52:04-07:00,97.0
Watch,count/min,2022-05-16 10:26:37-07:00,2022-05-16 12:02:11-07:00,107.0
Watch,count/min,2022-05-17 00:03:38-07:00,2022-05-17 23:06:07-07:00,108.0
Watch,count/min,2022-05-18 00:03:53-07:00,2022-05-18 18:45:47-07:00,98.0
Watch,count/min,2022-05-19 10:13:21-07:00,2022-05-19 16:32:54-07:00,123.0
Watch,count/min,2022-05-22 12:30:48-07:00,2022-05-22 17:37:47-07:00,127.0
Watch,count/min,2022-05-27 19:11:33-07:00,2022-05-27 21:45:12-07:00,121.5
Watch,count/min,2022-05-28 11:44:09-07:00,2022-05-28 15:10:49-07:00,164.5
Melody’s Apple Watch,count/min,2021-06-02 08:08:14-07:00,2021-06-02 17:53:02-07:00,106.0
Melody’s Apple Watch,count/min,2021-06-03 14:12:11-07:00,2021-06-03 14:45:45-07:00,137.0
Melody’s Apple Watch,count/min,2021-06-04 06:16:37-07:00,2021-06-04 12:39:01-07:00,108.0
Melody’s Apple Watch,count/min,2021-06-04 22:05:09-07:00,2021-06-05 21:40:32-07:00,111.0
Melody’s Apple Watch,count/min,2021-06-07 11:10:21-07:00,2021-06-07 17:05:06-07:00,141.5
Melody’s Apple Watch,count/min,2021-06-10 00:46:52-07:00,2021-06-10 17:42:37-07:00,118.0
Melody’s Apple Watch,count/min,2021-06-10 22:38:05-07:00,2021-06-11 19:45:17-07:00,133.5
Melody’s Apple Watch,count/min,2021-06-12 12:40:22-07:00,2021-06-12 15:37:33-07:00,113.5
Melody’s Apple Watch,count/min,2021-06-13 10:18:30-07:00,2021-06-13 14:13:29-07:00,114.5
Melody’s Apple Watch,count/min,2021-06-14 22:02:37-07:00,2021-06-15 19:02:58-07:00,109.0
Melody’s Apple Watch,count/min,2021-06-14 13:53:25-07:00,2021-06-14 21:57:13-07:00,143.0
Melody’s Apple Watch,count/min,2021-06-15 22:00:10-07:00,2021-06-16 11:05:43-07:00,139.0
Melody’s Apple Watch,count/min,2021-06-18 22:03:58-07:00,2021-06-19 08:14:27-07:00,81.0
Melody’s Apple Watch,count/min,2021-06-23 16:41:47-07:00,2021-06-23 21:45:18-07:00,107.0
Melody’s Apple Watch,count/min,2021-06-23 23:33:51-07:00,2021-06-24 12:48:37-07:00,88.0
Melody’s Apple Watch,count/min,2021-06-24 22:58:31-07:00,2021-06-25 19:23:23-07:00,101.5
Melody’s Apple Watch,count/min,2021-06-25 22:07:44-07:00,2021-06-26 13:30:08-07:00,106.0
Melody’s Apple Watch,count/min,2021-06-27 13:27:32-07:00,2021-06-27 14:38:27-07:00,110.0
Melody’s Apple Watch,count/min,2021-06-29 00:00:46-07:00,2021-06-29 12:37:08-07:00,98.5
Melody’s Apple Watch,count/min,2021-06-28 14:25:01-07:00,2021-06-28 19:42:01-07:00,92.5
Melody’s Apple Watch,count/min,2021-06-30 07:03:36-07:00,2021-06-30 17:28:30-07:00,109.0
Melody’s Apple Watch,count/min,2021-07-01 14:10:19-07:00,2021-07-01 17:54:25-07:00,121.0
Melody’s Apple Watch,count/min,2021-07-02 14:07:38-07:00,2021-07-02 16:54:01-07:00,98.0
Melody’s Apple Watch,count/min,2021-07-03 09:47:56-07:00,2021-07-03 12:06:32-07:00,113.0
Melody’s Apple Watch,count/min,2021-07-04 07:16:20-07:00,2021-07-04 10:58:59-07:00,94.0
Melody’s Apple Watch,count/min,2021-07-06 06:56:57-07:00,2021-07-06 17:02:14-07:00,121.0
Melody’s Apple Watch,count/min,2021-07-08 10:44:59-07:00,2021-07-08 18:23:44-07:00,116.0
Melody’s Apple Watch,count/min,2021-07-09 14:32:47-07:00,2021-07-09 15:31:25-07:00,135.5
Melody’s Apple Watch,count/min,2021-07-10 09:05:33-07:00,2021-07-10 14:55:53-07:00,99.0
Melody’s Apple Watch,count/min,2021-07-11 06:45:44-07:00,2021-07-11 20:19:21-07:00,127.0
Melody’s Apple Watch,count/min,2021-07-11 22:03:13-07:00,2021-07-12 17:47:54-07:00,112.5
Melody’s Apple Watch,count/min,2021-07-13 09:27:52-07:00,2021-07-13 17:38:32-07:00,107.0
Melody’s Apple Watch,count/min,2021-07-13 22:00:54-07:00,2021-07-13 23:23:07-07:00,69.0
Melody’s Apple Watch,count/min,2021-07-14 22:02:07-07:00,2021-07-15 18:36:17-07:00,88.0
Melody’s Apple Watch,count/min,2021-07-15 22:02:07-07:00,2021-07-16 11:54:22-07:00,93.0
Melody’s Apple Watch,count/min,2021-07-17 12:06:04-07:00,2021-07-17 14:01:52-07:00,114.0
Melody’s Apple Watch,count/min,2021-07-18 16:28:11-07:00,2021-07-18 17:02:48-07:00,101.0
Melody’s Apple Watch,count/min,2021-07-19 11:04:11-07:00,2021-07-19 14:45:33-07:00,103.5
Melody’s Apple Watch,count/min,2021-07-20 07:26:00-07:00,2021-07-20 16:35:17-07:00,107.0
Melody’s Apple Watch,count/min,2021-07-20 22:02:48-07:00,2021-07-21 15:19:59-07:00,111.0
Melody’s Apple Watch,count/min,2021-07-23 14:26:09-07:00,2021-07-23 19:38:24-07:00,93.5
Melody’s Apple Watch,count/min,2021-07-23 22:00:04-07:00,2021-07-24 16:18:20-07:00,104.5
Melody’s Apple Watch,count/min,2021-07-25 17:12:18-07:00,2021-07-25 19:23:04-07:00,109.0
Melody’s Apple Watch,count/min,2021-07-26 22:00:00-07:00,2021-07-27 21:50:00-07:00,89.5
Melody’s Apple Watch,count/min,2021-07-27 22:00:38-07:00,2021-07-28 21:21:35-07:00,98.0
Melody’s Apple Watch,count/min,2021-07-28 22:01:19-07:00,2021-07-29 17:09:28-07:00,98.0
Melody’s Apple Watch,count/min,2021-07-29 22:00:02-07:00,2021-07-30 18:04:37-07:00,108.0
Melody’s Apple Watch,count/min,2021-08-01 16:19:02-07:00,2021-08-01 20:00:17-07:00,101.5
Melody’s Apple Watch,count/min,2021-08-03 10:10:49-07:00,2021-08-03 17:44:30-07:00,126.0
Melody’s Apple Watch,count/min,2021-08-03 22:02:35-07:00,2021-08-04 16:26:11-07:00,95.0
Melody’s Apple Watch,count/min,2021-08-04 22:02:31-07:00,2021-08-05 20:35:51-07:00,87.5
Melody’s Apple Watch,count/min,2021-08-10 11:37:49-07:00,2021-08-10 16:48:18-07:00,116.0
Melody’s Apple Watch,count/min,2021-08-10 22:00:24-07:00,2021-08-11 17:48:59-07:00,95.0
Melody’s Apple Watch,count/min,2021-08-13 09:37:53-07:00,2021-08-13 17:30:59-07:00,126.0
Melody’s Apple Watch,count/min,2021-08-14 07:37:38-07:00,2021-08-14 21:41:40-07:00,103.0
Melody’s Apple Watch,count/min,2021-08-14 22:04:02-07:00,2021-08-15 18:47:48-07:00,113.0
Melody’s Apple Watch,count/min,2021-08-16 22:01:50-07:00,2021-08-17 13:54:12-07:00,97.0
Melody’s Apple Watch,count/min,2021-08-17 22:02:42-07:00,2021-08-18 17:16:15-07:00,100.0
Melody’s Apple Watch,count/min,2021-08-18 22:04:06-07:00,2021-08-19 18:27:46-07:00,112.0
Melody’s Apple Watch,count/min,2021-08-20 18:05:32-07:00,2021-08-20 21:38:33-07:00,95.0
Melody’s Apple Watch,count/min,2021-08-20 22:02:47-07:00,2021-08-21 18:35:08-07:00,97.0
Melody’s Apple Watch,count/min,2021-08-22 13:55:22-07:00,2021-08-22 14:51:37-07:00,113.0
Melody’s Apple Watch,count/min,2021-08-22 22:02:19-07:00,2021-08-23 10:51:56-07:00,103.0
Melody’s Apple Watch,count/min,2021-08-27 08:59:16-07:00,2021-08-27 15:08:33-07:00,121.5
Melody’s Apple Watch,count/min,2021-08-28 00:41:42-07:00,2021-08-28 16:14:53-07:00,107.5
Melody’s Apple Watch,count/min,2021-08-30 09:43:02-07:00,2021-08-30 15:54:43-07:00,98.0
Melody’s Apple Watch,count/min,2021-08-31 00:02:19-07:00,2021-08-31 14:35:36-07:00,92.0
Melody’s Apple Watch,count/min,2021-09-01 00:00:48-07:00,2021-09-01 19:41:04-07:00,101.0
Melody’s Apple Watch,count/min,2021-09-02 00:00:57-07:00,2021-09-02 15:27:35-07:00,111.0
Melody’s Apple Watch,count/min,2021-09-03 00:00:55-07:00,2021-09-03 20:24:53-07:00,107.0
Melody’s Apple Watch,count/min,2021-09-04 00:09:44-07:00,2021-09-04 16:03:31-07:00,84.5
Melody’s Apple Watch,count/min,2021-09-05 10:55:52-07:00,2021-09-05 20:25:45-07:00,90.5
Melody’s Apple Watch,count/min,2021-09-06 00:05:24-07:00,2021-09-06 17:58:45-07:00,91.0
Melody’s Apple Watch,count/min,2021-09-07 00:08:12-07:00,2021-09-07 22:56:38-07:00,82.0
Melody’s Apple Watch,count/min,2021-10-06 00:38:49-07:00,2021-10-06 10:04:45-07:00,90.0
Melody’s Apple Watch,count/min,2021-10-07 00:00:59-07:00,2021-10-07 13:48:43-07:00,92.0
Melody’s Apple Watch,count/min,2021-10-08 08:14:53-07:00,2021-10-08 16:01:17-07:00,123.0
Melody’s Apple Watch,count/min,2021-10-10 01:03:35-07:00,2021-10-10 23:55:20-07:00,102.0
Melody’s Apple Watch,count/min,2021-10-11 00:00:22-07:00,2021-10-11 23:37:26-07:00,77.0
Melody’s Apple Watch,count/min,2021-10-12 00:00:56-07:00,2021-10-12 13:37:20-07:00,84.5
Melody’s Apple Watch,count/min,2021-09-08 00:00:29-07:00,2021-09-08 23:29:12-07:00,98.0
Melody’s Apple Watch,count/min,2021-09-09 00:04:17-07:00,2021-09-09 17:43:03-07:00,116.0
Melody’s Apple Watch,count/min,2021-09-11 06:33:50-07:00,2021-09-11 16:13:33-07:00,78.0
Melody’s Apple Watch,count/min,2021-09-12 00:00:38-07:00,2021-09-12 23:53:44-07:00,95.0
Melody’s Apple Watch,count/min,2021-09-13 00:03:20-07:00,2021-09-13 20:34:41-07:00,106.0
Melody’s Apple Watch,count/min,2021-09-14 00:07:42-07:00,2021-09-14 20:07:36-07:00,98.0
Melody’s Apple Watch,count/min,2021-09-15 00:05:10-07:00,2021-09-15 19:50:25-07:00,96.5
Melody’s Apple Watch,count/min,2021-09-16 00:04:09-07:00,2021-09-16 22:49:25-07:00,120.0
Melody’s Apple Watch,count/min,2021-09-17 01:53:53-07:00,2021-09-17 16:24:48-07:00,111.5
Melody’s Apple Watch,count/min,2021-09-18 00:00:58-07:00,2021-09-18 13:43:02-07:00,108.0
Melody’s Apple Watch,count/min,2021-09-19 00:01:32-07:00,2021-09-19 11:59:54-07:00,102.0
Melody’s Apple Watch,count/min,2021-09-20 10:44:18-07:00,2021-09-20 16:14:59-07:00,113.5
Melody’s Apple Watch,count/min,2021-09-21 00:14:16-07:00,2021-09-21 09:10:03-07:00,141.0
Melody’s Apple Watch,count/min,2021-09-22 00:02:21-07:00,2021-09-22 10:36:49-07:00,90.5
Melody’s Apple Watch,count/min,2021-09-23 00:20:33-07:00,2021-09-23 17:07:30-07:00,68.0
Melody’s Apple Watch,count/min,2021-09-24 00:01:40-07:00,2021-09-24 19:01:17-07:00,102.0
Melody’s Apple Watch,count/min,2021-09-25 00:00:40-07:00,2021-09-25 18:18:17-07:00,114.5
Melody’s Apple Watch,count/min,2021-09-26 02:07:13-07:00,2021-09-26 22:13:22-07:00,102.0
Melody’s Apple Watch,count/min,2021-09-27 00:01:43-07:00,2021-09-27 22:54:00-07:00,82.0
Melody’s Apple Watch,count/min,2021-09-28 00:00:40-07:00,2021-09-28 22:05:44-07:00,83.0
Melody’s Apple Watch,count/min,2021-09-29 00:01:00-07:00,2021-09-29 18:02:59-07:00,87.0
Melody’s Apple Watch,count/min,2021-09-30 00:02:49-07:00,2021-09-30 21:35:19-07:00,87.0
Melody’s Apple Watch,count/min,2021-10-01 00:04:49-07:00,2021-10-01 23:20:26-07:00,118.5
Melody’s Apple Watch,count/min,2021-10-02 00:06:03-07:00,2021-10-02 19:17:28-07:00,86.5
Melody’s Apple Watch,count/min,2021-10-04 00:01:49-07:00,2021-10-04 09:06:26-07:00,85.0
Melody’s Apple Watch,count/min,2021-10-05 00:04:14-07:00,2021-10-05 13:18:30-07:00,108.5
Melody’s Apple Watch,count/min,2021-10-14 00:01:26-07:00,2021-10-14 18:46:15-07:00,75.0
Melody’s Apple Watch,count/min,2021-10-15 09:30:17-07:00,2021-10-15 17:05:47-07:00,129.5
Melody’s Apple Watch,count/min,2021-10-16 02:15:50-07:00,2021-10-16 16:57:39-07:00,107.0
Melody’s Apple Watch,count/min,2021-10-17 10:25:06-07:00,2021-10-17 17:47:19-07:00,87.0
Melody’s Apple Watch,count/min,2021-10-18 00:00:00-07:00,2021-10-18 23:52:56-07:00,109.0
Melody’s Apple Watch,count/min,2021-10-19 00:01:33-07:00,2021-10-19 11:05:10-07:00,118.5
Melody’s Apple Watch,count/min,2021-10-21 09:14:56-07:00,2021-10-21 12:39:30-07:00,112.0
Melody’s Apple Watch,count/min,2021-10-23 13:13:10-07:00,2021-10-23 23:17:18-07:00,103.0
Melody’s Apple Watch,count/min,2021-10-24 00:04:40-07:00,2021-10-24 21:41:59-07:00,122.0
Melody’s Apple Watch,count/min,2021-10-26 01:10:34-07:00,2021-10-26 10:23:11-07:00,90.0
Melody’s Apple Watch,count/min,2021-11-11 08:46:51-07:00,2021-11-11 15:36:33-07:00,114.5
Melody’s Apple Watch,count/min,2021-11-12 01:04:06-07:00,2021-11-12 20:23:01-07:00,95.0
Melody’s Apple Watch,count/min,2021-11-13 12:20:28-07:00,2021-11-13 19:41:50-07:00,111.0
Melody’s Apple Watch,count/min,2021-11-14 01:02:31-07:00,2021-11-14 23:05:01-07:00,90.0
Melody’s Apple Watch,count/min,2021-11-15 01:03:40-07:00,2021-11-15 21:36:31-07:00,102.0
Melody’s Apple Watch,count/min,2021-11-16 01:02:22-07:00,2021-11-16 15:58:57-07:00,85.5
Melody’s Apple Watch,count/min,2021-11-17 01:01:42-07:00,2021-11-17 12:00:04-07:00,77.0
Melody’s Apple Watch,count/min,2021-11-18 01:00:07-07:00,2021-11-18 18:15:46-07:00,93.5
Melody’s Apple Watch,count/min,2021-11-19 01:02:31-07:00,2021-11-19 20:10:37-07:00,93.0
Melody’s Apple Watch,count/min,2021-11-22 01:03:24-07:00,2021-11-23 00:57:54-07:00,100.0
Melody’s Apple Watch,count/min,2021-11-23 14:43:11-07:00,2021-11-23 22:24:13-07:00,113.0
Melody’s Apple Watch,count/min,2021-11-25 13:38:03-07:00,2021-11-25 15:19:12-07:00,85.0
Melody’s Apple Watch,count/min,2021-11-26 01:00:18-07:00,2021-11-26 16:10:18-07:00,83.5
Melody’s Apple Watch,count/min,2021-11-27 01:01:12-07:00,2021-11-27 15:45:58-07:00,90.5
Melody’s Apple Watch,count/min,2021-11-28 01:42:25-07:00,2021-11-28 14:51:56-07:00,85.0
Melody’s Apple Watch,count/min,2020-12-04 01:01:11-07:00,2020-12-04 23:50:02-07:00,115.0
Melody’s Apple Watch,count/min,2020-12-05 01:01:17-07:00,2020-12-05 13:48:30-07:00,105.0
Melody’s Apple Watch,count/min,2020-12-06 01:00:25-07:00,2020-12-07 00:41:36-07:00,103.0
Melody’s Apple Watch,count/min,2020-12-07 01:01:31-07:00,2020-12-07 10:54:07-07:00,100.0
Melody’s Apple Watch,count/min,2020-12-09 01:06:34-07:00,2020-12-09 14:58:10-07:00,80.0
Melody’s Apple Watch,count/min,2020-12-10 01:04:53-07:00,2020-12-10 19:54:18-07:00,89.0
Melody’s Apple Watch,count/min,2020-12-11 01:03:45-07:00,2020-12-11 18:57:08-07:00,91.0
Melody’s Apple Watch,count/min,2020-12-14 11:34:26-07:00,2020-12-14 16:49:56-07:00,145.0
Melody’s Apple Watch,count/min,2020-12-15 01:00:29-07:00,2020-12-16 00:01:35-07:00,104.0
Melody’s Apple Watch,count/min,2020-12-16 01:06:30-07:00,2020-12-17 00:29:28-07:00,107.5
Melody’s Apple Watch,count/min,2020-12-17 09:39:21-07:00,2020-12-18 00:39:47-07:00,100.5
Melody’s Apple Watch,count/min,2020-12-18 01:05:24-07:00,2020-12-18 01:27:41-07:00,108.5
Melody’s Apple Watch,count/min,2020-12-21 13:03:50-07:00,2020-12-22 00:52:52-07:00,100.0
Melody’s Apple Watch,count/min,2020-12-22 14:44:26-07:00,2020-12-22 18:47:51-07:00,131.0
Melody’s Apple Watch,count/min,2020-12-24 14:21:45-07:00,2020-12-25 00:43:09-07:00,87.0
Melody’s Apple Watch,count/min,2020-12-25 01:01:00-07:00,2020-12-25 13:35:50-07:00,98.0
Melody’s Apple Watch,count/min,2020-12-28 01:04:34-07:00,2020-12-28 15:49:00-07:00,170.0
Melody’s Apple Watch,count/min,2020-12-29 01:05:18-07:00,2020-12-29 22:57:53-07:00,166.0
Melody’s Apple Watch,count/min,2020-12-30 01:05:08-07:00,2020-12-30 21:57:22-07:00,94.5
Melody’s Apple Watch,count/min,2021-01-01 14:00:06-07:00,2021-01-01 20:07:36-07:00,116.0
Melody’s Apple Watch,count/min,2021-01-03 21:14:49-07:00,2021-01-03 22:05:03-07:00,95.5
Melody’s Apple Watch,count/min,2021-01-04 01:09:25-07:00,2021-01-04 17:56:34-07:00,115.0
Melody’s Apple Watch,count/min,2021-01-05 12:16:46-07:00,2021-01-06 00:59:51-07:00,90.0
Melody’s Apple Watch,count/min,2021-01-06 01:05:16-07:00,2021-01-06 22:10:00-07:00,68.0
Melody’s Apple Watch,count/min,2021-01-07 01:00:00-07:00,2021-01-07 18:02:58-07:00,151.0
Melody’s Apple Watch,count/min,2021-01-08 01:03:10-07:00,2021-01-08 18:35:49-07:00,153.0
Melody’s Apple Watch,count/min,2021-01-09 01:01:08-07:00,2021-01-10 00:58:46-07:00,90.5
Melody’s Apple Watch,count/min,2021-01-10 01:04:09-07:00,2021-01-10 14:59:21-07:00,144.0
Melody’s Apple Watch,count/min,2021-01-11 01:00:04-07:00,2021-01-12 00:55:53-07:00,146.0
Melody’s Apple Watch,count/min,2021-01-12 01:00:59-07:00,2021-01-12 13:22:32-07:00,141.0
Melody’s Apple Watch,count/min,2021-01-13 01:01:53-07:00,2021-01-13 16:53:43-07:00,107.0
Melody’s Apple Watch,count/min,2021-01-14 10:44:23-07:00,2021-01-14 12:17:19-07:00,149.0
Melody’s Apple Watch,count/min,2021-01-15 01:00:24-07:00,2021-01-15 12:31:29-07:00,148.0
Melody’s Apple Watch,count/min,2021-01-17 11:32:05-07:00,2021-01-17 17:56:47-07:00,93.0
Melody’s Apple Watch,count/min,2021-01-18 01:01:00-07:00,2021-01-19 00:16:52-07:00,148.0
Melody’s Apple Watch,count/min,2021-01-19 10:40:55-07:00,2021-01-19 18:03:55-07:00,99.0
Melody’s Apple Watch,count/min,2021-01-20 09:20:43-07:00,2021-01-20 18:20:26-07:00,108.0
Melody’s Apple Watch,count/min,2021-01-21 01:02:42-07:00,2021-01-22 00:17:30-07:00,79.0
Melody’s Apple Watch,count/min,2021-01-22 01:06:36-07:00,2021-01-22 18:01:49-07:00,85.0
Melody’s Apple Watch,count/min,2021-01-23 13:17:53-07:00,2021-01-23 15:03:39-07:00,98.0
Melody’s Apple Watch,count/min,2021-01-24 19:42:24-07:00,2021-01-24 20:25:10-07:00,104.0
Melody’s Apple Watch,count/min,2021-01-26 01:00:30-07:00,2021-01-26 14:58:02-07:00,106.5
Melody’s Apple Watch,count/min,2021-01-25 01:01:05-07:00,2021-01-26 00:53:53-07:00,109.0
Melody’s Apple Watch,count/min,2021-01-27 01:04:01-07:00,2021-01-27 22:02:57-07:00,98.0
Melody’s Apple Watch,count/min,2021-01-28 01:04:08-07:00,2021-01-28 01:09:24-07:00,97.0
Melody’s Apple Watch,count/min,2021-02-03 14:38:29-07:00,2021-02-04 00:59:04-07:00,80.0
Melody’s Apple Watch,count/min,2021-02-04 01:04:09-07:00,2021-02-04 23:15:18-07:00,83.0
Melody’s Apple Watch,count/min,2021-02-05 09:42:49-07:00,2021-02-05 18:03:43-07:00,92.5
Melody’s Apple Watch,count/min,2021-02-07 12:58:44-07:00,2021-02-07 14:05:59-07:00,132.0
Melody’s Apple Watch,count/min,2021-02-08 14:37:11-07:00,2021-02-09 00:45:47-07:00,105.0
Melody’s Apple Watch,count/min,2021-02-09 01:04:32-07:00,2021-02-10 00:57:36-07:00,90.0
Melody’s Apple Watch,count/min,2021-02-11 01:01:53-07:00,2021-02-11 21:54:26-07:00,78.0
Melody’s Apple Watch,count/min,2021-02-12 01:04:34-07:00,2021-02-12 17:46:26-07:00,105.0
Melody’s Apple Watch,count/min,2021-02-13 01:04:58-07:00,2021-02-13 23:33:15-07:00,116.0
Melody’s Apple Watch,count/min,2021-02-15 01:04:05-07:00,2021-02-15 23:22:55-07:00,108.0
Melody’s Apple Watch,count/min,2021-02-16 10:05:46-07:00,2021-02-16 21:12:04-07:00,93.0
Melody’s Apple Watch,count/min,2021-02-18 01:00:19-07:00,2021-02-18 19:42:53-07:00,84.0
Melody’s Apple Watch,count/min,2021-02-19 01:01:39-07:00,2021-02-19 09:56:26-07:00,116.0
Melody’s Apple Watch,count/min,2021-02-20 10:27:52-07:00,2021-02-20 14:32:06-07:00,106.0
Melody’s Apple Watch,count/min,2021-02-22 11:06:22-07:00,2021-02-23 00:58:09-07:00,99.0
Melody’s Apple Watch,count/min,2021-02-23 01:13:37-07:00,2021-02-23 20:49:39-07:00,78.0
Melody’s Apple Watch,count/min,2021-02-24 01:01:17-07:00,2021-02-24 13:02:16-07:00,95.0
Melody’s Apple Watch,count/min,2021-02-26 09:38:25-07:00,2021-02-26 13:02:56-07:00,99.0
Melody’s Apple Watch,count/min,2021-02-25 13:03:23-07:00,2021-02-26 00:00:15-07:00,80.0
Melody’s Apple Watch,count/min,2021-02-28 11:58:24-07:00,2021-02-28 23:41:05-07:00,106.0
Melody’s Apple Watch,count/min,2021-03-01 11:42:51-07:00,2021-03-01 19:09:37-07:00,77.0
Melody’s Apple Watch,count/min,2021-03-02 01:06:16-07:00,2021-03-02 10:13:10-07:00,95.0
Melody’s Apple Watch,count/min,2021-03-03 10:40:02-07:00,2021-03-03 17:56:43-07:00,124.0
Melody’s Apple Watch,count/min,2021-03-04 09:28:58-07:00,2021-03-04 18:27:59-07:00,94.0
Melody’s Apple Watch,count/min,2021-03-05 09:25:33-07:00,2021-03-05 17:54:35-07:00,111.5
Melody’s Apple Watch,count/min,2021-03-07 09:43:46-07:00,2021-03-07 18:08:27-07:00,92.0
Melody’s Apple Watch,count/min,2021-03-08 17:03:20-07:00,2021-03-08 17:44:43-07:00,113.0
Melody’s Apple Watch,count/min,2021-03-09 01:05:32-07:00,2021-03-09 14:38:20-07:00,85.5
Melody’s Apple Watch,count/min,2021-03-10 01:01:59-07:00,2021-03-10 17:47:02-07:00,106.0
Melody’s Apple Watch,count/min,2021-03-11 01:06:20-07:00,2021-03-11 21:42:17-07:00,119.0
Melody’s Apple Watch,count/min,2021-03-12 10:51:23-07:00,2021-03-12 20:25:51-07:00,98.0
Melody’s Apple Watch,count/min,2021-03-15 00:00:39-07:00,2021-03-15 11:33:15-07:00,118.0
Melody’s Apple Watch,count/min,2021-03-16 10:01:14-07:00,2021-03-16 20:35:34-07:00,119.0
Melody’s Apple Watch,count/min,2021-03-17 01:28:22-07:00,2021-03-17 11:45:25-07:00,102.0
Melody’s Apple Watch,count/min,2021-03-18 20:10:16-07:00,2021-03-18 23:47:36-07:00,106.0
Melody’s Apple Watch,count/min,2021-03-21 10:58:30-07:00,2021-03-21 18:22:41-07:00,111.0
Melody’s Apple Watch,count/min,2021-03-22 00:00:49-07:00,2021-03-22 19:18:37-07:00,92.0
Melody’s Apple Watch,count/min,2021-03-27 14:06:10-07:00,2021-03-27 19:21:53-07:00,83.0
Melody’s Apple Watch,count/min,2021-03-27 22:03:30-07:00,2021-03-28 19:51:06-07:00,126.0
Melody’s Apple Watch,count/min,2021-03-29 09:44:05-07:00,2021-03-29 18:51:18-07:00,142.0
Melody’s Apple Watch,count/min,2021-03-30 12:44:44-07:00,2021-03-30 17:20:27-07:00,99.0
Melody’s Apple Watch,count/min,2021-03-30 22:05:13-07:00,2021-03-31 19:30:38-07:00,85.0
Melody’s Apple Watch,count/min,2021-04-01 15:42:44-07:00,2021-04-01 18:18:03-07:00,147.0
Melody’s Apple Watch,count/min,2021-04-02 05:28:35-07:00,2021-04-02 11:03:08-07:00,90.0
Melody’s Apple Watch,count/min,2021-04-03 10:31:04-07:00,2021-04-03 18:44:01-07:00,136.0
Melody’s Apple Watch,count/min,2021-04-03 22:22:24-07:00,2021-04-04 21:17:03-07:00,77.0
Melody’s Apple Watch,count/min,2021-04-04 22:02:54-07:00,2021-04-05 18:45:14-07:00,141.0
Melody’s Apple Watch,count/min,2021-04-05 23:25:52-07:00,2021-04-06 21:47:52-07:00,140.0
Melody’s Apple Watch,count/min,2021-04-08 12:35:01-07:00,2021-04-08 20:41:11-07:00,115.0
Melody’s Apple Watch,count/min,2021-04-08 23:21:17-07:00,2021-04-09 10:31:21-07:00,81.0
Melody’s Apple Watch,count/min,2021-04-10 12:20:53-07:00,2021-04-10 17:53:18-07:00,108.0
Melody’s Apple Watch,count/min,2021-04-12 06:10:32-07:00,2021-04-12 21:30:22-07:00,136.0
Melody’s Apple Watch,count/min,2021-04-12 22:59:35-07:00,2021-04-13 14:13:40-07:00,89.0
Melody’s Apple Watch,count/min,2021-04-15 06:21:13-07:00,2021-04-15 21:27:31-07:00,152.0
Melody’s Apple Watch,count/min,2021-04-15 22:33:15-07:00,2021-04-16 21:52:00-07:00,124.0
Melody’s Apple Watch,count/min,2021-04-16 22:35:05-07:00,2021-04-17 15:08:28-07:00,68.5
Melody’s Apple Watch,count/min,2021-04-17 22:04:42-07:00,2021-04-18 15:33:01-07:00,144.0
Melody’s Apple Watch,count/min,2021-04-18 22:01:27-07:00,2021-04-19 05:59:05-07:00,74.0
Melody’s Apple Watch,count/min,2021-04-21 06:41:15-07:00,2021-04-21 14:28:04-07:00,159.0
Melody’s Apple Watch,count/min,2021-04-21 22:03:09-07:00,2021-04-22 18:29:59-07:00,134.0
Melody’s Apple Watch,count/min,2021-04-22 22:03:27-07:00,2021-04-23 11:10:55-07:00,87.0
Melody’s Apple Watch,count/min,2021-04-24 00:24:48-07:00,2021-04-24 11:40:03-07:00,85.0
Melody’s Apple Watch,count/min,2021-04-24 22:01:17-07:00,2021-04-25 20:00:10-07:00,102.0
Melody’s Apple Watch,count/min,2021-04-25 22:06:40-07:00,2021-04-25 22:24:23-07:00,97.0
Melody’s Apple Watch,count/min,2021-04-28 08:33:26-07:00,2021-04-28 18:26:01-07:00,86.5
Melody’s Apple Watch,count/min,2021-04-29 03:06:22-07:00,2021-04-29 20:24:12-07:00,110.0
Melody’s Apple Watch,count/min,2021-04-30 22:05:18-07:00,2021-05-01 19:49:03-07:00,137.5
Melody’s Apple Watch,count/min,2021-05-02 08:53:49-07:00,2021-05-02 21:07:40-07:00,84.0
Melody’s Apple Watch,count/min,2021-05-02 22:03:39-07:00,2021-05-03 01:11:55-07:00,90.0
Melody’s Apple Watch,count/min,2021-05-04 13:20:51-07:00,2021-05-04 19:29:50-07:00,133.5
Melody’s Apple Watch,count/min,2021-05-06 04:25:35-07:00,2021-05-06 19:06:24-07:00,100.0
Melody’s Apple Watch,count/min,2021-05-06 22:01:19-07:00,2021-05-07 18:26:18-07:00,118.0
Melody’s Apple Watch,count/min,2021-05-07 22:02:46-07:00,2021-05-08 19:27:10-07:00,130.0
Melody’s Apple Watch,count/min,2021-05-08 22:02:50-07:00,2021-05-09 19:25:38-07:00,135.0
Melody’s Apple Watch,count/min,2021-05-09 22:02:17-07:00,2021-05-10 17:38:05-07:00,99.0
Melody’s Apple Watch,count/min,2021-05-12 01:05:49-07:00,2021-05-12 15:52:59-07:00,79.5
Melody’s Apple Watch,count/min,2021-05-13 08:34:57-07:00,2021-05-13 10:45:32-07:00,107.0
Melody’s Apple Watch,count/min,2021-05-14 05:21:10-07:00,2021-05-14 08:16:11-07:00,75.0
Melody’s Apple Watch,count/min,2021-05-14 22:00:20-07:00,2021-05-15 21:47:39-07:00,88.5
Melody’s Apple Watch,count/min,2021-05-15 22:01:17-07:00,2021-05-16 21:54:42-07:00,79.0
Melody’s Apple Watch,count/min,2021-05-16 22:00:40-07:00,2021-05-16 23:54:59-07:00,89.0
Melody’s Apple Watch,count/min,2021-05-18 05:08:43-07:00,2021-05-18 08:31:15-07:00,149.0
Melody’s Apple Watch,count/min,2021-05-18 22:03:21-07:00,2021-05-19 03:15:41-07:00,96.0
Melody’s Apple Watch,count/min,2021-05-19 22:00:37-07:00,2021-05-20 05:47:24-07:00,139.0
Melody’s Apple Watch,count/min,2021-05-21 04:24:03-07:00,2021-05-21 08:11:51-07:00,158.5
Melody’s Apple Watch,count/min,2021-05-22 02:30:21-07:00,2021-05-22 17:39:23-07:00,94.5
Melody’s Apple Watch,count/min,2021-05-22 22:01:09-07:00,2021-05-23 11:18:42-07:00,105.5
Melody’s Apple Watch,count/min,2021-05-24 07:29:29-07:00,2021-05-24 08:58:26-07:00,99.0
Melody’s Apple Watch,count/min,2021-05-27 06:24:57-07:00,2021-05-27 21:14:42-07:00,95.0
Melody’s Apple Watch,count/min,2021-05-27 22:00:35-07:00,2021-05-27 23:02:17-07:00,87.0
Melody’s Apple Watch,count/min,2021-06-01 09:19:05-07:00,2021-06-01 10:55:47-07:00,87.0
Melody’s Apple Watch,count/min,2020-06-07 10:24:50-07:00,2020-06-07 22:51:27-07:00,109.5
Melody’s Apple Watch,count/min,2020-06-08 00:00:15-07:00,2020-06-08 10:20:52-07:00,134.0
Melody’s Apple Watch,count/min,2020-06-09 08:06:51-07:00,2020-06-09 10:45:36-07:00,129.0
Melody’s Apple Watch,count/min,2020-06-10 11:37:42-07:00,2020-06-10 19:21:43-07:00,104.0
Melody’s Apple Watch,count/min,2020-06-11 07:58:54-07:00,2020-06-11 15:49:02-07:00,113.5
Melody’s Apple Watch,count/min,2020-06-12 00:03:04-07:00,2020-06-12 23:33:53-07:00,133.0
Melody’s Apple Watch,count/min,2020-06-13 06:32:08-07:00,2020-06-13 16:24:04-07:00,110.0
Melody’s Apple Watch,count/min,2020-06-14 09:11:11-07:00,2020-06-14 17:00:10-07:00,104.5
Melody’s Apple Watch,count/min,2020-06-15 11:25:37-07:00,2020-06-15 19:37:24-07:00,101.0
Melody’s Apple Watch,count/min,2020-06-16 05:45:07-07:00,2020-06-16 22:49:54-07:00,96.0
Melody’s Apple Watch,count/min,2020-06-17 06:12:43-07:00,2020-06-17 14:51:05-07:00,92.0
Melody’s Apple Watch,count/min,2020-06-18 00:00:47-07:00,2020-06-18 14:50:34-07:00,107.5
Melody’s Apple Watch,count/min,2020-06-19 10:14:53-07:00,2020-06-19 19:09:20-07:00,113.0
Melody’s Apple Watch,count/min,2020-06-20 00:00:12-07:00,2020-06-20 19:31:54-07:00,100.5
Melody’s Apple Watch,count/min,2020-06-21 00:05:05-07:00,2020-06-21 12:48:54-07:00,93.0
Melody’s Apple Watch,count/min,2020-06-22 00:06:32-07:00,2020-06-22 15:39:24-07:00,119.0
Melody’s Apple Watch,count/min,2020-06-23 10:54:47-07:00,2020-06-23 13:45:47-07:00,85.0
Melody’s Apple Watch,count/min,2020-06-24 00:00:39-07:00,2020-06-24 09:38:03-07:00,112.0
Melody’s Apple Watch,count/min,2020-06-26 00:03:34-07:00,2020-06-26 18:01:29-07:00,91.0
Melody’s Apple Watch,count/min,2020-06-28 15:09:22-07:00,2020-06-28 20:01:39-07:00,106.5
Melody’s Apple Watch,count/min,2020-06-29 00:02:08-07:00,2020-06-29 14:02:34-07:00,131.0
Melody’s Apple Watch,count/min,2020-06-30 09:48:11-07:00,2020-06-30 23:55:56-07:00,109.0
Melody’s Apple Watch,count/min,2020-07-01 00:00:11-07:00,2020-07-01 13:52:43-07:00,104.5
Melody’s Apple Watch,count/min,2020-07-02 00:01:28-07:00,2020-07-02 16:39:08-07:00,107.0
Melody’s Apple Watch,count/min,2020-07-04 13:24:55-07:00,2020-07-04 16:53:35-07:00,93.5
Melody’s Apple Watch,count/min,2020-07-05 00:04:41-07:00,2020-07-05 12:14:19-07:00,78.0
Melody’s Apple Watch,count/min,2020-07-06 00:24:18-07:00,2020-07-06 22:08:01-07:00,92.5
Melody’s Apple Watch,count/min,2020-07-07 10:57:13-07:00,2020-07-07 14:58:07-07:00,91.0
Melody’s Apple Watch,count/min,2020-07-08 04:47:02-07:00,2020-07-08 16:19:50-07:00,120.5
Melody’s Apple Watch,count/min,2020-07-09 11:05:51-07:00,2020-07-09 13:20:24-07:00,136.0
Melody’s Apple Watch,count/min,2020-07-10 00:01:31-07:00,2020-07-10 20:35:01-07:00,87.0
Melody’s Apple Watch,count/min,2020-07-11 16:57:35-07:00,2020-07-11 23:29:56-07:00,87.0
Melody’s Apple Watch,count/min,2020-07-14 05:12:08-07:00,2020-07-14 14:36:00-07:00,114.0
Melody’s Apple Watch,count/min,2020-07-15 10:46:21-07:00,2020-07-15 13:22:35-07:00,123.0
Melody’s Apple Watch,count/min,2020-07-17 12:34:05-07:00,2020-07-17 14:53:06-07:00,88.0
Melody’s Apple Watch,count/min,2020-07-18 00:00:28-07:00,2020-07-18 13:20:37-07:00,88.0
Melody’s Apple Watch,count/min,2020-07-20 09:43:03-07:00,2020-07-20 15:32:00-07:00,106.0
Melody’s Apple Watch,count/min,2020-07-22 00:02:23-07:00,2020-07-22 17:20:59-07:00,111.0
Melody’s Apple Watch,count/min,2020-07-24 08:44:18-07:00,2020-07-24 14:03:25-07:00,96.0
Melody’s Apple Watch,count/min,2020-07-25 10:25:12-07:00,2020-07-25 21:15:40-07:00,109.5
Melody’s Apple Watch,count/min,2020-07-26 00:01:19-07:00,2020-07-26 21:23:13-07:00,87.5
Melody’s Apple Watch,count/min,2020-07-28 12:32:29-07:00,2020-07-28 19:42:42-07:00,147.0
Melody’s Apple Watch,count/min,2020-07-29 00:11:13-07:00,2020-07-29 23:55:28-07:00,89.0
Melody’s Apple Watch,count/min,2020-07-30 00:00:50-07:00,2020-07-30 13:11:13-07:00,101.0
Melody’s Apple Watch,count/min,2020-08-01 18:22:57-07:00,2020-08-01 19:51:08-07:00,100.0
Melody’s Apple Watch,count/min,2020-08-03 11:40:33-07:00,2020-08-03 12:18:56-07:00,139.0
Melody’s Apple Watch,count/min,2020-08-04 15:40:11-07:00,2020-08-04 22:28:09-07:00,100.0
Melody’s Apple Watch,count/min,2020-08-06 12:44:16-07:00,2020-08-06 14:43:58-07:00,94.0
Melody’s Apple Watch,count/min,2020-08-10 09:21:54-07:00,2020-08-10 22:53:44-07:00,116.0
Melody’s Apple Watch,count/min,2020-08-11 20:02:10-07:00,2020-08-11 23:54:32-07:00,162.0
Melody’s Apple Watch,count/min,2020-08-12 00:06:24-07:00,2020-08-12 17:15:13-07:00,116.0
Melody’s Apple Watch,count/min,2020-08-13 12:52:42-07:00,2020-08-13 18:46:36-07:00,100.0
Melody’s Apple Watch,count/min,2020-08-14 07:15:16-07:00,2020-08-14 10:54:03-07:00,126.0
Melody’s Apple Watch,count/min,2020-08-15 00:04:20-07:00,2020-08-15 23:04:09-07:00,133.0
Melody’s Apple Watch,count/min,2020-08-16 08:39:17-07:00,2020-08-16 23:23:05-07:00,100.0
Melody’s Apple Watch,count/min,2020-08-17 00:05:36-07:00,2020-08-17 21:25:05-07:00,90.5
Melody’s Apple Watch,count/min,2020-08-19 07:23:26-07:00,2020-08-19 12:07:43-07:00,99.0
Melody’s Apple Watch,count/min,2020-08-22 10:51:37-07:00,2020-08-22 20:30:12-07:00,101.0
Melody’s Apple Watch,count/min,2020-08-24 09:17:22-07:00,2020-08-24 22:37:47-07:00,101.0
Melody’s Apple Watch,count/min,2020-08-25 08:18:53-07:00,2020-08-25 17:26:55-07:00,117.0
Melody’s Apple Watch,count/min,2020-08-26 14:36:29-07:00,2020-08-26 23:58:20-07:00,81.0
Melody’s Apple Watch,count/min,2020-08-27 00:06:28-07:00,2020-08-27 22:28:30-07:00,104.0
Melody’s Apple Watch,count/min,2020-08-28 10:34:55-07:00,2020-08-28 17:01:06-07:00,118.0
Melody’s Apple Watch,count/min,2020-08-29 09:19:44-07:00,2020-08-29 17:50:31-07:00,95.0
Melody’s Apple Watch,count/min,2020-08-31 12:09:38-07:00,2020-08-31 18:44:52-07:00,109.0
Melody’s Apple Watch,count/min,2020-09-01 00:00:22-07:00,2020-09-01 17:02:29-07:00,95.0
Melody’s Apple Watch,count/min,2020-09-02 06:52:41-07:00,2020-09-02 14:19:43-07:00,98.0
Melody’s Apple Watch,count/min,2020-09-04 08:17:51-07:00,2020-09-04 11:44:04-07:00,91.5
Melody’s Apple Watch,count/min,2020-09-11 07:10:01-07:00,2020-09-11 14:00:22-07:00,97.5
Melody’s Apple Watch,count/min,2020-09-13 15:35:32-07:00,2020-09-13 23:53:59-07:00,112.0
Melody’s Apple Watch,count/min,2020-09-14 00:02:25-07:00,2020-09-14 22:35:47-07:00,80.0
Melody’s Apple Watch,count/min,2020-09-15 07:59:38-07:00,2020-09-15 19:14:21-07:00,110.5
Melody’s Apple Watch,count/min,2020-09-16 08:45:40-07:00,2020-09-16 09:12:49-07:00,93.0
Melody’s Apple Watch,count/min,2020-09-17 08:28:37-07:00,2020-09-17 23:58:20-07:00,100.0
Melody’s Apple Watch,count/min,2020-09-18 00:01:15-07:00,2020-09-18 19:05:06-07:00,88.0
Melody’s Apple Watch,count/min,2020-09-19 00:00:41-07:00,2020-09-19 21:16:27-07:00,111.5
Melody’s Apple Watch,count/min,2020-09-21 08:54:48-07:00,2020-09-21 17:12:14-07:00,98.0
Melody’s Apple Watch,count/min,2020-09-22 07:51:09-07:00,2020-09-22 13:17:09-07:00,116.5
Melody’s Apple Watch,count/min,2020-09-24 09:09:16-07:00,2020-09-24 17:42:43-07:00,128.0
Melody’s Apple Watch,count/min,2020-09-25 12:25:01-07:00,2020-09-25 13:54:19-07:00,126.0
Melody’s Apple Watch,count/min,2020-09-27 00:00:00-07:00,2020-09-27 17:11:39-07:00,102.0
Melody’s Apple Watch,count/min,2020-09-28 09:08:19-07:00,2020-09-28 23:07:02-07:00,102.5
Melody’s Apple Watch,count/min,2020-09-29 00:02:59-07:00,2020-09-29 18:43:02-07:00,139.5
Melody’s Apple Watch,count/min,2020-09-30 08:39:43-07:00,2020-09-30 21:04:15-07:00,118.0
Melody’s Apple Watch,count/min,2020-10-01 00:47:27-07:00,2020-10-01 16:02:13-07:00,134.0
Melody’s Apple Watch,count/min,2020-10-02 00:03:28-07:00,2020-10-02 14:46:53-07:00,95.0
Melody’s Apple Watch,count/min,2020-10-03 00:01:25-07:00,2020-10-03 13:06:34-07:00,97.0
Melody’s Apple Watch,count/min,2020-10-05 00:00:55-07:00,2020-10-05 09:09:08-07:00,106.0
Melody’s Apple Watch,count/min,2020-10-07 07:40:01-07:00,2020-10-07 15:32:33-07:00,92.5
Melody’s Apple Watch,count/min,2020-10-06 00:04:57-07:00,2020-10-06 23:58:03-07:00,86.0
Melody’s Apple Watch,count/min,2020-10-08 00:00:34-07:00,2020-10-08 23:57:53-07:00,136.0
Melody’s Apple Watch,count/min,2020-10-09 00:05:48-07:00,2020-10-09 14:29:41-07:00,98.0
Melody’s Apple Watch,count/min,2020-10-10 11:09:38-07:00,2020-10-10 12:20:53-07:00,136.0
Melody’s Apple Watch,count/min,2020-10-11 00:05:58-07:00,2020-10-11 16:17:17-07:00,103.5
Melody’s Apple Watch,count/min,2020-10-12 09:21:57-07:00,2020-10-12 14:29:07-07:00,113.0
Melody’s Apple Watch,count/min,2020-10-14 00:01:22-07:00,2020-10-14 23:28:58-07:00,113.0
Melody’s Apple Watch,count/min,2020-10-15 00:00:50-07:00,2020-10-15 18:14:26-07:00,121.0
Melody’s Apple Watch,count/min,2020-10-16 00:00:42-07:00,2020-10-16 14:19:01-07:00,145.0
Melody’s Apple Watch,count/min,2020-10-19 08:28:11-07:00,2020-10-19 21:35:35-07:00,132.0
Melody’s Apple Watch,count/min,2020-10-20 07:36:55-07:00,2020-10-20 19:52:39-07:00,91.0
Melody’s Apple Watch,count/min,2020-10-21 00:01:14-07:00,2020-10-21 20:46:57-07:00,124.5
Melody’s Apple Watch,count/min,2020-10-22 00:01:48-07:00,2020-10-22 09:02:41-07:00,117.0
Melody’s Apple Watch,count/min,2020-10-23 00:04:31-07:00,2020-10-23 22:39:06-07:00,95.5
Melody’s Apple Watch,count/min,2020-10-24 00:03:33-07:00,2020-10-24 16:10:39-07:00,97.0
Melody’s Apple Watch,count/min,2020-10-25 11:13:08-07:00,2020-10-25 18:51:42-07:00,120.0
Melody’s Apple Watch,count/min,2020-10-26 00:02:29-07:00,2020-10-26 19:26:32-07:00,124.0
Melody’s Apple Watch,count/min,2020-10-27 11:29:27-07:00,2020-10-27 19:19:11-07:00,112.0
Melody’s Apple Watch,count/min,2020-10-28 00:04:40-07:00,2020-10-28 12:27:05-07:00,110.0
Melody’s Apple Watch,count/min,2020-10-30 09:28:00-07:00,2020-10-30 13:36:02-07:00,172.0
Melody’s Apple Watch,count/min,2020-10-31 12:36:32-07:00,2020-10-31 13:35:55-07:00,93.0
Melody’s Apple Watch,count/min,2020-11-02 08:28:23-07:00,2020-11-02 16:57:15-07:00,167.0
Melody’s Apple Watch,count/min,2020-11-04 15:16:30-07:00,2020-11-04 23:41:26-07:00,91.5
Melody’s Apple Watch,count/min,2020-11-05 01:01:14-07:00,2020-11-05 17:00:47-07:00,96.0
Melody’s Apple Watch,count/min,2020-11-06 01:01:37-07:00,2020-11-06 18:23:44-07:00,175.0
Melody’s Apple Watch,count/min,2020-11-07 01:01:13-07:00,2020-11-07 19:44:14-07:00,107.0
Melody’s Apple Watch,count/min,2020-11-08 01:02:48-07:00,2020-11-08 21:39:54-07:00,83.0
Melody’s Apple Watch,count/min,2020-11-09 01:04:37-07:00,2020-11-09 01:04:37-07:00,67.0
Melody’s Apple Watch,count/min,2020-11-10 01:04:40-07:00,2020-11-11 00:26:02-07:00,108.5
Melody’s Apple Watch,count/min,2020-11-11 10:38:56-07:00,2020-11-11 12:45:40-07:00,124.0
Melody’s Apple Watch,count/min,2020-11-12 01:05:44-07:00,2020-11-13 00:59:40-07:00,129.0
Melody’s Apple Watch,count/min,2020-11-13 01:02:27-07:00,2020-11-13 15:51:08-07:00,93.0
Melody’s Apple Watch,count/min,2020-11-15 11:51:08-07:00,2020-11-15 12:00:26-07:00,104.0
Melody’s Apple Watch,count/min,2020-11-17 13:03:21-07:00,2020-11-17 23:29:36-07:00,86.5
Melody’s Apple Watch,count/min,2020-11-18 01:02:13-07:00,2020-11-18 11:13:27-07:00,80.0
Melody’s Apple Watch,count/min,2020-11-19 08:14:00-07:00,2020-11-19 17:59:08-07:00,103.0
Melody’s Apple Watch,count/min,2020-11-20 08:13:02-07:00,2020-11-20 11:53:13-07:00,86.0
Melody’s Apple Watch,count/min,2020-11-21 01:16:46-07:00,2020-11-21 20:31:53-07:00,101.0
Melody’s Apple Watch,count/min,2020-11-22 01:05:00-07:00,2020-11-22 10:22:46-07:00,106.0
Melody’s Apple Watch,count/min,2020-11-23 01:03:02-07:00,2020-11-23 21:17:53-07:00,97.0
Melody’s Apple Watch,count/min,2020-11-24 01:01:05-07:00,2020-11-24 20:07:01-07:00,118.0
Melody’s Apple Watch,count/min,2020-11-25 14:12:36-07:00,2020-11-25 18:37:39-07:00,97.0
Melody’s Apple Watch,count/min,2020-11-26 15:18:43-07:00,2020-11-26 22:34:01-07:00,117.0
Melody’s Apple Watch,count/min,2020-11-27 01:05:28-07:00,2020-11-27 19:44:18-07:00,132.5
Melody’s Apple Watch,count/min,2020-11-28 01:20:05-07:00,2020-11-28 15:02:14-07:00,92.0
Melody’s Apple Watch,count/min,2020-11-29 01:05:07-07:00,2020-11-29 19:23:40-07:00,130.5
Melody’s Apple Watch,count/min,2020-12-01 01:01:20-07:00,2020-12-02 00:58:41-07:00,135.0
Melody’s Apple Watch,count/min,2020-12-02 01:00:37-07:00,2020-12-02 20:39:41-07:00,99.5
Melody’s Apple Watch,count/min,2020-12-03 01:03:01-07:00,2020-12-04 00:56:06-07:00,103.0
Melody’s Apple Watch,count/min,2019-12-11 01:07:02-07:00,2019-12-12 00:59:04-07:00,86.0
Melody’s Apple Watch,count/min,2019-12-13 08:47:41-07:00,2019-12-13 11:43:39-07:00,157.0
Melody’s Apple Watch,count/min,2019-12-14 10:32:38-07:00,2019-12-14 18:12:44-07:00,104.5
Melody’s Apple Watch,count/min,2019-12-16 09:17:12-07:00,2019-12-16 12:49:22-07:00,106.5
Melody’s Apple Watch,count/min,2019-12-18 08:13:38-07:00,2019-12-18 18:23:29-07:00,90.0
Melody’s Apple Watch,count/min,2019-12-19 08:20:51-07:00,2019-12-19 22:31:45-07:00,118.0
Melody’s Apple Watch,count/min,2019-12-21 10:46:57-07:00,2019-12-21 19:31:22-07:00,103.5
Melody’s Apple Watch,count/min,2019-12-22 12:56:15-07:00,2019-12-22 20:43:13-07:00,106.0
Melody’s Apple Watch,count/min,2019-12-23 08:52:39-07:00,2019-12-23 12:17:43-07:00,91.0
Melody’s Apple Watch,count/min,2019-12-24 10:42:30-07:00,2019-12-24 17:19:13-07:00,93.0
Melody’s Apple Watch,count/min,2019-12-25 11:26:26-07:00,2019-12-25 13:12:37-07:00,182.0
Melody’s Apple Watch,count/min,2019-12-26 10:50:23-07:00,2019-12-26 14:01:16-07:00,79.0
Melody’s Apple Watch,count/min,2019-12-27 08:33:19-07:00,2019-12-27 17:12:21-07:00,100.5
Melody’s Apple Watch,count/min,2019-12-28 11:42:58-07:00,2019-12-28 19:45:57-07:00,81.0
Melody’s Apple Watch,count/min,2019-12-30 13:22:33-07:00,2019-12-30 22:23:42-07:00,87.5
Melody’s Apple Watch,count/min,2019-12-31 08:06:07-07:00,2019-12-31 09:54:22-07:00,86.0
Melody’s Apple Watch,count/min,2020-01-02 01:02:32-07:00,2020-01-02 12:18:03-07:00,146.0
Melody’s Apple Watch,count/min,2020-01-03 01:00:32-07:00,2020-01-03 12:39:06-07:00,82.5
Melody’s Apple Watch,count/min,2020-01-04 01:01:00-07:00,2020-01-04 22:13:22-07:00,114.0
Melody’s Apple Watch,count/min,2020-01-05 01:03:40-07:00,2020-01-06 00:49:11-07:00,104.5
Melody’s Apple Watch,count/min,2020-01-06 10:24:11-07:00,2020-01-06 14:05:46-07:00,131.0
Melody’s Apple Watch,count/min,2020-01-08 20:27:40-07:00,2020-01-08 21:39:37-07:00,94.0
Melody’s Apple Watch,count/min,2020-01-09 01:01:50-07:00,2020-01-09 19:17:52-07:00,100.0
Melody’s Apple Watch,count/min,2020-01-10 09:01:15-07:00,2020-01-10 20:48:30-07:00,94.5
Melody’s Apple Watch,count/min,2020-01-11 12:06:56-07:00,2020-01-11 18:26:10-07:00,94.0
Melody’s Apple Watch,count/min,2020-01-13 11:32:19-07:00,2020-01-13 14:01:04-07:00,88.0
Melody’s Apple Watch,count/min,2020-01-14 08:16:15-07:00,2020-01-14 14:27:51-07:00,98.5
Melody’s Apple Watch,count/min,2020-01-15 18:11:51-07:00,2020-01-15 21:49:03-07:00,84.0
Melody’s Apple Watch,count/min,2020-01-18 12:11:43-07:00,2020-01-18 17:35:07-07:00,109.0
Melody’s Apple Watch,count/min,2020-01-20 11:08:24-07:00,2020-01-20 22:05:53-07:00,126.0
Melody’s Apple Watch,count/min,2020-01-21 01:05:00-07:00,2020-01-21 11:36:03-07:00,107.5
Melody’s Apple Watch,count/min,2020-01-22 01:02:15-07:00,2020-01-22 13:57:08-07:00,104.0
Melody’s Apple Watch,count/min,2020-01-23 10:51:22-07:00,2020-01-23 16:10:53-07:00,109.0
Melody’s Apple Watch,count/min,2020-01-25 01:03:44-07:00,2020-01-25 20:51:59-07:00,102.0
Melody’s Apple Watch,count/min,2020-01-26 01:05:02-07:00,2020-01-27 00:24:41-07:00,106.5
Melody’s Apple Watch,count/min,2020-01-27 01:06:01-07:00,2020-01-28 00:50:17-07:00,92.0
Melody’s Apple Watch,count/min,2020-01-28 01:05:20-07:00,2020-01-29 00:57:16-07:00,106.0
Melody’s Apple Watch,count/min,2020-01-29 01:04:01-07:00,2020-01-29 17:36:41-07:00,90.5
Melody’s Apple Watch,count/min,2020-01-30 01:03:25-07:00,2020-01-30 15:26:37-07:00,103.0
Melody’s Apple Watch,count/min,2020-01-31 01:02:58-07:00,2020-01-31 16:48:28-07:00,83.0
Melody’s Apple Watch,count/min,2020-02-01 01:04:18-07:00,2020-02-02 00:12:10-07:00,100.0
Melody’s Apple Watch,count/min,2020-02-02 01:05:54-07:00,2020-02-02 14:37:17-07:00,123.0
Melody’s Apple Watch,count/min,2020-02-03 01:01:45-07:00,2020-02-03 20:11:48-07:00,99.0
Melody’s Apple Watch,count/min,2020-02-04 01:00:33-07:00,2020-02-04 08:04:47-07:00,97.0
Melody’s Apple Watch,count/min,2020-02-05 09:43:54-07:00,2020-02-05 14:54:27-07:00,118.5
Melody’s Apple Watch,count/min,2020-02-06 09:53:55-07:00,2020-02-07 00:22:41-07:00,119.0
Melody’s Apple Watch,count/min,2020-02-07 01:02:41-07:00,2020-02-07 17:47:34-07:00,123.5
Melody’s Apple Watch,count/min,2020-02-09 10:58:09-07:00,2020-02-09 13:42:13-07:00,111.0
Melody’s Apple Watch,count/min,2020-02-10 01:00:24-07:00,2020-02-10 17:16:19-07:00,108.5
Melody’s Apple Watch,count/min,2020-02-11 01:03:03-07:00,2020-02-11 09:54:02-07:00,109.5
Melody’s Apple Watch,count/min,2020-02-12 01:00:04-07:00,2020-02-12 13:56:50-07:00,114.0
Melody’s Apple Watch,count/min,2020-02-13 01:00:45-07:00,2020-02-13 17:08:31-07:00,134.0
Melody’s Apple Watch,count/min,2020-02-14 11:03:04-07:00,2020-02-14 20:10:09-07:00,81.5
Melody’s Apple Watch,count/min,2020-02-15 12:43:39-07:00,2020-02-16 00:46:03-07:00,91.0
Melody’s Apple Watch,count/min,2020-02-16 01:03:14-07:00,2020-02-17 00:58:35-07:00,94.0
Melody’s Apple Watch,count/min,2020-02-17 01:01:33-07:00,2020-02-17 17:21:03-07:00,100.0
Melody’s Apple Watch,count/min,2020-02-18 01:17:29-07:00,2020-02-18 23:53:58-07:00,105.0
Melody’s Apple Watch,count/min,2020-02-19 01:04:11-07:00,2020-02-19 13:07:03-07:00,93.0
Melody’s Apple Watch,count/min,2020-02-20 01:00:12-07:00,2020-02-20 18:28:08-07:00,104.0
Melody’s Apple Watch,count/min,2020-02-21 01:09:08-07:00,2020-02-22 00:33:43-07:00,97.5
Melody’s Apple Watch,count/min,2020-02-22 01:02:00-07:00,2020-02-22 18:36:54-07:00,91.0
Melody’s Apple Watch,count/min,2020-02-23 11:24:57-07:00,2020-02-23 23:02:47-07:00,84.5
Melody’s Apple Watch,count/min,2020-02-24 01:00:28-07:00,2020-02-24 13:43:28-07:00,97.0
Melody’s Apple Watch,count/min,2020-02-26 07:58:04-07:00,2020-02-26 13:54:15-07:00,109.5
Melody’s Apple Watch,count/min,2020-02-27 11:50:29-07:00,2020-02-28 00:45:28-07:00,83.5
Melody’s Apple Watch,count/min,2020-02-28 01:01:43-07:00,2020-02-28 12:55:37-07:00,95.0
Melody’s Apple Watch,count/min,2020-03-01 13:13:46-07:00,2020-03-01 16:21:50-07:00,122.0
Melody’s Apple Watch,count/min,2020-03-03 07:50:01-07:00,2020-03-04 00:58:54-07:00,93.5
Melody’s Apple Watch,count/min,2020-03-05 11:09:36-07:00,2020-03-05 12:29:53-07:00,115.0
Melody’s Apple Watch,count/min,2020-03-07 01:01:00-07:00,2020-03-07 22:34:38-07:00,133.0
Melody’s Apple Watch,count/min,2020-03-08 01:01:14-07:00,2020-03-08 23:21:00-07:00,111.5
Melody’s Apple Watch,count/min,2020-03-09 09:00:55-07:00,2020-03-09 23:56:37-07:00,95.0
Melody’s Apple Watch,count/min,2020-03-11 00:02:47-07:00,2020-03-11 18:34:10-07:00,122.0
Melody’s Apple Watch,count/min,2020-03-12 00:00:15-07:00,2020-03-12 15:30:20-07:00,99.5
Melody’s Apple Watch,count/min,2020-03-13 00:00:54-07:00,2020-03-13 13:37:03-07:00,109.0
Melody’s Apple Watch,count/min,2020-03-16 07:13:48-07:00,2020-03-16 14:06:33-07:00,109.0
Melody’s Apple Watch,count/min,2020-03-17 09:02:02-07:00,2020-03-17 19:28:44-07:00,83.5
Melody’s Apple Watch,count/min,2020-03-18 07:24:56-07:00,2020-03-18 14:38:09-07:00,92.0
Melody’s Apple Watch,count/min,2020-03-19 11:47:20-07:00,2020-03-19 20:13:42-07:00,142.5
Melody’s Apple Watch,count/min,2020-03-20 10:12:02-07:00,2020-03-20 17:40:20-07:00,98.5
Melody’s Apple Watch,count/min,2020-03-21 10:33:38-07:00,2020-03-21 15:19:07-07:00,90.5
Melody’s Apple Watch,count/min,2020-03-22 00:02:52-07:00,2020-03-22 22:18:50-07:00,96.0
Melody’s Apple Watch,count/min,2020-03-23 00:02:12-07:00,2020-03-23 17:07:08-07:00,101.0
Melody’s Apple Watch,count/min,2020-03-26 13:01:17-07:00,2020-03-26 21:51:47-07:00,98.0
Melody’s Apple Watch,count/min,2020-03-27 00:41:44-07:00,2020-03-27 11:49:38-07:00,106.0
Melody’s Apple Watch,count/min,2020-03-29 10:46:31-07:00,2020-03-29 11:41:34-07:00,81.0
Melody’s Apple Watch,count/min,2020-03-31 00:47:06-07:00,2020-03-31 16:41:51-07:00,139.0
Melody’s Apple Watch,count/min,2020-04-03 07:31:48-07:00,2020-04-03 15:54:45-07:00,96.0
Melody’s Apple Watch,count/min,2020-04-06 08:47:18-07:00,2020-04-06 21:06:49-07:00,97.0
Melody’s Apple Watch,count/min,2020-04-07 00:00:02-07:00,2020-04-07 22:29:42-07:00,104.0
Melody’s Apple Watch,count/min,2020-04-08 00:03:25-07:00,2020-04-08 11:13:22-07:00,121.0
Melody’s Apple Watch,count/min,2020-04-09 00:06:14-07:00,2020-04-09 13:21:37-07:00,107.5
Melody’s Apple Watch,count/min,2020-04-11 12:31:16-07:00,2020-04-11 23:06:59-07:00,96.0
Melody’s Apple Watch,count/min,2020-04-13 07:15:43-07:00,2020-04-13 19:05:33-07:00,112.5
Melody’s Apple Watch,count/min,2020-04-15 00:02:03-07:00,2020-04-15 09:43:05-07:00,99.0
Melody’s Apple Watch,count/min,2020-04-17 11:29:20-07:00,2020-04-17 14:33:06-07:00,97.0
Melody’s Apple Watch,count/min,2020-04-19 11:57:04-07:00,2020-04-19 23:36:01-07:00,106.5
Melody’s Apple Watch,count/min,2020-04-20 00:00:44-07:00,2020-04-20 19:30:22-07:00,95.0
Melody’s Apple Watch,count/min,2020-04-21 09:49:08-07:00,2020-04-21 18:34:58-07:00,102.0
Melody’s Apple Watch,count/min,2020-04-22 07:31:39-07:00,2020-04-22 16:00:29-07:00,127.0
Melody’s Apple Watch,count/min,2020-04-26 19:06:45-07:00,2020-04-26 21:07:37-07:00,144.5
Melody’s Apple Watch,count/min,2020-04-27 00:05:37-07:00,2020-04-27 15:13:11-07:00,81.5
Melody’s Apple Watch,count/min,2020-04-29 01:00:33-07:00,2020-04-29 18:09:05-07:00,114.0
Melody’s Apple Watch,count/min,2020-05-01 00:02:52-07:00,2020-05-01 16:42:53-07:00,114.0
Melody’s Apple Watch,count/min,2020-05-05 08:11:44-07:00,2020-05-05 10:25:26-07:00,129.5
Melody’s Apple Watch,count/min,2020-05-06 10:18:55-07:00,2020-05-06 18:12:54-07:00,102.5
Melody’s Apple Watch,count/min,2020-05-07 10:40:12-07:00,2020-05-07 23:46:59-07:00,96.0
Melody’s Apple Watch,count/min,2020-05-08 00:04:29-07:00,2020-05-08 22:06:21-07:00,113.0
Melody’s Apple Watch,count/min,2020-05-10 00:02:06-07:00,2020-05-10 13:04:35-07:00,124.0
Melody’s Apple Watch,count/min,2020-05-11 00:01:07-07:00,2020-05-11 19:27:52-07:00,108.0
Melody’s Apple Watch,count/min,2020-05-12 00:02:08-07:00,2020-05-12 21:29:18-07:00,85.0
Melody’s Apple Watch,count/min,2020-05-15 11:29:51-07:00,2020-05-15 17:16:20-07:00,112.0
Melody’s Apple Watch,count/min,2020-05-20 10:41:23-07:00,2020-05-20 20:47:59-07:00,97.0
Melody’s Apple Watch,count/min,2020-05-21 00:39:34-07:00,2020-05-21 19:02:39-07:00,88.0
Melody’s Apple Watch,count/min,2020-05-22 00:01:04-07:00,2020-05-22 13:01:31-07:00,125.0
Melody’s Apple Watch,count/min,2020-05-23 00:01:24-07:00,2020-05-23 21:30:59-07:00,94.0
Melody’s Apple Watch,count/min,2020-05-24 00:00:56-07:00,2020-05-24 22:04:48-07:00,91.5
Melody’s Apple Watch,count/min,2020-05-26 00:01:19-07:00,2020-05-26 15:07:53-07:00,101.5
Melody’s Apple Watch,count/min,2020-05-28 08:38:24-07:00,2020-05-28 12:02:31-07:00,180.0
Melody’s Apple Watch,count/min,2020-05-29 12:05:39-07:00,2020-05-29 20:37:56-07:00,110.0
Melody’s Apple Watch,count/min,2020-05-31 11:24:58-07:00,2020-05-31 19:25:03-07:00,91.0
Melody’s Apple Watch,count/min,2020-06-01 15:18:46-07:00,2020-06-01 16:36:57-07:00,126.5
Melody’s Apple Watch,count/min,2020-06-02 00:04:23-07:00,2020-06-02 21:35:55-07:00,142.5
Melody’s Apple Watch,count/min,2020-06-03 09:36:17-07:00,2020-06-03 13:07:58-07:00,103.5
Melody’s Apple Watch,count/min,2020-06-04 16:00:58-07:00,2020-06-04 17:48:56-07:00,104.0
Melody’s Apple Watch,count/min,2020-06-05 00:00:26-07:00,2020-06-05 15:33:59-07:00,135.0
Melody’s Apple Watch,count/min,2020-06-06 00:08:40-07:00,2020-06-06 19:48:59-07:00,90.0
Melody’s Apple Watch,count/min,2019-06-14 11:55:54-07:00,2019-06-14 16:41:21-07:00,96.0
Melody’s Apple Watch,count/min,2019-06-17 19:59:00-07:00,2019-06-17 21:38:24-07:00,138.0
Melody’s Apple Watch,count/min,2019-06-18 11:34:47-07:00,2019-06-18 14:21:54-07:00,117.5
Melody’s Apple Watch,count/min,2019-06-19 15:18:59-07:00,2019-06-19 21:55:45-07:00,112.0
Melody’s Apple Watch,count/min,2019-06-20 10:58:15-07:00,2019-06-20 12:24:28-07:00,125.0
Melody’s Apple Watch,count/min,2019-06-21 12:43:15-07:00,2019-06-21 23:03:24-07:00,98.0
Melody’s Apple Watch,count/min,2019-06-24 10:07:51-07:00,2019-06-24 19:52:12-07:00,103.0
Melody’s Apple Watch,count/min,2019-06-25 11:57:40-07:00,2019-06-25 20:11:59-07:00,119.0
Melody’s Apple Watch,count/min,2019-06-26 12:50:10-07:00,2019-06-26 15:28:10-07:00,87.0
Melody’s Apple Watch,count/min,2019-06-28 13:10:17-07:00,2019-06-28 15:42:38-07:00,88.0
Melody’s Apple Watch,count/min,2019-06-29 10:55:36-07:00,2019-06-29 12:13:16-07:00,79.0
Melody’s Apple Watch,count/min,2019-07-01 12:44:43-07:00,2019-07-01 21:47:05-07:00,101.5
Melody’s Apple Watch,count/min,2019-07-02 07:40:03-07:00,2019-07-02 17:12:24-07:00,89.5
Melody’s Apple Watch,count/min,2019-07-03 10:40:57-07:00,2019-07-03 11:00:13-07:00,116.0
Melody’s Apple Watch,count/min,2019-07-04 17:25:09-07:00,2019-07-04 17:25:09-07:00,83.0
Melody’s Apple Watch,count/min,2019-07-05 12:25:35-07:00,2019-07-05 23:29:25-07:00,89.5
Melody’s Apple Watch,count/min,2019-07-08 13:06:48-07:00,2019-07-08 15:46:26-07:00,85.0
Melody’s Apple Watch,count/min,2019-07-10 09:59:39-07:00,2019-07-10 15:38:54-07:00,106.0
Melody’s Apple Watch,count/min,2019-07-12 09:15:06-07:00,2019-07-12 19:16:08-07:00,107.0
Melody’s Apple Watch,count/min,2019-07-14 00:02:27-07:00,2019-07-14 17:32:26-07:00,84.5
Melody’s Apple Watch,count/min,2019-07-15 08:12:08-07:00,2019-07-15 19:32:44-07:00,114.0
Melody’s Apple Watch,count/min,2019-07-16 12:11:13-07:00,2019-07-16 21:52:00-07:00,95.0
Melody’s Apple Watch,count/min,2019-07-18 07:31:21-07:00,2019-07-18 13:50:20-07:00,103.5
Melody’s Apple Watch,count/min,2019-07-20 12:48:49-07:00,2019-07-20 18:27:54-07:00,109.0
Melody’s Apple Watch,count/min,2019-07-21 10:29:38-07:00,2019-07-21 19:11:54-07:00,104.0
Melody’s Apple Watch,count/min,2019-07-23 07:34:28-07:00,2019-07-23 11:02:35-07:00,98.0
Melody’s Apple Watch,count/min,2019-07-26 09:06:33-07:00,2019-07-26 10:54:04-07:00,113.0
Melody’s Apple Watch,count/min,2019-07-29 11:47:39-07:00,2019-07-29 13:52:26-07:00,82.0
Melody’s Apple Watch,count/min,2019-07-31 08:49:49-07:00,2019-07-31 21:14:23-07:00,96.0
Melody’s Apple Watch,count/min,2019-08-01 11:02:09-07:00,2019-08-01 22:50:02-07:00,80.0
Melody’s Apple Watch,count/min,2019-08-05 08:07:01-07:00,2019-08-05 10:33:12-07:00,88.5
Melody’s Apple Watch,count/min,2019-08-08 09:01:28-07:00,2019-08-08 12:11:25-07:00,85.0
Melody’s Apple Watch,count/min,2019-08-09 10:28:17-07:00,2019-08-09 15:23:23-07:00,94.0
Melody’s Apple Watch,count/min,2019-08-11 17:06:04-07:00,2019-08-11 19:19:23-07:00,108.0
Melody’s Apple Watch,count/min,2019-08-12 10:59:08-07:00,2019-08-12 12:12:52-07:00,82.0
Melody’s Apple Watch,count/min,2019-08-15 09:31:20-07:00,2019-08-15 15:37:16-07:00,103.0
Melody’s Apple Watch,count/min,2019-08-18 12:16:48-07:00,2019-08-18 15:43:20-07:00,98.0
Melody’s Apple Watch,count/min,2019-08-21 00:05:44-07:00,2019-08-21 18:45:35-07:00,108.0
Melody’s Apple Watch,count/min,2019-08-24 09:03:29-07:00,2019-08-24 12:36:13-07:00,91.0
Melody’s Apple Watch,count/min,2019-08-26 12:01:52-07:00,2019-08-26 17:11:21-07:00,107.0
Melody’s Apple Watch,count/min,2019-08-30 09:01:24-07:00,2019-08-30 11:38:45-07:00,104.0
Melody’s Apple Watch,count/min,2019-09-03 06:40:45-07:00,2019-09-03 18:33:13-07:00,91.0
Melody’s Apple Watch,count/min,2019-09-05 09:12:01-07:00,2019-09-05 10:30:59-07:00,90.0
Melody’s Apple Watch,count/min,2019-09-09 09:10:17-07:00,2019-09-09 14:51:07-07:00,125.0
Melody’s Apple Watch,count/min,2019-09-11 09:03:58-07:00,2019-09-11 22:15:39-07:00,68.0
Melody’s Apple Watch,count/min,2019-09-12 09:12:12-07:00,2019-09-12 15:16:03-07:00,85.0
Melody’s Apple Watch,count/min,2019-09-16 15:34:06-07:00,2019-09-16 21:06:06-07:00,78.0
Melody’s Apple Watch,count/min,2019-09-17 10:39:47-07:00,2019-09-17 16:20:49-07:00,100.5
Melody’s Apple Watch,count/min,2019-09-19 10:40:33-07:00,2019-09-19 21:06:04-07:00,118.0
Melody’s Apple Watch,count/min,2019-09-20 10:50:10-07:00,2019-09-20 18:22:03-07:00,97.5
Melody’s Apple Watch,count/min,2019-09-23 05:37:17-07:00,2019-09-23 20:09:22-07:00,150.0
Melody’s Apple Watch,count/min,2019-09-24 07:22:02-07:00,2019-09-24 21:59:14-07:00,117.5
Melody’s Apple Watch,count/min,2019-09-26 09:58:29-07:00,2019-09-26 13:48:23-07:00,97.5
Melody’s Apple Watch,count/min,2019-09-28 10:03:40-07:00,2019-09-28 13:11:42-07:00,99.5
Melody’s Apple Watch,count/min,2019-10-06 16:43:51-07:00,2019-10-06 18:50:25-07:00,95.0
Melody’s Apple Watch,count/min,2019-10-07 09:05:27-07:00,2019-10-07 09:05:27-07:00,150.0
Melody’s Apple Watch,count/min,2019-10-08 10:30:50-07:00,2019-10-08 13:20:59-07:00,96.5
Melody’s Apple Watch,count/min,2019-10-11 09:20:47-07:00,2019-10-11 10:54:05-07:00,90.0
Melody’s Apple Watch,count/min,2019-10-13 09:10:56-07:00,2019-10-13 11:29:19-07:00,126.0
Melody’s Apple Watch,count/min,2019-10-18 08:54:26-07:00,2019-10-18 13:29:11-07:00,87.0
Melody’s Apple Watch,count/min,2019-10-20 09:41:26-07:00,2019-10-20 21:29:33-07:00,86.0
Melody’s Apple Watch,count/min,2019-10-21 13:19:29-07:00,2019-10-21 14:49:44-07:00,90.0
Melody’s Apple Watch,count/min,2019-10-22 10:22:55-07:00,2019-10-22 20:40:25-07:00,84.0
Melody’s Apple Watch,count/min,2019-10-23 09:07:11-07:00,2019-10-23 10:52:16-07:00,122.0
Melody’s Apple Watch,count/min,2019-10-25 11:23:18-07:00,2019-10-25 13:39:05-07:00,114.0
Melody’s Apple Watch,count/min,2019-10-27 11:59:10-07:00,2019-10-27 14:48:33-07:00,142.0
Melody’s Apple Watch,count/min,2019-10-28 00:18:15-07:00,2019-10-28 23:59:34-07:00,113.0
Melody’s Apple Watch,count/min,2019-10-29 00:04:34-07:00,2019-10-29 23:18:55-07:00,122.0
Melody’s Apple Watch,count/min,2019-10-31 08:52:47-07:00,2019-10-31 11:50:19-07:00,90.0
Melody’s Apple Watch,count/min,2019-11-01 15:55:04-07:00,2019-11-01 17:30:40-07:00,121.5
Melody’s Apple Watch,count/min,2019-11-04 11:35:59-07:00,2019-11-04 14:17:16-07:00,110.5
Melody’s Apple Watch,count/min,2019-11-05 10:18:28-07:00,2019-11-05 19:50:53-07:00,95.5
Melody’s Apple Watch,count/min,2019-11-06 10:52:54-07:00,2019-11-06 16:20:54-07:00,96.0
Melody’s Apple Watch,count/min,2019-11-08 11:18:25-07:00,2019-11-08 19:19:15-07:00,114.0
Melody’s Apple Watch,count/min,2019-11-11 01:59:55-07:00,2019-11-11 14:25:14-07:00,157.5
Melody’s Apple Watch,count/min,2019-11-12 10:23:38-07:00,2019-11-12 16:15:12-07:00,105.0
Melody’s Apple Watch,count/min,2019-11-14 08:38:40-07:00,2019-11-14 14:47:49-07:00,91.0
Melody’s Apple Watch,count/min,2019-11-15 08:00:46-07:00,2019-11-15 14:27:01-07:00,98.0
Melody’s Apple Watch,count/min,2019-11-20 15:19:02-07:00,2019-11-20 19:54:42-07:00,92.0
Melody’s Apple Watch,count/min,2019-11-21 09:41:52-07:00,2019-11-21 13:26:42-07:00,102.0
Melody’s Apple Watch,count/min,2019-11-22 10:54:25-07:00,2019-11-22 11:02:42-07:00,117.0
Melody’s Apple Watch,count/min,2019-11-23 11:03:46-07:00,2019-11-23 15:19:38-07:00,93.0
Melody’s Apple Watch,count/min,2019-11-25 08:30:53-07:00,2019-11-25 13:26:48-07:00,100.0
Melody’s Apple Watch,count/min,2019-11-26 01:03:49-07:00,2019-11-26 21:54:41-07:00,82.0
Melody’s Apple Watch,count/min,2019-11-27 13:53:08-07:00,2019-11-27 15:49:18-07:00,107.0
Melody’s Apple Watch,count/min,2019-11-30 00:20:41-07:00,2019-11-30 00:31:55-07:00,104.5
Melody’s Apple Watch,count/min,2019-11-30 01:01:07-07:00,2019-11-30 04:43:55-07:00,90.0
Melody’s Apple Watch,count/min,2019-12-01 14:04:22-07:00,2019-12-01 21:25:20-07:00,116.5
Melody’s Apple Watch,count/min,2019-12-02 07:57:58-07:00,2019-12-02 09:23:42-07:00,102.0
Melody’s Apple Watch,count/min,2019-12-03 08:04:08-07:00,2019-12-03 12:47:15-07:00,82.0
Melody’s Apple Watch,count/min,2019-12-04 09:28:35-07:00,2019-12-04 23:30:14-07:00,108.0
Melody’s Apple Watch,count/min,2019-12-06 10:06:30-07:00,2019-12-06 11:37:04-07:00,100.5
Melody’s Apple Watch,count/min,2019-12-08 13:23:05-07:00,2019-12-08 20:07:31-07:00,94.5
Melody’s Apple Watch,count/min,2019-12-09 02:29:38-07:00,2019-12-09 23:03:44-07:00,107.0
Melody’s Apple Watch,count/min,2019-03-04 07:22:28-07:00,2019-03-04 11:45:21-07:00,103.0
Melody’s Apple Watch,count/min,2019-03-05 11:24:51-07:00,2019-03-05 15:54:17-07:00,119.0
Melody’s Apple Watch,count/min,2019-03-07 12:04:44-07:00,2019-03-07 20:30:48-07:00,104.0
Melody’s Apple Watch,count/min,2019-03-08 10:25:52-07:00,2019-03-08 18:44:44-07:00,110.5
Melody’s Apple Watch,count/min,2019-03-10 13:37:05-07:00,2019-03-10 16:05:58-07:00,185.0
Melody’s Apple Watch,count/min,2019-03-12 00:04:10-07:00,2019-03-12 15:29:20-07:00,102.0
Melody’s Apple Watch,count/min,2019-03-14 11:35:26-07:00,2019-03-14 16:34:06-07:00,92.0
Melody’s Apple Watch,count/min,2019-03-15 08:37:31-07:00,2019-03-15 13:03:20-07:00,89.0
Melody’s Apple Watch,count/min,2019-03-18 10:44:47-07:00,2019-03-18 15:15:53-07:00,111.0
Melody’s Apple Watch,count/min,2019-03-19 07:14:12-07:00,2019-03-19 17:28:41-07:00,93.0
Melody’s Apple Watch,count/min,2019-03-20 09:15:44-07:00,2019-03-20 15:36:09-07:00,113.0
Melody’s Apple Watch,count/min,2019-03-21 10:03:52-07:00,2019-03-21 15:38:14-07:00,94.0
Melody’s Apple Watch,count/min,2019-03-22 10:15:36-07:00,2019-03-22 15:04:42-07:00,105.0
Melody’s Apple Watch,count/min,2019-03-25 09:48:25-07:00,2019-03-25 12:33:32-07:00,168.0
Melody’s Apple Watch,count/min,2019-03-26 10:17:09-07:00,2019-03-26 20:22:34-07:00,102.0
Melody’s Apple Watch,count/min,2019-03-27 09:42:39-07:00,2019-03-27 09:42:39-07:00,77.0
Melody’s Apple Watch,count/min,2019-03-29 07:05:06-07:00,2019-03-29 11:54:02-07:00,95.0
Melody’s Apple Watch,count/min,2019-03-30 07:15:52-07:00,2019-03-30 16:49:03-07:00,124.0
Melody’s Apple Watch,count/min,2019-04-01 08:48:44-07:00,2019-04-01 12:11:55-07:00,75.0
Melody’s Apple Watch,count/min,2019-04-02 11:00:44-07:00,2019-04-02 15:30:25-07:00,122.0
Melody’s Apple Watch,count/min,2019-04-03 00:00:27-07:00,2019-04-03 16:06:03-07:00,89.0
Melody’s Apple Watch,count/min,2019-04-04 00:02:30-07:00,2019-04-04 15:16:24-07:00,112.0
Melody’s Apple Watch,count/min,2019-04-05 10:58:34-07:00,2019-04-05 18:52:12-07:00,99.0
Melody’s Apple Watch,count/min,2019-04-06 07:34:14-07:00,2019-04-06 11:09:20-07:00,98.0
Melody’s Apple Watch,count/min,2019-04-07 13:19:31-07:00,2019-04-07 20:26:05-07:00,92.0
Melody’s Apple Watch,count/min,2019-04-08 00:01:18-07:00,2019-04-08 11:19:59-07:00,113.5
Melody’s Apple Watch,count/min,2019-04-11 00:01:02-07:00,2019-04-11 13:37:51-07:00,108.5
Melody’s Apple Watch,count/min,2019-04-12 00:04:07-07:00,2019-04-12 12:25:59-07:00,161.0
Melody’s Apple Watch,count/min,2019-04-15 10:29:15-07:00,2019-04-15 10:54:12-07:00,108.0
Melody’s Apple Watch,count/min,2019-04-17 10:22:01-07:00,2019-04-17 15:42:26-07:00,122.0
Melody’s Apple Watch,count/min,2019-04-19 09:46:44-07:00,2019-04-19 12:15:51-07:00,91.0
Melody’s Apple Watch,count/min,2019-04-20 10:07:31-07:00,2019-04-20 14:10:24-07:00,82.0
Melody’s Apple Watch,count/min,2019-04-21 09:42:37-07:00,2019-04-21 23:04:10-07:00,86.5
Melody’s Apple Watch,count/min,2019-04-23 09:01:42-07:00,2019-04-23 10:57:12-07:00,126.0
Melody’s Apple Watch,count/min,2019-04-24 00:00:52-07:00,2019-04-24 23:56:07-07:00,140.0
Melody’s Apple Watch,count/min,2019-04-25 08:06:30-07:00,2019-04-25 13:04:15-07:00,113.5
Melody’s Apple Watch,count/min,2019-04-29 08:32:10-07:00,2019-04-29 17:07:41-07:00,135.5
Melody’s Apple Watch,count/min,2019-04-30 00:01:46-07:00,2019-04-30 13:36:06-07:00,120.0
Melody’s Apple Watch,count/min,2019-05-01 11:27:29-07:00,2019-05-01 17:11:34-07:00,95.0
Melody’s Apple Watch,count/min,2019-05-02 09:40:35-07:00,2019-05-02 21:02:33-07:00,88.0
Melody’s Apple Watch,count/min,2019-05-03 10:17:43-07:00,2019-05-03 11:22:31-07:00,72.0
Melody’s Apple Watch,count/min,2019-05-04 07:30:01-07:00,2019-05-04 14:50:25-07:00,88.0
Melody’s Apple Watch,count/min,2019-05-05 10:22:16-07:00,2019-05-05 20:40:14-07:00,88.5
Melody’s Apple Watch,count/min,2019-05-06 00:01:53-07:00,2019-05-06 10:15:16-07:00,97.0
Melody’s Apple Watch,count/min,2019-05-08 07:46:34-07:00,2019-05-08 10:45:46-07:00,113.0
Melody’s Apple Watch,count/min,2019-05-09 07:58:51-07:00,2019-05-09 21:36:27-07:00,73.0
Melody’s Apple Watch,count/min,2019-05-10 11:11:13-07:00,2019-05-10 17:37:49-07:00,101.5
Melody’s Apple Watch,count/min,2019-05-11 07:47:45-07:00,2019-05-11 11:35:43-07:00,93.0
Melody’s Apple Watch,count/min,2019-05-12 12:53:31-07:00,2019-05-12 19:24:22-07:00,104.0
Melody’s Apple Watch,count/min,2019-05-14 09:03:55-07:00,2019-05-14 22:02:55-07:00,110.0
Melody’s Apple Watch,count/min,2019-05-13 11:03:21-07:00,2019-05-13 21:28:33-07:00,113.5
Melody’s Apple Watch,count/min,2019-05-15 07:36:34-07:00,2019-05-15 10:33:10-07:00,84.0
Melody’s Apple Watch,count/min,2019-05-17 10:43:47-07:00,2019-05-17 13:19:28-07:00,94.0
Melody’s Apple Watch,count/min,2019-05-20 10:36:15-07:00,2019-05-20 16:20:51-07:00,125.0
Melody’s Apple Watch,count/min,2019-05-22 12:17:45-07:00,2019-05-22 22:42:35-07:00,96.5
Melody’s Apple Watch,count/min,2019-05-23 11:57:22-07:00,2019-05-23 18:40:58-07:00,111.0
Melody’s Apple Watch,count/min,2019-05-24 11:57:13-07:00,2019-05-24 18:32:10-07:00,96.0
Melody’s Apple Watch,count/min,2019-05-27 16:21:22-07:00,2019-05-27 20:08:43-07:00,102.0
Melody’s Apple Watch,count/min,2019-05-28 17:03:32-07:00,2019-05-28 17:35:51-07:00,82.0
Melody’s Apple Watch,count/min,2019-05-29 10:50:52-07:00,2019-05-29 11:10:37-07:00,101.5
Melody’s Apple Watch,count/min,2019-05-30 17:23:05-07:00,2019-05-30 22:30:14-07:00,116.5
Melody’s Apple Watch,count/min,2019-06-01 07:50:53-07:00,2019-06-01 19:13:22-07:00,120.0
Melody’s Apple Watch,count/min,2019-06-03 08:47:18-07:00,2019-06-03 11:08:46-07:00,114.0
Melody’s Apple Watch,count/min,2019-06-05 11:24:48-07:00,2019-06-05 16:11:50-07:00,106.0
Melody’s Apple Watch,count/min,2019-06-06 08:32:13-07:00,2019-06-06 10:23:25-07:00,106.0
Melody’s Apple Watch,count/min,2019-06-07 08:09:52-07:00,2019-06-07 22:44:12-07:00,132.0
Melody’s Apple Watch,count/min,2019-06-10 08:00:33-07:00,2019-06-10 13:14:26-07:00,120.5
Melody’s Apple Watch,count/min,2019-06-11 07:40:20-07:00,2019-06-11 22:54:47-07:00,102.0
