source_name,unit,start_date,end_date,value
MyNetDiary,g,2024-12-28 21:45:00 -0700,2024-12-28 21:45:00 -0700,25
MyNetDiary,g,2024-12-28 21:45:00 -0700,2024-12-28 21:45:00 -0700,9.4
MyNetDiary,g,2024-12-28 21:46:00 -0700,2024-12-28 21:46:00 -0700,3.5
MyNetDiary,g,2024-12-28 15:45:00 -0700,2024-12-28 15:45:00 -0700,6.6
MyNetDiary,g,2024-12-28 21:57:00 -0700,2024-12-28 21:57:00 -0700,0
MyNetDiary,g,2024-12-28 21:59:00 -0700,2024-12-28 21:59:00 -0700,3.7
MyNetDiary,g,2024-12-28 23:09:00 -0700,2024-12-28 23:09:00 -0700,1.1
MyNetDiary,g,2024-12-28 21:46:00 -0700,2024-12-28 21:46:00 -0700,43
MyNetDiary,g,2024-12-28 21:58:00 -0700,2024-12-28 21:58:00 -0700,2.2
MyNetDiary,g,2024-12-28 21:59:00 -0700,2024-12-28 21:59:00 -0700,1.1
MyNetDiary,g,2024-12-28 22:00:00 -0700,2024-12-28 22:00:00 -0700,0
MyNetDiary,g,2024-12-28 22:00:00 -0700,2024-12-28 22:00:00 -0700,0
MyNetDiary,g,2024-12-28 23:07:00 -0700,2024-12-28 23:07:00 -0700,17.8
MyNetDiary,g,2024-12-28 23:08:00 -0700,2024-12-28 23:08:00 -0700,8
MyNetDiary,g,2024-12-28 23:17:00 -0700,2024-12-28 23:17:00 -0700,5
MyNetDiary,g,2024-12-29 14:28:00 -0700,2024-12-29 14:28:00 -0700,0
MyNetDiary,g,2024-12-29 14:28:00 -0700,2024-12-29 14:28:00 -0700,27.1
MyNetDiary,g,2024-12-29 14:28:00 -0700,2024-12-29 14:28:00 -0700,6.4
MyNetDiary,g,2024-12-29 14:28:00 -0700,2024-12-29 14:28:00 -0700,3.1
MyNetDiary,g,2024-12-29 21:06:00 -0700,2024-12-29 21:06:00 -0700,0
MyNetDiary,g,2024-12-29 21:28:00 -0700,2024-12-29 21:28:00 -0700,2.8
MyNetDiary,g,2024-12-30 21:56:00 -0700,2024-12-30 21:56:00 -0700,24.7
MyNetDiary,g,2024-12-30 21:56:00 -0700,2024-12-30 21:56:00 -0700,1
MyNetDiary,g,2024-12-30 21:56:00 -0700,2024-12-30 21:56:00 -0700,5.1
MyNetDiary,g,2024-12-30 22:01:00 -0700,2024-12-30 22:01:00 -0700,0
MyNetDiary,g,2024-12-29 19:52:00 -0700,2024-12-29 19:52:00 -0700,27.5
MyNetDiary,g,2024-12-29 19:52:00 -0700,2024-12-29 19:52:00 -0700,5.6
MyNetDiary,g,2024-12-29 20:02:00 -0700,2024-12-29 20:02:00 -0700,1.2
MyNetDiary,g,2024-12-29 21:06:00 -0700,2024-12-29 21:06:00 -0700,17.1
MyNetDiary,g,2024-12-29 21:27:00 -0700,2024-12-29 21:27:00 -0700,17
MyNetDiary,g,2024-12-29 21:27:00 -0700,2024-12-29 21:27:00 -0700,8.1
MyNetDiary,g,2024-12-30 22:01:00 -0700,2024-12-30 22:01:00 -0700,8
MyNetDiary,g,2024-12-30 21:44:00 -0700,2024-12-30 21:44:00 -0700,0
MyNetDiary,g,2024-12-30 21:45:00 -0700,2024-12-30 21:45:00 -0700,8.8
MyNetDiary,g,2024-12-30 21:45:00 -0700,2024-12-30 21:45:00 -0700,9.9
MyNetDiary,g,2024-12-30 22:01:00 -0700,2024-12-30 22:01:00 -0700,7.7
MyNetDiary,g,2024-12-30 15:18:00 -0700,2024-12-30 15:18:00 -0700,3.7
MyNetDiary,g,2024-12-30 16:49:00 -0700,2024-12-30 16:49:00 -0700,3
MyNetDiary,g,2024-12-30 21:11:00 -0700,2024-12-30 21:11:00 -0700,15.7
MyNetDiary,g,2024-12-30 21:11:00 -0700,2024-12-30 21:11:00 -0700,5.3
MyNetDiary,g,2024-12-30 21:11:00 -0700,2024-12-30 21:11:00 -0700,13
MyNetDiary,g,2024-12-30 22:34:00 -0700,2024-12-30 22:34:00 -0700,0
MyNetDiary,g,2024-12-31 22:39:00 -0700,2024-12-31 22:39:00 -0700,52.3
MyNetDiary,g,2024-12-31 22:25:00 -0700,2024-12-31 22:25:00 -0700,3.9
MyNetDiary,g,2024-12-31 22:25:00 -0700,2024-12-31 22:25:00 -0700,0
MyNetDiary,g,2024-12-31 22:29:00 -0700,2024-12-31 22:29:00 -0700,0
MyNetDiary,g,2024-12-31 20:56:00 -0700,2024-12-31 20:56:00 -0700,0
MyNetDiary,g,2024-12-31 20:58:00 -0700,2024-12-31 20:58:00 -0700,0
MyNetDiary,g,2024-12-31 21:11:00 -0700,2024-12-31 21:11:00 -0700,1.7
MyNetDiary,g,2024-12-31 21:00:00 -0700,2024-12-31 21:00:00 -0700,15
MyNetDiary,g,2024-12-31 22:39:00 -0700,2024-12-31 22:39:00 -0700,5
MyNetDiary,g,2025-01-01 15:32:00 -0700,2025-01-01 15:32:00 -0700,0
MyNetDiary,g,2025-01-01 15:33:00 -0700,2025-01-01 15:33:00 -0700,10
MyNetDiary,g,2025-01-02 13:43:00 -0700,2025-01-02 13:43:00 -0700,3.9
MyNetDiary,g,2025-01-02 21:40:00 -0700,2025-01-02 21:40:00 -0700,0
MyNetDiary,g,2025-01-01 19:56:00 -0700,2025-01-01 19:56:00 -0700,52.6
MyNetDiary,g,2025-01-01 20:04:00 -0700,2025-01-01 20:04:00 -0700,0
MyNetDiary,g,2025-01-01 20:06:00 -0700,2025-01-01 20:06:00 -0700,0
MyNetDiary,g,2025-01-01 20:39:00 -0700,2025-01-01 20:39:00 -0700,14
MyNetDiary,g,2025-01-01 03:42:00 -0700,2025-01-01 03:42:00 -0700,14
MyNetDiary,g,2025-01-01 15:50:00 -0700,2025-01-01 15:50:00 -0700,14.1
MyNetDiary,g,2025-01-02 13:43:00 -0700,2025-01-02 13:43:00 -0700,0
MyNetDiary,g,2025-01-02 13:43:00 -0700,2025-01-02 13:43:00 -0700,54
MyNetDiary,g,2025-01-02 13:43:00 -0700,2025-01-02 13:43:00 -0700,0
MyNetDiary,g,2025-01-02 13:44:00 -0700,2025-01-02 13:44:00 -0700,20.7
MyNetDiary,g,2025-01-02 13:44:00 -0700,2025-01-02 13:44:00 -0700,0
MyNetDiary,g,2025-01-02 21:40:00 -0700,2025-01-02 21:40:00 -0700,3.7
MyNetDiary,g,2025-01-02 21:40:00 -0700,2025-01-02 21:40:00 -0700,1.5
MyNetDiary,g,2025-01-02 21:40:00 -0700,2025-01-02 21:40:00 -0700,6.6
MyNetDiary,g,2025-01-02 21:40:00 -0700,2025-01-02 21:40:00 -0700,2.1
MyNetDiary,g,2025-01-02 21:40:00 -0700,2025-01-02 21:40:00 -0700,27.5
MyNetDiary,g,2025-01-02 13:43:00 -0700,2025-01-02 13:43:00 -0700,14
MyNetDiary,g,2025-01-02 13:43:00 -0700,2025-01-02 13:43:00 -0700,13
MyNetDiary,g,2025-01-02 16:53:00 -0700,2025-01-02 16:53:00 -0700,13
MyNetDiary,g,2025-01-02 16:53:00 -0700,2025-01-02 16:53:00 -0700,5
MyNetDiary,g,2025-01-03 12:59:00 -0700,2025-01-03 12:59:00 -0700,14
MyNetDiary,g,2025-01-03 15:26:00 -0700,2025-01-03 15:26:00 -0700,16
MyNetDiary,g,2025-01-03 15:27:00 -0700,2025-01-03 15:27:00 -0700,0
MyNetDiary,g,2025-01-05 14:50:00 -0700,2025-01-05 14:50:00 -0700,0
MyNetDiary,g,2025-01-05 14:51:00 -0700,2025-01-05 14:51:00 -0700,3.9
MyNetDiary,g,2025-01-06 19:46:00 -0700,2025-01-06 19:46:00 -0700,10.6
MyNetDiary,g,2025-01-06 19:46:00 -0700,2025-01-06 19:46:00 -0700,3.5
MyNetDiary,g,2025-01-07 20:00:00 -0700,2025-01-07 20:00:00 -0700,15.5
MyNetDiary,g,2025-01-06 09:00:00 -0700,2025-01-06 09:00:00 -0700,0
MyNetDiary,g,2025-01-05 14:51:00 -0700,2025-01-05 14:51:00 -0700,0
MyNetDiary,g,2025-01-05 14:51:00 -0700,2025-01-05 14:51:00 -0700,14.3
MyNetDiary,g,2025-01-05 20:15:00 -0700,2025-01-05 20:15:00 -0700,0
MyNetDiary,g,2025-01-05 20:18:00 -0700,2025-01-05 20:18:00 -0700,1
MyNetDiary,g,2025-01-06 09:00:00 -0700,2025-01-06 09:00:00 -0700,16.5
MyNetDiary,g,2025-01-06 13:00:00 -0700,2025-01-06 13:00:00 -0700,0
MyNetDiary,g,2025-01-06 13:00:00 -0700,2025-01-06 13:00:00 -0700,132.1
MyNetDiary,g,2025-01-06 19:00:00 -0700,2025-01-06 19:00:00 -0700,14
MyNetDiary,g,2025-01-06 19:00:00 -0700,2025-01-06 19:00:00 -0700,27.5
MyNetDiary,g,2025-01-06 19:00:00 -0700,2025-01-06 19:00:00 -0700,6.6
MyNetDiary,g,2025-01-06 19:46:00 -0700,2025-01-06 19:46:00 -0700,6.1
MyNetDiary,g,2025-01-06 19:46:00 -0700,2025-01-06 19:46:00 -0700,19.3
MyNetDiary,g,2025-01-07 01:30:00 -0700,2025-01-07 01:30:00 -0700,1.9
MyNetDiary,g,2025-01-07 01:30:00 -0700,2025-01-07 01:30:00 -0700,0
MyNetDiary,g,2025-01-07 01:30:00 -0700,2025-01-07 01:30:00 -0700,0
MyNetDiary,g,2025-01-07 13:00:00 -0700,2025-01-07 13:00:00 -0700,0
MyNetDiary,g,2025-01-07 13:00:00 -0700,2025-01-07 13:00:00 -0700,71.2
MyNetDiary,g,2025-01-07 20:00:00 -0700,2025-01-07 20:00:00 -0700,6.1
MyNetDiary,g,2025-01-07 20:00:00 -0700,2025-01-07 20:00:00 -0700,23.8
MyNetDiary,g,2025-01-07 16:00:00 -0700,2025-01-07 16:00:00 -0700,14
MyNetDiary,g,2025-01-07 16:00:00 -0700,2025-01-07 16:00:00 -0700,0
MyNetDiary,g,2025-01-07 16:00:00 -0700,2025-01-07 16:00:00 -0700,0
MyNetDiary,g,2025-01-12 13:00:00 -0700,2025-01-12 13:00:00 -0700,0
MyNetDiary,g,2025-01-13 13:00:00 -0700,2025-01-13 13:00:00 -0700,0
MyNetDiary,g,2025-01-14 09:00:00 -0700,2025-01-14 09:00:00 -0700,24.3
MyNetDiary,g,2025-01-14 09:00:00 -0700,2025-01-14 09:00:00 -0700,0.8
MyNetDiary,g,2025-01-14 09:00:00 -0700,2025-01-14 09:00:00 -0700,3.9
MyNetDiary,g,2025-01-13 09:00:00 -0700,2025-01-13 09:00:00 -0700,26.3
MyNetDiary,g,2025-01-13 09:00:00 -0700,2025-01-13 09:00:00 -0700,0.8
MyNetDiary,g,2025-01-13 09:00:00 -0700,2025-01-13 09:00:00 -0700,4.6
MyNetDiary,g,2025-01-13 13:00:00 -0700,2025-01-13 13:00:00 -0700,2.1
MyNetDiary,g,2025-01-12 09:00:00 -0700,2025-01-12 09:00:00 -0700,25.5
MyNetDiary,g,2025-01-12 09:00:00 -0700,2025-01-12 09:00:00 -0700,0
MyNetDiary,g,2025-01-17 09:00:00 -0700,2025-01-17 09:00:00 -0700,21
MyNetDiary,g,2025-01-17 09:00:00 -0700,2025-01-17 09:00:00 -0700,0
MyNetDiary,g,2025-01-17 09:00:00 -0700,2025-01-17 09:00:00 -0700,6
MyNetDiary,g,2025-01-17 19:00:00 -0700,2025-01-17 19:00:00 -0700,63
MyNetDiary,g,2025-01-17 19:00:00 -0700,2025-01-17 19:00:00 -0700,0
MyNetDiary,g,2025-01-17 19:00:00 -0700,2025-01-17 19:00:00 -0700,2.2
MyNetDiary,g,2025-01-17 16:00:00 -0700,2025-01-17 16:00:00 -0700,34
MyNetDiary,g,2025-01-20 16:00:00 -0700,2025-01-20 16:00:00 -0700,58.5
MyNetDiary,g,2025-01-20 16:00:00 -0700,2025-01-20 16:00:00 -0700,0.6
MyNetDiary,g,2025-01-20 16:00:00 -0700,2025-01-20 16:00:00 -0700,9.1
MyNetDiary,g,2025-01-19 13:00:00 -0700,2025-01-19 13:00:00 -0700,0
MyNetDiary,g,2025-01-19 13:00:00 -0700,2025-01-19 13:00:00 -0700,12
MyNetDiary,g,2025-01-19 19:00:00 -0700,2025-01-19 19:00:00 -0700,0
MyNetDiary,g,2025-01-19 19:00:00 -0700,2025-01-19 19:00:00 -0700,0
MyNetDiary,g,2025-01-25 09:00:00 -0700,2025-01-25 09:00:00 -0700,5.1
MyNetDiary,g,2025-01-25 13:00:00 -0700,2025-01-25 13:00:00 -0700,8
MyNetDiary,g,2025-02-16 13:00:00 -0700,2025-02-16 13:00:00 -0700,0
MyNetDiary,g,2025-02-16 13:00:00 -0700,2025-02-16 13:00:00 -0700,0.4
MyNetDiary,g,2025-02-16 13:00:00 -0700,2025-02-16 13:00:00 -0700,6.9
MyNetDiary,g,2025-02-16 13:00:00 -0700,2025-02-16 13:00:00 -0700,0
MyNetDiary,g,2025-02-16 13:00:00 -0700,2025-02-16 13:00:00 -0700,1
MyNetDiary,g,2025-02-16 09:00:00 -0700,2025-02-16 09:00:00 -0700,10.5
MyNetDiary,g,2025-02-16 09:00:00 -0700,2025-02-16 09:00:00 -0700,7.4
MyNetDiary,g,2025-02-16 09:00:00 -0700,2025-02-16 09:00:00 -0700,9.7
MyNetDiary,g,2025-02-16 09:00:00 -0700,2025-02-16 09:00:00 -0700,17.2
MyNetDiary,g,2025-02-16 13:00:00 -0700,2025-02-16 13:00:00 -0700,3.7
MyNetDiary,g,2025-02-16 13:00:00 -0700,2025-02-16 13:00:00 -0700,8
MyNetDiary,g,2025-02-16 13:00:00 -0700,2025-02-16 13:00:00 -0700,18
MyNetDiary,g,2025-02-16 16:00:00 -0700,2025-02-16 16:00:00 -0700,14
MyNetDiary,g,2024-05-20 02:04:00 -0700,2024-05-20 02:04:00 -0700,2
MyNetDiary,g,2024-05-20 02:04:00 -0700,2024-05-20 02:04:00 -0700,0
MyNetDiary,g,2024-05-24 22:54:00 -0700,2024-05-24 22:54:00 -0700,6.1
MyNetDiary,g,2024-05-24 22:54:00 -0700,2024-05-24 22:54:00 -0700,1.6
MyNetDiary,g,2024-05-24 22:58:00 -0700,2024-05-24 22:58:00 -0700,0
MyNetDiary,g,2024-05-24 22:58:00 -0700,2024-05-24 22:58:00 -0700,0.4
MyNetDiary,g,2024-05-24 22:56:00 -0700,2024-05-24 22:56:00 -0700,0
MyNetDiary,g,2024-05-24 22:57:00 -0700,2024-05-24 22:57:00 -0700,40
MyNetDiary,g,2024-05-24 22:58:00 -0700,2024-05-24 22:58:00 -0700,2.5
MyNetDiary,g,2024-05-24 22:59:00 -0700,2024-05-24 22:59:00 -0700,11
MyNetDiary,g,2024-05-24 22:41:00 -0700,2024-05-24 22:41:00 -0700,2.3
MyNetDiary,g,2024-05-24 22:42:00 -0700,2024-05-24 22:42:00 -0700,9.6
MyNetDiary,g,2024-05-24 22:55:00 -0700,2024-05-24 22:55:00 -0700,0
MyNetDiary,g,2024-05-25 21:59:00 -0700,2024-05-25 21:59:00 -0700,6.1
MyNetDiary,g,2024-05-25 21:59:00 -0700,2024-05-25 21:59:00 -0700,1.6
MyNetDiary,g,2024-05-25 21:59:00 -0700,2024-05-25 21:59:00 -0700,3.1
MyNetDiary,g,2024-05-25 22:59:00 -0700,2024-05-25 22:59:00 -0700,42.2
MyNetDiary,g,2024-05-25 22:00:00 -0700,2024-05-25 22:00:00 -0700,1.4
MyNetDiary,g,2024-05-25 18:40:00 -0700,2024-05-25 18:40:00 -0700,47
MyNetDiary,g,2024-05-25 18:40:00 -0700,2024-05-25 18:40:00 -0700,8.9
MyNetDiary,g,2024-05-25 18:40:00 -0700,2024-05-25 18:40:00 -0700,6.4
MyNetDiary,g,2024-05-25 18:40:00 -0700,2024-05-25 18:40:00 -0700,40.5
MyNetDiary,g,2024-05-25 18:40:00 -0700,2024-05-25 18:40:00 -0700,0.7
MyNetDiary,g,2024-05-25 18:40:00 -0700,2024-05-25 18:40:00 -0700,1.5
MyNetDiary,g,2024-05-25 18:40:00 -0700,2024-05-25 18:40:00 -0700,11.1
MyNetDiary,g,2024-05-25 23:01:00 -0700,2024-05-25 23:01:00 -0700,1.6
MyNetDiary,g,2024-05-27 15:50:00 -0700,2024-05-27 15:50:00 -0700,1
MyNetDiary,g,2024-05-27 19:21:00 -0700,2024-05-27 19:21:00 -0700,19.1
MyNetDiary,g,2024-05-27 18:02:00 -0700,2024-05-27 18:02:00 -0700,0
MyNetDiary,g,2024-05-27 18:03:00 -0700,2024-05-27 18:03:00 -0700,31.5
MyNetDiary,g,2024-05-27 18:03:00 -0700,2024-05-27 18:03:00 -0700,3.3
MyNetDiary,g,2024-05-27 18:06:00 -0700,2024-05-27 18:06:00 -0700,2.1
MyNetDiary,g,2024-05-28 22:08:00 -0700,2024-05-28 22:08:00 -0700,4.1
MyNetDiary,g,2024-05-28 22:09:00 -0700,2024-05-28 22:09:00 -0700,6.3
MyNetDiary,g,2024-05-28 22:20:00 -0700,2024-05-28 22:20:00 -0700,5.7
MyNetDiary,g,2024-05-29 01:05:00 -0700,2024-05-29 01:05:00 -0700,20.9
MyNetDiary,g,2024-05-28 22:02:00 -0700,2024-05-28 22:02:00 -0700,0
MyNetDiary,g,2024-05-28 22:02:00 -0700,2024-05-28 22:02:00 -0700,3.3
MyNetDiary,g,2024-05-28 22:02:00 -0700,2024-05-28 22:02:00 -0700,21
MyNetDiary,g,2024-05-28 22:03:00 -0700,2024-05-28 22:03:00 -0700,7.2
MyNetDiary,g,2024-05-28 22:25:00 -0700,2024-05-28 22:25:00 -0700,0
MyNetDiary,g,2024-05-28 22:46:00 -0700,2024-05-28 22:46:00 -0700,4.8
MyNetDiary,g,2024-05-28 22:46:00 -0700,2024-05-28 22:46:00 -0700,1.2
MyNetDiary,g,2024-05-28 22:53:00 -0700,2024-05-28 22:53:00 -0700,42
MyNetDiary,g,2024-05-29 01:21:00 -0700,2024-05-29 01:21:00 -0700,7.7
MyNetDiary,g,2024-05-29 01:21:00 -0700,2024-05-29 01:21:00 -0700,9.1
MyNetDiary,g,2024-05-29 01:19:00 -0700,2024-05-29 01:19:00 -0700,52.9
MyNetDiary,g,2024-05-29 01:19:00 -0700,2024-05-29 01:19:00 -0700,36.8
MyNetDiary,g,2024-05-29 01:20:00 -0700,2024-05-29 01:20:00 -0700,2.2
MyNetDiary,g,2024-05-29 01:20:00 -0700,2024-05-29 01:20:00 -0700,0
MyNetDiary,g,2024-05-29 01:20:00 -0700,2024-05-29 01:20:00 -0700,2.3
MyNetDiary,g,2024-05-29 01:06:00 -0700,2024-05-29 01:06:00 -0700,2.9
MyNetDiary,g,2024-05-29 01:08:00 -0700,2024-05-29 01:08:00 -0700,11.2
MyNetDiary,g,2023-11-19 18:36:00 -0700,2023-11-19 18:36:00 -0700,17.1
MyNetDiary,g,2023-11-19 18:36:00 -0700,2023-11-19 18:36:00 -0700,9.6
MyNetDiary,g,2023-11-19 18:36:00 -0700,2023-11-19 18:36:00 -0700,0.7
MyNetDiary,g,2023-11-20 01:48:00 -0700,2023-11-20 01:48:00 -0700,0
MyNetDiary,g,2023-11-21 19:00:00 -0700,2023-11-21 19:00:00 -0700,5
MyNetDiary,g,2023-11-22 19:00:00 -0700,2023-11-22 19:00:00 -0700,35.4
MyNetDiary,g,2023-11-22 19:00:00 -0700,2023-11-22 19:00:00 -0700,252
MyNetDiary,g,2023-12-03 19:00:00 -0700,2023-12-03 19:00:00 -0700,3
MyNetDiary,g,2023-12-03 19:00:00 -0700,2023-12-03 19:00:00 -0700,11
MyNetDiary,g,2023-12-03 16:00:00 -0700,2023-12-03 16:00:00 -0700,26.9
MyNetDiary,g,2023-12-03 16:00:00 -0700,2023-12-03 16:00:00 -0700,0.9
MyNetDiary,g,2023-12-03 16:00:00 -0700,2023-12-03 16:00:00 -0700,0
MyNetDiary,g,2023-12-04 02:24:00 -0700,2023-12-04 02:24:00 -0700,38.4
MyNetDiary,g,2023-12-04 02:24:00 -0700,2023-12-04 02:24:00 -0700,0.9
MyNetDiary,g,2023-12-04 16:21:00 -0700,2023-12-04 16:21:00 -0700,0
MyNetDiary,g,2023-12-04 16:21:00 -0700,2023-12-04 16:21:00 -0700,44.2
MyNetDiary,g,2023-12-04 16:22:00 -0700,2023-12-04 16:22:00 -0700,6.7
MyNetDiary,g,2023-12-04 16:24:00 -0700,2023-12-04 16:24:00 -0700,1.1
MyNetDiary,g,2024-01-03 23:13:00 -0700,2024-01-03 23:13:00 -0700,0
MyNetDiary,g,2024-01-03 23:13:00 -0700,2024-01-03 23:13:00 -0700,25.2
MyNetDiary,g,2024-01-03 23:13:00 -0700,2024-01-03 23:13:00 -0700,5.6
MyNetDiary,g,2024-01-03 23:13:00 -0700,2024-01-03 23:13:00 -0700,3.9
MyNetDiary,g,2024-01-04 23:16:00 -0700,2024-01-04 23:16:00 -0700,0
MyNetDiary,g,2024-01-04 23:16:00 -0700,2024-01-04 23:16:00 -0700,33.2
MyNetDiary,g,2024-01-04 22:42:00 -0700,2024-01-04 22:42:00 -0700,0
MyNetDiary,g,2024-01-04 22:42:00 -0700,2024-01-04 22:42:00 -0700,28
MyNetDiary,g,2024-01-04 22:42:00 -0700,2024-01-04 22:42:00 -0700,1.1
MyNetDiary,g,2024-01-08 21:29:00 -0700,2024-01-08 21:29:00 -0700,1.9
MyNetDiary,g,2024-01-09 00:30:00 -0700,2024-01-09 00:30:00 -0700,22
MyNetDiary,g,2024-01-08 21:30:00 -0700,2024-01-08 21:30:00 -0700,65
MyNetDiary,g,2024-01-08 21:29:00 -0700,2024-01-08 21:29:00 -0700,0
MyNetDiary,g,2024-01-08 21:29:00 -0700,2024-01-08 21:29:00 -0700,5.8
MyNetDiary,g,2024-01-08 21:29:00 -0700,2024-01-08 21:29:00 -0700,25.5
MyNetDiary,g,2024-01-08 21:29:00 -0700,2024-01-08 21:29:00 -0700,12.3
MyNetDiary,g,2024-01-09 00:32:00 -0700,2024-01-09 00:32:00 -0700,36.2
MyNetDiary,g,2024-01-09 00:35:00 -0700,2024-01-09 00:35:00 -0700,5.8
MyNetDiary,g,2024-01-09 00:35:00 -0700,2024-01-09 00:35:00 -0700,0
MyNetDiary,g,2024-01-07 19:00:00 -0700,2024-01-07 19:00:00 -0700,82.9
MyNetDiary,g,2024-01-09 01:28:00 -0700,2024-01-09 01:28:00 -0700,16.8
MyNetDiary,g,2024-01-09 09:00:00 -0700,2024-01-09 09:00:00 -0700,23.3
MyNetDiary,g,2024-01-09 09:00:00 -0700,2024-01-09 09:00:00 -0700,0.8
MyNetDiary,g,2024-01-10 00:48:00 -0700,2024-01-10 00:48:00 -0700,5.9
MyNetDiary,g,2024-01-10 00:48:00 -0700,2024-01-10 00:48:00 -0700,0
MyNetDiary,g,2024-01-09 09:00:00 -0700,2024-01-09 09:00:00 -0700,30.9
MyNetDiary,g,2024-01-09 09:00:00 -0700,2024-01-09 09:00:00 -0700,0
MyNetDiary,g,2024-01-09 01:28:00 -0700,2024-01-09 01:28:00 -0700,0.2
MyNetDiary,g,2024-01-10 00:48:00 -0700,2024-01-10 00:48:00 -0700,3.5
MyNetDiary,g,2024-01-10 00:48:00 -0700,2024-01-10 00:48:00 -0700,0.5
MyNetDiary,g,2024-01-10 00:48:00 -0700,2024-01-10 00:48:00 -0700,5.6
MyNetDiary,g,2024-01-10 00:48:00 -0700,2024-01-10 00:48:00 -0700,2.2
MyNetDiary,g,2024-01-09 01:36:00 -0700,2024-01-09 01:36:00 -0700,11.5
MyNetDiary,g,2024-01-09 16:00:00 -0700,2024-01-09 16:00:00 -0700,22
MyNetDiary,g,2024-01-10 19:54:00 -0700,2024-01-10 19:54:00 -0700,37
MyNetDiary,g,2024-01-10 19:54:00 -0700,2024-01-10 19:54:00 -0700,5.9
MyNetDiary,g,2024-01-28 17:00:00 -0700,2024-01-28 17:00:00 -0700,18.4
MyNetDiary,g,2024-01-28 17:00:00 -0700,2024-01-28 17:00:00 -0700,58
MyNetDiary,g,2024-01-28 17:00:00 -0700,2024-01-28 17:00:00 -0700,3.5
MyNetDiary,g,2024-01-28 22:00:00 -0700,2024-01-28 22:00:00 -0700,71.6
MyNetDiary,g,2024-01-28 22:00:00 -0700,2024-01-28 22:00:00 -0700,8
MyNetDiary,g,2024-01-28 22:00:00 -0700,2024-01-28 22:00:00 -0700,31.1
MyNetDiary,g,2024-01-29 02:15:00 -0700,2024-01-29 02:15:00 -0700,0.8
MyNetDiary,g,2024-01-29 02:23:00 -0700,2024-01-29 02:23:00 -0700,12
MyNetDiary,g,2024-01-29 02:23:00 -0700,2024-01-29 02:23:00 -0700,13.3
MyNetDiary,g,2024-01-29 02:23:00 -0700,2024-01-29 02:23:00 -0700,1.1
MyNetDiary,g,2024-01-29 02:23:00 -0700,2024-01-29 02:23:00 -0700,4
MyNetDiary,g,2024-01-29 02:23:00 -0700,2024-01-29 02:23:00 -0700,0.1
MyNetDiary,g,2024-01-29 02:15:00 -0700,2024-01-29 02:15:00 -0700,76.3
MyNetDiary,g,2024-01-29 20:15:00 -0700,2024-01-29 20:15:00 -0700,59.2
MyNetDiary,g,2024-01-29 20:15:00 -0700,2024-01-29 20:15:00 -0700,13.3
MyNetDiary,g,2024-01-29 15:51:00 -0700,2024-01-29 15:51:00 -0700,30
MyNetDiary,g,2024-02-01 15:46:00 -0700,2024-02-01 15:46:00 -0700,24.1
MyNetDiary,g,2024-02-01 15:46:00 -0700,2024-02-01 15:46:00 -0700,7
MyNetDiary,g,2024-02-01 15:46:00 -0700,2024-02-01 15:46:00 -0700,15.6
MyNetDiary,g,2024-02-01 18:20:00 -0700,2024-02-01 18:20:00 -0700,50
MyNetDiary,g,2024-02-01 18:20:00 -0700,2024-02-01 18:20:00 -0700,0
MyNetDiary,g,2024-02-01 18:20:00 -0700,2024-02-01 18:20:00 -0700,1.2
MyNetDiary,g,2024-02-01 18:20:00 -0700,2024-02-01 18:20:00 -0700,2.3
MyNetDiary,g,2024-02-01 18:20:00 -0700,2024-02-01 18:20:00 -0700,14
MyNetDiary,g,2024-02-02 00:38:00 -0700,2024-02-02 00:38:00 -0700,22
MyNetDiary,g,2024-02-02 09:50:00 -0700,2024-02-02 09:50:00 -0700,8
MyNetDiary,g,2024-02-02 09:50:00 -0700,2024-02-02 09:50:00 -0700,13.1
MyNetDiary,g,2024-02-02 09:50:00 -0700,2024-02-02 09:50:00 -0700,13.4
MyNetDiary,g,2024-02-02 09:50:00 -0700,2024-02-02 09:50:00 -0700,4
MyNetDiary,g,2024-02-02 14:22:00 -0700,2024-02-02 14:22:00 -0700,16
MyNetDiary,g,2024-02-25 14:13:00 -0700,2024-02-25 14:13:00 -0700,0
MyNetDiary,g,2024-02-25 14:13:00 -0700,2024-02-25 14:13:00 -0700,13.5
MyNetDiary,g,2024-02-25 14:13:00 -0700,2024-02-25 14:13:00 -0700,1.5
MyNetDiary,g,2024-02-25 14:13:00 -0700,2024-02-25 14:13:00 -0700,5.5
MyNetDiary,g,2024-02-25 14:13:00 -0700,2024-02-25 14:13:00 -0700,8.1
MyNetDiary,g,2024-02-25 14:13:00 -0700,2024-02-25 14:13:00 -0700,12.1
MyNetDiary,g,2024-02-25 14:13:00 -0700,2024-02-25 14:13:00 -0700,46.9
MyNetDiary,g,2024-02-25 14:13:00 -0700,2024-02-25 14:13:00 -0700,4
MyNetDiary,g,2024-02-25 22:15:00 -0700,2024-02-25 22:15:00 -0700,8
MyNetDiary,g,2024-02-25 22:15:00 -0700,2024-02-25 22:15:00 -0700,10.8
MyNetDiary,g,2024-02-25 22:38:00 -0700,2024-02-25 22:38:00 -0700,32.9
MyNetDiary,g,2024-02-26 12:11:00 -0700,2024-02-26 12:11:00 -0700,17
MyNetDiary,g,2024-02-28 19:25:00 -0700,2024-02-28 19:25:00 -0700,8
MyNetDiary,g,2024-03-18 00:33:00 -0700,2024-03-18 00:33:00 -0700,38
MyNetDiary,g,2024-04-14 17:03:00 -0700,2024-04-14 17:03:00 -0700,3.2
MyNetDiary,g,2024-04-14 19:55:00 -0700,2024-04-14 19:55:00 -0700,0.2
MyNetDiary,g,2024-04-14 15:43:00 -0700,2024-04-14 15:43:00 -0700,9.3
MyNetDiary,g,2024-04-14 15:43:00 -0700,2024-04-14 15:43:00 -0700,2.2
MyNetDiary,g,2024-04-14 15:43:00 -0700,2024-04-14 15:43:00 -0700,13.5
MyNetDiary,g,2024-04-14 15:45:00 -0700,2024-04-14 15:45:00 -0700,4.1
MyNetDiary,g,2024-04-14 15:45:00 -0700,2024-04-14 15:45:00 -0700,6.9
MyNetDiary,g,2024-04-14 17:03:00 -0700,2024-04-14 17:03:00 -0700,0
MyNetDiary,g,2024-04-14 17:03:00 -0700,2024-04-14 17:03:00 -0700,4.1
MyNetDiary,g,2024-04-14 17:03:00 -0700,2024-04-14 17:03:00 -0700,40.7
MyNetDiary,g,2024-04-14 17:03:00 -0700,2024-04-14 17:03:00 -0700,2.8
MyNetDiary,g,2024-04-14 19:55:00 -0700,2024-04-14 19:55:00 -0700,44
MyNetDiary,g,2024-04-14 19:55:00 -0700,2024-04-14 19:55:00 -0700,0
MyNetDiary,g,2024-04-14 19:55:00 -0700,2024-04-14 19:55:00 -0700,2.8
MyNetDiary,g,2024-04-14 19:55:00 -0700,2024-04-14 19:55:00 -0700,0.8
MyNetDiary,g,2024-04-14 19:55:00 -0700,2024-04-14 19:55:00 -0700,0
MyNetDiary,g,2024-04-16 13:47:00 -0700,2024-04-16 13:47:00 -0700,61.8
MyNetDiary,g,2024-04-16 13:47:00 -0700,2024-04-16 13:47:00 -0700,0.7
MyNetDiary,g,2024-04-16 13:47:00 -0700,2024-04-16 13:47:00 -0700,0
MyNetDiary,g,2024-04-20 20:55:00 -0700,2024-04-20 20:55:00 -0700,0
MyNetDiary,g,2024-04-21 15:22:00 -0700,2024-04-21 15:22:00 -0700,18.2
MyNetDiary,g,2024-04-21 15:22:00 -0700,2024-04-21 15:22:00 -0700,1.1
MyNetDiary,g,2024-04-21 15:22:00 -0700,2024-04-21 15:22:00 -0700,0
MyNetDiary,g,2024-04-21 15:22:00 -0700,2024-04-21 15:22:00 -0700,62.8
MyNetDiary,g,2024-04-21 15:22:00 -0700,2024-04-21 15:22:00 -0700,4
MyNetDiary,g,2024-04-21 15:22:00 -0700,2024-04-21 15:22:00 -0700,2.8
MyNetDiary,g,2024-04-21 16:22:00 -0700,2024-04-21 16:22:00 -0700,6
MyNetDiary,g,2024-04-20 20:44:00 -0700,2024-04-20 20:44:00 -0700,54.7
MyNetDiary,g,2024-04-20 00:00:00 -0700,2024-04-20 00:00:00 -0700,27.6
MyNetDiary,g,2024-04-20 00:00:00 -0700,2024-04-20 00:00:00 -0700,1.1
MyNetDiary,g,2024-04-20 00:00:00 -0700,2024-04-20 00:00:00 -0700,42
MyNetDiary,g,2024-04-22 01:13:00 -0700,2024-04-22 01:13:00 -0700,20.8
MyNetDiary,g,2024-04-22 01:13:00 -0700,2024-04-22 01:13:00 -0700,1.5
MyNetDiary,g,2024-04-22 01:12:00 -0700,2024-04-22 01:12:00 -0700,0
MyNetDiary,g,2024-04-22 01:39:00 -0700,2024-04-22 01:39:00 -0700,0
MyNetDiary,g,2024-04-22 01:17:00 -0700,2024-04-22 01:17:00 -0700,6.3
MyNetDiary,g,2024-04-22 01:19:00 -0700,2024-04-22 01:19:00 -0700,5.2
MyNetDiary,g,2024-04-22 15:18:00 -0700,2024-04-22 15:18:00 -0700,0
MyNetDiary,g,2024-04-22 15:18:00 -0700,2024-04-22 15:18:00 -0700,3.1
MyNetDiary,g,2024-04-22 15:18:00 -0700,2024-04-22 15:18:00 -0700,4.1
MyNetDiary,g,2024-04-22 15:18:00 -0700,2024-04-22 15:18:00 -0700,24
MyNetDiary,g,2024-04-30 16:38:00 -0700,2024-04-30 16:38:00 -0700,27
MyNetDiary,g,2024-04-30 16:40:00 -0700,2024-04-30 16:40:00 -0700,0
MyNetDiary,g,2024-04-30 16:42:00 -0700,2024-04-30 16:42:00 -0700,2.3
MyNetDiary,g,2024-04-30 16:53:00 -0700,2024-04-30 16:53:00 -0700,1.1
MyNetDiary,g,2024-04-30 16:38:00 -0700,2024-04-30 16:38:00 -0700,4.8
MyNetDiary,g,2024-04-30 16:29:00 -0700,2024-04-30 16:29:00 -0700,1.6
MyNetDiary,g,2024-04-30 16:31:00 -0700,2024-04-30 16:31:00 -0700,22.1
MyNetDiary,g,2024-04-30 16:31:00 -0700,2024-04-30 16:31:00 -0700,21.7
MyNetDiary,g,2024-04-30 16:34:00 -0700,2024-04-30 16:34:00 -0700,12
MyNetDiary,g,2024-04-30 16:34:00 -0700,2024-04-30 16:34:00 -0700,11
MyNetDiary,g,2024-04-30 16:36:00 -0700,2024-04-30 16:36:00 -0700,19.7
MyNetDiary,g,2024-04-30 16:53:00 -0700,2024-04-30 16:53:00 -0700,34.9
MyNetDiary,g,2024-04-30 16:58:00 -0700,2024-04-30 16:58:00 -0700,2.9
MyNetDiary,g,2024-04-30 21:20:00 -0700,2024-04-30 21:20:00 -0700,47.5
MyNetDiary,g,2024-04-30 21:20:00 -0700,2024-04-30 21:20:00 -0700,4.5
MyNetDiary,g,2023-05-27 16:01:00 -0700,2023-05-27 16:01:00 -0700,14.7
MyNetDiary,g,2023-05-27 16:01:00 -0700,2023-05-27 16:01:00 -0700,16.2
MyNetDiary,g,2023-05-27 16:01:00 -0700,2023-05-27 16:01:00 -0700,15.1
MyNetDiary,g,2023-05-27 16:01:00 -0700,2023-05-27 16:01:00 -0700,11.9
MyNetDiary,g,2023-05-27 16:01:00 -0700,2023-05-27 16:01:00 -0700,4
MyNetDiary,g,2023-05-30 18:55:00 -0700,2023-05-30 18:55:00 -0700,24.3
MyNetDiary,g,2023-05-30 18:55:00 -0700,2023-05-30 18:55:00 -0700,1
MyNetDiary,g,2023-05-30 18:55:00 -0700,2023-05-30 18:55:00 -0700,1.1
MyNetDiary,g,2023-05-30 18:56:00 -0700,2023-05-30 18:56:00 -0700,27.3
MyNetDiary,g,2023-05-30 18:56:00 -0700,2023-05-30 18:56:00 -0700,1
MyNetDiary,g,2023-05-30 18:56:00 -0700,2023-05-30 18:56:00 -0700,35
MyNetDiary,g,2023-05-31 12:12:00 -0700,2023-05-31 12:12:00 -0700,11
MyNetDiary,g,2023-05-31 12:12:00 -0700,2023-05-31 12:12:00 -0700,20
MyNetDiary,g,2023-05-31 12:12:00 -0700,2023-05-31 12:12:00 -0700,20
MyNetDiary,g,2023-05-31 12:12:00 -0700,2023-05-31 12:12:00 -0700,13
MyNetDiary,g,2023-05-31 18:40:00 -0700,2023-05-31 18:40:00 -0700,14.7
MyNetDiary,g,2023-05-31 18:40:00 -0700,2023-05-31 18:40:00 -0700,0
MyNetDiary,g,2023-05-31 18:40:00 -0700,2023-05-31 18:40:00 -0700,2.8
MyNetDiary,g,2023-05-31 18:40:00 -0700,2023-05-31 18:40:00 -0700,44.2
MyNetDiary,g,2023-05-31 18:40:00 -0700,2023-05-31 18:40:00 -0700,1.3
MyNetDiary,g,2023-05-31 18:40:00 -0700,2023-05-31 18:40:00 -0700,0.4
MyNetDiary,g,2023-06-05 11:00:00 -0700,2023-06-05 11:00:00 -0700,4.4
MyNetDiary,g,2023-06-05 08:00:00 -0700,2023-06-05 08:00:00 -0700,50
MyNetDiary,g,2023-06-05 08:00:00 -0700,2023-06-05 08:00:00 -0700,1.6
MyNetDiary,g,2023-06-05 08:00:00 -0700,2023-06-05 08:00:00 -0700,15
MyNetDiary,g,2023-06-05 12:00:00 -0700,2023-06-05 12:00:00 -0700,0
MyNetDiary,g,2023-06-05 12:00:00 -0700,2023-06-05 12:00:00 -0700,74.6
MyNetDiary,g,2023-06-05 15:00:00 -0700,2023-06-05 15:00:00 -0700,18.3
MyNetDiary,g,2023-06-06 12:00:00 -0700,2023-06-06 12:00:00 -0700,4.2
MyNetDiary,g,2023-06-06 12:25:00 -0700,2023-06-06 12:25:00 -0700,50
MyNetDiary,g,2023-06-06 12:25:00 -0700,2023-06-06 12:25:00 -0700,1.6
MyNetDiary,g,2023-06-06 12:00:00 -0700,2023-06-06 12:00:00 -0700,0
MyNetDiary,g,2023-06-06 12:00:00 -0700,2023-06-06 12:00:00 -0700,72.9
MyNetDiary,g,2023-06-06 21:09:00 -0700,2023-06-06 21:09:00 -0700,5.1
MyNetDiary,g,2023-06-06 21:09:00 -0700,2023-06-06 21:09:00 -0700,4.8
MyNetDiary,g,2023-06-06 21:09:00 -0700,2023-06-06 21:09:00 -0700,0.7
MyNetDiary,g,2023-06-06 21:09:00 -0700,2023-06-06 21:09:00 -0700,1
MyNetDiary,g,2023-06-06 21:09:00 -0700,2023-06-06 21:09:00 -0700,1.1
MyNetDiary,g,2023-06-06 21:09:00 -0700,2023-06-06 21:09:00 -0700,7.2
MyNetDiary,g,2023-06-07 08:57:00 -0700,2023-06-07 08:57:00 -0700,3.8
MyNetDiary,g,2023-06-07 08:57:00 -0700,2023-06-07 08:57:00 -0700,50
MyNetDiary,g,2023-06-07 08:57:00 -0700,2023-06-07 08:57:00 -0700,1.6
MyNetDiary,g,2023-06-07 08:57:00 -0700,2023-06-07 08:57:00 -0700,0
MyNetDiary,g,2023-06-07 08:57:00 -0700,2023-06-07 08:57:00 -0700,68.3
MyNetDiary,g,2023-06-07 08:57:00 -0700,2023-06-07 08:57:00 -0700,41.6
MyNetDiary,g,2023-06-07 12:02:00 -0700,2023-06-07 12:02:00 -0700,14
MyNetDiary,g,2023-06-07 12:11:00 -0700,2023-06-07 12:11:00 -0700,16
MyNetDiary,g,2023-06-07 15:05:00 -0700,2023-06-07 15:05:00 -0700,13
MyNetDiary,g,2023-06-08 12:04:00 -0700,2023-06-08 12:04:00 -0700,50
MyNetDiary,g,2023-06-08 12:04:00 -0700,2023-06-08 12:04:00 -0700,1.8
MyNetDiary,g,2023-06-08 12:04:00 -0700,2023-06-08 12:04:00 -0700,15
MyNetDiary,g,2023-06-08 10:49:00 -0700,2023-06-08 10:49:00 -0700,14
MyNetDiary,g,2023-06-08 12:03:00 -0700,2023-06-08 12:03:00 -0700,13
MyNetDiary,g,2023-07-08 13:27:00 -0700,2023-07-08 13:27:00 -0700,14
MyNetDiary,g,2023-07-08 13:27:00 -0700,2023-07-08 13:27:00 -0700,24.2
MyNetDiary,g,2023-07-08 13:27:00 -0700,2023-07-08 13:27:00 -0700,24.9
MyNetDiary,g,2023-07-08 13:27:00 -0700,2023-07-08 13:27:00 -0700,6.3
MyNetDiary,g,2023-07-08 14:08:00 -0700,2023-07-08 14:08:00 -0700,32.4
MyNetDiary,g,2023-07-10 00:29:00 -0700,2023-07-10 00:29:00 -0700,12.9
MyNetDiary,g,2023-07-10 00:29:00 -0700,2023-07-10 00:29:00 -0700,62.6
MyNetDiary,g,2023-07-10 17:23:00 -0700,2023-07-10 17:23:00 -0700,43.5
MyNetDiary,g,2023-07-10 17:23:00 -0700,2023-07-10 17:23:00 -0700,2.3
MyNetDiary,g,2023-07-10 11:26:00 -0700,2023-07-10 11:26:00 -0700,14
MyNetDiary,g,2023-07-10 11:26:00 -0700,2023-07-10 11:26:00 -0700,9
MyNetDiary,g,2023-07-10 14:31:00 -0700,2023-07-10 14:31:00 -0700,13
MyNetDiary,g,2023-07-14 11:22:00 -0700,2023-07-14 11:22:00 -0700,27
MyNetDiary,g,2023-07-14 11:22:00 -0700,2023-07-14 11:22:00 -0700,36
MyNetDiary,g,2023-07-17 12:34:00 -0700,2023-07-17 12:34:00 -0700,39
MyNetDiary,g,2023-07-18 10:31:00 -0700,2023-07-18 10:31:00 -0700,36
MyNetDiary,g,2023-07-18 10:31:00 -0700,2023-07-18 10:31:00 -0700,35
MyNetDiary,g,2023-07-27 14:51:00 -0700,2023-07-27 14:51:00 -0700,0.6
MyNetDiary,g,2023-08-31 12:14:00 -0700,2023-08-31 12:14:00 -0700,0.8
MyNetDiary,g,2023-08-31 16:46:00 -0700,2023-08-31 16:46:00 -0700,1.5
MyNetDiary,g,2023-08-31 12:14:00 -0700,2023-08-31 12:14:00 -0700,2.4
MyNetDiary,g,2023-08-31 12:14:00 -0700,2023-08-31 12:14:00 -0700,40.5
MyNetDiary,g,2023-08-31 12:14:00 -0700,2023-08-31 12:14:00 -0700,0
MyNetDiary,g,2023-08-31 16:46:00 -0700,2023-08-31 16:46:00 -0700,3.4
MyNetDiary,g,2023-08-31 16:46:00 -0700,2023-08-31 16:46:00 -0700,2.2
MyNetDiary,g,2023-08-31 16:46:00 -0700,2023-08-31 16:46:00 -0700,4.6
MyNetDiary,g,2023-08-31 16:46:00 -0700,2023-08-31 16:46:00 -0700,15.7
MyNetDiary,g,2023-08-31 16:46:00 -0700,2023-08-31 16:46:00 -0700,10.7
MyNetDiary,g,2023-08-31 16:46:00 -0700,2023-08-31 16:46:00 -0700,1
MyNetDiary,g,2023-08-31 23:09:00 -0700,2023-08-31 23:09:00 -0700,48.6
MyNetDiary,g,2023-08-31 23:09:00 -0700,2023-08-31 23:09:00 -0700,2.2
MyNetDiary,g,2023-09-01 20:00:00 -0700,2023-09-01 20:00:00 -0700,1.9
MyNetDiary,g,2023-09-01 01:09:00 -0700,2023-09-01 01:09:00 -0700,18.7
MyNetDiary,g,2023-09-01 01:09:00 -0700,2023-09-01 01:09:00 -0700,16
MyNetDiary,g,2023-09-01 01:09:00 -0700,2023-09-01 01:09:00 -0700,21.6
MyNetDiary,g,2023-09-01 01:09:00 -0700,2023-09-01 01:09:00 -0700,9.6
MyNetDiary,g,2023-09-01 01:09:00 -0700,2023-09-01 01:09:00 -0700,22.2
MyNetDiary,g,2023-09-01 01:25:00 -0700,2023-09-01 01:25:00 -0700,38.2
MyNetDiary,g,2023-09-01 01:25:00 -0700,2023-09-01 01:25:00 -0700,47.5
MyNetDiary,g,2023-09-01 20:00:00 -0700,2023-09-01 20:00:00 -0700,3.8
MyNetDiary,g,2023-09-01 20:00:00 -0700,2023-09-01 20:00:00 -0700,7.4
MyNetDiary,g,2023-09-01 20:00:00 -0700,2023-09-01 20:00:00 -0700,1.3
MyNetDiary,g,2023-09-01 20:00:00 -0700,2023-09-01 20:00:00 -0700,1.4
MyNetDiary,g,2023-09-01 20:00:00 -0700,2023-09-01 20:00:00 -0700,2
MyNetDiary,g,2023-09-01 20:00:00 -0700,2023-09-01 20:00:00 -0700,2.5
MyNetDiary,g,2023-09-01 15:00:00 -0700,2023-09-01 15:00:00 -0700,7.4
MyNetDiary,g,2023-09-03 08:00:00 -0700,2023-09-03 08:00:00 -0700,37.3
MyNetDiary,g,2023-09-02 12:06:00 -0700,2023-09-02 12:06:00 -0700,4.4
MyNetDiary,g,2023-09-02 12:06:00 -0700,2023-09-02 12:06:00 -0700,5
MyNetDiary,g,2023-09-06 11:05:00 -0700,2023-09-06 11:05:00 -0700,8.2
MyNetDiary,g,2023-09-06 11:05:00 -0700,2023-09-06 11:05:00 -0700,1.1
MyNetDiary,g,2023-09-07 08:00:00 -0700,2023-09-07 08:00:00 -0700,4.3
MyNetDiary,g,2023-09-07 12:00:00 -0700,2023-09-07 12:00:00 -0700,58
MyNetDiary,g,2023-09-07 12:00:00 -0700,2023-09-07 12:00:00 -0700,52.7
MyNetDiary,g,2023-09-06 01:02:00 -0700,2023-09-06 01:02:00 -0700,58
MyNetDiary,g,2023-09-06 01:02:00 -0700,2023-09-06 01:02:00 -0700,44.7
MyNetDiary,g,2023-09-06 19:26:00 -0700,2023-09-06 19:26:00 -0700,53.3
MyNetDiary,g,2023-09-06 19:47:00 -0700,2023-09-06 19:47:00 -0700,3.4
MyNetDiary,g,2023-09-06 21:52:00 -0700,2023-09-06 21:52:00 -0700,31.3
MyNetDiary,g,2023-09-08 08:00:00 -0700,2023-09-08 08:00:00 -0700,3.7
MyNetDiary,g,2023-09-08 08:00:00 -0700,2023-09-08 08:00:00 -0700,6.2
MyNetDiary,g,2023-09-08 08:00:00 -0700,2023-09-08 08:00:00 -0700,1.1
MyNetDiary,g,2023-09-08 18:43:00 -0700,2023-09-08 18:43:00 -0700,39.8
MyNetDiary,g,2023-09-08 18:43:00 -0700,2023-09-08 18:43:00 -0700,16
MyNetDiary,g,2023-09-09 15:07:00 -0700,2023-09-09 15:07:00 -0700,2.3
MyNetDiary,g,2023-09-09 15:07:00 -0700,2023-09-09 15:07:00 -0700,18.9
MyNetDiary,g,2023-09-09 15:07:00 -0700,2023-09-09 15:07:00 -0700,24.2
MyNetDiary,g,2023-09-09 15:07:00 -0700,2023-09-09 15:07:00 -0700,11.1
MyNetDiary,g,2023-09-09 15:07:00 -0700,2023-09-09 15:07:00 -0700,18.1
MyNetDiary,g,2023-09-09 18:18:00 -0700,2023-09-09 18:18:00 -0700,72.3
MyNetDiary,g,2023-09-09 18:18:00 -0700,2023-09-09 18:18:00 -0700,39.6
MyNetDiary,g,2023-09-11 00:40:00 -0700,2023-09-11 00:40:00 -0700,0.8
MyNetDiary,g,2023-09-10 12:23:00 -0700,2023-09-10 12:23:00 -0700,2.1
MyNetDiary,g,2023-09-10 12:23:00 -0700,2023-09-10 12:23:00 -0700,72
MyNetDiary,g,2023-09-10 16:55:00 -0700,2023-09-10 16:55:00 -0700,2.3
MyNetDiary,g,2023-09-10 16:55:00 -0700,2023-09-10 16:55:00 -0700,18.9
MyNetDiary,g,2023-09-10 16:55:00 -0700,2023-09-10 16:55:00 -0700,24.2
MyNetDiary,g,2023-09-10 16:55:00 -0700,2023-09-10 16:55:00 -0700,11.1
MyNetDiary,g,2023-09-10 16:55:00 -0700,2023-09-10 16:55:00 -0700,18.1
MyNetDiary,g,2023-09-11 00:40:00 -0700,2023-09-11 00:40:00 -0700,86.8
MyNetDiary,g,2023-09-11 00:40:00 -0700,2023-09-11 00:40:00 -0700,40.5
MyNetDiary,g,2023-09-11 02:20:00 -0700,2023-09-11 02:20:00 -0700,23.2
MyNetDiary,g,2023-09-11 02:20:00 -0700,2023-09-11 02:20:00 -0700,58
MyNetDiary,g,2023-09-11 19:42:00 -0700,2023-09-11 19:42:00 -0700,1.4
MyNetDiary,g,2023-09-11 19:42:00 -0700,2023-09-11 19:42:00 -0700,26.5
MyNetDiary,g,2023-09-11 19:42:00 -0700,2023-09-11 19:42:00 -0700,1
MyNetDiary,g,2023-09-11 13:28:00 -0700,2023-09-11 13:28:00 -0700,12.2
MyNetDiary,g,2023-09-12 08:00:00 -0700,2023-09-12 08:00:00 -0700,86.8
MyNetDiary,g,2023-09-16 19:30:00 -0700,2023-09-16 19:30:00 -0700,7.4
MyNetDiary,g,2023-09-16 19:30:00 -0700,2023-09-16 19:30:00 -0700,6.8
MyNetDiary,g,2023-09-16 19:30:00 -0700,2023-09-16 19:30:00 -0700,3.5
MyNetDiary,g,2023-09-16 19:30:00 -0700,2023-09-16 19:30:00 -0700,1.4
MyNetDiary,g,2023-09-16 19:30:00 -0700,2023-09-16 19:30:00 -0700,0
MyNetDiary,g,2023-09-16 19:30:00 -0700,2023-09-16 19:30:00 -0700,4.4
MyNetDiary,g,2023-09-18 10:20:00 -0700,2023-09-18 10:20:00 -0700,0
MyNetDiary,g,2023-09-18 10:20:00 -0700,2023-09-18 10:20:00 -0700,28
MyNetDiary,g,2023-09-17 11:45:00 -0700,2023-09-17 11:45:00 -0700,0.5
MyNetDiary,g,2023-09-17 11:45:00 -0700,2023-09-17 11:45:00 -0700,0
MyNetDiary,g,2023-09-17 11:45:00 -0700,2023-09-17 11:45:00 -0700,1.2
MyNetDiary,g,2023-09-17 15:45:00 -0700,2023-09-17 15:45:00 -0700,54.9
MyNetDiary,g,2023-09-17 15:45:00 -0700,2023-09-17 15:45:00 -0700,36
MyNetDiary,g,2023-09-17 15:45:00 -0700,2023-09-17 15:45:00 -0700,6.5
MyNetDiary,g,2023-09-17 15:45:00 -0700,2023-09-17 15:45:00 -0700,2.5
MyNetDiary,g,2023-09-17 15:45:00 -0700,2023-09-17 15:45:00 -0700,2
MyNetDiary,g,2023-09-17 15:45:00 -0700,2023-09-17 15:45:00 -0700,14
MyNetDiary,g,2023-09-17 18:00:00 -0700,2023-09-17 18:00:00 -0700,23.2
MyNetDiary,g,2023-09-17 18:00:00 -0700,2023-09-17 18:00:00 -0700,34.3
MyNetDiary,g,2022-11-28 14:30:00 -0700,2022-11-28 14:30:00 -0700,7
MyNetDiary,g,2022-11-28 14:30:00 -0700,2022-11-28 14:30:00 -0700,0.8
MyNetDiary,g,2022-11-28 14:30:00 -0700,2022-11-28 14:30:00 -0700,24.9
MyNetDiary,g,2022-11-28 14:30:00 -0700,2022-11-28 14:30:00 -0700,61.6
MyNetDiary,g,2022-11-28 14:30:00 -0700,2022-11-28 14:30:00 -0700,35.2
MyNetDiary,g,2022-11-28 14:30:00 -0700,2022-11-28 14:30:00 -0700,2.8
MyNetDiary,g,2022-11-28 14:30:00 -0700,2022-11-28 14:30:00 -0700,0
MyNetDiary,g,2022-11-28 14:30:00 -0700,2022-11-28 14:30:00 -0700,4
MyNetDiary,g,2022-11-28 20:31:00 -0700,2022-11-28 20:31:00 -0700,5.3
MyNetDiary,g,2022-11-28 20:31:00 -0700,2022-11-28 20:31:00 -0700,106.4
MyNetDiary,g,2022-11-28 20:31:00 -0700,2022-11-28 20:31:00 -0700,0
MyNetDiary,g,2022-11-28 20:31:00 -0700,2022-11-28 20:31:00 -0700,57.2
MyNetDiary,g,2022-11-28 13:00:00 -0700,2022-11-28 13:00:00 -0700,92
MyNetDiary,g,2022-11-29 19:03:00 -0700,2022-11-29 19:03:00 -0700,0
MyNetDiary,g,2022-11-30 19:00:00 -0700,2022-11-30 19:00:00 -0700,0
MyNetDiary,g,2022-11-30 19:00:00 -0700,2022-11-30 19:00:00 -0700,1.2
MyNetDiary,g,2022-11-30 19:00:00 -0700,2022-11-30 19:00:00 -0700,11.4
MyNetDiary,g,2022-11-30 19:00:00 -0700,2022-11-30 19:00:00 -0700,1.3
MyNetDiary,g,2022-11-30 19:00:00 -0700,2022-11-30 19:00:00 -0700,5.5
MyNetDiary,g,2022-11-29 11:10:00 -0700,2022-11-29 11:10:00 -0700,0
MyNetDiary,g,2022-11-29 11:10:00 -0700,2022-11-29 11:10:00 -0700,36.3
MyNetDiary,g,2022-11-29 22:11:00 -0700,2022-11-29 22:11:00 -0700,0
MyNetDiary,g,2022-11-29 19:31:00 -0700,2022-11-29 19:31:00 -0700,16.8
MyNetDiary,g,2022-12-02 11:23:00 -0700,2022-12-02 11:23:00 -0700,4.1
MyNetDiary,g,2022-12-02 13:47:00 -0700,2022-12-02 13:47:00 -0700,54.5
MyNetDiary,g,2022-12-02 13:47:00 -0700,2022-12-02 13:47:00 -0700,0
MyNetDiary,g,2022-12-02 13:47:00 -0700,2022-12-02 13:47:00 -0700,2.8
MyNetDiary,g,2022-12-14 11:04:00 -0700,2022-12-14 11:04:00 -0700,36
MyNetDiary,g,2022-12-14 11:04:00 -0700,2022-12-14 11:04:00 -0700,43
MyNetDiary,g,2022-12-14 11:05:00 -0700,2022-12-14 11:05:00 -0700,17
MyNetDiary,g,2022-12-20 01:16:00 -0700,2022-12-20 01:16:00 -0700,6.3
MyNetDiary,g,2022-12-20 01:15:00 -0700,2022-12-20 01:15:00 -0700,36
MyNetDiary,g,2022-12-20 01:13:00 -0700,2022-12-20 01:13:00 -0700,62
MyNetDiary,g,2022-12-20 01:13:00 -0700,2022-12-20 01:13:00 -0700,0
MyNetDiary,g,2022-12-20 01:16:00 -0700,2022-12-20 01:16:00 -0700,30.1
MyNetDiary,g,2022-12-20 01:16:00 -0700,2022-12-20 01:16:00 -0700,2.6
MyNetDiary,g,2022-12-20 01:16:00 -0700,2022-12-20 01:16:00 -0700,0.3
MyNetDiary,g,2022-12-20 01:16:00 -0700,2022-12-20 01:16:00 -0700,13.1
MyNetDiary,g,2022-12-20 01:16:00 -0700,2022-12-20 01:16:00 -0700,0
MyNetDiary,g,2022-12-20 01:16:00 -0700,2022-12-20 01:16:00 -0700,8.3
MyNetDiary,g,2022-12-20 10:50:00 -0700,2022-12-20 10:50:00 -0700,38
MyNetDiary,g,2022-12-26 14:24:00 -0700,2022-12-26 14:24:00 -0700,38.8
MyNetDiary,g,2022-12-26 20:21:00 -0700,2022-12-26 20:21:00 -0700,6.2
MyNetDiary,g,2022-12-26 14:24:00 -0700,2022-12-26 14:24:00 -0700,0
MyNetDiary,g,2022-12-26 14:24:00 -0700,2022-12-26 14:24:00 -0700,7
MyNetDiary,g,2022-12-26 14:24:00 -0700,2022-12-26 14:24:00 -0700,0
MyNetDiary,g,2022-12-26 17:59:00 -0700,2022-12-26 17:59:00 -0700,0
MyNetDiary,g,2022-12-26 21:36:00 -0700,2022-12-26 21:36:00 -0700,40.3
MyNetDiary,g,2022-12-27 08:18:00 -0700,2022-12-27 08:18:00 -0700,30.5
MyNetDiary,g,2022-12-27 13:16:00 -0700,2022-12-27 13:16:00 -0700,13.5
MyNetDiary,g,2022-12-27 21:28:00 -0700,2022-12-27 21:28:00 -0700,27
MyNetDiary,g,2022-12-27 08:18:00 -0700,2022-12-27 08:18:00 -0700,0
MyNetDiary,g,2022-12-27 08:18:00 -0700,2022-12-27 08:18:00 -0700,7
MyNetDiary,g,2022-12-27 08:18:00 -0700,2022-12-27 08:18:00 -0700,0
MyNetDiary,g,2022-12-27 13:16:00 -0700,2022-12-27 13:16:00 -0700,0
MyNetDiary,g,2022-12-27 21:28:00 -0700,2022-12-27 21:28:00 -0700,26
MyNetDiary,g,2022-12-27 21:28:00 -0700,2022-12-27 21:28:00 -0700,0
MyNetDiary,g,2022-12-27 21:28:00 -0700,2022-12-27 21:28:00 -0700,0
MyNetDiary,g,2022-12-27 21:28:00 -0700,2022-12-27 21:28:00 -0700,2.2
MyNetDiary,g,2022-12-27 21:28:00 -0700,2022-12-27 21:28:00 -0700,4
MyNetDiary,g,2022-12-27 13:29:00 -0700,2022-12-27 13:29:00 -0700,10
MyNetDiary,g,2022-12-27 21:59:00 -0700,2022-12-27 21:59:00 -0700,16
MyNetDiary,g,2022-12-28 08:25:00 -0700,2022-12-28 08:25:00 -0700,27.7
MyNetDiary,g,2022-12-28 13:52:00 -0700,2022-12-28 13:52:00 -0700,13.5
MyNetDiary,g,2022-12-28 08:25:00 -0700,2022-12-28 08:25:00 -0700,0
MyNetDiary,g,2022-12-28 08:25:00 -0700,2022-12-28 08:25:00 -0700,7
MyNetDiary,g,2022-12-28 08:25:00 -0700,2022-12-28 08:25:00 -0700,0
MyNetDiary,g,2022-12-28 13:52:00 -0700,2022-12-28 13:52:00 -0700,0
MyNetDiary,g,2022-12-28 20:21:00 -0700,2022-12-28 20:21:00 -0700,92.6
MyNetDiary,g,2022-12-28 20:21:00 -0700,2022-12-28 20:21:00 -0700,0
MyNetDiary,g,2022-12-29 08:52:00 -0700,2022-12-29 08:52:00 -0700,30.4
MyNetDiary,g,2022-12-29 08:52:00 -0700,2022-12-29 08:52:00 -0700,10
MyNetDiary,g,2022-12-29 08:52:00 -0700,2022-12-29 08:52:00 -0700,4.1
MyNetDiary,g,2022-12-29 08:52:00 -0700,2022-12-29 08:52:00 -0700,38
MyNetDiary,g,2022-12-29 08:50:00 -0700,2022-12-29 08:50:00 -0700,0.1
MyNetDiary,g,2022-12-29 08:50:00 -0700,2022-12-29 08:50:00 -0700,68.6
MyNetDiary,g,2022-12-29 21:05:00 -0700,2022-12-29 21:05:00 -0700,2.8
MyNetDiary,g,2022-12-29 21:05:00 -0700,2022-12-29 21:05:00 -0700,3.3
MyNetDiary,g,2022-12-29 21:05:00 -0700,2022-12-29 21:05:00 -0700,2.4
MyNetDiary,g,2022-12-29 21:05:00 -0700,2022-12-29 21:05:00 -0700,5.5
MyNetDiary,g,2022-12-29 21:05:00 -0700,2022-12-29 21:05:00 -0700,3.2
MyNetDiary,g,2022-12-29 21:46:00 -0700,2022-12-29 21:46:00 -0700,10.3
MyNetDiary,g,2022-12-30 11:47:00 -0700,2022-12-30 11:47:00 -0700,73.3
MyNetDiary,g,2022-12-30 11:47:00 -0700,2022-12-30 11:47:00 -0700,2.2
MyNetDiary,g,2022-12-30 11:35:00 -0700,2022-12-30 11:35:00 -0700,2.3
MyNetDiary,g,2022-12-30 11:35:00 -0700,2022-12-30 11:35:00 -0700,1.6
MyNetDiary,g,2022-12-30 11:35:00 -0700,2022-12-30 11:35:00 -0700,0.2
MyNetDiary,g,2022-12-30 11:35:00 -0700,2022-12-30 11:35:00 -0700,0
MyNetDiary,g,2022-12-30 11:35:00 -0700,2022-12-30 11:35:00 -0700,23.1
MyNetDiary,g,2022-12-30 11:27:00 -0700,2022-12-30 11:27:00 -0700,7
MyNetDiary,g,2022-12-30 19:00:00 -0700,2022-12-30 19:00:00 -0700,80.1
MyNetDiary,g,2022-12-31 12:46:00 -0700,2022-12-31 12:46:00 -0700,68.6
MyNetDiary,g,2022-12-31 12:46:00 -0700,2022-12-31 12:46:00 -0700,2.4
MyNetDiary,g,2022-12-31 17:10:00 -0700,2022-12-31 17:10:00 -0700,66
MyNetDiary,g,2022-12-31 17:10:00 -0700,2022-12-31 17:10:00 -0700,0.7
MyNetDiary,g,2022-12-31 16:44:00 -0700,2022-12-31 16:44:00 -0700,7
MyNetDiary,g,2022-12-31 16:44:00 -0700,2022-12-31 16:44:00 -0700,2.1
MyNetDiary,g,2023-01-01 13:13:00 -0700,2023-01-01 13:13:00 -0700,16.5
MyNetDiary,g,2023-01-01 13:13:00 -0700,2023-01-01 13:13:00 -0700,23.1
MyNetDiary,g,2023-01-01 13:13:00 -0700,2023-01-01 13:13:00 -0700,0
MyNetDiary,g,2023-01-01 13:13:00 -0700,2023-01-01 13:13:00 -0700,0.6
MyNetDiary,g,2023-01-01 13:13:00 -0700,2023-01-01 13:13:00 -0700,0.8
MyNetDiary,g,2023-01-01 13:13:00 -0700,2023-01-01 13:13:00 -0700,1
MyNetDiary,g,2023-01-02 19:24:00 -0700,2023-01-02 19:24:00 -0700,0
MyNetDiary,g,2023-01-02 13:28:00 -0700,2023-01-02 13:28:00 -0700,0.8
MyNetDiary,g,2023-01-02 13:28:00 -0700,2023-01-02 13:28:00 -0700,1
MyNetDiary,g,2023-01-02 13:28:00 -0700,2023-01-02 13:28:00 -0700,30.4
MyNetDiary,g,2023-01-02 13:28:00 -0700,2023-01-02 13:28:00 -0700,1.3
MyNetDiary,g,2023-01-02 19:18:00 -0700,2023-01-02 19:18:00 -0700,3.2
MyNetDiary,g,2023-01-02 19:18:00 -0700,2023-01-02 19:18:00 -0700,4
MyNetDiary,g,2023-01-02 19:18:00 -0700,2023-01-02 19:18:00 -0700,3.3
MyNetDiary,g,2023-01-02 19:18:00 -0700,2023-01-02 19:18:00 -0700,4.4
MyNetDiary,g,2023-01-02 19:18:00 -0700,2023-01-02 19:18:00 -0700,6.3
MyNetDiary,g,2023-01-02 19:24:00 -0700,2023-01-02 19:24:00 -0700,0
MyNetDiary,g,2023-01-02 19:24:00 -0700,2023-01-02 19:24:00 -0700,7
MyNetDiary,g,2023-01-02 22:10:00 -0700,2023-01-02 22:10:00 -0700,22.2
MyNetDiary,g,2023-01-03 13:00:00 -0700,2023-01-03 13:00:00 -0700,0
MyNetDiary,g,2023-01-03 09:00:00 -0700,2023-01-03 09:00:00 -0700,62.6
MyNetDiary,g,2023-01-03 09:00:00 -0700,2023-01-03 09:00:00 -0700,1.9
MyNetDiary,g,2023-01-03 13:00:00 -0700,2023-01-03 13:00:00 -0700,3.2
MyNetDiary,g,2023-01-03 13:00:00 -0700,2023-01-03 13:00:00 -0700,3.3
MyNetDiary,g,2023-01-03 13:00:00 -0700,2023-01-03 13:00:00 -0700,6.3
MyNetDiary,g,2023-01-03 13:00:00 -0700,2023-01-03 13:00:00 -0700,22.2
MyNetDiary,g,2023-01-03 13:00:00 -0700,2023-01-03 13:00:00 -0700,0
MyNetDiary,g,2023-01-03 13:00:00 -0700,2023-01-03 13:00:00 -0700,3
MyNetDiary,g,2023-01-03 21:45:00 -0700,2023-01-03 21:45:00 -0700,0
MyNetDiary,g,2023-01-03 12:41:00 -0700,2023-01-03 12:41:00 -0700,38
MyNetDiary,g,2023-01-03 16:11:00 -0700,2023-01-03 16:11:00 -0700,2
MyNetDiary,g,2023-01-04 09:00:00 -0700,2023-01-04 09:00:00 -0700,69.3
MyNetDiary,g,2023-01-04 09:00:00 -0700,2023-01-04 09:00:00 -0700,2.5
MyNetDiary,g,2023-01-04 13:00:00 -0700,2023-01-04 13:00:00 -0700,40.7
MyNetDiary,g,2023-01-04 13:00:00 -0700,2023-01-04 13:00:00 -0700,0
MyNetDiary,g,2023-01-04 13:00:00 -0700,2023-01-04 13:00:00 -0700,2.6
MyNetDiary,g,2023-01-04 18:46:00 -0700,2023-01-04 18:46:00 -0700,0.8
MyNetDiary,g,2023-01-04 18:46:00 -0700,2023-01-04 18:46:00 -0700,60
MyNetDiary,g,2023-01-04 15:06:00 -0700,2023-01-04 15:06:00 -0700,0
MyNetDiary,g,2023-01-04 16:00:00 -0700,2023-01-04 16:00:00 -0700,7
MyNetDiary,g,2023-01-05 09:11:00 -0700,2023-01-05 09:11:00 -0700,69.3
MyNetDiary,g,2023-01-05 09:11:00 -0700,2023-01-05 09:11:00 -0700,14.3
MyNetDiary,g,2023-01-05 09:11:00 -0700,2023-01-05 09:11:00 -0700,0
MyNetDiary,g,2023-01-05 09:11:00 -0700,2023-01-05 09:11:00 -0700,37
MyNetDiary,g,2023-01-05 21:21:00 -0700,2023-01-05 21:21:00 -0700,51
MyNetDiary,g,2023-01-06 09:26:00 -0700,2023-01-06 09:26:00 -0700,55.6
MyNetDiary,g,2023-01-13 23:58:00 -0700,2023-01-13 23:58:00 -0700,334.8
MyNetDiary,g,2023-01-13 19:36:00 -0700,2023-01-13 19:36:00 -0700,4.8
MyNetDiary,g,2023-01-13 19:36:00 -0700,2023-01-13 19:36:00 -0700,19
MyNetDiary,g,2023-01-13 19:36:00 -0700,2023-01-13 19:36:00 -0700,1.3
MyNetDiary,g,2023-01-13 19:36:00 -0700,2023-01-13 19:36:00 -0700,0
MyNetDiary,g,2023-01-13 19:36:00 -0700,2023-01-13 19:36:00 -0700,10.3
MyNetDiary,g,2023-01-13 19:36:00 -0700,2023-01-13 19:36:00 -0700,15
MyNetDiary,g,2023-01-13 19:36:00 -0700,2023-01-13 19:36:00 -0700,0
MyNetDiary,g,2023-01-14 02:31:00 -0700,2023-01-14 02:31:00 -0700,149.9
MyNetDiary,g,2023-01-14 02:31:00 -0700,2023-01-14 02:31:00 -0700,0
MyNetDiary,g,2023-01-14 02:31:00 -0700,2023-01-14 02:31:00 -0700,1.9
MyNetDiary,g,2023-01-14 11:45:00 -0700,2023-01-14 11:45:00 -0700,17
MyNetDiary,g,2023-01-14 16:03:00 -0700,2023-01-14 16:03:00 -0700,29.5
MyNetDiary,g,2023-01-14 16:04:00 -0700,2023-01-14 16:04:00 -0700,12.3
MyNetDiary,g,2023-01-14 16:06:00 -0700,2023-01-14 16:06:00 -0700,15
MyNetDiary,g,2023-01-14 16:06:00 -0700,2023-01-14 16:06:00 -0700,0
MyNetDiary,g,2023-01-15 19:33:00 -0700,2023-01-15 19:33:00 -0700,0
MyNetDiary,g,2023-01-15 19:33:00 -0700,2023-01-15 19:33:00 -0700,122.5
MyNetDiary,g,2023-01-16 13:00:00 -0700,2023-01-16 13:00:00 -0700,134.8
MyNetDiary,g,2023-01-16 13:00:00 -0700,2023-01-16 13:00:00 -0700,0
MyNetDiary,g,2023-01-15 15:25:00 -0700,2023-01-15 15:25:00 -0700,30.7
MyNetDiary,g,2023-01-15 15:25:00 -0700,2023-01-15 15:25:00 -0700,15
MyNetDiary,g,2023-01-15 15:25:00 -0700,2023-01-15 15:25:00 -0700,0
MyNetDiary,g,2023-01-15 15:25:00 -0700,2023-01-15 15:25:00 -0700,1.8
MyNetDiary,g,2023-01-15 15:25:00 -0700,2023-01-15 15:25:00 -0700,12.3
MyNetDiary,g,2023-01-15 19:33:00 -0700,2023-01-15 19:33:00 -0700,5.1
MyNetDiary,g,2023-01-15 19:33:00 -0700,2023-01-15 19:33:00 -0700,10
MyNetDiary,g,2023-01-15 18:12:00 -0700,2023-01-15 18:12:00 -0700,17
MyNetDiary,g,2023-01-15 18:42:00 -0700,2023-01-15 18:42:00 -0700,23
MyNetDiary,g,2023-01-16 10:21:00 -0700,2023-01-16 10:21:00 -0700,7
MyNetDiary,g,2023-01-16 10:22:00 -0700,2023-01-16 10:22:00 -0700,15
MyNetDiary,g,2023-01-16 10:35:00 -0700,2023-01-16 10:35:00 -0700,17
MyNetDiary,g,2023-01-16 13:08:00 -0700,2023-01-16 13:08:00 -0700,1
MyNetDiary,g,2023-01-17 14:21:00 -0700,2023-01-17 14:21:00 -0700,0
MyNetDiary,g,2023-01-17 14:21:00 -0700,2023-01-17 14:21:00 -0700,9
MyNetDiary,g,2023-01-17 14:21:00 -0700,2023-01-17 14:21:00 -0700,134.8
MyNetDiary,g,2023-01-17 14:21:00 -0700,2023-01-17 14:21:00 -0700,0
MyNetDiary,g,2023-01-19 08:49:00 -0700,2023-01-19 08:49:00 -0700,209.3
MyNetDiary,g,2023-01-19 08:49:00 -0700,2023-01-19 08:49:00 -0700,0
MyNetDiary,g,2023-01-20 10:11:00 -0700,2023-01-20 10:11:00 -0700,0
MyNetDiary,g,2023-01-20 10:11:00 -0700,2023-01-20 10:11:00 -0700,131.6
MyNetDiary,g,2023-01-20 21:58:00 -0700,2023-01-20 21:58:00 -0700,0
MyNetDiary,g,2023-01-20 10:11:00 -0700,2023-01-20 10:11:00 -0700,0
MyNetDiary,g,2023-01-20 10:11:00 -0700,2023-01-20 10:11:00 -0700,10
MyNetDiary,g,2023-01-20 21:58:00 -0700,2023-01-20 21:58:00 -0700,4
MyNetDiary,g,2023-01-20 21:58:00 -0700,2023-01-20 21:58:00 -0700,3.2
MyNetDiary,g,2023-01-20 21:58:00 -0700,2023-01-20 21:58:00 -0700,2.2
MyNetDiary,g,2023-01-20 21:58:00 -0700,2023-01-20 21:58:00 -0700,4.1
MyNetDiary,g,2023-01-20 21:06:00 -0700,2023-01-20 21:06:00 -0700,23
MyNetDiary,g,2023-01-20 21:06:00 -0700,2023-01-20 21:06:00 -0700,17
MyNetDiary,g,2023-02-11 14:25:00 -0700,2023-02-11 14:25:00 -0700,0
MyNetDiary,g,2023-02-11 14:25:00 -0700,2023-02-11 14:25:00 -0700,1.1
MyNetDiary,g,2023-02-11 14:25:00 -0700,2023-02-11 14:25:00 -0700,12.3
MyNetDiary,g,2023-02-11 14:25:00 -0700,2023-02-11 14:25:00 -0700,0
MyNetDiary,g,2023-02-11 16:00:00 -0700,2023-02-11 16:00:00 -0700,4.1
MyNetDiary,g,2023-02-11 16:39:00 -0700,2023-02-11 16:39:00 -0700,38
MyNetDiary,g,2023-02-16 20:44:00 -0700,2023-02-16 20:44:00 -0700,40
MyNetDiary,g,2023-03-12 19:11:00 -0700,2023-03-12 19:11:00 -0700,2.4
MyNetDiary,g,2023-03-12 19:11:00 -0700,2023-03-12 19:11:00 -0700,4.3
MyNetDiary,g,2023-03-12 19:11:00 -0700,2023-03-12 19:11:00 -0700,3.6
MyNetDiary,g,2023-03-12 19:11:00 -0700,2023-03-12 19:11:00 -0700,0.3
MyNetDiary,g,2023-03-12 19:11:00 -0700,2023-03-12 19:11:00 -0700,6.8
MyNetDiary,g,2023-03-12 19:11:00 -0700,2023-03-12 19:11:00 -0700,0
MyNetDiary,g,2023-03-13 21:45:00 -0700,2023-03-13 21:45:00 -0700,40
MyNetDiary,g,2023-03-13 21:45:00 -0700,2023-03-13 21:45:00 -0700,2.2
MyNetDiary,g,2023-03-13 21:45:00 -0700,2023-03-13 21:45:00 -0700,0
MyNetDiary,g,2023-03-13 21:45:00 -0700,2023-03-13 21:45:00 -0700,1.3
MyNetDiary,g,2023-03-13 21:40:00 -0700,2023-03-13 21:40:00 -0700,0
MyNetDiary,g,2023-03-13 21:40:00 -0700,2023-03-13 21:40:00 -0700,60
MyNetDiary,g,2023-03-13 21:40:00 -0700,2023-03-13 21:40:00 -0700,2
MyNetDiary,g,2023-03-13 21:40:00 -0700,2023-03-13 21:40:00 -0700,0
MyNetDiary,g,2023-03-14 19:47:00 -0700,2023-03-14 19:47:00 -0700,0
MyNetDiary,g,2023-03-14 19:47:00 -0700,2023-03-14 19:47:00 -0700,1.7
MyNetDiary,g,2023-03-14 19:47:00 -0700,2023-03-14 19:47:00 -0700,2.9
MyNetDiary,g,2023-03-14 13:44:00 -0700,2023-03-14 13:44:00 -0700,0
MyNetDiary,g,2023-03-14 13:44:00 -0700,2023-03-14 13:44:00 -0700,60
MyNetDiary,g,2023-03-14 13:44:00 -0700,2023-03-14 13:44:00 -0700,3.5
MyNetDiary,g,2023-03-15 12:00:00 -0700,2023-03-15 12:00:00 -0700,63.8
MyNetDiary,g,2023-03-15 12:00:00 -0700,2023-03-15 12:00:00 -0700,0
MyNetDiary,g,2023-03-14 19:47:00 -0700,2023-03-14 19:47:00 -0700,0
MyNetDiary,g,2023-03-14 19:47:00 -0700,2023-03-14 19:47:00 -0700,0
MyNetDiary,g,2023-03-14 19:47:00 -0700,2023-03-14 19:47:00 -0700,0.9
MyNetDiary,g,2023-03-14 19:47:00 -0700,2023-03-14 19:47:00 -0700,0.3
MyNetDiary,g,2023-03-14 19:47:00 -0700,2023-03-14 19:47:00 -0700,4.1
MyNetDiary,g,2023-03-14 19:47:00 -0700,2023-03-14 19:47:00 -0700,30
MyNetDiary,g,2023-03-14 19:47:00 -0700,2023-03-14 19:47:00 -0700,1.4
MyNetDiary,g,2023-03-17 13:21:00 -0700,2023-03-17 13:21:00 -0700,0
MyNetDiary,g,2023-03-20 12:40:00 -0700,2023-03-20 12:40:00 -0700,0
MyNetDiary,g,2023-03-20 12:40:00 -0700,2023-03-20 12:40:00 -0700,19.8
MyNetDiary,g,2023-03-20 12:40:00 -0700,2023-03-20 12:40:00 -0700,57.2
MyNetDiary,g,2023-03-20 12:40:00 -0700,2023-03-20 12:40:00 -0700,3.2
MyNetDiary,g,2023-03-20 12:40:00 -0700,2023-03-20 12:40:00 -0700,0
MyNetDiary,g,2023-03-20 12:40:00 -0700,2023-03-20 12:40:00 -0700,14
MyNetDiary,g,2023-03-20 12:40:00 -0700,2023-03-20 12:40:00 -0700,2.9
MyNetDiary,g,2023-03-20 12:40:00 -0700,2023-03-20 12:40:00 -0700,8.8
MyNetDiary,g,2023-03-20 18:19:00 -0700,2023-03-20 18:19:00 -0700,2
MyNetDiary,g,2023-03-20 18:19:00 -0700,2023-03-20 18:19:00 -0700,40
MyNetDiary,g,2023-03-20 18:19:00 -0700,2023-03-20 18:19:00 -0700,1.3
MyNetDiary,g,2023-03-20 18:19:00 -0700,2023-03-20 18:19:00 -0700,0.9
MyNetDiary,g,2023-03-20 18:19:00 -0700,2023-03-20 18:19:00 -0700,0.7
MyNetDiary,g,2023-03-20 23:00:00 -0700,2023-03-20 23:00:00 -0700,3
MyNetDiary,g,2023-03-20 13:34:00 -0700,2023-03-20 13:34:00 -0700,33.3
MyNetDiary,g,2023-03-20 15:50:00 -0700,2023-03-20 15:50:00 -0700,4
MyNetDiary,g,2023-03-20 15:51:00 -0700,2023-03-20 15:51:00 -0700,38
MyNetDiary,g,2023-03-20 22:12:00 -0700,2023-03-20 22:12:00 -0700,15
MyNetDiary,g,2023-03-20 22:12:00 -0700,2023-03-20 22:12:00 -0700,0
MyNetDiary,g,2023-03-21 01:22:00 -0700,2023-03-21 01:22:00 -0700,2.5
MyNetDiary,g,2023-03-21 01:42:00 -0700,2023-03-21 01:42:00 -0700,30.3
MyNetDiary,g,2023-03-21 01:42:00 -0700,2023-03-21 01:42:00 -0700,8.8
MyNetDiary,g,2023-03-21 01:42:00 -0700,2023-03-21 01:42:00 -0700,0
MyNetDiary,g,2023-03-21 01:42:00 -0700,2023-03-21 01:42:00 -0700,4
MyNetDiary,g,2023-03-21 01:22:00 -0700,2023-03-21 01:22:00 -0700,36.3
MyNetDiary,g,2023-03-21 19:05:00 -0700,2023-03-21 19:05:00 -0700,70
MyNetDiary,g,2023-03-21 19:05:00 -0700,2023-03-21 19:05:00 -0700,36
MyNetDiary,g,2023-03-21 19:05:00 -0700,2023-03-21 19:05:00 -0700,1
MyNetDiary,g,2023-03-21 00:32:00 -0700,2023-03-21 00:32:00 -0700,19
MyNetDiary,g,2023-03-22 08:51:00 -0700,2023-03-22 08:51:00 -0700,2.1
MyNetDiary,g,2023-03-22 08:51:00 -0700,2023-03-22 08:51:00 -0700,36
MyNetDiary,g,2023-03-22 08:51:00 -0700,2023-03-22 08:51:00 -0700,40.9
MyNetDiary,g,2023-03-22 08:51:00 -0700,2023-03-22 08:51:00 -0700,2
MyNetDiary,g,2023-03-22 08:51:00 -0700,2023-03-22 08:51:00 -0700,23
MyNetDiary,g,2023-03-22 20:21:00 -0700,2023-03-22 20:21:00 -0700,14
MyNetDiary,g,2023-03-22 20:21:00 -0700,2023-03-22 20:21:00 -0700,20
MyNetDiary,g,2023-03-22 20:21:00 -0700,2023-03-22 20:21:00 -0700,19.5
MyNetDiary,g,2023-03-22 12:45:00 -0700,2023-03-22 12:45:00 -0700,3.5
MyNetDiary,g,2023-03-22 12:46:00 -0700,2023-03-22 12:46:00 -0700,15
MyNetDiary,g,2023-03-23 08:31:00 -0700,2023-03-23 08:31:00 -0700,6.3
MyNetDiary,g,2023-03-23 08:47:00 -0700,2023-03-23 08:47:00 -0700,1.9
MyNetDiary,g,2023-03-23 08:31:00 -0700,2023-03-23 08:31:00 -0700,3.3
MyNetDiary,g,2023-03-23 08:31:00 -0700,2023-03-23 08:31:00 -0700,0
MyNetDiary,g,2023-03-23 08:47:00 -0700,2023-03-23 08:47:00 -0700,53.2
MyNetDiary,g,2023-03-23 18:00:00 -0700,2023-03-23 18:00:00 -0700,90
MyNetDiary,g,2023-03-23 15:00:00 -0700,2023-03-23 15:00:00 -0700,19
MyNetDiary,g,2023-03-23 15:00:00 -0700,2023-03-23 15:00:00 -0700,30
MyNetDiary,g,2023-03-24 23:39:00 -0700,2023-03-24 23:39:00 -0700,3.3
MyNetDiary,g,2023-03-24 23:39:00 -0700,2023-03-24 23:39:00 -0700,0.8
MyNetDiary,g,2023-03-24 23:39:00 -0700,2023-03-24 23:39:00 -0700,2.2
MyNetDiary,g,2023-03-24 23:39:00 -0700,2023-03-24 23:39:00 -0700,46
MyNetDiary,g,2023-03-24 23:39:00 -0700,2023-03-24 23:39:00 -0700,4
MyNetDiary,g,2023-03-24 23:34:00 -0700,2023-03-24 23:34:00 -0700,6.5
MyNetDiary,g,2023-03-24 23:34:00 -0700,2023-03-24 23:34:00 -0700,6.1
MyNetDiary,g,2023-03-24 23:34:00 -0700,2023-03-24 23:34:00 -0700,17.2
MyNetDiary,g,2023-03-24 23:34:00 -0700,2023-03-24 23:34:00 -0700,0
MyNetDiary,g,2023-03-24 23:34:00 -0700,2023-03-24 23:34:00 -0700,15
MyNetDiary,g,2023-03-24 23:34:00 -0700,2023-03-24 23:34:00 -0700,0
MyNetDiary,g,2023-03-25 15:23:00 -0700,2023-03-25 15:23:00 -0700,2.3
MyNetDiary,g,2023-03-25 12:17:00 -0700,2023-03-25 12:17:00 -0700,39
MyNetDiary,g,2023-03-25 15:20:00 -0700,2023-03-25 15:20:00 -0700,7.4
MyNetDiary,g,2023-03-25 15:23:00 -0700,2023-03-25 15:23:00 -0700,19.4
MyNetDiary,g,2023-03-25 15:23:00 -0700,2023-03-25 15:23:00 -0700,3.6
MyNetDiary,g,2023-03-25 15:23:00 -0700,2023-03-25 15:23:00 -0700,60
MyNetDiary,g,2023-03-25 15:23:00 -0700,2023-03-25 15:23:00 -0700,0.6
MyNetDiary,g,2023-03-25 15:23:00 -0700,2023-03-25 15:23:00 -0700,2.9
MyNetDiary,g,2023-03-25 15:23:00 -0700,2023-03-25 15:23:00 -0700,13.8
MyNetDiary,g,2023-03-25 15:23:00 -0700,2023-03-25 15:23:00 -0700,15
MyNetDiary,g,2023-03-25 15:23:00 -0700,2023-03-25 15:23:00 -0700,0
MyNetDiary,g,2023-03-25 23:29:00 -0700,2023-03-25 23:29:00 -0700,11
MyNetDiary,g,2023-03-26 16:49:00 -0700,2023-03-26 16:49:00 -0700,5.3
MyNetDiary,g,2023-03-26 16:49:00 -0700,2023-03-26 16:49:00 -0700,4.1
MyNetDiary,g,2023-03-26 12:26:00 -0700,2023-03-26 12:26:00 -0700,0
MyNetDiary,g,2023-03-26 12:26:00 -0700,2023-03-26 12:26:00 -0700,1.5
MyNetDiary,g,2023-03-26 12:26:00 -0700,2023-03-26 12:26:00 -0700,11.8
MyNetDiary,g,2023-03-26 12:26:00 -0700,2023-03-26 12:26:00 -0700,15
MyNetDiary,g,2023-03-26 12:26:00 -0700,2023-03-26 12:26:00 -0700,0
MyNetDiary,g,2023-03-26 16:49:00 -0700,2023-03-26 16:49:00 -0700,5.8
MyNetDiary,g,2023-03-26 16:49:00 -0700,2023-03-26 16:49:00 -0700,3.9
MyNetDiary,g,2023-03-26 16:49:00 -0700,2023-03-26 16:49:00 -0700,3.7
MyNetDiary,g,2023-03-26 16:49:00 -0700,2023-03-26 16:49:00 -0700,2.6
MyNetDiary,g,2023-03-26 16:49:00 -0700,2023-03-26 16:49:00 -0700,5.3
MyNetDiary,g,2023-03-26 16:49:00 -0700,2023-03-26 16:49:00 -0700,30
MyNetDiary,g,2023-03-26 16:49:00 -0700,2023-03-26 16:49:00 -0700,0
MyNetDiary,g,2023-03-26 16:35:00 -0700,2023-03-26 16:35:00 -0700,8.1
MyNetDiary,g,2023-03-26 16:36:00 -0700,2023-03-26 16:36:00 -0700,11.8
MyNetDiary,g,2023-03-26 16:38:00 -0700,2023-03-26 16:38:00 -0700,6.5
MyNetDiary,g,2023-03-26 20:44:00 -0700,2023-03-26 20:44:00 -0700,21.6
MyNetDiary,g,2023-03-27 00:17:00 -0700,2023-03-27 00:17:00 -0700,46
MyNetDiary,g,2023-03-27 00:17:00 -0700,2023-03-27 00:17:00 -0700,12.3
MyNetDiary,g,2023-03-27 00:17:00 -0700,2023-03-27 00:17:00 -0700,0
MyNetDiary,g,2023-03-27 00:17:00 -0700,2023-03-27 00:17:00 -0700,15
MyNetDiary,g,2023-03-27 01:30:00 -0700,2023-03-27 01:30:00 -0700,59.2
MyNetDiary,g,2023-03-27 01:30:00 -0700,2023-03-27 01:30:00 -0700,0
MyNetDiary,g,2023-03-27 21:12:00 -0700,2023-03-27 21:12:00 -0700,40
MyNetDiary,g,2023-03-27 21:12:00 -0700,2023-03-27 21:12:00 -0700,0
MyNetDiary,g,2023-03-27 21:12:00 -0700,2023-03-27 21:12:00 -0700,1.1
MyNetDiary,g,2023-03-27 21:12:00 -0700,2023-03-27 21:12:00 -0700,1.2
MyNetDiary,g,2023-03-27 21:12:00 -0700,2023-03-27 21:12:00 -0700,0.9
MyNetDiary,g,2023-03-27 02:04:00 -0700,2023-03-27 02:04:00 -0700,11.9
MyNetDiary,g,2023-03-27 12:10:00 -0700,2023-03-27 12:10:00 -0700,45
MyNetDiary,g,2023-03-27 13:40:00 -0700,2023-03-27 13:40:00 -0700,12.2
MyNetDiary,g,2023-03-27 13:40:00 -0700,2023-03-27 13:40:00 -0700,7.5
MyNetDiary,g,2023-03-27 13:40:00 -0700,2023-03-27 13:40:00 -0700,7.3
MyNetDiary,g,2023-03-27 13:40:00 -0700,2023-03-27 13:40:00 -0700,7.7
MyNetDiary,g,2023-03-27 21:27:00 -0700,2023-03-27 21:27:00 -0700,38.4
MyNetDiary,g,2023-03-28 09:40:00 -0700,2023-03-28 09:40:00 -0700,9.1
MyNetDiary,g,2023-03-28 09:40:00 -0700,2023-03-28 09:40:00 -0700,1.6
MyNetDiary,g,2023-03-28 09:40:00 -0700,2023-03-28 09:40:00 -0700,4.8
MyNetDiary,g,2023-03-28 09:40:00 -0700,2023-03-28 09:40:00 -0700,7.8
MyNetDiary,g,2023-03-28 09:40:00 -0700,2023-03-28 09:40:00 -0700,10.8
MyNetDiary,g,2023-03-28 19:12:00 -0700,2023-03-28 19:12:00 -0700,59.2
MyNetDiary,g,2023-03-28 19:12:00 -0700,2023-03-28 19:12:00 -0700,0
MyNetDiary,g,2023-03-28 21:24:00 -0700,2023-03-28 21:24:00 -0700,36
MyNetDiary,g,2023-03-28 11:32:00 -0700,2023-03-28 11:32:00 -0700,11.6
MyNetDiary,g,2023-03-28 11:52:00 -0700,2023-03-28 11:52:00 -0700,24
MyNetDiary,g,2023-03-29 09:40:00 -0700,2023-03-29 09:40:00 -0700,7
MyNetDiary,g,2023-03-29 09:40:00 -0700,2023-03-29 09:40:00 -0700,6.6
MyNetDiary,g,2023-03-29 09:40:00 -0700,2023-03-29 09:40:00 -0700,23
MyNetDiary,g,2023-04-01 14:01:00 -0700,2023-04-01 14:01:00 -0700,4.4
MyNetDiary,g,2023-04-01 14:01:00 -0700,2023-04-01 14:01:00 -0700,15
MyNetDiary,g,2023-04-01 14:01:00 -0700,2023-04-01 14:01:00 -0700,33.3
MyNetDiary,g,2023-04-02 12:26:00 -0700,2023-04-02 12:26:00 -0700,15
MyNetDiary,g,2023-04-02 12:26:00 -0700,2023-04-02 12:26:00 -0700,33.3
MyNetDiary,g,2023-04-02 12:26:00 -0700,2023-04-02 12:26:00 -0700,0
MyNetDiary,g,2023-04-02 16:16:00 -0700,2023-04-02 16:16:00 -0700,39.3
MyNetDiary,g,2023-04-02 16:16:00 -0700,2023-04-02 16:16:00 -0700,2.5
MyNetDiary,g,2023-04-02 16:16:00 -0700,2023-04-02 16:16:00 -0700,5
MyNetDiary,g,2023-04-02 15:48:00 -0700,2023-04-02 15:48:00 -0700,28
MyNetDiary,g,2023-04-03 08:00:00 -0700,2023-04-03 08:00:00 -0700,33.3
MyNetDiary,g,2023-04-03 08:00:00 -0700,2023-04-03 08:00:00 -0700,15.7
MyNetDiary,g,2023-04-03 08:00:00 -0700,2023-04-03 08:00:00 -0700,0
MyNetDiary,g,2023-04-03 12:00:00 -0700,2023-04-03 12:00:00 -0700,85.5
MyNetDiary,g,2023-04-03 12:00:00 -0700,2023-04-03 12:00:00 -0700,0
MyNetDiary,g,2023-04-03 12:55:00 -0700,2023-04-03 12:55:00 -0700,28
MyNetDiary,g,2023-04-04 08:43:00 -0700,2023-04-04 08:43:00 -0700,0.4
MyNetDiary,g,2023-04-04 08:43:00 -0700,2023-04-04 08:43:00 -0700,35.6
MyNetDiary,g,2023-04-04 08:43:00 -0700,2023-04-04 08:43:00 -0700,5.3
MyNetDiary,g,2023-04-04 08:43:00 -0700,2023-04-04 08:43:00 -0700,4.6
MyNetDiary,g,2023-04-04 08:43:00 -0700,2023-04-04 08:43:00 -0700,0
MyNetDiary,g,2023-04-04 12:00:00 -0700,2023-04-04 12:00:00 -0700,77.8
MyNetDiary,g,2023-04-04 12:00:00 -0700,2023-04-04 12:00:00 -0700,0
MyNetDiary,g,2023-04-04 20:08:00 -0700,2023-04-04 20:08:00 -0700,39.2
MyNetDiary,g,2023-04-04 20:08:00 -0700,2023-04-04 20:08:00 -0700,29
MyNetDiary,g,2023-04-04 16:16:00 -0700,2023-04-04 16:16:00 -0700,16.2
MyNetDiary,g,2023-04-05 20:08:00 -0700,2023-04-05 20:08:00 -0700,2.3
MyNetDiary,g,2023-04-05 20:12:00 -0700,2023-04-05 20:12:00 -0700,4
MyNetDiary,g,2023-04-05 20:12:00 -0700,2023-04-05 20:12:00 -0700,35.6
MyNetDiary,g,2023-04-05 20:12:00 -0700,2023-04-05 20:12:00 -0700,0
MyNetDiary,g,2023-04-05 20:12:00 -0700,2023-04-05 20:12:00 -0700,40
MyNetDiary,g,2023-04-05 20:08:00 -0700,2023-04-05 20:08:00 -0700,6.4
MyNetDiary,g,2023-04-05 20:08:00 -0700,2023-04-05 20:08:00 -0700,4.5
MyNetDiary,g,2023-04-05 20:08:00 -0700,2023-04-05 20:08:00 -0700,5.4
MyNetDiary,g,2023-04-05 20:08:00 -0700,2023-04-05 20:08:00 -0700,0
MyNetDiary,g,2023-04-05 20:08:00 -0700,2023-04-05 20:08:00 -0700,4.9
MyNetDiary,g,2023-04-05 20:50:00 -0700,2023-04-05 20:50:00 -0700,14
MyNetDiary,g,2023-04-05 20:55:00 -0700,2023-04-05 20:55:00 -0700,8
MyNetDiary,g,2023-04-06 09:36:00 -0700,2023-04-06 09:36:00 -0700,28
MyNetDiary,g,2023-04-24 22:55:00 -0700,2023-04-24 22:55:00 -0700,0
MyNetDiary,g,2023-04-24 22:55:00 -0700,2023-04-24 22:55:00 -0700,35.1
MyNetDiary,g,2023-04-24 22:55:00 -0700,2023-04-24 22:55:00 -0700,8
MyNetDiary,g,2023-04-25 01:05:00 -0700,2023-04-25 01:05:00 -0700,68.8
MyNetDiary,g,2023-04-25 01:05:00 -0700,2023-04-25 01:05:00 -0700,2.8
MyNetDiary,g,2023-04-25 01:05:00 -0700,2023-04-25 01:05:00 -0700,9.1
MyNetDiary,g,2023-04-25 01:05:00 -0700,2023-04-25 01:05:00 -0700,3
MyNetDiary,g,2023-04-25 01:05:00 -0700,2023-04-25 01:05:00 -0700,3.7
MyNetDiary,g,2023-04-25 11:13:00 -0700,2023-04-25 11:13:00 -0700,14
MyNetDiary,g,2023-05-01 15:21:00 -0700,2023-05-01 15:21:00 -0700,68.8
MyNetDiary,g,2023-05-01 15:21:00 -0700,2023-05-01 15:21:00 -0700,2.5
MyNetDiary,g,2023-05-01 15:21:00 -0700,2023-05-01 15:21:00 -0700,9.1
MyNetDiary,g,2023-05-01 15:21:00 -0700,2023-05-01 15:21:00 -0700,3
MyNetDiary,g,2023-05-01 15:21:00 -0700,2023-05-01 15:21:00 -0700,3.7
MyNetDiary,g,2023-05-01 15:21:00 -0700,2023-05-01 15:21:00 -0700,2.7
MyNetDiary,g,2023-05-01 15:21:00 -0700,2023-05-01 15:21:00 -0700,0
MyNetDiary,g,2023-05-01 15:21:00 -0700,2023-05-01 15:21:00 -0700,38
MyNetDiary,g,2023-05-01 15:21:00 -0700,2023-05-01 15:21:00 -0700,25.5
MyNetDiary,g,2023-05-01 19:14:00 -0700,2023-05-01 19:14:00 -0700,18.4
MyNetDiary,g,2023-05-01 19:14:00 -0700,2023-05-01 19:14:00 -0700,28.6
MyNetDiary,g,2023-05-01 19:14:00 -0700,2023-05-01 19:14:00 -0700,6.9
MyNetDiary,g,2023-05-01 15:23:00 -0700,2023-05-01 15:23:00 -0700,14
MyNetDiary,g,2023-05-02 16:13:00 -0700,2023-05-02 16:13:00 -0700,8.2
MyNetDiary,g,2023-05-02 10:00:00 -0700,2023-05-02 10:00:00 -0700,68.8
MyNetDiary,g,2023-05-02 10:00:00 -0700,2023-05-02 10:00:00 -0700,2.5
MyNetDiary,g,2023-05-02 10:00:00 -0700,2023-05-02 10:00:00 -0700,9.1
MyNetDiary,g,2023-05-02 10:00:00 -0700,2023-05-02 10:00:00 -0700,3
MyNetDiary,g,2023-05-02 10:00:00 -0700,2023-05-02 10:00:00 -0700,3.7
MyNetDiary,g,2023-05-02 13:03:00 -0700,2023-05-02 13:03:00 -0700,2
MyNetDiary,g,2023-05-02 13:03:00 -0700,2023-05-02 13:03:00 -0700,0
MyNetDiary,g,2023-05-02 13:31:00 -0700,2023-05-02 13:31:00 -0700,15.5
MyNetDiary,g,2023-05-02 14:14:00 -0700,2023-05-02 14:14:00 -0700,16
MyNetDiary,g,2023-05-02 19:11:00 -0700,2023-05-02 19:11:00 -0700,25.5
MyNetDiary,g,2023-05-03 11:55:00 -0700,2023-05-03 11:55:00 -0700,68.8
MyNetDiary,g,2023-05-03 11:55:00 -0700,2023-05-03 11:55:00 -0700,2.5
MyNetDiary,g,2023-05-03 11:55:00 -0700,2023-05-03 11:55:00 -0700,9.1
MyNetDiary,g,2023-05-03 11:55:00 -0700,2023-05-03 11:55:00 -0700,3
MyNetDiary,g,2023-05-03 11:55:00 -0700,2023-05-03 11:55:00 -0700,3.7
MyNetDiary,g,2023-05-03 13:30:00 -0700,2023-05-03 13:30:00 -0700,39
MyNetDiary,g,2023-05-03 13:30:00 -0700,2023-05-03 13:30:00 -0700,2
MyNetDiary,g,2023-05-03 13:30:00 -0700,2023-05-03 13:30:00 -0700,0
MyNetDiary,g,2023-05-03 19:37:00 -0700,2023-05-03 19:37:00 -0700,8.8
MyNetDiary,g,2023-05-03 19:37:00 -0700,2023-05-03 19:37:00 -0700,23
MyNetDiary,g,2023-05-03 11:55:00 -0700,2023-05-03 11:55:00 -0700,0.3
MyNetDiary,g,2023-05-03 11:55:00 -0700,2023-05-03 11:55:00 -0700,10
MyNetDiary,g,2023-05-05 10:00:00 -0700,2023-05-05 10:00:00 -0700,23
MyNetDiary,g,2023-05-05 10:00:00 -0700,2023-05-05 10:00:00 -0700,3
MyNetDiary,g,2023-05-05 15:29:00 -0700,2023-05-05 15:29:00 -0700,26
MyNetDiary,g,2023-05-05 19:41:00 -0700,2023-05-05 19:41:00 -0700,36.8
MyNetDiary,g,2023-05-05 19:41:00 -0700,2023-05-05 19:41:00 -0700,12
MyNetDiary,g,2023-05-05 19:41:00 -0700,2023-05-05 19:41:00 -0700,0.5
MyNetDiary,g,2023-05-05 19:41:00 -0700,2023-05-05 19:41:00 -0700,13.7
MyNetDiary,g,2023-05-05 19:41:00 -0700,2023-05-05 19:41:00 -0700,9.9
MyNetDiary,g,2023-05-05 23:20:00 -0700,2023-05-05 23:20:00 -0700,0
MyNetDiary,g,2023-05-05 23:22:00 -0700,2023-05-05 23:22:00 -0700,6
MyNetDiary,g,2023-05-05 23:24:00 -0700,2023-05-05 23:24:00 -0700,6
MyNetDiary,g,2023-05-06 10:05:00 -0700,2023-05-06 10:05:00 -0700,68.8
MyNetDiary,g,2023-05-06 10:05:00 -0700,2023-05-06 10:05:00 -0700,2.6
MyNetDiary,g,2023-05-06 10:05:00 -0700,2023-05-06 10:05:00 -0700,9.1
MyNetDiary,g,2023-05-06 10:05:00 -0700,2023-05-06 10:05:00 -0700,3
MyNetDiary,g,2023-05-06 10:05:00 -0700,2023-05-06 10:05:00 -0700,10.1
MyNetDiary,g,2023-05-10 18:48:00 -0700,2023-05-10 18:48:00 -0700,30
MyNetDiary,g,2023-05-11 11:19:00 -0700,2023-05-11 11:19:00 -0700,13.7
MyNetDiary,g,2023-05-11 11:19:00 -0700,2023-05-11 11:19:00 -0700,3.8
MyNetDiary,g,2023-05-11 21:21:00 -0700,2023-05-11 21:21:00 -0700,50
MyNetDiary,g,2023-05-11 11:19:00 -0700,2023-05-11 11:19:00 -0700,13
MyNetDiary,g,2023-05-11 11:19:00 -0700,2023-05-11 11:19:00 -0700,30
MyNetDiary,g,2023-05-11 11:19:00 -0700,2023-05-11 11:19:00 -0700,6
MyNetDiary,g,2023-05-12 09:00:00 -0700,2023-05-12 09:00:00 -0700,23.5
MyNetDiary,g,2023-05-12 09:00:00 -0700,2023-05-12 09:00:00 -0700,28.6
MyNetDiary,g,2023-05-12 09:00:00 -0700,2023-05-12 09:00:00 -0700,54.2
MyNetDiary,g,2023-05-12 14:35:00 -0700,2023-05-12 14:35:00 -0700,39.8
MyNetDiary,g,2023-05-12 10:39:00 -0700,2023-05-12 10:39:00 -0700,24
MyNetDiary,g,2023-05-12 12:48:00 -0700,2023-05-12 12:48:00 -0700,32
MyNetDiary,g,2023-05-12 14:36:00 -0700,2023-05-12 14:36:00 -0700,13
MyNetDiary,g,2023-05-12 15:09:00 -0700,2023-05-12 15:09:00 -0700,15
MyNetDiary,g,2023-05-12 15:35:00 -0700,2023-05-12 15:35:00 -0700,12
MyNetDiary,g,2023-05-13 11:44:00 -0700,2023-05-13 11:44:00 -0700,7.1
MyNetDiary,g,2023-05-13 11:44:00 -0700,2023-05-13 11:44:00 -0700,6.3
MyNetDiary,g,2023-05-13 11:44:00 -0700,2023-05-13 11:44:00 -0700,14.9
MyNetDiary,g,2023-05-14 23:43:00 -0700,2023-05-14 23:43:00 -0700,3.9
MyNetDiary,g,2023-05-15 09:15:00 -0700,2023-05-15 09:15:00 -0700,5.9
MyNetDiary,g,2023-05-15 09:15:00 -0700,2023-05-15 09:15:00 -0700,20.9
MyNetDiary,g,2023-05-15 09:15:00 -0700,2023-05-15 09:15:00 -0700,1.7
MyNetDiary,g,2023-05-15 09:15:00 -0700,2023-05-15 09:15:00 -0700,4.6
MyNetDiary,g,2023-05-15 23:33:00 -0700,2023-05-15 23:33:00 -0700,6.5
MyNetDiary,g,2023-05-15 23:33:00 -0700,2023-05-15 23:33:00 -0700,8
MyNetDiary,g,2023-05-15 23:33:00 -0700,2023-05-15 23:33:00 -0700,35
MyNetDiary,g,2023-05-15 21:30:00 -0700,2023-05-15 21:30:00 -0700,80.1
MyNetDiary,g,2023-05-15 21:30:00 -0700,2023-05-15 21:30:00 -0700,31.9
MyNetDiary,g,2023-05-15 21:30:00 -0700,2023-05-15 21:30:00 -0700,0.4
MyNetDiary,g,2023-05-15 00:20:00 -0700,2023-05-15 00:20:00 -0700,0
MyNetDiary,g,2023-05-15 12:17:00 -0700,2023-05-15 12:17:00 -0700,13
MyNetDiary,g,2023-05-15 12:55:00 -0700,2023-05-15 12:55:00 -0700,12
MyNetDiary,g,2023-05-15 13:05:00 -0700,2023-05-15 13:05:00 -0700,4
MyNetDiary,g,2023-05-15 18:40:00 -0700,2023-05-15 18:40:00 -0700,22.7
MyNetDiary,g,2023-05-17 22:30:00 -0700,2023-05-17 22:30:00 -0700,26.2
MyNetDiary,g,2023-05-17 22:30:00 -0700,2023-05-17 22:30:00 -0700,52.3
MyNetDiary,g,2023-05-17 22:30:00 -0700,2023-05-17 22:30:00 -0700,27.3
MyNetDiary,g,2023-05-17 22:30:00 -0700,2023-05-17 22:30:00 -0700,1
MyNetDiary,g,2023-05-17 22:30:00 -0700,2023-05-17 22:30:00 -0700,2.7
MyNetDiary,g,2023-05-17 23:03:00 -0700,2023-05-17 23:03:00 -0700,3.3
MyNetDiary,g,2023-05-17 23:03:00 -0700,2023-05-17 23:03:00 -0700,20.7
MyNetDiary,g,2023-05-17 23:03:00 -0700,2023-05-17 23:03:00 -0700,25
MyNetDiary,g,2023-05-17 23:03:00 -0700,2023-05-17 23:03:00 -0700,16.5
MyNetDiary,g,2023-05-17 23:03:00 -0700,2023-05-17 23:03:00 -0700,7
MyNetDiary,g,2023-05-17 22:31:00 -0700,2023-05-17 22:31:00 -0700,0
MyNetDiary,g,2023-05-17 22:31:00 -0700,2023-05-17 22:31:00 -0700,45
MyNetDiary,g,2023-05-16 09:35:00 -0700,2023-05-16 09:35:00 -0700,10.9
MyNetDiary,g,2023-05-16 09:35:00 -0700,2023-05-16 09:35:00 -0700,50
MyNetDiary,g,2023-05-16 09:35:00 -0700,2023-05-16 09:35:00 -0700,2.6
MyNetDiary,g,2023-05-16 09:35:00 -0700,2023-05-16 09:35:00 -0700,9
MyNetDiary,g,2023-05-16 12:00:00 -0700,2023-05-16 12:00:00 -0700,52.3
MyNetDiary,g,2023-05-16 12:00:00 -0700,2023-05-16 12:00:00 -0700,27.3
MyNetDiary,g,2023-05-16 16:24:00 -0700,2023-05-16 16:24:00 -0700,6.5
MyNetDiary,g,2023-05-16 16:24:00 -0700,2023-05-16 16:24:00 -0700,3
MyNetDiary,g,2023-05-16 16:24:00 -0700,2023-05-16 16:24:00 -0700,28.4
MyNetDiary,g,2023-05-16 16:24:00 -0700,2023-05-16 16:24:00 -0700,16.1
MyNetDiary,g,2023-05-16 16:24:00 -0700,2023-05-16 16:24:00 -0700,4.7
MyNetDiary,g,2023-05-16 16:24:00 -0700,2023-05-16 16:24:00 -0700,35
MyNetDiary,g,2023-05-16 16:24:00 -0700,2023-05-16 16:24:00 -0700,84
MyNetDiary,g,2023-05-16 13:05:00 -0700,2023-05-16 13:05:00 -0700,12
MyNetDiary,g,2023-05-16 13:15:00 -0700,2023-05-16 13:15:00 -0700,0
MyNetDiary,g,2023-05-16 13:26:00 -0700,2023-05-16 13:26:00 -0700,24
MyNetDiary,g,2023-05-16 16:24:00 -0700,2023-05-16 16:24:00 -0700,0
MyNetDiary,g,2023-05-18 00:08:00 -0700,2023-05-18 00:08:00 -0700,10.1
MyNetDiary,g,2023-05-18 00:08:00 -0700,2023-05-18 00:08:00 -0700,7.8
MyNetDiary,g,2023-05-18 00:08:00 -0700,2023-05-18 00:08:00 -0700,4.1
MyNetDiary,g,2023-05-18 11:20:00 -0700,2023-05-18 11:20:00 -0700,54.7
MyNetDiary,g,2023-05-18 15:18:00 -0700,2023-05-18 15:18:00 -0700,52.3
MyNetDiary,g,2023-05-18 15:18:00 -0700,2023-05-18 15:18:00 -0700,27.3
MyNetDiary,g,2023-05-18 15:18:00 -0700,2023-05-18 15:18:00 -0700,2.7
MyNetDiary,g,2023-05-18 15:18:00 -0700,2023-05-18 15:18:00 -0700,9.4
MyNetDiary,g,2023-05-18 20:07:00 -0700,2023-05-18 20:07:00 -0700,21.8
MyNetDiary,g,2023-05-18 20:07:00 -0700,2023-05-18 20:07:00 -0700,1.1
MyNetDiary,g,2023-05-18 20:07:00 -0700,2023-05-18 20:07:00 -0700,1
MyNetDiary,g,2023-05-18 11:46:00 -0700,2023-05-18 11:46:00 -0700,15
MyNetDiary,g,2023-05-18 15:18:00 -0700,2023-05-18 15:18:00 -0700,12
MyNetDiary,g,2023-05-19 00:20:00 -0700,2023-05-19 00:20:00 -0700,59.8
MyNetDiary,g,2023-05-19 00:20:00 -0700,2023-05-19 00:20:00 -0700,31.7
MyNetDiary,g,2023-05-19 00:20:00 -0700,2023-05-19 00:20:00 -0700,0.7
MyNetDiary,g,2023-05-19 10:18:00 -0700,2023-05-19 10:18:00 -0700,26
MyNetDiary,g,2022-06-22 08:00:00 -0700,2022-06-22 08:00:00 -0700,41.5
MyNetDiary,g,2022-06-22 08:00:00 -0700,2022-06-22 08:00:00 -0700,0
MyNetDiary,g,2022-06-22 08:00:00 -0700,2022-06-22 08:00:00 -0700,1
MyNetDiary,g,2022-06-22 08:00:00 -0700,2022-06-22 08:00:00 -0700,62
MyNetDiary,g,2022-06-22 08:00:00 -0700,2022-06-22 08:00:00 -0700,0
MyNetDiary,g,2022-06-22 08:00:00 -0700,2022-06-22 08:00:00 -0700,0.7
MyNetDiary,g,2022-06-22 12:00:00 -0700,2022-06-22 12:00:00 -0700,1.9
MyNetDiary,g,2022-06-22 12:00:00 -0700,2022-06-22 12:00:00 -0700,5.4
MyNetDiary,g,2022-06-22 12:00:00 -0700,2022-06-22 12:00:00 -0700,18.3
MyNetDiary,g,2022-06-22 12:00:00 -0700,2022-06-22 12:00:00 -0700,3.2
MyNetDiary,g,2022-06-22 12:00:00 -0700,2022-06-22 12:00:00 -0700,20.7
MyNetDiary,g,2022-06-22 12:00:00 -0700,2022-06-22 12:00:00 -0700,5
MyNetDiary,g,2022-06-22 18:00:00 -0700,2022-06-22 18:00:00 -0700,0
MyNetDiary,g,2022-06-22 18:00:00 -0700,2022-06-22 18:00:00 -0700,1.1
MyNetDiary,g,2022-06-22 18:00:00 -0700,2022-06-22 18:00:00 -0700,33
MyNetDiary,g,2022-06-23 08:00:00 -0700,2022-06-23 08:00:00 -0700,15.6
MyNetDiary,g,2022-06-23 12:00:00 -0700,2022-06-23 12:00:00 -0700,81
MyNetDiary,g,2022-06-23 12:00:00 -0700,2022-06-23 12:00:00 -0700,0.6
MyNetDiary,g,2022-06-23 12:00:00 -0700,2022-06-23 12:00:00 -0700,6.8
MyNetDiary,g,2022-06-23 12:00:00 -0700,2022-06-23 12:00:00 -0700,16.5
MyNetDiary,g,2022-06-23 12:00:00 -0700,2022-06-23 12:00:00 -0700,12.4
MyNetDiary,g,2022-06-23 12:00:00 -0700,2022-06-23 12:00:00 -0700,1.3
MyNetDiary,g,2022-06-23 12:00:00 -0700,2022-06-23 12:00:00 -0700,5
MyNetDiary,g,2022-06-23 12:00:00 -0700,2022-06-23 12:00:00 -0700,0
MyNetDiary,g,2022-06-23 15:04:00 -0700,2022-06-23 15:04:00 -0700,25.5
MyNetDiary,g,2022-06-23 15:05:00 -0700,2022-06-23 15:05:00 -0700,1
MyNetDiary,g,2022-06-23 15:07:00 -0700,2022-06-23 15:07:00 -0700,0
MyNetDiary,g,2022-06-23 17:44:00 -0700,2022-06-23 17:44:00 -0700,36
MyNetDiary,g,2022-06-24 10:00:00 -0700,2022-06-24 10:00:00 -0700,74.3
MyNetDiary,g,2022-06-24 10:00:00 -0700,2022-06-24 10:00:00 -0700,0.7
MyNetDiary,g,2022-06-24 10:00:00 -0700,2022-06-24 10:00:00 -0700,4.4
MyNetDiary,g,2022-06-24 10:00:00 -0700,2022-06-24 10:00:00 -0700,16.5
MyNetDiary,g,2022-06-24 10:00:00 -0700,2022-06-24 10:00:00 -0700,23.4
MyNetDiary,g,2022-06-24 10:00:00 -0700,2022-06-24 10:00:00 -0700,1.3
MyNetDiary,g,2022-06-24 10:00:00 -0700,2022-06-24 10:00:00 -0700,5
MyNetDiary,g,2022-06-24 09:06:00 -0700,2022-06-24 09:06:00 -0700,0
MyNetDiary,g,2022-06-24 09:06:00 -0700,2022-06-24 09:06:00 -0700,21.3
MyNetDiary,g,2022-06-24 09:06:00 -0700,2022-06-24 09:06:00 -0700,1
MyNetDiary,g,2022-06-24 09:06:00 -0700,2022-06-24 09:06:00 -0700,28
MyNetDiary,g,2022-06-25 10:35:00 -0700,2022-06-25 10:35:00 -0700,74.3
MyNetDiary,g,2022-06-25 10:35:00 -0700,2022-06-25 10:35:00 -0700,0.7
MyNetDiary,g,2022-06-25 10:35:00 -0700,2022-06-25 10:35:00 -0700,4.4
MyNetDiary,g,2022-06-25 10:35:00 -0700,2022-06-25 10:35:00 -0700,16.5
MyNetDiary,g,2022-06-25 10:35:00 -0700,2022-06-25 10:35:00 -0700,23.4
MyNetDiary,g,2022-06-25 09:14:00 -0700,2022-06-25 09:14:00 -0700,35
MyNetDiary,g,2022-06-25 10:40:00 -0700,2022-06-25 10:40:00 -0700,0
MyNetDiary,g,2022-06-25 10:40:00 -0700,2022-06-25 10:40:00 -0700,1
MyNetDiary,g,2022-06-26 08:15:00 -0700,2022-06-26 08:15:00 -0700,14.3
MyNetDiary,g,2022-06-26 11:23:00 -0700,2022-06-26 11:23:00 -0700,15.3
MyNetDiary,g,2022-06-26 08:15:00 -0700,2022-06-26 08:15:00 -0700,42
MyNetDiary,g,2022-06-26 11:25:00 -0700,2022-06-26 11:25:00 -0700,38
MyNetDiary,g,2022-06-27 12:44:00 -0700,2022-06-27 12:44:00 -0700,41.5
MyNetDiary,g,2022-06-27 18:24:00 -0700,2022-06-27 18:24:00 -0700,21.4
MyNetDiary,g,2022-06-27 12:44:00 -0700,2022-06-27 12:44:00 -0700,2.7
MyNetDiary,g,2022-06-27 18:20:00 -0700,2022-06-27 18:20:00 -0700,0.9
MyNetDiary,g,2022-06-27 18:24:00 -0700,2022-06-27 18:24:00 -0700,11.6
MyNetDiary,g,2022-06-27 18:24:00 -0700,2022-06-27 18:24:00 -0700,0.7
MyNetDiary,g,2022-06-27 18:24:00 -0700,2022-06-27 18:24:00 -0700,14.9
MyNetDiary,g,2022-06-27 18:24:00 -0700,2022-06-27 18:24:00 -0700,6.9
MyNetDiary,g,2022-06-27 18:24:00 -0700,2022-06-27 18:24:00 -0700,32.9
MyNetDiary,g,2022-06-27 18:24:00 -0700,2022-06-27 18:24:00 -0700,5.4
MyNetDiary,g,2022-06-27 18:24:00 -0700,2022-06-27 18:24:00 -0700,14.9
MyNetDiary,g,2022-06-27 18:24:00 -0700,2022-06-27 18:24:00 -0700,0
MyNetDiary,g,2022-06-27 18:24:00 -0700,2022-06-27 18:24:00 -0700,44
MyNetDiary,g,2022-06-27 18:24:00 -0700,2022-06-27 18:24:00 -0700,1
MyNetDiary,g,2022-06-27 18:24:00 -0700,2022-06-27 18:24:00 -0700,1.2
MyNetDiary,g,2022-06-28 15:00:00 -0700,2022-06-28 15:00:00 -0700,12.8
MyNetDiary,g,2022-06-28 08:37:00 -0700,2022-06-28 08:37:00 -0700,36
MyNetDiary,g,2022-06-28 12:00:00 -0700,2022-06-28 12:00:00 -0700,2
MyNetDiary,g,2022-06-28 12:00:00 -0700,2022-06-28 12:00:00 -0700,86.6
MyNetDiary,g,2022-06-28 19:21:00 -0700,2022-06-28 19:21:00 -0700,19.7
MyNetDiary,g,2022-06-28 19:21:00 -0700,2022-06-28 19:21:00 -0700,12.9
MyNetDiary,g,2022-06-28 19:21:00 -0700,2022-06-28 19:21:00 -0700,2.6
MyNetDiary,g,2022-06-28 19:21:00 -0700,2022-06-28 19:21:00 -0700,0.4
MyNetDiary,g,2022-06-28 19:21:00 -0700,2022-06-28 19:21:00 -0700,5.1
MyNetDiary,g,2022-06-28 19:21:00 -0700,2022-06-28 19:21:00 -0700,9.1
MyNetDiary,g,2022-06-28 19:21:00 -0700,2022-06-28 19:21:00 -0700,0
MyNetDiary,g,2022-06-28 19:21:00 -0700,2022-06-28 19:21:00 -0700,18.7
MyNetDiary,g,2022-06-28 12:28:00 -0700,2022-06-28 12:28:00 -0700,17.1
MyNetDiary,g,2022-06-28 15:00:00 -0700,2022-06-28 15:00:00 -0700,0.6
MyNetDiary,g,2022-06-29 11:44:00 -0700,2022-06-29 11:44:00 -0700,10
MyNetDiary,g,2022-06-29 11:44:00 -0700,2022-06-29 11:44:00 -0700,22.9
MyNetDiary,g,2022-06-29 13:28:00 -0700,2022-06-29 13:28:00 -0700,60.9
MyNetDiary,g,2022-06-29 13:28:00 -0700,2022-06-29 13:28:00 -0700,0.6
MyNetDiary,g,2022-06-29 13:28:00 -0700,2022-06-29 13:28:00 -0700,28
MyNetDiary,g,2022-06-29 19:28:00 -0700,2022-06-29 19:28:00 -0700,25.6
MyNetDiary,g,2022-06-29 19:28:00 -0700,2022-06-29 19:28:00 -0700,0
MyNetDiary,g,2022-06-29 20:40:00 -0700,2022-06-29 20:40:00 -0700,38
MyNetDiary,g,2022-06-30 11:12:00 -0700,2022-06-30 11:12:00 -0700,20
MyNetDiary,g,2022-06-30 11:12:00 -0700,2022-06-30 11:12:00 -0700,0
MyNetDiary,g,2022-06-30 11:13:00 -0700,2022-06-30 11:13:00 -0700,19.2
MyNetDiary,g,2022-06-30 11:13:00 -0700,2022-06-30 11:13:00 -0700,60.9
MyNetDiary,g,2022-06-30 11:13:00 -0700,2022-06-30 11:13:00 -0700,38.3
MyNetDiary,g,2022-06-30 11:13:00 -0700,2022-06-30 11:13:00 -0700,13.7
MyNetDiary,g,2022-06-30 17:37:00 -0700,2022-06-30 17:37:00 -0700,22.9
MyNetDiary,g,2022-07-02 10:07:00 -0700,2022-07-02 10:07:00 -0700,20
MyNetDiary,g,2022-07-02 10:07:00 -0700,2022-07-02 10:07:00 -0700,11.3
MyNetDiary,g,2022-07-02 10:07:00 -0700,2022-07-02 10:07:00 -0700,32.9
MyNetDiary,g,2022-07-01 09:31:00 -0700,2022-07-01 09:31:00 -0700,20
MyNetDiary,g,2022-07-01 16:06:00 -0700,2022-07-01 16:06:00 -0700,5.8
MyNetDiary,g,2022-07-01 16:06:00 -0700,2022-07-01 16:06:00 -0700,22.9
MyNetDiary,g,2022-07-01 16:06:00 -0700,2022-07-01 16:06:00 -0700,0
MyNetDiary,g,2022-07-01 16:06:00 -0700,2022-07-01 16:06:00 -0700,14.9
MyNetDiary,g,2022-07-01 16:06:00 -0700,2022-07-01 16:06:00 -0700,36.4
MyNetDiary,g,2022-07-01 18:00:00 -0700,2022-07-01 18:00:00 -0700,43
MyNetDiary,g,2022-07-01 18:00:00 -0700,2022-07-01 18:00:00 -0700,35
MyNetDiary,g,2022-07-01 16:02:00 -0700,2022-07-01 16:02:00 -0700,15
MyNetDiary,g,2022-07-01 17:08:00 -0700,2022-07-01 17:08:00 -0700,26
MyNetDiary,g,2022-07-03 11:10:00 -0700,2022-07-03 11:10:00 -0700,30.3
MyNetDiary,g,2022-07-03 11:10:00 -0700,2022-07-03 11:10:00 -0700,12.6
MyNetDiary,g,2022-07-03 11:10:00 -0700,2022-07-03 11:10:00 -0700,34.3
MyNetDiary,g,2022-07-03 17:20:00 -0700,2022-07-03 17:20:00 -0700,0.9
MyNetDiary,g,2022-07-07 10:01:00 -0700,2022-07-07 10:01:00 -0700,36
MyNetDiary,g,2022-07-10 14:05:00 -0700,2022-07-10 14:05:00 -0700,0.5
MyNetDiary,g,2022-07-10 14:05:00 -0700,2022-07-10 14:05:00 -0700,18.7
MyNetDiary,g,2022-07-10 14:05:00 -0700,2022-07-10 14:05:00 -0700,34.3
MyNetDiary,g,2022-07-10 14:05:00 -0700,2022-07-10 14:05:00 -0700,3.7
MyNetDiary,g,2022-07-13 11:48:00 -0700,2022-07-13 11:48:00 -0700,1
MyNetDiary,g,2022-07-13 11:48:00 -0700,2022-07-13 11:48:00 -0700,41.5
MyNetDiary,g,2022-07-13 19:24:00 -0700,2022-07-13 19:24:00 -0700,52
MyNetDiary,g,2022-07-13 19:24:00 -0700,2022-07-13 19:24:00 -0700,0
MyNetDiary,g,2022-07-13 11:48:00 -0700,2022-07-13 11:48:00 -0700,7.2
MyNetDiary,g,2022-07-13 11:48:00 -0700,2022-07-13 11:48:00 -0700,0.7
MyNetDiary,g,2022-07-13 11:48:00 -0700,2022-07-13 11:48:00 -0700,4.5
MyNetDiary,g,2022-07-13 11:48:00 -0700,2022-07-13 11:48:00 -0700,0.2
MyNetDiary,g,2022-07-13 19:24:00 -0700,2022-07-13 19:24:00 -0700,1.6
MyNetDiary,g,2022-07-13 19:24:00 -0700,2022-07-13 19:24:00 -0700,19.5
MyNetDiary,g,2022-07-13 19:24:00 -0700,2022-07-13 19:24:00 -0700,46.1
MyNetDiary,g,2022-07-13 19:24:00 -0700,2022-07-13 19:24:00 -0700,40
MyNetDiary,g,2022-07-14 15:35:00 -0700,2022-07-14 15:35:00 -0700,0
MyNetDiary,g,2022-07-14 19:44:00 -0700,2022-07-14 19:44:00 -0700,0
MyNetDiary,g,2022-07-14 10:08:00 -0700,2022-07-14 10:08:00 -0700,42
MyNetDiary,g,2022-07-14 10:08:00 -0700,2022-07-14 10:08:00 -0700,9.8
MyNetDiary,g,2022-07-14 10:08:00 -0700,2022-07-14 10:08:00 -0700,15.6
MyNetDiary,g,2022-07-14 15:35:00 -0700,2022-07-14 15:35:00 -0700,44
MyNetDiary,g,2022-07-14 15:35:00 -0700,2022-07-14 15:35:00 -0700,1.6
MyNetDiary,g,2022-07-14 15:35:00 -0700,2022-07-14 15:35:00 -0700,25.4
MyNetDiary,g,2022-07-14 19:44:00 -0700,2022-07-14 19:44:00 -0700,1.5
MyNetDiary,g,2022-07-14 19:44:00 -0700,2022-07-14 19:44:00 -0700,44
MyNetDiary,g,2022-07-14 19:44:00 -0700,2022-07-14 19:44:00 -0700,36
MyNetDiary,g,2022-07-14 19:44:00 -0700,2022-07-14 19:44:00 -0700,43.2
MyNetDiary,g,2022-07-14 19:44:00 -0700,2022-07-14 19:44:00 -0700,2.1
MyNetDiary,g,2022-07-15 09:51:00 -0700,2022-07-15 09:51:00 -0700,76.1
MyNetDiary,g,2022-07-15 09:51:00 -0700,2022-07-15 09:51:00 -0700,2.8
MyNetDiary,g,2022-07-16 18:08:00 -0700,2022-07-16 18:08:00 -0700,0
MyNetDiary,g,2022-07-16 11:41:00 -0700,2022-07-16 11:41:00 -0700,2.4
MyNetDiary,g,2022-07-16 11:41:00 -0700,2022-07-16 11:41:00 -0700,82.8
MyNetDiary,g,2022-07-16 18:08:00 -0700,2022-07-16 18:08:00 -0700,30
MyNetDiary,g,2022-07-16 18:08:00 -0700,2022-07-16 18:08:00 -0700,19.5
MyNetDiary,g,2022-07-16 18:08:00 -0700,2022-07-16 18:08:00 -0700,52.3
MyNetDiary,g,2022-07-16 18:49:00 -0700,2022-07-16 18:49:00 -0700,16.1
MyNetDiary,g,2022-07-17 12:28:00 -0700,2022-07-17 12:28:00 -0700,24.3
MyNetDiary,g,2022-07-17 12:28:00 -0700,2022-07-17 12:28:00 -0700,7
MyNetDiary,g,2022-07-17 12:28:00 -0700,2022-07-17 12:28:00 -0700,5.8
MyNetDiary,g,2022-07-17 12:28:00 -0700,2022-07-17 12:28:00 -0700,0.7
MyNetDiary,g,2022-07-17 20:00:00 -0700,2022-07-17 20:00:00 -0700,71
MyNetDiary,g,2022-07-17 20:00:00 -0700,2022-07-17 20:00:00 -0700,62
MyNetDiary,g,2022-07-25 18:19:00 -0700,2022-07-25 18:19:00 -0700,29
MyNetDiary,g,2022-07-25 18:16:00 -0700,2022-07-25 18:16:00 -0700,53
MyNetDiary,g,2022-07-25 18:16:00 -0700,2022-07-25 18:16:00 -0700,3.7
MyNetDiary,g,2022-07-25 18:19:00 -0700,2022-07-25 18:19:00 -0700,28.1
MyNetDiary,g,2022-07-25 18:19:00 -0700,2022-07-25 18:19:00 -0700,21.6
MyNetDiary,g,2022-07-25 18:19:00 -0700,2022-07-25 18:19:00 -0700,30
MyNetDiary,g,2022-07-25 18:19:00 -0700,2022-07-25 18:19:00 -0700,1.3
MyNetDiary,g,2022-07-25 20:23:00 -0700,2022-07-25 20:23:00 -0700,30.9
MyNetDiary,g,2022-07-26 21:59:00 -0700,2022-07-26 21:59:00 -0700,44.4
MyNetDiary,g,2022-07-26 08:35:00 -0700,2022-07-26 08:35:00 -0700,23
MyNetDiary,g,2022-07-26 12:37:00 -0700,2022-07-26 12:37:00 -0700,39.6
MyNetDiary,g,2022-07-26 12:37:00 -0700,2022-07-26 12:37:00 -0700,13
MyNetDiary,g,2022-07-26 12:37:00 -0700,2022-07-26 12:37:00 -0700,11
MyNetDiary,g,2022-07-26 21:59:00 -0700,2022-07-26 21:59:00 -0700,5.4
MyNetDiary,g,2022-07-26 22:24:00 -0700,2022-07-26 22:24:00 -0700,0
MyNetDiary,g,2022-07-27 12:55:00 -0700,2022-07-27 12:55:00 -0700,53.6
MyNetDiary,g,2022-07-27 11:04:00 -0700,2022-07-27 11:04:00 -0700,23
MyNetDiary,g,2022-07-27 15:51:00 -0700,2022-07-27 15:51:00 -0700,51.3
MyNetDiary,g,2022-07-27 19:30:00 -0700,2022-07-27 19:30:00 -0700,43
MyNetDiary,g,2022-07-29 20:49:00 -0700,2022-07-29 20:49:00 -0700,13.9
MyNetDiary,g,2022-07-29 20:49:00 -0700,2022-07-29 20:49:00 -0700,5.4
MyNetDiary,g,2022-07-29 20:49:00 -0700,2022-07-29 20:49:00 -0700,0.5
MyNetDiary,g,2022-07-29 20:49:00 -0700,2022-07-29 20:49:00 -0700,20.9
MyNetDiary,g,2022-08-08 20:25:00 -0700,2022-08-08 20:25:00 -0700,2.7
MyNetDiary,g,2022-08-08 20:25:00 -0700,2022-08-08 20:25:00 -0700,58
MyNetDiary,g,2022-08-08 20:25:00 -0700,2022-08-08 20:25:00 -0700,67.4
MyNetDiary,g,2022-08-15 20:32:00 -0700,2022-08-15 20:32:00 -0700,46
MyNetDiary,g,2022-08-15 08:54:00 -0700,2022-08-15 08:54:00 -0700,6
MyNetDiary,g,2022-08-15 20:32:00 -0700,2022-08-15 20:32:00 -0700,51.3
MyNetDiary,g,2022-08-15 22:02:00 -0700,2022-08-15 22:02:00 -0700,22.5
MyNetDiary,g,2022-08-15 22:02:00 -0700,2022-08-15 22:02:00 -0700,16.8
MyNetDiary,g,2022-08-15 22:02:00 -0700,2022-08-15 22:02:00 -0700,17.7
MyNetDiary,g,2022-08-15 22:02:00 -0700,2022-08-15 22:02:00 -0700,0.6
MyNetDiary,g,2022-08-15 22:02:00 -0700,2022-08-15 22:02:00 -0700,11
MyNetDiary,g,2022-08-15 22:45:00 -0700,2022-08-15 22:45:00 -0700,23
MyNetDiary,g,2022-08-15 09:49:00 -0700,2022-08-15 09:49:00 -0700,23
MyNetDiary,g,2022-08-16 07:50:00 -0700,2022-08-16 07:50:00 -0700,23
MyNetDiary,g,2022-08-16 07:50:00 -0700,2022-08-16 07:50:00 -0700,33
MyNetDiary,g,2022-08-16 07:50:00 -0700,2022-08-16 07:50:00 -0700,25.8
MyNetDiary,g,2022-08-16 07:50:00 -0700,2022-08-16 07:50:00 -0700,16.2
MyNetDiary,g,2022-08-16 07:03:00 -0700,2022-08-16 07:03:00 -0700,3
MyNetDiary,g,2022-08-16 07:03:00 -0700,2022-08-16 07:03:00 -0700,42
MyNetDiary,g,2022-08-16 07:03:00 -0700,2022-08-16 07:03:00 -0700,2.6
MyNetDiary,g,2022-08-16 07:03:00 -0700,2022-08-16 07:03:00 -0700,2.7
MyNetDiary,g,2022-08-24 18:34:00 -0700,2022-08-24 18:34:00 -0700,1.9
MyNetDiary,g,2022-08-24 20:41:00 -0700,2022-08-24 20:41:00 -0700,7.3
MyNetDiary,g,2022-08-24 18:34:00 -0700,2022-08-24 18:34:00 -0700,3.9
MyNetDiary,g,2022-08-24 18:34:00 -0700,2022-08-24 18:34:00 -0700,1.1
MyNetDiary,g,2022-08-24 18:35:00 -0700,2022-08-24 18:35:00 -0700,38
MyNetDiary,g,2022-08-24 18:35:00 -0700,2022-08-24 18:35:00 -0700,23
MyNetDiary,g,2022-08-24 18:35:00 -0700,2022-08-24 18:35:00 -0700,15
MyNetDiary,g,2022-08-24 21:55:00 -0700,2022-08-24 21:55:00 -0700,39.6
MyNetDiary,g,2022-08-25 11:37:00 -0700,2022-08-25 11:37:00 -0700,1.9
MyNetDiary,g,2022-08-25 11:37:00 -0700,2022-08-25 11:37:00 -0700,9.8
MyNetDiary,g,2022-08-25 11:37:00 -0700,2022-08-25 11:37:00 -0700,1.1
MyNetDiary,g,2022-08-25 11:37:00 -0700,2022-08-25 11:37:00 -0700,38
MyNetDiary,g,2022-08-25 16:49:00 -0700,2022-08-25 16:49:00 -0700,23
MyNetDiary,g,2022-08-25 16:49:00 -0700,2022-08-25 16:49:00 -0700,54.3
MyNetDiary,g,2022-08-25 00:36:00 -0700,2022-08-25 00:36:00 -0700,6.7
MyNetDiary,g,2022-08-25 00:38:00 -0700,2022-08-25 00:38:00 -0700,16
MyNetDiary,g,2022-08-25 14:07:00 -0700,2022-08-25 14:07:00 -0700,38
MyNetDiary,g,2022-08-26 10:41:00 -0700,2022-08-26 10:41:00 -0700,20.9
MyNetDiary,g,2022-08-26 10:41:00 -0700,2022-08-26 10:41:00 -0700,15.2
MyNetDiary,g,2022-08-26 10:41:00 -0700,2022-08-26 10:41:00 -0700,0.6
MyNetDiary,g,2022-08-26 10:41:00 -0700,2022-08-26 10:41:00 -0700,8.5
MyNetDiary,g,2022-08-26 10:41:00 -0700,2022-08-26 10:41:00 -0700,8.6
MyNetDiary,g,2022-08-26 10:41:00 -0700,2022-08-26 10:41:00 -0700,2.1
MyNetDiary,g,2022-08-26 10:41:00 -0700,2022-08-26 10:41:00 -0700,8
MyNetDiary,g,2022-08-26 14:45:00 -0700,2022-08-26 14:45:00 -0700,22.5
MyNetDiary,g,2022-08-26 14:45:00 -0700,2022-08-26 14:45:00 -0700,16.8
MyNetDiary,g,2022-08-26 17:13:00 -0700,2022-08-26 17:13:00 -0700,52
MyNetDiary,g,2022-08-26 17:13:00 -0700,2022-08-26 17:13:00 -0700,34.4
MyNetDiary,g,2022-08-30 13:47:00 -0700,2022-08-30 13:47:00 -0700,41.5
MyNetDiary,g,2022-08-30 13:47:00 -0700,2022-08-30 13:47:00 -0700,0.8
MyNetDiary,g,2022-08-30 13:47:00 -0700,2022-08-30 13:47:00 -0700,9.8
MyNetDiary,g,2022-08-30 13:47:00 -0700,2022-08-30 13:47:00 -0700,5.4
MyNetDiary,g,2022-08-31 09:53:00 -0700,2022-08-31 09:53:00 -0700,23
MyNetDiary,g,2022-09-04 16:45:00 -0700,2022-09-04 16:45:00 -0700,27.5
MyNetDiary,g,2022-09-04 16:45:00 -0700,2022-09-04 16:45:00 -0700,9.6
MyNetDiary,g,2022-09-04 16:45:00 -0700,2022-09-04 16:45:00 -0700,4.6
MyNetDiary,g,2022-09-04 16:45:00 -0700,2022-09-04 16:45:00 -0700,16
MyNetDiary,g,2022-09-04 16:45:00 -0700,2022-09-04 16:45:00 -0700,0.6
MyNetDiary,g,2022-09-04 16:45:00 -0700,2022-09-04 16:45:00 -0700,29.6
MyNetDiary,g,2022-09-04 16:45:00 -0700,2022-09-04 16:45:00 -0700,51
MyNetDiary,g,2022-09-06 12:57:00 -0700,2022-09-06 12:57:00 -0700,0.4
MyNetDiary,g,2022-09-06 12:57:00 -0700,2022-09-06 12:57:00 -0700,9.2
MyNetDiary,g,2022-09-06 12:57:00 -0700,2022-09-06 12:57:00 -0700,21.1
MyNetDiary,g,2022-09-06 12:57:00 -0700,2022-09-06 12:57:00 -0700,19.3
MyNetDiary,g,2022-09-06 12:57:00 -0700,2022-09-06 12:57:00 -0700,4.8
MyNetDiary,g,2022-09-06 12:57:00 -0700,2022-09-06 12:57:00 -0700,16
MyNetDiary,g,2022-09-06 12:57:00 -0700,2022-09-06 12:57:00 -0700,52
MyNetDiary,g,2022-09-06 12:57:00 -0700,2022-09-06 12:57:00 -0700,3.3
MyNetDiary,g,2022-09-06 12:57:00 -0700,2022-09-06 12:57:00 -0700,3.3
MyNetDiary,g,2022-09-06 12:57:00 -0700,2022-09-06 12:57:00 -0700,2.4
MyNetDiary,g,2022-09-16 10:07:00 -0700,2022-09-16 10:07:00 -0700,34.3
MyNetDiary,g,2022-09-16 10:07:00 -0700,2022-09-16 10:07:00 -0700,50
MyNetDiary,g,2022-09-16 10:07:00 -0700,2022-09-16 10:07:00 -0700,17.1
MyNetDiary,g,2022-09-16 15:55:00 -0700,2022-09-16 15:55:00 -0700,15.4
MyNetDiary,g,2022-09-16 15:55:00 -0700,2022-09-16 15:55:00 -0700,1.3
MyNetDiary,g,2022-09-16 15:55:00 -0700,2022-09-16 15:55:00 -0700,19.2
MyNetDiary,g,2022-09-19 19:04:00 -0700,2022-09-19 19:04:00 -0700,0.8
MyNetDiary,g,2022-09-19 19:04:00 -0700,2022-09-19 19:04:00 -0700,0.6
MyNetDiary,g,2022-09-19 19:02:00 -0700,2022-09-19 19:02:00 -0700,10.2
MyNetDiary,g,2022-09-19 19:02:00 -0700,2022-09-19 19:02:00 -0700,57.2
MyNetDiary,g,2022-09-19 19:02:00 -0700,2022-09-19 19:02:00 -0700,0.6
MyNetDiary,g,2022-09-19 19:02:00 -0700,2022-09-19 19:02:00 -0700,28.5
MyNetDiary,g,2022-09-19 19:02:00 -0700,2022-09-19 19:02:00 -0700,5
MyNetDiary,g,2022-09-20 10:57:00 -0700,2022-09-20 10:57:00 -0700,6.3
MyNetDiary,g,2022-09-20 10:57:00 -0700,2022-09-20 10:57:00 -0700,9.2
MyNetDiary,g,2022-09-20 10:57:00 -0700,2022-09-20 10:57:00 -0700,30
MyNetDiary,g,2022-09-20 10:57:00 -0700,2022-09-20 10:57:00 -0700,0.5
MyNetDiary,g,2022-09-20 10:57:00 -0700,2022-09-20 10:57:00 -0700,5
MyNetDiary,g,2022-09-20 10:57:00 -0700,2022-09-20 10:57:00 -0700,44
MyNetDiary,g,2022-09-20 13:32:00 -0700,2022-09-20 13:32:00 -0700,12.4
MyNetDiary,g,2022-09-23 09:11:00 -0700,2022-09-23 09:11:00 -0700,5.8
MyNetDiary,g,2022-09-23 09:11:00 -0700,2022-09-23 09:11:00 -0700,8.3
MyNetDiary,g,2022-09-23 09:11:00 -0700,2022-09-23 09:11:00 -0700,32
MyNetDiary,g,2022-09-23 09:14:00 -0700,2022-09-23 09:14:00 -0700,18.3
MyNetDiary,g,2022-09-23 19:23:00 -0700,2022-09-23 19:23:00 -0700,48.3
MyNetDiary,g,2022-09-23 15:00:00 -0700,2022-09-23 15:00:00 -0700,40.2
MyNetDiary,g,2022-09-24 11:20:00 -0700,2022-09-24 11:20:00 -0700,1.7
MyNetDiary,g,2022-09-24 11:20:00 -0700,2022-09-24 11:20:00 -0700,6.5
MyNetDiary,g,2022-09-22 10:47:00 -0700,2022-09-22 10:47:00 -0700,25.6
MyNetDiary,g,2022-09-22 10:47:00 -0700,2022-09-22 10:47:00 -0700,0.8
MyNetDiary,g,2022-09-22 17:10:00 -0700,2022-09-22 17:10:00 -0700,55.2
MyNetDiary,g,2022-09-22 17:10:00 -0700,2022-09-22 17:10:00 -0700,50
MyNetDiary,g,2022-09-22 17:10:00 -0700,2022-09-22 17:10:00 -0700,0.3
MyNetDiary,g,2022-09-24 11:20:00 -0700,2022-09-24 11:20:00 -0700,20
MyNetDiary,g,2022-09-24 11:20:00 -0700,2022-09-24 11:20:00 -0700,25.2
MyNetDiary,g,2022-09-24 11:20:00 -0700,2022-09-24 11:20:00 -0700,15.1
MyNetDiary,g,2022-09-24 11:20:00 -0700,2022-09-24 11:20:00 -0700,0.4
MyNetDiary,g,2022-09-24 11:20:00 -0700,2022-09-24 11:20:00 -0700,23.1
MyNetDiary,g,2022-09-24 11:20:00 -0700,2022-09-24 11:20:00 -0700,3.3
MyNetDiary,g,2022-09-24 11:20:00 -0700,2022-09-24 11:20:00 -0700,0.8
MyNetDiary,g,2022-09-24 17:35:00 -0700,2022-09-24 17:35:00 -0700,50
MyNetDiary,g,2022-09-24 17:35:00 -0700,2022-09-24 17:35:00 -0700,12.5
MyNetDiary,g,2022-09-24 18:07:00 -0700,2022-09-24 18:07:00 -0700,57.2
MyNetDiary,g,2022-09-24 16:51:00 -0700,2022-09-24 16:51:00 -0700,22
MyNetDiary,g,2022-09-24 16:52:00 -0700,2022-09-24 16:52:00 -0700,12.5
MyNetDiary,g,2022-09-26 01:00:00 -0700,2022-09-26 01:00:00 -0700,3.8
MyNetDiary,g,2022-09-26 01:00:00 -0700,2022-09-26 01:00:00 -0700,1.3
MyNetDiary,g,2022-09-26 01:00:00 -0700,2022-09-26 01:00:00 -0700,19.9
MyNetDiary,g,2022-09-26 01:00:00 -0700,2022-09-26 01:00:00 -0700,0.7
MyNetDiary,g,2022-09-26 01:00:00 -0700,2022-09-26 01:00:00 -0700,0.4
MyNetDiary,g,2022-09-26 01:13:00 -0700,2022-09-26 01:13:00 -0700,2.1
MyNetDiary,g,2022-09-26 01:13:00 -0700,2022-09-26 01:13:00 -0700,1
MyNetDiary,g,2022-09-26 01:13:00 -0700,2022-09-26 01:13:00 -0700,0.2
MyNetDiary,g,2022-09-26 01:13:00 -0700,2022-09-26 01:13:00 -0700,23.1
MyNetDiary,g,2022-09-26 01:13:00 -0700,2022-09-26 01:13:00 -0700,55.2
MyNetDiary,g,2022-09-26 01:13:00 -0700,2022-09-26 01:13:00 -0700,15.8
MyNetDiary,g,2022-09-26 01:10:00 -0700,2022-09-26 01:10:00 -0700,16.1
MyNetDiary,g,2022-09-26 09:13:00 -0700,2022-09-26 09:13:00 -0700,3
MyNetDiary,g,2022-09-26 09:13:00 -0700,2022-09-26 09:13:00 -0700,10
MyNetDiary,g,2022-09-26 09:18:00 -0700,2022-09-26 09:18:00 -0700,28
MyNetDiary,g,2022-09-26 19:07:00 -0700,2022-09-26 19:07:00 -0700,40.4
MyNetDiary,g,2022-09-27 10:30:00 -0700,2022-09-27 10:30:00 -0700,20.3
MyNetDiary,g,2022-09-27 10:34:00 -0700,2022-09-27 10:34:00 -0700,3.7
MyNetDiary,g,2022-09-27 10:34:00 -0700,2022-09-27 10:34:00 -0700,21
MyNetDiary,g,2022-09-27 14:01:00 -0700,2022-09-27 14:01:00 -0700,47.9
MyNetDiary,g,2022-09-27 14:01:00 -0700,2022-09-27 14:01:00 -0700,1
MyNetDiary,g,2022-09-27 14:01:00 -0700,2022-09-27 14:01:00 -0700,4.1
MyNetDiary,g,2022-09-27 14:01:00 -0700,2022-09-27 14:01:00 -0700,2
MyNetDiary,g,2022-09-27 14:01:00 -0700,2022-09-27 14:01:00 -0700,0.3
MyNetDiary,g,2022-10-03 12:00:00 -0700,2022-10-03 12:00:00 -0700,122
MyNetDiary,g,2022-10-03 00:05:00 -0700,2022-10-03 00:05:00 -0700,5.5
MyNetDiary,g,2022-10-03 00:05:00 -0700,2022-10-03 00:05:00 -0700,15.6
MyNetDiary,g,2022-10-03 00:05:00 -0700,2022-10-03 00:05:00 -0700,16.1
MyNetDiary,g,2022-10-03 00:05:00 -0700,2022-10-03 00:05:00 -0700,0.4
MyNetDiary,g,2022-10-03 00:05:00 -0700,2022-10-03 00:05:00 -0700,12.6
MyNetDiary,g,2022-10-03 00:05:00 -0700,2022-10-03 00:05:00 -0700,50
MyNetDiary,g,2022-10-03 09:52:00 -0700,2022-10-03 09:52:00 -0700,5
MyNetDiary,g,2022-10-03 09:52:00 -0700,2022-10-03 09:52:00 -0700,8.1
MyNetDiary,g,2022-10-03 16:40:00 -0700,2022-10-03 16:40:00 -0700,14
MyNetDiary,g,2022-10-03 20:50:00 -0700,2022-10-03 20:50:00 -0700,42
MyNetDiary,g,2022-10-08 12:36:00 -0700,2022-10-08 12:36:00 -0700,3
MyNetDiary,g,2022-10-08 12:36:00 -0700,2022-10-08 12:36:00 -0700,37.3
MyNetDiary,g,2022-10-19 11:41:00 -0700,2022-10-19 11:41:00 -0700,3.8
MyNetDiary,g,2022-10-19 11:41:00 -0700,2022-10-19 11:41:00 -0700,24
MyNetDiary,g,2022-10-19 11:41:00 -0700,2022-10-19 11:41:00 -0700,15.5
MyNetDiary,g,2022-10-19 11:41:00 -0700,2022-10-19 11:41:00 -0700,0.8
MyNetDiary,g,2022-10-19 11:41:00 -0700,2022-10-19 11:41:00 -0700,5.4
MyNetDiary,g,2022-10-19 11:41:00 -0700,2022-10-19 11:41:00 -0700,17.3
MyNetDiary,g,2022-10-19 11:41:00 -0700,2022-10-19 11:41:00 -0700,0.4
MyNetDiary,g,2022-10-19 18:42:00 -0700,2022-10-19 18:42:00 -0700,48.3
MyNetDiary,g,2022-10-19 18:42:00 -0700,2022-10-19 18:42:00 -0700,15.1
MyNetDiary,g,2022-10-19 18:42:00 -0700,2022-10-19 18:42:00 -0700,3
MyNetDiary,g,2022-10-20 11:41:00 -0700,2022-10-20 11:41:00 -0700,41.5
MyNetDiary,g,2022-10-20 11:41:00 -0700,2022-10-20 11:41:00 -0700,3.8
MyNetDiary,g,2022-10-20 16:30:00 -0700,2022-10-20 16:30:00 -0700,8.1
MyNetDiary,g,2022-10-20 16:30:00 -0700,2022-10-20 16:30:00 -0700,10
MyNetDiary,g,2022-10-20 16:30:00 -0700,2022-10-20 16:30:00 -0700,0.2
MyNetDiary,g,2022-10-20 16:30:00 -0700,2022-10-20 16:30:00 -0700,95.7
MyNetDiary,g,2022-10-20 16:30:00 -0700,2022-10-20 16:30:00 -0700,3.8
MyNetDiary,g,2022-10-21 12:20:00 -0700,2022-10-21 12:20:00 -0700,31.5
MyNetDiary,g,2022-10-21 12:20:00 -0700,2022-10-21 12:20:00 -0700,3.8
MyNetDiary,g,2022-10-21 19:49:00 -0700,2022-10-21 19:49:00 -0700,50.1
MyNetDiary,g,2022-10-21 19:49:00 -0700,2022-10-21 19:49:00 -0700,35
MyNetDiary,g,2022-10-21 19:49:00 -0700,2022-10-21 19:49:00 -0700,43
MyNetDiary,g,2022-10-21 19:49:00 -0700,2022-10-21 19:49:00 -0700,1.2
MyNetDiary,g,2022-10-21 13:23:00 -0700,2022-10-21 13:23:00 -0700,3
MyNetDiary,g,2022-10-21 19:00:00 -0700,2022-10-21 19:00:00 -0700,7
MyNetDiary,g,2022-10-21 19:00:00 -0700,2022-10-21 19:00:00 -0700,18.3
MyNetDiary,g,2022-10-21 19:04:00 -0700,2022-10-21 19:04:00 -0700,23
MyNetDiary,g,2022-10-21 20:41:00 -0700,2022-10-21 20:41:00 -0700,28.9
MyNetDiary,g,2022-10-25 09:45:00 -0700,2022-10-25 09:45:00 -0700,6.5
MyNetDiary,g,2022-10-25 09:45:00 -0700,2022-10-25 09:45:00 -0700,5.5
MyNetDiary,g,2022-10-25 01:18:00 -0700,2022-10-25 01:18:00 -0700,4.4
MyNetDiary,g,2022-10-25 09:45:00 -0700,2022-10-25 09:45:00 -0700,0.2
MyNetDiary,g,2022-10-25 09:45:00 -0700,2022-10-25 09:45:00 -0700,42.7
MyNetDiary,g,2022-10-25 09:45:00 -0700,2022-10-25 09:45:00 -0700,3
MyNetDiary,g,2022-10-25 00:39:00 -0700,2022-10-25 00:39:00 -0700,1.3
MyNetDiary,g,2022-10-25 00:39:00 -0700,2022-10-25 00:39:00 -0700,7.2
MyNetDiary,g,2022-10-25 00:39:00 -0700,2022-10-25 00:39:00 -0700,0.3
MyNetDiary,g,2022-10-25 00:39:00 -0700,2022-10-25 00:39:00 -0700,20.8
MyNetDiary,g,2022-11-05 17:51:00 -0700,2022-11-05 17:51:00 -0700,10.1
MyNetDiary,g,2022-11-05 17:51:00 -0700,2022-11-05 17:51:00 -0700,1
MyNetDiary,g,2022-11-05 17:51:00 -0700,2022-11-05 17:51:00 -0700,21.7
MyNetDiary,g,2022-11-05 23:37:00 -0700,2022-11-05 23:37:00 -0700,14.3
MyNetDiary,g,2022-11-05 23:37:00 -0700,2022-11-05 23:37:00 -0700,8.3
MyNetDiary,g,2022-11-05 23:37:00 -0700,2022-11-05 23:37:00 -0700,8
MyNetDiary,g,2022-11-05 23:37:00 -0700,2022-11-05 23:37:00 -0700,7
MyNetDiary,g,2022-11-06 15:47:00 -0700,2022-11-06 15:47:00 -0700,176.8
MyNetDiary,g,2022-11-08 13:32:00 -0700,2022-11-08 13:32:00 -0700,1.5
MyNetDiary,g,2022-11-08 13:32:00 -0700,2022-11-08 13:32:00 -0700,25.6
MyNetDiary,g,2022-11-08 18:07:00 -0700,2022-11-08 18:07:00 -0700,176.8
MyNetDiary,g,2022-11-08 18:07:00 -0700,2022-11-08 18:07:00 -0700,2.3
MyNetDiary,g,2022-11-17 18:04:00 -0700,2022-11-17 18:04:00 -0700,5
MyNetDiary,g,2022-11-19 17:32:00 -0700,2022-11-19 17:32:00 -0700,37.7
MyNetDiary,g,2021-12-16 09:00:00 -0700,2021-12-16 09:00:00 -0700,38.3
MyNetDiary,g,2021-12-16 09:00:00 -0700,2021-12-16 09:00:00 -0700,15.6
MyNetDiary,g,2021-12-16 09:00:00 -0700,2021-12-16 09:00:00 -0700,3.5
MyNetDiary,g,2021-12-16 13:00:00 -0700,2021-12-16 13:00:00 -0700,3.1
MyNetDiary,g,2021-12-16 13:00:00 -0700,2021-12-16 13:00:00 -0700,0
MyNetDiary,g,2021-12-16 13:00:00 -0700,2021-12-16 13:00:00 -0700,15.3
MyNetDiary,g,2021-12-16 13:00:00 -0700,2021-12-16 13:00:00 -0700,0
MyNetDiary,g,2021-12-16 13:00:00 -0700,2021-12-16 13:00:00 -0700,10.4
MyNetDiary,g,2021-12-16 13:00:00 -0700,2021-12-16 13:00:00 -0700,8.2
MyNetDiary,g,2021-12-16 13:00:00 -0700,2021-12-16 13:00:00 -0700,1.5
MyNetDiary,g,2021-12-16 19:00:00 -0700,2021-12-16 19:00:00 -0700,40.5
MyNetDiary,g,2021-12-16 19:00:00 -0700,2021-12-16 19:00:00 -0700,1
MyNetDiary,g,2021-12-16 19:00:00 -0700,2021-12-16 19:00:00 -0700,2.7
MyNetDiary,g,2021-07-28 10:34:00 -0700,2021-07-28 10:34:00 -0700,67.5
MyNetDiary,g,2021-07-28 10:34:00 -0700,2021-07-28 10:34:00 -0700,1.4
MyNetDiary,g,2021-07-28 12:22:00 -0700,2021-07-28 12:22:00 -0700,44
MyNetDiary,g,2021-07-28 12:22:00 -0700,2021-07-28 12:22:00 -0700,4
MyNetDiary,g,2021-07-28 12:22:00 -0700,2021-07-28 12:22:00 -0700,2.7
MyNetDiary,g,2021-07-28 12:22:00 -0700,2021-07-28 12:22:00 -0700,1.9
MyNetDiary,g,2021-07-28 12:22:00 -0700,2021-07-28 12:22:00 -0700,2.5
MyNetDiary,g,2021-07-28 12:22:00 -0700,2021-07-28 12:22:00 -0700,23
MyNetDiary,g,2021-07-28 12:22:00 -0700,2021-07-28 12:22:00 -0700,1
MyNetDiary,g,2021-07-28 12:22:00 -0700,2021-07-28 12:22:00 -0700,4
MyNetDiary,g,2021-07-28 13:03:00 -0700,2021-07-28 13:03:00 -0700,0
MyNetDiary,g,2021-07-28 12:22:00 -0700,2021-07-28 12:22:00 -0700,0
MyNetDiary,g,2021-07-28 12:22:00 -0700,2021-07-28 12:22:00 -0700,5.6
MyNetDiary,g,2021-07-28 18:37:00 -0700,2021-07-28 18:37:00 -0700,0
MyNetDiary,g,2021-07-28 18:37:00 -0700,2021-07-28 18:37:00 -0700,15
MyNetDiary,g,2021-07-28 20:12:00 -0700,2021-07-28 20:12:00 -0700,22
MyNetDiary,g,2021-07-29 12:46:00 -0700,2021-07-29 12:46:00 -0700,0.2
MyNetDiary,g,2021-07-29 12:46:00 -0700,2021-07-29 12:46:00 -0700,3
MyNetDiary,g,2021-07-29 12:46:00 -0700,2021-07-29 12:46:00 -0700,1.5
MyNetDiary,g,2021-07-29 12:46:00 -0700,2021-07-29 12:46:00 -0700,21.6
MyNetDiary,g,2021-07-29 12:46:00 -0700,2021-07-29 12:46:00 -0700,8
MyNetDiary,g,2021-07-29 12:46:00 -0700,2021-07-29 12:46:00 -0700,44
MyNetDiary,g,2021-07-30 12:31:00 -0700,2021-07-30 12:31:00 -0700,2
MyNetDiary,g,2021-07-30 12:31:00 -0700,2021-07-30 12:31:00 -0700,1.3
MyNetDiary,g,2021-07-30 12:31:00 -0700,2021-07-30 12:31:00 -0700,1.5
MyNetDiary,g,2021-07-30 12:31:00 -0700,2021-07-30 12:31:00 -0700,4.8
MyNetDiary,g,2021-07-30 12:31:00 -0700,2021-07-30 12:31:00 -0700,0.2
MyNetDiary,g,2021-07-30 12:31:00 -0700,2021-07-30 12:31:00 -0700,6.3
MyNetDiary,g,2021-07-30 12:31:00 -0700,2021-07-30 12:31:00 -0700,4.3
MyNetDiary,g,2021-07-30 12:31:00 -0700,2021-07-30 12:31:00 -0700,5
MyNetDiary,g,2021-07-30 12:31:00 -0700,2021-07-30 12:31:00 -0700,4.6
MyNetDiary,g,2021-07-30 15:45:00 -0700,2021-07-30 15:45:00 -0700,76
MyNetDiary,g,2021-08-28 21:10:00 -0700,2021-08-28 21:10:00 -0700,186
MyNetDiary,g,2021-08-28 21:10:00 -0700,2021-08-28 21:10:00 -0700,2.6
MyNetDiary,g,2021-08-28 21:32:00 -0700,2021-08-28 21:32:00 -0700,19
MyNetDiary,g,2021-08-29 10:31:00 -0700,2021-08-29 10:31:00 -0700,1
MyNetDiary,g,2021-08-29 10:31:00 -0700,2021-08-29 10:31:00 -0700,6
MyNetDiary,g,2021-08-29 10:31:00 -0700,2021-08-29 10:31:00 -0700,5.6
MyNetDiary,g,2021-08-29 10:31:00 -0700,2021-08-29 10:31:00 -0700,1
MyNetDiary,g,2021-08-29 10:31:00 -0700,2021-08-29 10:31:00 -0700,4.6
MyNetDiary,g,2021-08-29 10:31:00 -0700,2021-08-29 10:31:00 -0700,3.2
MyNetDiary,g,2021-08-29 10:31:00 -0700,2021-08-29 10:31:00 -0700,3.5
MyNetDiary,g,2021-08-29 10:31:00 -0700,2021-08-29 10:31:00 -0700,44.8
MyNetDiary,g,2021-08-29 19:42:00 -0700,2021-08-29 19:42:00 -0700,1.9
MyNetDiary,g,2021-08-29 19:42:00 -0700,2021-08-29 19:42:00 -0700,1.5
MyNetDiary,g,2021-08-29 19:42:00 -0700,2021-08-29 19:42:00 -0700,1.3
MyNetDiary,g,2021-08-29 19:42:00 -0700,2021-08-29 19:42:00 -0700,0.5
MyNetDiary,g,2021-08-29 19:58:00 -0700,2021-08-29 19:58:00 -0700,2
MyNetDiary,g,2021-08-29 19:58:00 -0700,2021-08-29 19:58:00 -0700,9.3
MyNetDiary,g,2021-08-29 20:00:00 -0700,2021-08-29 20:00:00 -0700,11.5
MyNetDiary,g,2021-08-29 20:01:00 -0700,2021-08-29 20:01:00 -0700,33.3
MyNetDiary,g,2021-08-30 10:46:00 -0700,2021-08-30 10:46:00 -0700,27
MyNetDiary,g,2021-08-30 10:46:00 -0700,2021-08-30 10:46:00 -0700,33
MyNetDiary,g,2021-08-30 13:38:00 -0700,2021-08-30 13:38:00 -0700,2
MyNetDiary,g,2021-08-30 13:38:00 -0700,2021-08-30 13:38:00 -0700,1.8
MyNetDiary,g,2021-08-30 13:38:00 -0700,2021-08-30 13:38:00 -0700,1
MyNetDiary,g,2021-08-30 13:38:00 -0700,2021-08-30 13:38:00 -0700,6
MyNetDiary,g,2021-08-30 13:38:00 -0700,2021-08-30 13:38:00 -0700,5.6
MyNetDiary,g,2021-08-30 13:38:00 -0700,2021-08-30 13:38:00 -0700,1.3
MyNetDiary,g,2021-08-30 13:38:00 -0700,2021-08-30 13:38:00 -0700,42
MyNetDiary,g,2021-08-30 13:38:00 -0700,2021-08-30 13:38:00 -0700,0
MyNetDiary,g,2021-08-30 13:38:00 -0700,2021-08-30 13:38:00 -0700,9.4
MyNetDiary,g,2021-08-30 20:25:00 -0700,2021-08-30 20:25:00 -0700,5
MyNetDiary,g,2021-08-30 20:25:00 -0700,2021-08-30 20:25:00 -0700,53.2
MyNetDiary,g,2021-08-31 12:10:00 -0700,2021-08-31 12:10:00 -0700,1
MyNetDiary,g,2021-08-31 12:10:00 -0700,2021-08-31 12:10:00 -0700,6
MyNetDiary,g,2021-08-31 12:10:00 -0700,2021-08-31 12:10:00 -0700,5.6
MyNetDiary,g,2021-08-31 12:10:00 -0700,2021-08-31 12:10:00 -0700,2
MyNetDiary,g,2021-08-31 12:10:00 -0700,2021-08-31 12:10:00 -0700,11.5
MyNetDiary,g,2021-08-31 12:10:00 -0700,2021-08-31 12:10:00 -0700,5
MyNetDiary,g,2021-08-31 12:10:00 -0700,2021-08-31 12:10:00 -0700,33.3
MyNetDiary,g,2021-08-31 12:10:00 -0700,2021-08-31 12:10:00 -0700,1.1
MyNetDiary,g,2021-08-31 19:29:00 -0700,2021-08-31 19:29:00 -0700,26.6
MyNetDiary,g,2021-08-31 19:29:00 -0700,2021-08-31 19:29:00 -0700,1.5
MyNetDiary,g,2021-08-31 19:29:00 -0700,2021-08-31 19:29:00 -0700,4.6
MyNetDiary,g,2021-08-31 19:29:00 -0700,2021-08-31 19:29:00 -0700,5
MyNetDiary,g,2021-08-31 19:29:00 -0700,2021-08-31 19:29:00 -0700,3.9
MyNetDiary,g,2021-08-31 19:29:00 -0700,2021-08-31 19:29:00 -0700,3.4
MyNetDiary,g,2021-08-31 19:29:00 -0700,2021-08-31 19:29:00 -0700,1.9
MyNetDiary,g,2021-08-31 19:29:00 -0700,2021-08-31 19:29:00 -0700,7.3
MyNetDiary,g,2021-09-01 11:19:00 -0700,2021-09-01 11:19:00 -0700,1.6
MyNetDiary,g,2021-09-01 11:19:00 -0700,2021-09-01 11:19:00 -0700,6
MyNetDiary,g,2021-09-01 11:19:00 -0700,2021-09-01 11:19:00 -0700,44.8
MyNetDiary,g,2021-08-31 22:00:00 -0700,2021-08-31 22:00:00 -0700,14
MyNetDiary,g,2021-08-31 23:00:00 -0700,2021-08-31 23:00:00 -0700,10
MyNetDiary,g,2021-09-01 18:37:00 -0700,2021-09-01 18:37:00 -0700,1
MyNetDiary,g,2021-09-01 18:37:00 -0700,2021-09-01 18:37:00 -0700,4
MyNetDiary,g,2021-09-01 15:35:00 -0700,2021-09-01 15:35:00 -0700,2
MyNetDiary,g,2021-09-01 18:37:00 -0700,2021-09-01 18:37:00 -0700,0.6
MyNetDiary,g,2021-09-01 18:37:00 -0700,2021-09-01 18:37:00 -0700,2.6
MyNetDiary,g,2021-09-01 18:37:00 -0700,2021-09-01 18:37:00 -0700,3.9
MyNetDiary,g,2021-09-01 18:37:00 -0700,2021-09-01 18:37:00 -0700,5.6
MyNetDiary,g,2021-09-01 18:37:00 -0700,2021-09-01 18:37:00 -0700,2
MyNetDiary,g,2021-09-01 23:39:00 -0700,2021-09-01 23:39:00 -0700,0
MyNetDiary,g,2021-09-01 23:39:00 -0700,2021-09-01 23:39:00 -0700,1.7
MyNetDiary,g,2021-09-01 23:39:00 -0700,2021-09-01 23:39:00 -0700,3.2
MyNetDiary,g,2021-09-04 11:37:00 -0700,2021-09-04 11:37:00 -0700,64.4
MyNetDiary,g,2021-09-04 11:37:00 -0700,2021-09-04 11:37:00 -0700,20.8
MyNetDiary,g,2021-09-04 11:37:00 -0700,2021-09-04 11:37:00 -0700,0.6
MyNetDiary,g,2021-09-04 12:06:00 -0700,2021-09-04 12:06:00 -0700,0
MyNetDiary,g,2021-09-04 17:21:00 -0700,2021-09-04 17:21:00 -0700,4
MyNetDiary,g,2021-09-04 17:21:00 -0700,2021-09-04 17:21:00 -0700,4.9
MyNetDiary,g,2021-09-04 17:21:00 -0700,2021-09-04 17:21:00 -0700,5.5
MyNetDiary,g,2021-09-04 17:21:00 -0700,2021-09-04 17:21:00 -0700,8.9
MyNetDiary,g,2021-09-04 17:21:00 -0700,2021-09-04 17:21:00 -0700,5.1
MyNetDiary,g,2021-09-04 17:21:00 -0700,2021-09-04 17:21:00 -0700,4.6
MyNetDiary,g,2021-09-04 17:21:00 -0700,2021-09-04 17:21:00 -0700,1.3
MyNetDiary,g,2021-09-04 17:21:00 -0700,2021-09-04 17:21:00 -0700,2
MyNetDiary,g,2021-09-04 17:21:00 -0700,2021-09-04 17:21:00 -0700,3.8
MyNetDiary,g,2021-09-04 17:55:00 -0700,2021-09-04 17:55:00 -0700,1
MyNetDiary,g,2021-09-04 17:55:00 -0700,2021-09-04 17:55:00 -0700,21.3
MyNetDiary,g,2021-09-04 19:05:00 -0700,2021-09-04 19:05:00 -0700,16.2
MyNetDiary,g,2021-09-04 19:22:00 -0700,2021-09-04 19:22:00 -0700,52.9
MyNetDiary,g,2021-09-04 21:27:00 -0700,2021-09-04 21:27:00 -0700,36
MyNetDiary,g,2021-09-05 11:09:00 -0700,2021-09-05 11:09:00 -0700,18.6
MyNetDiary,g,2021-09-05 11:09:00 -0700,2021-09-05 11:09:00 -0700,15.9
MyNetDiary,g,2021-09-05 11:09:00 -0700,2021-09-05 11:09:00 -0700,15.8
MyNetDiary,g,2021-09-05 11:09:00 -0700,2021-09-05 11:09:00 -0700,3.3
MyNetDiary,g,2021-09-05 11:09:00 -0700,2021-09-05 11:09:00 -0700,3.6
MyNetDiary,g,2021-09-05 11:09:00 -0700,2021-09-05 11:09:00 -0700,65
MyNetDiary,g,2021-09-05 16:26:00 -0700,2021-09-05 16:26:00 -0700,2.2
MyNetDiary,g,2021-09-05 16:26:00 -0700,2021-09-05 16:26:00 -0700,3.3
MyNetDiary,g,2021-09-05 16:26:00 -0700,2021-09-05 16:26:00 -0700,3
MyNetDiary,g,2021-09-05 16:26:00 -0700,2021-09-05 16:26:00 -0700,1
MyNetDiary,g,2021-09-05 16:26:00 -0700,2021-09-05 16:26:00 -0700,0.5
MyNetDiary,g,2021-09-06 11:10:00 -0700,2021-09-06 11:10:00 -0700,2.2
MyNetDiary,g,2021-09-06 11:10:00 -0700,2021-09-06 11:10:00 -0700,3.3
MyNetDiary,g,2021-09-06 11:10:00 -0700,2021-09-06 11:10:00 -0700,22
MyNetDiary,g,2021-09-06 16:19:00 -0700,2021-09-06 16:19:00 -0700,0.6
MyNetDiary,g,2021-09-06 16:19:00 -0700,2021-09-06 16:19:00 -0700,4
MyNetDiary,g,2021-09-06 16:19:00 -0700,2021-09-06 16:19:00 -0700,20
MyNetDiary,g,2021-09-06 16:19:00 -0700,2021-09-06 16:19:00 -0700,16.3
MyNetDiary,g,2021-09-06 20:00:00 -0700,2021-09-06 20:00:00 -0700,22.5
MyNetDiary,g,2021-09-06 20:00:00 -0700,2021-09-06 20:00:00 -0700,14
MyNetDiary,g,2021-09-06 20:30:00 -0700,2021-09-06 20:30:00 -0700,14
MyNetDiary,g,2021-09-06 21:22:00 -0700,2021-09-06 21:22:00 -0700,3.2
MyNetDiary,g,2021-09-06 21:50:00 -0700,2021-09-06 21:50:00 -0700,6
MyNetDiary,g,2021-09-07 13:23:00 -0700,2021-09-07 13:23:00 -0700,4
MyNetDiary,g,2021-09-07 13:23:00 -0700,2021-09-07 13:23:00 -0700,6.5
MyNetDiary,g,2021-09-07 13:23:00 -0700,2021-09-07 13:23:00 -0700,3.3
MyNetDiary,g,2021-09-07 13:23:00 -0700,2021-09-07 13:23:00 -0700,5.6
MyNetDiary,g,2021-09-07 13:23:00 -0700,2021-09-07 13:23:00 -0700,0
MyNetDiary,g,2021-09-07 14:47:00 -0700,2021-09-07 14:47:00 -0700,14.2
MyNetDiary,g,2021-09-07 16:44:00 -0700,2021-09-07 16:44:00 -0700,4.2
MyNetDiary,g,2021-09-07 16:44:00 -0700,2021-09-07 16:44:00 -0700,1.7
MyNetDiary,g,2021-09-07 16:44:00 -0700,2021-09-07 16:44:00 -0700,0.5
MyNetDiary,g,2021-09-07 16:44:00 -0700,2021-09-07 16:44:00 -0700,4.3
MyNetDiary,g,2021-09-07 21:35:00 -0700,2021-09-07 21:35:00 -0700,21
MyNetDiary,g,2021-09-08 11:36:00 -0700,2021-09-08 11:36:00 -0700,25
MyNetDiary,g,2021-09-08 11:36:00 -0700,2021-09-08 11:36:00 -0700,50
MyNetDiary,g,2021-09-08 12:33:00 -0700,2021-09-08 12:33:00 -0700,4
MyNetDiary,g,2021-09-08 12:33:00 -0700,2021-09-08 12:33:00 -0700,1.6
MyNetDiary,g,2021-09-08 12:33:00 -0700,2021-09-08 12:33:00 -0700,30
MyNetDiary,g,2021-09-08 13:02:00 -0700,2021-09-08 13:02:00 -0700,22
MyNetDiary,g,2021-09-08 12:33:00 -0700,2021-09-08 12:33:00 -0700,2.6
MyNetDiary,g,2021-09-08 12:33:00 -0700,2021-09-08 12:33:00 -0700,5.8
MyNetDiary,g,2021-09-08 12:33:00 -0700,2021-09-08 12:33:00 -0700,2.1
MyNetDiary,g,2021-09-08 12:33:00 -0700,2021-09-08 12:33:00 -0700,0
MyNetDiary,g,2021-09-08 12:33:00 -0700,2021-09-08 12:33:00 -0700,6
MyNetDiary,g,2021-09-08 23:47:00 -0700,2021-09-08 23:47:00 -0700,11
MyNetDiary,g,2021-09-09 00:07:00 -0700,2021-09-09 00:07:00 -0700,4.4
MyNetDiary,g,2021-09-09 00:07:00 -0700,2021-09-09 00:07:00 -0700,7.6
MyNetDiary,g,2021-09-09 11:59:00 -0700,2021-09-09 11:59:00 -0700,19.8
MyNetDiary,g,2021-09-09 11:59:00 -0700,2021-09-09 11:59:00 -0700,5.9
MyNetDiary,g,2021-09-10 22:05:00 -0700,2021-09-10 22:05:00 -0700,24
MyNetDiary,g,2021-09-10 08:00:00 -0700,2021-09-10 08:00:00 -0700,3.4
MyNetDiary,g,2021-09-10 08:00:00 -0700,2021-09-10 08:00:00 -0700,5.1
MyNetDiary,g,2021-09-10 15:00:00 -0700,2021-09-10 15:00:00 -0700,22.7
MyNetDiary,g,2021-09-10 15:00:00 -0700,2021-09-10 15:00:00 -0700,5.7
MyNetDiary,g,2021-09-10 15:00:00 -0700,2021-09-10 15:00:00 -0700,32
MyNetDiary,g,2021-09-10 06:20:00 -0700,2021-09-10 06:20:00 -0700,4.2
MyNetDiary,g,2021-09-10 06:15:00 -0700,2021-09-10 06:15:00 -0700,6.7
MyNetDiary,g,2021-09-10 06:20:00 -0700,2021-09-10 06:20:00 -0700,21
MyNetDiary,g,2021-09-10 06:50:00 -0700,2021-09-10 06:50:00 -0700,5.7
MyNetDiary,g,2021-09-10 12:00:00 -0700,2021-09-10 12:00:00 -0700,42
MyNetDiary,g,2021-09-10 12:00:00 -0700,2021-09-10 12:00:00 -0700,1
MyNetDiary,g,2021-09-10 12:00:00 -0700,2021-09-10 12:00:00 -0700,0.3
MyNetDiary,g,2021-09-10 12:00:00 -0700,2021-09-10 12:00:00 -0700,4.1
MyNetDiary,g,2021-09-10 15:00:00 -0700,2021-09-10 15:00:00 -0700,13
MyNetDiary,g,2021-09-10 15:00:00 -0700,2021-09-10 15:00:00 -0700,5.4
MyNetDiary,g,2021-09-12 11:26:00 -0700,2021-09-12 11:26:00 -0700,0.8
MyNetDiary,g,2021-09-12 11:26:00 -0700,2021-09-12 11:26:00 -0700,6
MyNetDiary,g,2021-09-12 11:26:00 -0700,2021-09-12 11:26:00 -0700,1.4
MyNetDiary,g,2021-09-12 11:26:00 -0700,2021-09-12 11:26:00 -0700,22
MyNetDiary,g,2021-09-12 11:26:00 -0700,2021-09-12 11:26:00 -0700,1.3
MyNetDiary,g,2021-09-12 18:05:00 -0700,2021-09-12 18:05:00 -0700,16.3
MyNetDiary,g,2021-09-12 18:23:00 -0700,2021-09-12 18:23:00 -0700,42
MyNetDiary,g,2021-09-12 18:23:00 -0700,2021-09-12 18:23:00 -0700,1
MyNetDiary,g,2021-09-12 18:23:00 -0700,2021-09-12 18:23:00 -0700,0.5
MyNetDiary,g,2021-09-12 18:23:00 -0700,2021-09-12 18:23:00 -0700,0
MyNetDiary,g,2021-09-12 18:23:00 -0700,2021-09-12 18:23:00 -0700,4.9
MyNetDiary,g,2021-09-12 21:58:00 -0700,2021-09-12 21:58:00 -0700,1.6
MyNetDiary,g,2021-09-12 21:58:00 -0700,2021-09-12 21:58:00 -0700,11.8
MyNetDiary,g,2021-09-12 21:58:00 -0700,2021-09-12 21:58:00 -0700,2.5
MyNetDiary,g,2021-09-12 21:58:00 -0700,2021-09-12 21:58:00 -0700,1.6
MyNetDiary,g,2021-09-12 21:58:00 -0700,2021-09-12 21:58:00 -0700,1.5
MyNetDiary,g,2021-09-12 21:58:00 -0700,2021-09-12 21:58:00 -0700,10
MyNetDiary,g,2021-09-13 12:08:00 -0700,2021-09-13 12:08:00 -0700,18.7
MyNetDiary,g,2021-09-13 12:08:00 -0700,2021-09-13 12:08:00 -0700,5.1
MyNetDiary,g,2021-09-13 12:08:00 -0700,2021-09-13 12:08:00 -0700,8.3
MyNetDiary,g,2021-09-13 12:08:00 -0700,2021-09-13 12:08:00 -0700,4
MyNetDiary,g,2021-09-13 12:08:00 -0700,2021-09-13 12:08:00 -0700,3.5
MyNetDiary,g,2021-09-13 19:25:00 -0700,2021-09-13 19:25:00 -0700,40
MyNetDiary,g,2021-09-13 19:25:00 -0700,2021-09-13 19:25:00 -0700,1.3
MyNetDiary,g,2021-09-13 19:25:00 -0700,2021-09-13 19:25:00 -0700,1
MyNetDiary,g,2021-09-15 13:26:00 -0700,2021-09-15 13:26:00 -0700,3.7
MyNetDiary,g,2021-09-15 13:26:00 -0700,2021-09-15 13:26:00 -0700,23.6
MyNetDiary,g,2021-09-15 13:26:00 -0700,2021-09-15 13:26:00 -0700,30.9
MyNetDiary,g,2021-09-16 11:17:00 -0700,2021-09-16 11:17:00 -0700,3.3
MyNetDiary,g,2021-09-16 11:17:00 -0700,2021-09-16 11:17:00 -0700,34.4
MyNetDiary,g,2021-09-16 11:17:00 -0700,2021-09-16 11:17:00 -0700,4.4
MyNetDiary,g,2021-09-21 00:24:00 -0700,2021-09-21 00:24:00 -0700,5.8
MyNetDiary,g,2021-09-21 00:25:00 -0700,2021-09-21 00:25:00 -0700,9.7
MyNetDiary,g,2021-09-21 00:29:00 -0700,2021-09-21 00:29:00 -0700,12.7
MyNetDiary,g,2021-09-21 00:35:00 -0700,2021-09-21 00:35:00 -0700,1.6
MyNetDiary,g,2021-09-21 00:35:00 -0700,2021-09-21 00:35:00 -0700,2.5
MyNetDiary,g,2021-09-21 00:35:00 -0700,2021-09-21 00:35:00 -0700,8.2
MyNetDiary,g,2021-09-21 00:22:00 -0700,2021-09-21 00:22:00 -0700,19.3
MyNetDiary,g,2021-09-21 00:40:00 -0700,2021-09-21 00:40:00 -0700,64.5
MyNetDiary,g,2021-09-21 00:40:00 -0700,2021-09-21 00:40:00 -0700,32
MyNetDiary,g,2021-09-21 00:35:00 -0700,2021-09-21 00:35:00 -0700,26
MyNetDiary,g,2021-09-21 00:35:00 -0700,2021-09-21 00:35:00 -0700,0.8
MyNetDiary,g,2021-09-21 00:35:00 -0700,2021-09-21 00:35:00 -0700,1
MyNetDiary,g,2021-09-21 00:35:00 -0700,2021-09-21 00:35:00 -0700,0
MyNetDiary,g,2021-09-21 00:35:00 -0700,2021-09-21 00:35:00 -0700,1.9
MyNetDiary,g,2021-09-22 10:14:00 -0700,2021-09-22 10:14:00 -0700,2.3
MyNetDiary,g,2021-09-22 10:14:00 -0700,2021-09-22 10:14:00 -0700,1
MyNetDiary,g,2021-09-22 10:14:00 -0700,2021-09-22 10:14:00 -0700,0.5
MyNetDiary,g,2021-09-22 10:31:00 -0700,2021-09-22 10:31:00 -0700,5.8
MyNetDiary,g,2021-09-22 10:31:00 -0700,2021-09-22 10:31:00 -0700,24.5
MyNetDiary,g,2021-09-22 10:31:00 -0700,2021-09-22 10:31:00 -0700,57.2
MyNetDiary,g,2021-09-27 07:21:00 -0700,2021-09-27 07:21:00 -0700,12
MyNetDiary,g,2021-09-27 07:21:00 -0700,2021-09-27 07:21:00 -0700,4
MyNetDiary,g,2021-09-27 10:59:00 -0700,2021-09-27 10:59:00 -0700,19.8
MyNetDiary,g,2021-09-27 10:59:00 -0700,2021-09-27 10:59:00 -0700,4.4
MyNetDiary,g,2021-09-27 14:06:00 -0700,2021-09-27 14:06:00 -0700,4.1
MyNetDiary,g,2021-09-27 17:10:00 -0700,2021-09-27 17:10:00 -0700,26
MyNetDiary,g,2021-09-27 17:10:00 -0700,2021-09-27 17:10:00 -0700,0
MyNetDiary,g,2021-09-27 17:10:00 -0700,2021-09-27 17:10:00 -0700,0.9
MyNetDiary,g,2021-09-27 17:10:00 -0700,2021-09-27 17:10:00 -0700,5.6
MyNetDiary,g,2021-09-27 17:10:00 -0700,2021-09-27 17:10:00 -0700,1
MyNetDiary,g,2021-09-27 17:41:00 -0700,2021-09-27 17:41:00 -0700,13
MyNetDiary,g,2021-09-28 14:59:00 -0700,2021-09-28 14:59:00 -0700,4.1
MyNetDiary,g,2021-09-28 15:10:00 -0700,2021-09-28 15:10:00 -0700,1
MyNetDiary,g,2021-09-28 15:10:00 -0700,2021-09-28 15:10:00 -0700,0.5
MyNetDiary,g,2021-09-28 15:17:00 -0700,2021-09-28 15:17:00 -0700,5
MyNetDiary,g,2021-09-28 15:17:00 -0700,2021-09-28 15:17:00 -0700,0.7
MyNetDiary,g,2021-09-28 15:17:00 -0700,2021-09-28 15:17:00 -0700,9.1
MyNetDiary,g,2021-09-28 15:17:00 -0700,2021-09-28 15:17:00 -0700,4.6
MyNetDiary,g,2021-09-28 15:17:00 -0700,2021-09-28 15:17:00 -0700,19.8
MyNetDiary,g,2021-09-28 15:17:00 -0700,2021-09-28 15:17:00 -0700,5.9
MyNetDiary,g,2021-09-28 15:51:00 -0700,2021-09-28 15:51:00 -0700,7
MyNetDiary,g,2021-09-28 20:27:00 -0700,2021-09-28 20:27:00 -0700,40
MyNetDiary,g,2021-09-28 20:27:00 -0700,2021-09-28 20:27:00 -0700,8
MyNetDiary,g,2021-09-28 20:27:00 -0700,2021-09-28 20:27:00 -0700,0
MyNetDiary,g,2021-09-29 08:55:00 -0700,2021-09-29 08:55:00 -0700,45.9
MyNetDiary,g,2021-09-29 08:55:00 -0700,2021-09-29 08:55:00 -0700,0.9
MyNetDiary,g,2021-09-29 08:55:00 -0700,2021-09-29 08:55:00 -0700,15.6
MyNetDiary,g,2021-09-29 12:59:00 -0700,2021-09-29 12:59:00 -0700,1
MyNetDiary,g,2021-09-29 12:59:00 -0700,2021-09-29 12:59:00 -0700,0.4
MyNetDiary,g,2021-09-29 12:59:00 -0700,2021-09-29 12:59:00 -0700,0
MyNetDiary,g,2021-09-29 12:59:00 -0700,2021-09-29 12:59:00 -0700,5.6
MyNetDiary,g,2021-09-29 12:59:00 -0700,2021-09-29 12:59:00 -0700,6.5
MyNetDiary,g,2021-09-29 12:59:00 -0700,2021-09-29 12:59:00 -0700,9.5
MyNetDiary,g,2021-09-29 12:59:00 -0700,2021-09-29 12:59:00 -0700,0
MyNetDiary,g,2021-09-29 12:59:00 -0700,2021-09-29 12:59:00 -0700,40
MyNetDiary,g,2021-09-29 12:59:00 -0700,2021-09-29 12:59:00 -0700,8
MyNetDiary,g,2021-09-29 20:37:00 -0700,2021-09-29 20:37:00 -0700,16
MyNetDiary,g,2021-09-29 20:37:00 -0700,2021-09-29 20:37:00 -0700,80.7
MyNetDiary,g,2021-09-30 08:00:00 -0700,2021-09-30 08:00:00 -0700,37.1
MyNetDiary,g,2021-09-30 08:00:00 -0700,2021-09-30 08:00:00 -0700,66.5
MyNetDiary,g,2021-09-30 08:00:00 -0700,2021-09-30 08:00:00 -0700,0.8
MyNetDiary,g,2021-09-30 08:00:00 -0700,2021-09-30 08:00:00 -0700,0.6
MyNetDiary,g,2021-09-30 08:00:00 -0700,2021-09-30 08:00:00 -0700,0
MyNetDiary,g,2021-09-30 08:00:00 -0700,2021-09-30 08:00:00 -0700,1
MyNetDiary,g,2021-09-30 13:30:00 -0700,2021-09-30 13:30:00 -0700,2
MyNetDiary,g,2021-09-30 15:18:00 -0700,2021-09-30 15:18:00 -0700,10
MyNetDiary,g,2021-09-30 16:59:00 -0700,2021-09-30 16:59:00 -0700,17.7
MyNetDiary,g,2021-09-30 20:00:00 -0700,2021-09-30 20:00:00 -0700,0
MyNetDiary,g,2021-09-30 20:00:00 -0700,2021-09-30 20:00:00 -0700,13
MyNetDiary,g,2021-09-30 20:00:00 -0700,2021-09-30 20:00:00 -0700,10.1
MyNetDiary,g,2021-09-30 20:00:00 -0700,2021-09-30 20:00:00 -0700,29.7
MyNetDiary,g,2021-09-30 20:00:00 -0700,2021-09-30 20:00:00 -0700,6.3
MyNetDiary,g,2021-09-30 20:00:00 -0700,2021-09-30 20:00:00 -0700,6.1
MyNetDiary,g,2021-10-01 11:08:00 -0700,2021-10-01 11:08:00 -0700,3.6
MyNetDiary,g,2021-10-01 11:08:00 -0700,2021-10-01 11:08:00 -0700,6.9
MyNetDiary,g,2021-10-01 11:08:00 -0700,2021-10-01 11:08:00 -0700,7.3
MyNetDiary,g,2021-10-01 11:08:00 -0700,2021-10-01 11:08:00 -0700,2.4
MyNetDiary,g,2021-10-01 11:22:00 -0700,2021-10-01 11:22:00 -0700,7.1
MyNetDiary,g,2021-10-01 11:25:00 -0700,2021-10-01 11:25:00 -0700,3
MyNetDiary,g,2021-10-01 11:27:00 -0700,2021-10-01 11:27:00 -0700,0
MyNetDiary,g,2021-10-01 11:28:00 -0700,2021-10-01 11:28:00 -0700,4.4
MyNetDiary,g,2021-10-01 11:08:00 -0700,2021-10-01 11:08:00 -0700,0.8
MyNetDiary,g,2021-10-01 11:08:00 -0700,2021-10-01 11:08:00 -0700,14.3
MyNetDiary,g,2021-10-01 11:08:00 -0700,2021-10-01 11:08:00 -0700,0
MyNetDiary,g,2021-10-01 11:08:00 -0700,2021-10-01 11:08:00 -0700,1.1
MyNetDiary,g,2021-10-01 16:09:00 -0700,2021-10-01 16:09:00 -0700,40
MyNetDiary,g,2021-10-01 16:09:00 -0700,2021-10-01 16:09:00 -0700,8.8
MyNetDiary,g,2021-10-01 16:09:00 -0700,2021-10-01 16:09:00 -0700,1.5
MyNetDiary,g,2021-10-01 16:32:00 -0700,2021-10-01 16:32:00 -0700,14.2
MyNetDiary,g,2021-10-02 10:24:00 -0700,2021-10-02 10:24:00 -0700,0
MyNetDiary,g,2021-10-02 10:24:00 -0700,2021-10-02 10:24:00 -0700,49.1
MyNetDiary,g,2021-10-02 10:24:00 -0700,2021-10-02 10:24:00 -0700,5.1
MyNetDiary,g,2021-10-02 10:24:00 -0700,2021-10-02 10:24:00 -0700,12.8
MyNetDiary,g,2021-10-02 10:24:00 -0700,2021-10-02 10:24:00 -0700,40
MyNetDiary,g,2021-10-02 10:24:00 -0700,2021-10-02 10:24:00 -0700,6
MyNetDiary,g,2021-10-02 10:24:00 -0700,2021-10-02 10:24:00 -0700,2
MyNetDiary,g,2021-10-03 13:00:00 -0700,2021-10-03 13:00:00 -0700,4.2
MyNetDiary,g,2021-10-03 13:00:00 -0700,2021-10-03 13:00:00 -0700,8.8
MyNetDiary,g,2021-10-03 13:00:00 -0700,2021-10-03 13:00:00 -0700,5.7
MyNetDiary,g,2021-10-03 13:00:00 -0700,2021-10-03 13:00:00 -0700,34.6
MyNetDiary,g,2021-10-03 14:15:00 -0700,2021-10-03 14:15:00 -0700,1.4
MyNetDiary,g,2021-10-03 14:15:00 -0700,2021-10-03 14:15:00 -0700,1.4
MyNetDiary,g,2021-10-03 14:15:00 -0700,2021-10-03 14:15:00 -0700,0.6
MyNetDiary,g,2021-10-03 14:15:00 -0700,2021-10-03 14:15:00 -0700,2
MyNetDiary,g,2021-10-03 14:15:00 -0700,2021-10-03 14:15:00 -0700,1.8
MyNetDiary,g,2021-10-03 15:39:00 -0700,2021-10-03 15:39:00 -0700,8
MyNetDiary,g,2021-10-03 19:50:00 -0700,2021-10-03 19:50:00 -0700,0
MyNetDiary,g,2021-10-03 19:50:00 -0700,2021-10-03 19:50:00 -0700,29.7
MyNetDiary,g,2021-10-03 19:50:00 -0700,2021-10-03 19:50:00 -0700,10.7
MyNetDiary,g,2021-10-04 07:05:00 -0700,2021-10-04 07:05:00 -0700,8
MyNetDiary,g,2021-10-04 07:05:00 -0700,2021-10-04 07:05:00 -0700,1.8
MyNetDiary,g,2021-10-04 07:05:00 -0700,2021-10-04 07:05:00 -0700,17.3
MyNetDiary,g,2021-10-04 07:05:00 -0700,2021-10-04 07:05:00 -0700,54.7
MyNetDiary,g,2021-10-04 07:05:00 -0700,2021-10-04 07:05:00 -0700,2.3
MyNetDiary,g,2021-10-04 07:05:00 -0700,2021-10-04 07:05:00 -0700,5.5
MyNetDiary,g,2021-10-04 09:57:00 -0700,2021-10-04 09:57:00 -0700,4.2
MyNetDiary,g,2021-10-04 09:57:00 -0700,2021-10-04 09:57:00 -0700,8.8
MyNetDiary,g,2021-10-04 09:56:00 -0700,2021-10-04 09:56:00 -0700,0
MyNetDiary,g,2021-10-04 09:56:00 -0700,2021-10-04 09:56:00 -0700,32.2
MyNetDiary,g,2021-10-04 17:08:00 -0700,2021-10-04 17:08:00 -0700,2
MyNetDiary,g,2021-10-04 17:08:00 -0700,2021-10-04 17:08:00 -0700,52.4
MyNetDiary,g,2021-10-04 17:08:00 -0700,2021-10-04 17:08:00 -0700,4
MyNetDiary,g,2021-10-04 17:08:00 -0700,2021-10-04 17:08:00 -0700,0.3
MyNetDiary,g,2021-10-04 17:08:00 -0700,2021-10-04 17:08:00 -0700,6.9
MyNetDiary,g,2021-10-09 11:13:00 -0700,2021-10-09 11:13:00 -0700,52.6
MyNetDiary,g,2021-10-09 11:13:00 -0700,2021-10-09 11:13:00 -0700,11.5
MyNetDiary,g,2021-10-09 11:13:00 -0700,2021-10-09 11:13:00 -0700,1.2
MyNetDiary,g,2021-10-10 12:10:00 -0700,2021-10-10 12:10:00 -0700,7.8
MyNetDiary,g,2021-10-10 12:10:00 -0700,2021-10-10 12:10:00 -0700,26
MyNetDiary,g,2021-10-10 14:54:00 -0700,2021-10-10 14:54:00 -0700,2
MyNetDiary,g,2021-11-09 09:00:00 -0700,2021-11-09 09:00:00 -0700,17.2
MyNetDiary,g,2021-11-09 09:00:00 -0700,2021-11-09 09:00:00 -0700,8.7
MyNetDiary,g,2021-11-09 09:00:00 -0700,2021-11-09 09:00:00 -0700,20.7
MyNetDiary,g,2021-11-09 13:00:00 -0700,2021-11-09 13:00:00 -0700,0
MyNetDiary,g,2021-11-09 13:00:00 -0700,2021-11-09 13:00:00 -0700,0
MyNetDiary,g,2021-11-09 13:00:00 -0700,2021-11-09 13:00:00 -0700,6
MyNetDiary,g,2021-11-09 13:00:00 -0700,2021-11-09 13:00:00 -0700,4.5
MyNetDiary,g,2021-11-09 13:00:00 -0700,2021-11-09 13:00:00 -0700,0
MyNetDiary,g,2021-11-09 19:00:00 -0700,2021-11-09 19:00:00 -0700,0.6
MyNetDiary,g,2021-11-09 19:00:00 -0700,2021-11-09 19:00:00 -0700,0
MyNetDiary,g,2021-11-09 19:00:00 -0700,2021-11-09 19:00:00 -0700,2.5
MyNetDiary,g,2021-11-09 19:00:00 -0700,2021-11-09 19:00:00 -0700,3.3
MyNetDiary,g,2021-11-09 19:00:00 -0700,2021-11-09 19:00:00 -0700,0.3
MyNetDiary,g,2021-11-09 19:00:00 -0700,2021-11-09 19:00:00 -0700,3.3
MyNetDiary,g,2021-11-09 19:00:00 -0700,2021-11-09 19:00:00 -0700,1.9
MyNetDiary,g,2021-11-09 16:00:00 -0700,2021-11-09 16:00:00 -0700,13
MyNetDiary,g,2021-11-09 16:00:00 -0700,2021-11-09 16:00:00 -0700,3
MyNetDiary,g,2021-11-09 16:00:00 -0700,2021-11-09 16:00:00 -0700,12.8
MyNetDiary,g,2021-11-09 16:00:00 -0700,2021-11-09 16:00:00 -0700,5
MyNetDiary,g,2021-11-10 09:00:00 -0700,2021-11-10 09:00:00 -0700,9.4
MyNetDiary,g,2021-11-10 09:00:00 -0700,2021-11-10 09:00:00 -0700,0
MyNetDiary,g,2021-11-10 09:00:00 -0700,2021-11-10 09:00:00 -0700,4.5
MyNetDiary,g,2021-11-10 13:00:00 -0700,2021-11-10 13:00:00 -0700,23.2
MyNetDiary,g,2021-11-10 13:00:00 -0700,2021-11-10 13:00:00 -0700,0
MyNetDiary,g,2021-11-10 13:00:00 -0700,2021-11-10 13:00:00 -0700,0.4
MyNetDiary,g,2021-11-10 13:00:00 -0700,2021-11-10 13:00:00 -0700,3.3
MyNetDiary,g,2021-11-10 13:00:00 -0700,2021-11-10 13:00:00 -0700,1.6
MyNetDiary,g,2021-11-10 16:00:00 -0700,2021-11-10 16:00:00 -0700,1.6
MyNetDiary,g,2021-11-10 16:00:00 -0700,2021-11-10 16:00:00 -0700,11.5
MyNetDiary,g,2021-11-10 16:00:00 -0700,2021-11-10 16:00:00 -0700,0.6
MyNetDiary,g,2021-11-10 16:00:00 -0700,2021-11-10 16:00:00 -0700,7.1
MyNetDiary,g,2021-11-10 16:00:00 -0700,2021-11-10 16:00:00 -0700,10.1
MyNetDiary,g,2021-11-10 16:00:00 -0700,2021-11-10 16:00:00 -0700,10.1
MyNetDiary,g,2021-11-10 16:00:00 -0700,2021-11-10 16:00:00 -0700,21.3
MyNetDiary,g,2021-11-10 16:00:00 -0700,2021-11-10 16:00:00 -0700,18.6
MyNetDiary,g,2021-11-10 16:00:00 -0700,2021-11-10 16:00:00 -0700,8.5
MyNetDiary,g,2021-11-10 16:00:00 -0700,2021-11-10 16:00:00 -0700,11.5
MyNetDiary,g,2021-11-10 19:00:00 -0700,2021-11-10 19:00:00 -0700,2.5
MyNetDiary,g,2021-11-10 19:00:00 -0700,2021-11-10 19:00:00 -0700,3.3
MyNetDiary,g,2021-11-10 19:00:00 -0700,2021-11-10 19:00:00 -0700,1.8
MyNetDiary,g,2021-11-10 19:00:00 -0700,2021-11-10 19:00:00 -0700,8.7
MyNetDiary,g,2021-11-10 19:00:00 -0700,2021-11-10 19:00:00 -0700,1.4
MyNetDiary,g,2021-11-11 09:00:00 -0700,2021-11-11 09:00:00 -0700,6.1
MyNetDiary,g,2021-11-11 09:00:00 -0700,2021-11-11 09:00:00 -0700,0
MyNetDiary,g,2021-11-11 09:00:00 -0700,2021-11-11 09:00:00 -0700,10.2
MyNetDiary,g,2021-11-11 09:00:00 -0700,2021-11-11 09:00:00 -0700,8.7
MyNetDiary,g,2021-11-11 09:00:00 -0700,2021-11-11 09:00:00 -0700,0.3
MyNetDiary,g,2021-11-11 09:00:00 -0700,2021-11-11 09:00:00 -0700,2.5
MyNetDiary,g,2021-11-11 13:00:00 -0700,2021-11-11 13:00:00 -0700,23.2
MyNetDiary,g,2021-11-11 13:00:00 -0700,2021-11-11 13:00:00 -0700,0
MyNetDiary,g,2021-11-11 13:00:00 -0700,2021-11-11 13:00:00 -0700,0.5
MyNetDiary,g,2021-11-11 13:00:00 -0700,2021-11-11 13:00:00 -0700,2
MyNetDiary,g,2021-11-11 16:00:00 -0700,2021-11-11 16:00:00 -0700,19.9
MyNetDiary,g,2021-11-11 19:00:00 -0700,2021-11-11 19:00:00 -0700,10.4
MyNetDiary,g,2021-11-11 19:00:00 -0700,2021-11-11 19:00:00 -0700,0
MyNetDiary,g,2021-11-11 19:00:00 -0700,2021-11-11 19:00:00 -0700,24.8
MyNetDiary,g,2021-11-11 19:00:00 -0700,2021-11-11 19:00:00 -0700,0.4
MyNetDiary,g,2021-11-11 19:00:00 -0700,2021-11-11 19:00:00 -0700,3.3
MyNetDiary,g,2021-11-11 16:00:00 -0700,2021-11-11 16:00:00 -0700,32
MyNetDiary,g,2021-11-11 16:00:00 -0700,2021-11-11 16:00:00 -0700,2.6
MyNetDiary,g,2021-11-12 09:00:00 -0700,2021-11-12 09:00:00 -0700,5.4
MyNetDiary,g,2021-11-12 09:00:00 -0700,2021-11-12 09:00:00 -0700,30.7
MyNetDiary,g,2021-11-12 09:00:00 -0700,2021-11-12 09:00:00 -0700,38.3
MyNetDiary,g,2021-11-12 13:00:00 -0700,2021-11-12 13:00:00 -0700,69.1
MyNetDiary,g,2021-11-12 19:00:00 -0700,2021-11-12 19:00:00 -0700,19.4
MyNetDiary,g,2021-11-12 19:00:00 -0700,2021-11-12 19:00:00 -0700,12.8
MyNetDiary,g,2021-11-12 16:00:00 -0700,2021-11-12 16:00:00 -0700,11.4
MyNetDiary,g,2021-11-12 16:00:00 -0700,2021-11-12 16:00:00 -0700,1.1
MyNetDiary,g,2021-11-12 16:00:00 -0700,2021-11-12 16:00:00 -0700,0
MyNetDiary,g,2021-11-12 16:00:00 -0700,2021-11-12 16:00:00 -0700,3.9
MyNetDiary,g,2021-11-12 16:00:00 -0700,2021-11-12 16:00:00 -0700,3.8
MyNetDiary,g,2021-11-12 16:00:00 -0700,2021-11-12 16:00:00 -0700,0.3
MyNetDiary,g,2021-11-13 09:00:00 -0700,2021-11-13 09:00:00 -0700,0.4
MyNetDiary,g,2021-11-13 09:00:00 -0700,2021-11-13 09:00:00 -0700,3.8
MyNetDiary,g,2021-11-13 09:00:00 -0700,2021-11-13 09:00:00 -0700,11.6
MyNetDiary,g,2021-11-13 09:00:00 -0700,2021-11-13 09:00:00 -0700,30.7
MyNetDiary,g,2021-11-13 09:00:00 -0700,2021-11-13 09:00:00 -0700,0.6
MyNetDiary,g,2021-11-13 09:00:00 -0700,2021-11-13 09:00:00 -0700,0
MyNetDiary,g,2021-11-13 13:00:00 -0700,2021-11-13 13:00:00 -0700,17.3
MyNetDiary,g,2021-11-13 13:00:00 -0700,2021-11-13 13:00:00 -0700,11
MyNetDiary,g,2021-11-13 13:00:00 -0700,2021-11-13 13:00:00 -0700,2
MyNetDiary,g,2021-11-13 13:00:00 -0700,2021-11-13 13:00:00 -0700,26
MyNetDiary,g,2021-11-13 13:00:00 -0700,2021-11-13 13:00:00 -0700,2.3
MyNetDiary,g,2021-11-13 13:00:00 -0700,2021-11-13 13:00:00 -0700,26
MyNetDiary,g,2021-11-14 09:00:00 -0700,2021-11-14 09:00:00 -0700,70.5
MyNetDiary,g,2021-11-14 09:00:00 -0700,2021-11-14 09:00:00 -0700,13
MyNetDiary,g,2021-11-14 13:00:00 -0700,2021-11-14 13:00:00 -0700,0.6
MyNetDiary,g,2021-11-14 13:00:00 -0700,2021-11-14 13:00:00 -0700,26
MyNetDiary,g,2021-11-14 13:00:00 -0700,2021-11-14 13:00:00 -0700,2.5
MyNetDiary,g,2021-11-14 13:00:00 -0700,2021-11-14 13:00:00 -0700,1.2
MyNetDiary,g,2021-11-14 13:00:00 -0700,2021-11-14 13:00:00 -0700,26
MyNetDiary,g,2021-11-14 19:00:00 -0700,2021-11-14 19:00:00 -0700,0.8
MyNetDiary,g,2021-11-14 19:00:00 -0700,2021-11-14 19:00:00 -0700,9.4
MyNetDiary,g,2021-11-14 19:00:00 -0700,2021-11-14 19:00:00 -0700,21.5
MyNetDiary,g,2021-11-14 19:00:00 -0700,2021-11-14 19:00:00 -0700,6
MyNetDiary,g,2021-11-14 19:00:00 -0700,2021-11-14 19:00:00 -0700,28
MyNetDiary,g,2021-11-15 13:00:00 -0700,2021-11-15 13:00:00 -0700,0.6
MyNetDiary,g,2021-11-15 13:00:00 -0700,2021-11-15 13:00:00 -0700,1.2
MyNetDiary,g,2021-11-15 09:00:00 -0700,2021-11-15 09:00:00 -0700,24
MyNetDiary,g,2021-11-15 09:00:00 -0700,2021-11-15 09:00:00 -0700,7.3
MyNetDiary,g,2021-11-15 16:00:00 -0700,2021-11-15 16:00:00 -0700,10.9
MyNetDiary,g,2021-11-15 16:00:00 -0700,2021-11-15 16:00:00 -0700,12.2
MyNetDiary,g,2021-11-15 16:00:00 -0700,2021-11-15 16:00:00 -0700,50.4
MyNetDiary,g,2021-11-15 13:00:00 -0700,2021-11-15 13:00:00 -0700,38.1
MyNetDiary,g,2021-11-15 13:00:00 -0700,2021-11-15 13:00:00 -0700,2
MyNetDiary,g,2021-11-15 13:00:00 -0700,2021-11-15 13:00:00 -0700,1.8
MyNetDiary,g,2021-11-15 16:00:00 -0700,2021-11-15 16:00:00 -0700,0.4
MyNetDiary,g,2021-11-15 16:00:00 -0700,2021-11-15 16:00:00 -0700,10.1
MyNetDiary,g,2021-11-16 09:00:00 -0700,2021-11-16 09:00:00 -0700,0.6
MyNetDiary,g,2021-11-16 09:00:00 -0700,2021-11-16 09:00:00 -0700,0
MyNetDiary,g,2021-11-16 09:00:00 -0700,2021-11-16 09:00:00 -0700,50.4
MyNetDiary,g,2021-11-16 09:00:00 -0700,2021-11-16 09:00:00 -0700,12.8
MyNetDiary,g,2021-11-16 09:00:00 -0700,2021-11-16 09:00:00 -0700,0.6
MyNetDiary,g,2021-11-16 09:00:00 -0700,2021-11-16 09:00:00 -0700,6.6
MyNetDiary,g,2021-11-16 19:00:00 -0700,2021-11-16 19:00:00 -0700,22.8
MyNetDiary,g,2021-11-16 19:00:00 -0700,2021-11-16 19:00:00 -0700,0
MyNetDiary,g,2021-11-16 19:00:00 -0700,2021-11-16 19:00:00 -0700,17.8
MyNetDiary,g,2021-11-16 16:00:00 -0700,2021-11-16 16:00:00 -0700,9.8
MyNetDiary,g,2021-11-16 16:00:00 -0700,2021-11-16 16:00:00 -0700,17.3
MyNetDiary,g,2021-11-17 09:00:00 -0700,2021-11-17 09:00:00 -0700,4
MyNetDiary,g,2021-11-17 09:00:00 -0700,2021-11-17 09:00:00 -0700,30
MyNetDiary,g,2021-11-17 09:00:00 -0700,2021-11-17 09:00:00 -0700,0.8
MyNetDiary,g,2021-11-17 09:00:00 -0700,2021-11-17 09:00:00 -0700,1
MyNetDiary,g,2021-11-17 09:00:00 -0700,2021-11-17 09:00:00 -0700,0.5
MyNetDiary,g,2021-11-17 13:00:00 -0700,2021-11-17 13:00:00 -0700,62
MyNetDiary,g,2021-11-17 13:00:00 -0700,2021-11-17 13:00:00 -0700,72
MyNetDiary,g,2021-11-17 13:00:00 -0700,2021-11-17 13:00:00 -0700,0
MyNetDiary,g,2021-11-18 09:00:00 -0700,2021-11-18 09:00:00 -0700,9.4
MyNetDiary,g,2021-11-18 09:00:00 -0700,2021-11-18 09:00:00 -0700,0.6
MyNetDiary,g,2021-11-18 09:00:00 -0700,2021-11-18 09:00:00 -0700,70.5
MyNetDiary,g,2021-11-18 09:00:00 -0700,2021-11-18 09:00:00 -0700,3.5
MyNetDiary,g,2021-11-18 19:00:00 -0700,2021-11-18 19:00:00 -0700,80.1
MyNetDiary,g,2021-11-18 19:00:00 -0700,2021-11-18 19:00:00 -0700,16
MyNetDiary,g,2021-11-18 19:00:00 -0700,2021-11-18 19:00:00 -0700,1.4
MyNetDiary,g,2021-11-18 16:00:00 -0700,2021-11-18 16:00:00 -0700,35
MyNetDiary,g,2021-11-19 09:00:00 -0700,2021-11-19 09:00:00 -0700,35.3
MyNetDiary,g,2021-11-19 09:00:00 -0700,2021-11-19 09:00:00 -0700,3.5
MyNetDiary,g,2021-11-19 09:00:00 -0700,2021-11-19 09:00:00 -0700,8.1
MyNetDiary,g,2021-11-21 09:00:00 -0700,2021-11-21 09:00:00 -0700,70.5
MyNetDiary,g,2021-11-21 09:00:00 -0700,2021-11-21 09:00:00 -0700,7
MyNetDiary,g,2021-11-21 13:00:00 -0700,2021-11-21 13:00:00 -0700,19.4
MyNetDiary,g,2021-11-21 13:00:00 -0700,2021-11-21 13:00:00 -0700,11.8
MyNetDiary,g,2021-11-22 09:00:00 -0700,2021-11-22 09:00:00 -0700,44.7
MyNetDiary,g,2021-11-22 09:00:00 -0700,2021-11-22 09:00:00 -0700,13.3
MyNetDiary,g,2021-11-22 13:00:00 -0700,2021-11-22 13:00:00 -0700,1.4
MyNetDiary,g,2021-11-23 09:00:00 -0700,2021-11-23 09:00:00 -0700,1.4
MyNetDiary,g,2021-11-23 09:00:00 -0700,2021-11-23 09:00:00 -0700,40
MyNetDiary,g,2021-11-23 09:00:00 -0700,2021-11-23 09:00:00 -0700,7.1
MyNetDiary,g,2019-06-19 08:00:00 -0700,2019-06-19 08:00:00 -0700,39
MyNetDiary,g,2019-06-19 08:00:00 -0700,2019-06-19 08:00:00 -0700,3
MyNetDiary,g,2019-06-20 08:00:00 -0700,2019-06-20 08:00:00 -0700,11
MyNetDiary,g,2019-06-23 08:00:00 -0700,2019-06-23 08:00:00 -0700,0
MyNetDiary,g,2019-06-23 08:00:00 -0700,2019-06-23 08:00:00 -0700,1
MyNetDiary,g,2019-06-23 15:00:00 -0700,2019-06-23 15:00:00 -0700,9
MyNetDiary,g,2019-06-23 15:00:00 -0700,2019-06-23 15:00:00 -0700,12
MyNetDiary,g,2019-06-23 15:00:00 -0700,2019-06-23 15:00:00 -0700,7
MyNetDiary,g,2019-06-23 08:00:00 -0700,2019-06-23 08:00:00 -0700,13
MyNetDiary,g,2019-06-22 18:00:00 -0700,2019-06-22 18:00:00 -0700,51
MyNetDiary,g,2019-06-22 18:00:00 -0700,2019-06-22 18:00:00 -0700,38
MyNetDiary,g,2019-06-23 08:00:00 -0700,2019-06-23 08:00:00 -0700,39
MyNetDiary,g,2019-06-23 08:00:00 -0700,2019-06-23 08:00:00 -0700,0
MyNetDiary,g,2019-06-23 08:00:00 -0700,2019-06-23 08:00:00 -0700,1
MyNetDiary,g,2019-06-23 15:00:00 -0700,2019-06-23 15:00:00 -0700,23
MyNetDiary,g,2019-06-23 15:00:00 -0700,2019-06-23 15:00:00 -0700,2
MyNetDiary,g,2019-06-24 08:00:00 -0700,2019-06-24 08:00:00 -0700,2
MyNetDiary,g,2019-06-24 08:00:00 -0700,2019-06-24 08:00:00 -0700,14
MyNetDiary,g,2019-06-24 08:00:00 -0700,2019-06-24 08:00:00 -0700,2
MyNetDiary,g,2019-06-24 08:00:00 -0700,2019-06-24 08:00:00 -0700,21
MyNetDiary,g,2019-06-24 08:00:00 -0700,2019-06-24 08:00:00 -0700,2
MyNetDiary,g,2019-06-24 12:00:00 -0700,2019-06-24 12:00:00 -0700,0
MyNetDiary,g,2019-06-24 12:00:00 -0700,2019-06-24 12:00:00 -0700,4
MyNetDiary,g,2019-06-24 12:00:00 -0700,2019-06-24 12:00:00 -0700,3
MyNetDiary,g,2019-06-24 18:00:00 -0700,2019-06-24 18:00:00 -0700,22
MyNetDiary,g,2019-06-24 18:00:00 -0700,2019-06-24 18:00:00 -0700,2
MyNetDiary,g,2019-06-24 18:00:00 -0700,2019-06-24 18:00:00 -0700,62
MyNetDiary,g,2019-06-24 18:00:00 -0700,2019-06-24 18:00:00 -0700,1
MyNetDiary,g,2019-06-24 15:00:00 -0700,2019-06-24 15:00:00 -0700,15
MyNetDiary,g,2019-06-24 15:00:00 -0700,2019-06-24 15:00:00 -0700,17
MyNetDiary,g,2019-06-24 18:00:00 -0700,2019-06-24 18:00:00 -0700,12
MyNetDiary,g,2019-06-24 18:00:00 -0700,2019-06-24 18:00:00 -0700,1
MyNetDiary,g,2019-06-24 08:00:00 -0700,2019-06-24 08:00:00 -0700,16
MyNetDiary,g,2019-06-25 08:00:00 -0700,2019-06-25 08:00:00 -0700,3
MyNetDiary,g,2019-06-25 08:00:00 -0700,2019-06-25 08:00:00 -0700,12
MyNetDiary,g,2019-06-25 08:00:00 -0700,2019-06-25 08:00:00 -0700,5
MyNetDiary,g,2019-06-25 08:00:00 -0700,2019-06-25 08:00:00 -0700,3
MyNetDiary,g,2019-06-25 08:00:00 -0700,2019-06-25 08:00:00 -0700,2
MyNetDiary,g,2019-06-25 08:00:00 -0700,2019-06-25 08:00:00 -0700,0
MyNetDiary,g,2019-06-25 08:00:00 -0700,2019-06-25 08:00:00 -0700,0
MyNetDiary,g,2019-06-25 08:00:00 -0700,2019-06-25 08:00:00 -0700,1
MyNetDiary,g,2019-06-25 08:00:00 -0700,2019-06-25 08:00:00 -0700,6
MyNetDiary,g,2019-06-25 08:00:00 -0700,2019-06-25 08:00:00 -0700,18
MyNetDiary,g,2019-06-25 12:00:00 -0700,2019-06-25 12:00:00 -0700,14
MyNetDiary,g,2019-06-25 18:00:00 -0700,2019-06-25 18:00:00 -0700,13
MyNetDiary,g,2019-06-25 18:00:00 -0700,2019-06-25 18:00:00 -0700,2
MyNetDiary,g,2019-06-25 18:00:00 -0700,2019-06-25 18:00:00 -0700,13
MyNetDiary,g,2019-06-25 18:00:00 -0700,2019-06-25 18:00:00 -0700,15
MyNetDiary,g,2019-06-26 08:00:00 -0700,2019-06-26 08:00:00 -0700,2
MyNetDiary,g,2019-06-26 08:00:00 -0700,2019-06-26 08:00:00 -0700,8
MyNetDiary,g,2019-06-26 08:00:00 -0700,2019-06-26 08:00:00 -0700,8
MyNetDiary,g,2019-06-26 08:00:00 -0700,2019-06-26 08:00:00 -0700,8
MyNetDiary,g,2019-06-26 08:00:00 -0700,2019-06-26 08:00:00 -0700,3
MyNetDiary,g,2019-06-26 08:00:00 -0700,2019-06-26 08:00:00 -0700,2
MyNetDiary,g,2019-06-26 08:00:00 -0700,2019-06-26 08:00:00 -0700,5
MyNetDiary,g,2019-06-25 18:00:00 -0700,2019-06-25 18:00:00 -0700,9
MyNetDiary,g,2019-06-26 08:00:00 -0700,2019-06-26 08:00:00 -0700,9
MyNetDiary,g,2019-06-26 08:00:00 -0700,2019-06-26 08:00:00 -0700,0
MyNetDiary,g,2019-07-03 12:00:00 -0700,2019-07-03 12:00:00 -0700,2
MyNetDiary,g,2019-07-03 12:00:00 -0700,2019-07-03 12:00:00 -0700,5
MyNetDiary,g,2019-07-03 12:00:00 -0700,2019-07-03 12:00:00 -0700,5
MyNetDiary,g,2019-07-03 12:00:00 -0700,2019-07-03 12:00:00 -0700,1
MyNetDiary,g,2019-07-03 12:00:00 -0700,2019-07-03 12:00:00 -0700,14
MyNetDiary,g,2019-07-03 12:00:00 -0700,2019-07-03 12:00:00 -0700,2
MyNetDiary,g,2019-07-03 12:00:00 -0700,2019-07-03 12:00:00 -0700,4
MyNetDiary,g,2019-07-03 12:00:00 -0700,2019-07-03 12:00:00 -0700,11
MyNetDiary,g,2019-07-02 15:00:00 -0700,2019-07-02 15:00:00 -0700,16
MyNetDiary,g,2019-07-03 15:00:00 -0700,2019-07-03 15:00:00 -0700,13
MyNetDiary,g,2019-07-03 15:00:00 -0700,2019-07-03 15:00:00 -0700,26
MyNetDiary,g,2019-07-04 18:00:00 -0700,2019-07-04 18:00:00 -0700,0
MyNetDiary,g,2019-07-04 18:00:00 -0700,2019-07-04 18:00:00 -0700,0
MyNetDiary,g,2019-07-04 18:00:00 -0700,2019-07-04 18:00:00 -0700,4
MyNetDiary,g,2019-07-04 18:00:00 -0700,2019-07-04 18:00:00 -0700,0
MyNetDiary,g,2019-07-04 18:00:00 -0700,2019-07-04 18:00:00 -0700,32
MyNetDiary,g,2019-07-04 18:00:00 -0700,2019-07-04 18:00:00 -0700,3
MyNetDiary,g,2019-07-04 18:00:00 -0700,2019-07-04 18:00:00 -0700,31
MyNetDiary,g,2019-07-04 15:00:00 -0700,2019-07-04 15:00:00 -0700,7
MyNetDiary,g,2019-07-04 15:00:00 -0700,2019-07-04 15:00:00 -0700,4
MyNetDiary,g,2019-07-04 15:00:00 -0700,2019-07-04 15:00:00 -0700,30
MyNetDiary,g,2019-07-04 18:00:00 -0700,2019-07-04 18:00:00 -0700,24
MyNetDiary,g,2019-07-05 12:00:00 -0700,2019-07-05 12:00:00 -0700,0
MyNetDiary,g,2019-07-05 12:00:00 -0700,2019-07-05 12:00:00 -0700,1
MyNetDiary,g,2019-07-05 08:00:00 -0700,2019-07-05 08:00:00 -0700,1
MyNetDiary,g,2019-07-05 18:00:00 -0700,2019-07-05 18:00:00 -0700,18
MyNetDiary,g,2019-07-05 15:00:00 -0700,2019-07-05 15:00:00 -0700,79
MyNetDiary,g,2019-07-08 08:00:00 -0700,2019-07-08 08:00:00 -0700,27
MyNetDiary,g,2019-07-08 08:00:00 -0700,2019-07-08 08:00:00 -0700,14
MyNetDiary,g,2019-07-08 08:00:00 -0700,2019-07-08 08:00:00 -0700,4
MyNetDiary,g,2019-07-08 15:00:00 -0700,2019-07-08 15:00:00 -0700,4
MyNetDiary,g,2019-07-08 15:00:00 -0700,2019-07-08 15:00:00 -0700,6
MyNetDiary,g,2019-07-08 12:00:00 -0700,2019-07-08 12:00:00 -0700,13
MyNetDiary,g,2019-07-08 18:00:00 -0700,2019-07-08 18:00:00 -0700,12
MyNetDiary,g,2019-07-08 18:00:00 -0700,2019-07-08 18:00:00 -0700,13
MyNetDiary,g,2019-07-08 18:00:00 -0700,2019-07-08 18:00:00 -0700,28
MyNetDiary,g,2019-07-08 15:00:00 -0700,2019-07-08 15:00:00 -0700,13
MyNetDiary,g,2019-07-09 08:00:00 -0700,2019-07-09 08:00:00 -0700,0
MyNetDiary,g,2019-07-09 08:00:00 -0700,2019-07-09 08:00:00 -0700,3
MyNetDiary,g,2019-07-09 08:00:00 -0700,2019-07-09 08:00:00 -0700,3
MyNetDiary,g,2019-07-09 08:00:00 -0700,2019-07-09 08:00:00 -0700,2
MyNetDiary,g,2019-07-09 12:00:00 -0700,2019-07-09 12:00:00 -0700,14
MyNetDiary,g,2019-07-09 12:00:00 -0700,2019-07-09 12:00:00 -0700,4
MyNetDiary,g,2019-07-09 12:00:00 -0700,2019-07-09 12:00:00 -0700,1
MyNetDiary,g,2019-07-09 12:00:00 -0700,2019-07-09 12:00:00 -0700,27
MyNetDiary,g,2019-07-09 12:00:00 -0700,2019-07-09 12:00:00 -0700,14
MyNetDiary,g,2019-07-09 19:36:00 -0700,2019-07-09 19:36:00 -0700,14
MyNetDiary,g,2019-07-09 18:00:00 -0700,2019-07-09 18:00:00 -0700,0
MyNetDiary,g,2019-07-09 18:00:00 -0700,2019-07-09 18:00:00 -0700,12
MyNetDiary,g,2019-07-09 15:00:00 -0700,2019-07-09 15:00:00 -0700,8
MyNetDiary,g,2019-07-09 18:00:00 -0700,2019-07-09 18:00:00 -0700,2
MyNetDiary,g,2019-07-09 15:00:00 -0700,2019-07-09 15:00:00 -0700,10
MyNetDiary,g,2019-07-10 08:00:00 -0700,2019-07-10 08:00:00 -0700,38
MyNetDiary,g,2019-07-10 12:00:00 -0700,2019-07-10 12:00:00 -0700,1
MyNetDiary,g,2019-07-09 15:00:00 -0700,2019-07-09 15:00:00 -0700,8
MyNetDiary,g,2019-07-09 18:00:00 -0700,2019-07-09 18:00:00 -0700,13
MyNetDiary,g,2019-07-09 18:00:00 -0700,2019-07-09 18:00:00 -0700,0
MyNetDiary,g,2019-07-10 12:00:00 -0700,2019-07-10 12:00:00 -0700,2
MyNetDiary,g,2019-07-10 12:00:00 -0700,2019-07-10 12:00:00 -0700,8
MyNetDiary,g,2019-07-10 12:00:00 -0700,2019-07-10 12:00:00 -0700,4
MyNetDiary,g,2019-07-10 12:00:00 -0700,2019-07-10 12:00:00 -0700,9
MyNetDiary,g,2019-07-10 11:04:00 -0700,2019-07-10 11:04:00 -0700,0
MyNetDiary,g,2019-07-10 08:00:00 -0700,2019-07-10 08:00:00 -0700,1
MyNetDiary,g,2019-07-10 11:15:00 -0700,2019-07-10 11:15:00 -0700,7
MyNetDiary,g,2019-07-10 12:16:00 -0700,2019-07-10 12:16:00 -0700,3
MyNetDiary,g,2019-07-10 13:23:00 -0700,2019-07-10 13:23:00 -0700,5
MyNetDiary,g,2019-07-10 15:45:00 -0700,2019-07-10 15:45:00 -0700,13
MyNetDiary,g,2019-07-10 15:55:00 -0700,2019-07-10 15:55:00 -0700,3
MyNetDiary,g,2019-07-10 15:55:00 -0700,2019-07-10 15:55:00 -0700,2
MyNetDiary,g,2019-07-10 12:00:00 -0700,2019-07-10 12:00:00 -0700,0
MyNetDiary,g,2019-07-10 12:15:00 -0700,2019-07-10 12:15:00 -0700,1
MyNetDiary,g,2019-07-10 12:16:00 -0700,2019-07-10 12:16:00 -0700,2
MyNetDiary,g,2019-07-10 12:16:00 -0700,2019-07-10 12:16:00 -0700,10
MyNetDiary,g,2019-07-10 12:16:00 -0700,2019-07-10 12:16:00 -0700,10
MyNetDiary,g,2019-07-10 18:00:00 -0700,2019-07-10 18:00:00 -0700,45
MyNetDiary,g,2019-07-10 12:15:00 -0700,2019-07-10 12:15:00 -0700,0
MyNetDiary,g,2019-07-10 12:15:00 -0700,2019-07-10 12:15:00 -0700,0
MyNetDiary,g,2019-07-11 08:00:00 -0700,2019-07-11 08:00:00 -0700,0
MyNetDiary,g,2019-07-11 08:00:00 -0700,2019-07-11 08:00:00 -0700,1
MyNetDiary,g,2019-07-11 12:00:00 -0700,2019-07-11 12:00:00 -0700,0
MyNetDiary,g,2019-07-11 12:00:00 -0700,2019-07-11 12:00:00 -0700,0
MyNetDiary,g,2019-07-11 08:00:00 -0700,2019-07-11 08:00:00 -0700,29
MyNetDiary,g,2019-07-11 08:00:00 -0700,2019-07-11 08:00:00 -0700,11
MyNetDiary,g,2019-07-11 12:00:00 -0700,2019-07-11 12:00:00 -0700,2
MyNetDiary,g,2019-07-11 12:00:00 -0700,2019-07-11 12:00:00 -0700,3
MyNetDiary,g,2019-07-11 12:00:00 -0700,2019-07-11 12:00:00 -0700,0
MyNetDiary,g,2019-07-11 12:00:00 -0700,2019-07-11 12:00:00 -0700,6
MyNetDiary,g,2019-07-11 12:00:00 -0700,2019-07-11 12:00:00 -0700,0
MyNetDiary,g,2019-07-11 12:00:00 -0700,2019-07-11 12:00:00 -0700,7
MyNetDiary,g,2019-07-11 10:51:00 -0700,2019-07-11 10:51:00 -0700,41
MyNetDiary,g,2019-07-11 13:32:00 -0700,2019-07-11 13:32:00 -0700,22
MyNetDiary,g,2019-07-11 10:51:00 -0700,2019-07-11 10:51:00 -0700,2
MyNetDiary,g,2019-07-11 12:00:00 -0700,2019-07-11 12:00:00 -0700,5
MyNetDiary,g,2019-07-11 15:42:00 -0700,2019-07-11 15:42:00 -0700,7
MyNetDiary,g,2019-07-11 21:26:00 -0700,2019-07-11 21:26:00 -0700,50
MyNetDiary,g,2019-07-11 21:26:00 -0700,2019-07-11 21:26:00 -0700,13
MyNetDiary,g,2019-07-11 21:26:00 -0700,2019-07-11 21:26:00 -0700,4
MyNetDiary,g,2019-07-11 22:02:00 -0700,2019-07-11 22:02:00 -0700,10
MyNetDiary,g,2019-07-12 22:35:00 -0700,2019-07-12 22:35:00 -0700,1
MyNetDiary,g,2019-07-12 22:35:00 -0700,2019-07-12 22:35:00 -0700,0
MyNetDiary,g,2019-07-12 22:35:00 -0700,2019-07-12 22:35:00 -0700,0
MyNetDiary,g,2019-07-12 22:35:00 -0700,2019-07-12 22:35:00 -0700,0
MyNetDiary,g,2019-07-12 22:36:00 -0700,2019-07-12 22:36:00 -0700,13
MyNetDiary,g,2019-07-12 22:36:00 -0700,2019-07-12 22:36:00 -0700,4
MyNetDiary,g,2019-07-12 22:36:00 -0700,2019-07-12 22:36:00 -0700,7
MyNetDiary,g,2019-07-12 22:36:00 -0700,2019-07-12 22:36:00 -0700,37
MyNetDiary,g,2019-07-12 22:35:00 -0700,2019-07-12 22:35:00 -0700,0
MyNetDiary,g,2019-07-12 22:35:00 -0700,2019-07-12 22:35:00 -0700,34
MyNetDiary,g,2019-07-12 22:35:00 -0700,2019-07-12 22:35:00 -0700,0
MyNetDiary,g,2019-07-12 22:35:00 -0700,2019-07-12 22:35:00 -0700,5
MyNetDiary,g,2019-07-12 22:35:00 -0700,2019-07-12 22:35:00 -0700,8
MyNetDiary,g,2019-07-12 22:35:00 -0700,2019-07-12 22:35:00 -0700,2
MyNetDiary,g,2019-07-12 22:35:00 -0700,2019-07-12 22:35:00 -0700,6
MyNetDiary,g,2019-07-12 09:37:00 -0700,2019-07-12 09:37:00 -0700,14
MyNetDiary,g,2019-07-12 22:36:00 -0700,2019-07-12 22:36:00 -0700,3
MyNetDiary,g,2019-07-12 15:00:00 -0700,2019-07-12 15:00:00 -0700,6
MyNetDiary,g,2019-07-12 19:56:00 -0700,2019-07-12 19:56:00 -0700,2
MyNetDiary,g,2019-07-13 08:00:00 -0700,2019-07-13 08:00:00 -0700,40
MyNetDiary,g,2019-07-13 08:00:00 -0700,2019-07-13 08:00:00 -0700,0
MyNetDiary,g,2019-07-13 08:00:00 -0700,2019-07-13 08:00:00 -0700,8
MyNetDiary,g,2019-07-15 08:00:00 -0700,2019-07-15 08:00:00 -0700,20
MyNetDiary,g,2019-07-15 08:00:00 -0700,2019-07-15 08:00:00 -0700,3
MyNetDiary,g,2019-07-15 08:00:00 -0700,2019-07-15 08:00:00 -0700,45
MyNetDiary,g,2019-07-15 08:00:00 -0700,2019-07-15 08:00:00 -0700,1
MyNetDiary,g,2019-07-15 08:00:00 -0700,2019-07-15 08:00:00 -0700,1
MyNetDiary,g,2019-07-15 08:00:00 -0700,2019-07-15 08:00:00 -0700,18
MyNetDiary,g,2019-07-15 12:00:00 -0700,2019-07-15 12:00:00 -0700,52
MyNetDiary,g,2019-07-15 12:00:00 -0700,2019-07-15 12:00:00 -0700,0
MyNetDiary,g,2019-07-15 18:00:00 -0700,2019-07-15 18:00:00 -0700,6
MyNetDiary,g,2019-07-15 18:00:00 -0700,2019-07-15 18:00:00 -0700,2
MyNetDiary,g,2019-07-15 18:00:00 -0700,2019-07-15 18:00:00 -0700,1
MyNetDiary,g,2019-07-15 15:00:00 -0700,2019-07-15 15:00:00 -0700,18
MyNetDiary,g,2019-07-15 15:00:00 -0700,2019-07-15 15:00:00 -0700,1
MyNetDiary,g,2019-07-15 15:00:00 -0700,2019-07-15 15:00:00 -0700,4
MyNetDiary,g,2019-07-15 18:00:00 -0700,2019-07-15 18:00:00 -0700,0
MyNetDiary,g,2019-07-16 21:37:00 -0700,2019-07-16 21:37:00 -0700,0
MyNetDiary,g,2019-07-16 21:37:00 -0700,2019-07-16 21:37:00 -0700,54
MyNetDiary,g,2019-07-16 21:38:00 -0700,2019-07-16 21:38:00 -0700,18
MyNetDiary,g,2019-07-16 21:38:00 -0700,2019-07-16 21:38:00 -0700,3
MyNetDiary,g,2019-07-16 21:38:00 -0700,2019-07-16 21:38:00 -0700,5
MyNetDiary,g,2019-07-16 21:40:00 -0700,2019-07-16 21:40:00 -0700,1
MyNetDiary,g,2019-07-16 21:40:00 -0700,2019-07-16 21:40:00 -0700,0
MyNetDiary,g,2019-07-16 21:40:00 -0700,2019-07-16 21:40:00 -0700,1
MyNetDiary,g,2019-07-17 10:54:00 -0700,2019-07-17 10:54:00 -0700,36
MyNetDiary,g,2019-07-17 10:54:00 -0700,2019-07-17 10:54:00 -0700,1
MyNetDiary,g,2019-07-17 15:24:00 -0700,2019-07-17 15:24:00 -0700,14
MyNetDiary,g,2019-07-17 15:36:00 -0700,2019-07-17 15:36:00 -0700,21
MyNetDiary,g,2019-07-17 18:40:00 -0700,2019-07-17 18:40:00 -0700,10
MyNetDiary,g,2019-07-18 08:00:00 -0700,2019-07-18 08:00:00 -0700,13
MyNetDiary,g,2019-07-18 08:00:00 -0700,2019-07-18 08:00:00 -0700,4
MyNetDiary,g,2019-07-18 08:00:00 -0700,2019-07-18 08:00:00 -0700,10
MyNetDiary,g,2019-07-18 08:00:00 -0700,2019-07-18 08:00:00 -0700,4
MyNetDiary,g,2019-07-18 08:00:00 -0700,2019-07-18 08:00:00 -0700,2
MyNetDiary,g,2019-07-17 22:29:00 -0700,2019-07-17 22:29:00 -0700,9
MyNetDiary,g,2019-07-18 08:00:00 -0700,2019-07-18 08:00:00 -0700,4
MyNetDiary,g,2019-07-17 19:55:00 -0700,2019-07-17 19:55:00 -0700,1
MyNetDiary,g,2019-07-17 19:55:00 -0700,2019-07-17 19:55:00 -0700,1
MyNetDiary,g,2019-07-18 19:55:00 -0700,2019-07-18 19:55:00 -0700,5
MyNetDiary,g,2019-07-18 19:55:00 -0700,2019-07-18 19:55:00 -0700,3
MyNetDiary,g,2019-07-18 19:55:00 -0700,2019-07-18 19:55:00 -0700,1
MyNetDiary,g,2019-07-17 19:55:00 -0700,2019-07-17 19:55:00 -0700,3
MyNetDiary,g,2019-07-18 19:55:00 -0700,2019-07-18 19:55:00 -0700,4
MyNetDiary,g,2019-07-18 08:00:00 -0700,2019-07-18 08:00:00 -0700,24
MyNetDiary,g,2019-07-18 08:00:00 -0700,2019-07-18 08:00:00 -0700,22
MyNetDiary,g,2019-07-18 08:00:00 -0700,2019-07-18 08:00:00 -0700,1
MyNetDiary,g,2019-07-18 08:00:00 -0700,2019-07-18 08:00:00 -0700,4
MyNetDiary,g,2019-07-18 11:13:00 -0700,2019-07-18 11:13:00 -0700,1
MyNetDiary,g,2019-07-18 15:00:00 -0700,2019-07-18 15:00:00 -0700,10
MyNetDiary,g,2019-07-18 11:13:00 -0700,2019-07-18 11:13:00 -0700,2
MyNetDiary,g,2019-07-18 19:55:00 -0700,2019-07-18 19:55:00 -0700,2
MyNetDiary,g,2019-07-18 19:55:00 -0700,2019-07-18 19:55:00 -0700,13
MyNetDiary,g,2019-07-19 21:44:00 -0700,2019-07-19 21:44:00 -0700,13
MyNetDiary,g,2019-07-19 21:44:00 -0700,2019-07-19 21:44:00 -0700,4
MyNetDiary,g,2019-07-19 21:44:00 -0700,2019-07-19 21:44:00 -0700,10
MyNetDiary,g,2019-07-19 21:44:00 -0700,2019-07-19 21:44:00 -0700,2
MyNetDiary,g,2019-07-19 21:44:00 -0700,2019-07-19 21:44:00 -0700,24
MyNetDiary,g,2019-07-19 21:44:00 -0700,2019-07-19 21:44:00 -0700,22
MyNetDiary,g,2019-07-19 21:44:00 -0700,2019-07-19 21:44:00 -0700,1
MyNetDiary,g,2019-07-19 21:44:00 -0700,2019-07-19 21:44:00 -0700,4
MyNetDiary,g,2019-07-19 21:44:00 -0700,2019-07-19 21:44:00 -0700,4
MyNetDiary,g,2019-07-19 21:44:00 -0700,2019-07-19 21:44:00 -0700,4
MyNetDiary,g,2019-07-21 13:37:00 -0700,2019-07-21 13:37:00 -0700,23
MyNetDiary,g,2019-07-24 07:46:00 -0700,2019-07-24 07:46:00 -0700,2
MyNetDiary,g,2019-07-24 07:46:00 -0700,2019-07-24 07:46:00 -0700,7
MyNetDiary,g,2019-07-24 11:03:00 -0700,2019-07-24 11:03:00 -0700,27
MyNetDiary,g,2019-07-24 12:35:00 -0700,2019-07-24 12:35:00 -0700,0
MyNetDiary,g,2019-07-24 12:35:00 -0700,2019-07-24 12:35:00 -0700,3
MyNetDiary,g,2019-07-24 12:35:00 -0700,2019-07-24 12:35:00 -0700,0
MyNetDiary,g,2019-07-24 12:35:00 -0700,2019-07-24 12:35:00 -0700,12
MyNetDiary,g,2019-07-24 12:35:00 -0700,2019-07-24 12:35:00 -0700,2
MyNetDiary,g,2019-07-24 12:35:00 -0700,2019-07-24 12:35:00 -0700,2
MyNetDiary,g,2019-07-24 12:35:00 -0700,2019-07-24 12:35:00 -0700,16
MyNetDiary,g,2019-07-24 07:46:00 -0700,2019-07-24 07:46:00 -0700,1
MyNetDiary,g,2019-07-24 07:46:00 -0700,2019-07-24 07:46:00 -0700,26
MyNetDiary,g,2019-07-25 13:59:00 -0700,2019-07-25 13:59:00 -0700,2
MyNetDiary,g,2019-07-24 14:29:00 -0700,2019-07-24 14:29:00 -0700,10
MyNetDiary,g,2019-07-24 14:59:00 -0700,2019-07-24 14:59:00 -0700,13
MyNetDiary,g,2019-07-24 15:54:00 -0700,2019-07-24 15:54:00 -0700,4
MyNetDiary,g,2019-07-24 19:31:00 -0700,2019-07-24 19:31:00 -0700,26
MyNetDiary,g,2019-07-24 20:17:00 -0700,2019-07-24 20:17:00 -0700,14
MyNetDiary,g,2019-07-24 19:29:00 -0700,2019-07-24 19:29:00 -0700,21
MyNetDiary,g,2019-07-25 13:59:00 -0700,2019-07-25 13:59:00 -0700,104
MyNetDiary,g,2019-07-25 08:35:00 -0700,2019-07-25 08:35:00 -0700,13
MyNetDiary,g,2019-07-25 08:35:00 -0700,2019-07-25 08:35:00 -0700,9
MyNetDiary,g,2019-07-25 17:12:00 -0700,2019-07-25 17:12:00 -0700,0
MyNetDiary,g,2019-07-25 17:12:00 -0700,2019-07-25 17:12:00 -0700,12
MyNetDiary,g,2019-07-25 17:12:00 -0700,2019-07-25 17:12:00 -0700,15
MyNetDiary,g,2019-07-25 17:15:00 -0700,2019-07-25 17:15:00 -0700,5
MyNetDiary,g,2019-07-25 17:32:00 -0700,2019-07-25 17:32:00 -0700,34
MyNetDiary,g,2019-07-25 17:14:00 -0700,2019-07-25 17:14:00 -0700,13
MyNetDiary,g,2019-07-26 23:53:00 -0700,2019-07-26 23:53:00 -0700,2
MyNetDiary,g,2019-07-26 23:53:00 -0700,2019-07-26 23:53:00 -0700,53
MyNetDiary,g,2019-07-26 09:50:00 -0700,2019-07-26 09:50:00 -0700,31
MyNetDiary,g,2019-07-26 09:50:00 -0700,2019-07-26 09:50:00 -0700,11
MyNetDiary,g,2019-07-26 23:53:00 -0700,2019-07-26 23:53:00 -0700,12
MyNetDiary,g,2019-07-26 23:53:00 -0700,2019-07-26 23:53:00 -0700,5
MyNetDiary,g,2019-07-26 23:53:00 -0700,2019-07-26 23:53:00 -0700,4
MyNetDiary,g,2019-07-26 23:53:00 -0700,2019-07-26 23:53:00 -0700,1
MyNetDiary,g,2019-07-26 23:53:00 -0700,2019-07-26 23:53:00 -0700,6
MyNetDiary,g,2019-07-26 23:53:00 -0700,2019-07-26 23:53:00 -0700,19
MyNetDiary,g,2019-07-26 15:12:00 -0700,2019-07-26 15:12:00 -0700,40
MyNetDiary,g,2019-07-26 15:12:00 -0700,2019-07-26 15:12:00 -0700,16
MyNetDiary,g,2019-07-27 09:06:00 -0700,2019-07-27 09:06:00 -0700,68
MyNetDiary,g,2019-07-27 09:06:00 -0700,2019-07-27 09:06:00 -0700,1
MyNetDiary,g,2019-08-01 08:00:00 -0700,2019-08-01 08:00:00 -0700,15
MyNetDiary,g,2019-08-01 08:00:00 -0700,2019-08-01 08:00:00 -0700,3
MyNetDiary,g,2019-08-01 08:00:00 -0700,2019-08-01 08:00:00 -0700,10
MyNetDiary,g,2019-08-01 08:00:00 -0700,2019-08-01 08:00:00 -0700,2
MyNetDiary,g,2019-08-01 08:00:00 -0700,2019-08-01 08:00:00 -0700,19
MyNetDiary,g,2019-08-01 08:00:00 -0700,2019-08-01 08:00:00 -0700,68
MyNetDiary,g,2019-08-01 08:00:00 -0700,2019-08-01 08:00:00 -0700,2
MyNetDiary,g,2019-08-02 16:51:00 -0700,2019-08-02 16:51:00 -0700,2
MyNetDiary,g,2019-08-03 08:44:00 -0700,2019-08-03 08:44:00 -0700,10
MyNetDiary,g,2019-08-03 08:52:00 -0700,2019-08-03 08:52:00 -0700,50
MyNetDiary,g,2019-08-03 19:23:00 -0700,2019-08-03 19:23:00 -0700,2
MyNetDiary,g,2019-08-03 22:54:00 -0700,2019-08-03 22:54:00 -0700,9
MyNetDiary,g,2019-08-03 22:54:00 -0700,2019-08-03 22:54:00 -0700,0
MyNetDiary,g,2019-08-03 22:54:00 -0700,2019-08-03 22:54:00 -0700,4
MyNetDiary,g,2019-08-03 22:54:00 -0700,2019-08-03 22:54:00 -0700,4
MyNetDiary,g,2019-08-03 22:54:00 -0700,2019-08-03 22:54:00 -0700,7
MyNetDiary,g,2019-08-03 22:54:00 -0700,2019-08-03 22:54:00 -0700,2
MyNetDiary,g,2019-08-03 22:54:00 -0700,2019-08-03 22:54:00 -0700,5
MyNetDiary,g,2019-08-03 22:54:00 -0700,2019-08-03 22:54:00 -0700,3
MyNetDiary,g,2019-08-03 22:54:00 -0700,2019-08-03 22:54:00 -0700,15
MyNetDiary,g,2019-08-03 22:54:00 -0700,2019-08-03 22:54:00 -0700,9
MyNetDiary,g,2019-09-30 11:36:00 -0700,2019-09-30 11:36:00 -0700,45
MyNetDiary,g,2019-09-30 11:36:00 -0700,2019-09-30 11:36:00 -0700,5
MyNetDiary,g,2019-11-13 00:52:00 -0700,2019-11-13 00:52:00 -0700,24
MyNetDiary,g,2019-11-13 00:52:00 -0700,2019-11-13 00:52:00 -0700,54
MyNetDiary,g,2019-11-13 00:52:00 -0700,2019-11-13 00:52:00 -0700,2
MyNetDiary,g,2019-11-13 00:52:00 -0700,2019-11-13 00:52:00 -0700,11
MyNetDiary,g,2019-11-13 00:55:00 -0700,2019-11-13 00:55:00 -0700,1
MyNetDiary,g,2019-11-13 00:55:00 -0700,2019-11-13 00:55:00 -0700,0
MyNetDiary,g,2019-11-13 00:55:00 -0700,2019-11-13 00:55:00 -0700,1
MyNetDiary,g,2019-11-14 13:00:00 -0700,2019-11-14 13:00:00 -0700,1
MyNetDiary,g,2019-11-20 16:09:00 -0700,2019-11-20 16:09:00 -0700,0
MyNetDiary,g,2019-11-20 16:09:00 -0700,2019-11-20 16:09:00 -0700,24
MyNetDiary,g,2019-11-20 16:09:00 -0700,2019-11-20 16:09:00 -0700,0
MyNetDiary,g,2019-11-20 16:09:00 -0700,2019-11-20 16:09:00 -0700,2
MyNetDiary,g,2019-11-20 16:10:00 -0700,2019-11-20 16:10:00 -0700,2
MyNetDiary,g,2019-11-20 16:10:00 -0700,2019-11-20 16:10:00 -0700,21
MyNetDiary,g,2019-11-20 16:10:00 -0700,2019-11-20 16:10:00 -0700,4
MyNetDiary,g,2019-04-24 08:00:00 -0700,2019-04-24 08:00:00 -0700,3
MyNetDiary,g,2019-04-24 08:00:00 -0700,2019-04-24 08:00:00 -0700,3
MyNetDiary,g,2019-04-24 08:00:00 -0700,2019-04-24 08:00:00 -0700,0
MyNetDiary,g,2019-04-24 08:00:00 -0700,2019-04-24 08:00:00 -0700,1
MyNetDiary,g,2019-04-24 15:00:00 -0700,2019-04-24 15:00:00 -0700,12
MyNetDiary,g,2019-04-24 15:00:00 -0700,2019-04-24 15:00:00 -0700,5
MyNetDiary,g,2019-04-24 15:00:00 -0700,2019-04-24 15:00:00 -0700,5
MyNetDiary,g,2019-04-24 12:00:00 -0700,2019-04-24 12:00:00 -0700,2
MyNetDiary,g,2019-04-24 12:00:00 -0700,2019-04-24 12:00:00 -0700,6
MyNetDiary,g,2019-04-24 12:00:00 -0700,2019-04-24 12:00:00 -0700,19
MyNetDiary,g,2019-04-24 12:00:00 -0700,2019-04-24 12:00:00 -0700,2
MyNetDiary,g,2019-04-24 15:00:00 -0700,2019-04-24 15:00:00 -0700,21
MyNetDiary,g,2019-04-24 15:00:00 -0700,2019-04-24 15:00:00 -0700,9
MyNetDiary,g,2019-04-24 08:00:00 -0700,2019-04-24 08:00:00 -0700,22
MyNetDiary,g,2019-04-24 18:00:00 -0700,2019-04-24 18:00:00 -0700,4
MyNetDiary,g,2019-04-24 18:00:00 -0700,2019-04-24 18:00:00 -0700,0
MyNetDiary,g,2019-04-24 18:00:00 -0700,2019-04-24 18:00:00 -0700,9
MyNetDiary,g,2019-04-24 18:00:00 -0700,2019-04-24 18:00:00 -0700,20
MyNetDiary,g,2019-04-24 18:00:00 -0700,2019-04-24 18:00:00 -0700,6
MyNetDiary,g,2019-04-24 18:00:00 -0700,2019-04-24 18:00:00 -0700,5
MyNetDiary,g,2019-04-24 08:00:00 -0700,2019-04-24 08:00:00 -0700,32
MyNetDiary,g,2019-04-24 15:00:00 -0700,2019-04-24 15:00:00 -0700,14
MyNetDiary,g,2019-04-24 15:00:00 -0700,2019-04-24 15:00:00 -0700,16
MyNetDiary,g,2019-04-25 08:00:00 -0700,2019-04-25 08:00:00 -0700,17
MyNetDiary,g,2019-04-25 08:00:00 -0700,2019-04-25 08:00:00 -0700,24
MyNetDiary,g,2019-04-25 08:00:00 -0700,2019-04-25 08:00:00 -0700,9
MyNetDiary,g,2019-04-25 08:00:00 -0700,2019-04-25 08:00:00 -0700,2
MyNetDiary,g,2019-04-25 08:00:00 -0700,2019-04-25 08:00:00 -0700,7
MyNetDiary,g,2019-04-25 08:00:00 -0700,2019-04-25 08:00:00 -0700,6
MyNetDiary,g,2019-04-25 15:00:00 -0700,2019-04-25 15:00:00 -0700,11
MyNetDiary,g,2019-04-25 15:00:00 -0700,2019-04-25 15:00:00 -0700,2
MyNetDiary,g,2019-04-25 15:00:00 -0700,2019-04-25 15:00:00 -0700,5
MyNetDiary,g,2019-04-25 18:00:00 -0700,2019-04-25 18:00:00 -0700,9
MyNetDiary,g,2019-04-25 08:00:00 -0700,2019-04-25 08:00:00 -0700,1
MyNetDiary,g,2019-04-25 12:00:00 -0700,2019-04-25 12:00:00 -0700,1
MyNetDiary,g,2019-04-25 12:00:00 -0700,2019-04-25 12:00:00 -0700,3
MyNetDiary,g,2019-04-25 12:00:00 -0700,2019-04-25 12:00:00 -0700,33
MyNetDiary,g,2019-04-25 18:00:00 -0700,2019-04-25 18:00:00 -0700,16
MyNetDiary,g,2019-04-25 18:00:00 -0700,2019-04-25 18:00:00 -0700,3
MyNetDiary,g,2019-04-26 08:00:00 -0700,2019-04-26 08:00:00 -0700,22
MyNetDiary,g,2019-04-26 08:00:00 -0700,2019-04-26 08:00:00 -0700,2
MyNetDiary,g,2019-04-26 12:00:00 -0700,2019-04-26 12:00:00 -0700,2
MyNetDiary,g,2019-04-26 12:00:00 -0700,2019-04-26 12:00:00 -0700,1
MyNetDiary,g,2019-04-26 12:00:00 -0700,2019-04-26 12:00:00 -0700,2
MyNetDiary,g,2019-04-26 12:00:00 -0700,2019-04-26 12:00:00 -0700,2
MyNetDiary,g,2019-04-26 15:00:00 -0700,2019-04-26 15:00:00 -0700,9
MyNetDiary,g,2019-04-26 18:00:00 -0700,2019-04-26 18:00:00 -0700,26
MyNetDiary,g,2019-04-26 15:00:00 -0700,2019-04-26 15:00:00 -0700,5
MyNetDiary,g,2019-04-26 18:00:00 -0700,2019-04-26 18:00:00 -0700,26
MyNetDiary,g,2019-04-26 15:00:00 -0700,2019-04-26 15:00:00 -0700,9
MyNetDiary,g,2019-04-27 15:00:00 -0700,2019-04-27 15:00:00 -0700,2
MyNetDiary,g,2019-04-27 15:00:00 -0700,2019-04-27 15:00:00 -0700,9
MyNetDiary,g,2019-04-27 15:00:00 -0700,2019-04-27 15:00:00 -0700,40
MyNetDiary,g,2019-04-27 08:00:00 -0700,2019-04-27 08:00:00 -0700,60
MyNetDiary,g,2019-04-27 08:00:00 -0700,2019-04-27 08:00:00 -0700,4
MyNetDiary,g,2019-04-27 08:00:00 -0700,2019-04-27 08:00:00 -0700,27
MyNetDiary,g,2019-04-27 12:00:00 -0700,2019-04-27 12:00:00 -0700,1
MyNetDiary,g,2019-04-27 12:00:00 -0700,2019-04-27 12:00:00 -0700,2
MyNetDiary,g,2019-04-28 18:00:00 -0700,2019-04-28 18:00:00 -0700,27
MyNetDiary,g,2019-04-28 18:00:00 -0700,2019-04-28 18:00:00 -0700,13
MyNetDiary,g,2019-04-28 08:00:00 -0700,2019-04-28 08:00:00 -0700,27
MyNetDiary,g,2019-04-28 18:00:00 -0700,2019-04-28 18:00:00 -0700,30
MyNetDiary,g,2019-04-29 08:00:00 -0700,2019-04-29 08:00:00 -0700,185
MyNetDiary,g,2019-04-29 12:00:00 -0700,2019-04-29 12:00:00 -0700,9
MyNetDiary,g,2019-04-29 12:00:00 -0700,2019-04-29 12:00:00 -0700,2
MyNetDiary,g,2019-04-29 12:00:00 -0700,2019-04-29 12:00:00 -0700,20
MyNetDiary,g,2019-04-29 12:00:00 -0700,2019-04-29 12:00:00 -0700,6
MyNetDiary,g,2019-04-29 18:00:00 -0700,2019-04-29 18:00:00 -0700,38
MyNetDiary,g,2019-04-29 18:00:00 -0700,2019-04-29 18:00:00 -0700,2
MyNetDiary,g,2019-04-29 18:00:00 -0700,2019-04-29 18:00:00 -0700,2
MyNetDiary,g,2019-04-29 08:00:00 -0700,2019-04-29 08:00:00 -0700,1
MyNetDiary,g,2019-04-30 08:00:00 -0700,2019-04-30 08:00:00 -0700,9
MyNetDiary,g,2019-04-30 08:00:00 -0700,2019-04-30 08:00:00 -0700,6
MyNetDiary,g,2019-04-30 08:00:00 -0700,2019-04-30 08:00:00 -0700,20
MyNetDiary,g,2019-04-30 08:00:00 -0700,2019-04-30 08:00:00 -0700,1
MyNetDiary,g,2019-04-30 08:00:00 -0700,2019-04-30 08:00:00 -0700,13
MyNetDiary,g,2019-04-30 08:00:00 -0700,2019-04-30 08:00:00 -0700,6
MyNetDiary,g,2019-04-30 08:00:00 -0700,2019-04-30 08:00:00 -0700,1
MyNetDiary,g,2019-04-30 08:00:00 -0700,2019-04-30 08:00:00 -0700,15
MyNetDiary,g,2019-04-30 08:00:00 -0700,2019-04-30 08:00:00 -0700,1
MyNetDiary,g,2019-04-30 12:00:00 -0700,2019-04-30 12:00:00 -0700,1
MyNetDiary,g,2019-04-30 12:00:00 -0700,2019-04-30 12:00:00 -0700,0
MyNetDiary,g,2019-04-30 15:00:00 -0700,2019-04-30 15:00:00 -0700,1
MyNetDiary,g,2019-04-30 15:00:00 -0700,2019-04-30 15:00:00 -0700,4
MyNetDiary,g,2019-04-30 08:00:00 -0700,2019-04-30 08:00:00 -0700,7
MyNetDiary,g,2019-04-30 18:00:00 -0700,2019-04-30 18:00:00 -0700,9
MyNetDiary,g,2019-01-21 09:00:00 -0700,2019-01-21 09:00:00 -0700,38.2
MyNetDiary,g,2019-01-21 09:00:00 -0700,2019-01-21 09:00:00 -0700,4.4
MyNetDiary,g,2019-01-21 09:00:00 -0700,2019-01-21 09:00:00 -0700,15
MyNetDiary,g,2019-01-21 13:00:00 -0700,2019-01-21 13:00:00 -0700,28
MyNetDiary,g,2019-01-21 16:00:00 -0700,2019-01-21 16:00:00 -0700,20.3
MyNetDiary,g,2019-01-21 16:00:00 -0700,2019-01-21 16:00:00 -0700,21
MyNetDiary,g,2019-01-03 19:00:00 -0700,2019-01-03 19:00:00 -0700,55
MyNetDiary,g,2018-11-19 09:00:00 -0700,2018-11-19 09:00:00 -0700,28
MyNetDiary,g,2018-10-18 08:00:00 -0700,2018-10-18 08:00:00 -0700,24
MyNetDiary,g,2018-10-18 08:00:00 -0700,2018-10-18 08:00:00 -0700,0
MyNetDiary,g,2018-10-18 08:00:00 -0700,2018-10-18 08:00:00 -0700,0
MyNetDiary,g,2018-10-18 12:00:00 -0700,2018-10-18 12:00:00 -0700,6.2
MyNetDiary,g,2018-10-18 12:00:00 -0700,2018-10-18 12:00:00 -0700,11.5
MyNetDiary,g,2018-10-18 15:00:00 -0700,2018-10-18 15:00:00 -0700,23
MyNetDiary,g,2018-10-18 15:00:00 -0700,2018-10-18 15:00:00 -0700,29
MyNetDiary,g,2018-10-18 15:00:00 -0700,2018-10-18 15:00:00 -0700,27
MyNetDiary,g,2018-10-18 15:00:00 -0700,2018-10-18 15:00:00 -0700,54
MyNetDiary,g,2018-10-18 15:00:00 -0700,2018-10-18 15:00:00 -0700,10.6
MyNetDiary,g,2018-10-18 15:00:00 -0700,2018-10-18 15:00:00 -0700,4.4
MyNetDiary,g,2018-10-18 15:00:00 -0700,2018-10-18 15:00:00 -0700,10.3
MyNetDiary,g,2015-02-26 13:35:00 -0700,2015-02-26 13:35:00 -0700,46.7
MyNetDiary,g,2015-02-25 13:35:00 -0700,2015-02-25 13:35:00 -0700,46.7
MyNetDiary,g,2015-02-25 14:00:00 -0700,2015-02-25 14:00:00 -0700,16
MyNetDiary,g,2015-02-25 14:00:00 -0700,2015-02-25 14:00:00 -0700,18.2
MyNetDiary,g,2015-02-25 14:00:00 -0700,2015-02-25 14:00:00 -0700,23
MyNetDiary,g,2015-02-25 14:05:00 -0700,2015-02-25 14:05:00 -0700,84
MyNetDiary,g,2015-02-25 14:05:00 -0700,2015-02-25 14:05:00 -0700,9.8
MyNetDiary,g,2015-02-25 14:05:00 -0700,2015-02-25 14:05:00 -0700,9
MyNetDiary,g,2015-02-20 15:45:00 -0700,2015-02-20 15:45:00 -0700,23
MyNetDiary,g,2015-02-20 15:45:00 -0700,2015-02-20 15:45:00 -0700,12
MyNetDiary,g,2015-02-20 15:45:00 -0700,2015-02-20 15:45:00 -0700,16
MyNetDiary,g,2015-02-20 15:45:00 -0700,2015-02-20 15:45:00 -0700,32
MyNetDiary,g,2015-02-19 17:05:00 -0700,2015-02-19 17:05:00 -0700,37.5
MyNetDiary,g,2015-02-19 17:05:00 -0700,2015-02-19 17:05:00 -0700,23
MyNetDiary,g,2015-02-19 17:05:00 -0700,2015-02-19 17:05:00 -0700,6.4
MyNetDiary,g,2015-02-19 17:05:00 -0700,2015-02-19 17:05:00 -0700,4
MyNetDiary,g,2015-02-19 17:05:00 -0700,2015-02-19 17:05:00 -0700,4.7
MyNetDiary,g,2015-02-19 17:05:00 -0700,2015-02-19 17:05:00 -0700,25
MyNetDiary,g,2015-02-19 17:05:00 -0700,2015-02-19 17:05:00 -0700,0
MyNetDiary,g,2015-02-19 17:10:00 -0700,2015-02-19 17:10:00 -0700,17
MyNetDiary,g,2015-02-19 17:10:00 -0700,2015-02-19 17:10:00 -0700,16.9
MyNetDiary,g,2015-02-18 17:55:00 -0700,2015-02-18 17:55:00 -0700,39.9
MyNetDiary,g,2015-02-18 17:05:00 -0700,2015-02-18 17:05:00 -0700,4.7
MyNetDiary,g,2015-02-18 17:55:00 -0700,2015-02-18 17:55:00 -0700,8
MyNetDiary,g,2015-02-18 17:00:00 -0700,2015-02-18 17:00:00 -0700,0
MyNetDiary,g,2014-12-27 13:10:00 -0700,2014-12-27 13:10:00 -0700,8
MyNetDiary,g,2014-12-27 13:10:00 -0700,2014-12-27 13:10:00 -0700,4
MyNetDiary,g,2014-12-27 13:10:00 -0700,2014-12-27 13:10:00 -0700,4.3
MyNetDiary,g,2014-12-27 13:20:00 -0700,2014-12-27 13:20:00 -0700,25
MyNetDiary,g,2014-09-03 18:10:00 -0700,2014-09-03 18:10:00 -0700,96
MyNetDiary,g,2014-09-03 18:10:00 -0700,2014-09-03 18:10:00 -0700,3
MyNetDiary,g,2014-09-03 18:10:00 -0700,2014-09-03 18:10:00 -0700,39.9
MyNetDiary,g,2014-09-02 22:55:00 -0700,2014-09-02 22:55:00 -0700,83
MyNetDiary,g,2014-09-02 22:55:00 -0700,2014-09-02 22:55:00 -0700,96
MyNetDiary,g,2014-09-02 22:05:00 -0700,2014-09-02 22:05:00 -0700,14
MyNetDiary,g,2014-09-01 13:15:00 -0700,2014-09-01 13:15:00 -0700,50
MyNetDiary,g,2014-09-01 13:15:00 -0700,2014-09-01 13:15:00 -0700,13
MyNetDiary,g,2014-09-01 12:00:00 -0700,2014-09-01 12:00:00 -0700,45.3
MyNetDiary,g,2014-09-01 16:55:00 -0700,2014-09-01 16:55:00 -0700,47.3
MyNetDiary,g,2012-10-06 12:10:00 -0700,2012-10-06 12:10:00 -0700,22.4
MyNetDiary,g,2012-10-06 12:10:00 -0700,2012-10-06 12:10:00 -0700,7.4
MyNetDiary,g,2012-10-06 12:10:00 -0700,2012-10-06 12:10:00 -0700,23.1
MyNetDiary,g,2012-10-06 12:25:00 -0700,2012-10-06 12:25:00 -0700,9.8
MyNetDiary,g,2012-10-06 18:35:00 -0700,2012-10-06 18:35:00 -0700,54.7
MyNetDiary,g,2012-10-06 18:35:00 -0700,2012-10-06 18:35:00 -0700,27.4
MyNetDiary,g,2012-10-06 18:35:00 -0700,2012-10-06 18:35:00 -0700,0
MyNetDiary,g,2012-10-06 19:45:00 -0700,2012-10-06 19:45:00 -0700,10.2
MyNetDiary,g,2012-10-06 15:15:00 -0700,2012-10-06 15:15:00 -0700,54.2
MyNetDiary,g,2012-10-06 16:15:00 -0700,2012-10-06 16:15:00 -0700,6.1
MyNetDiary,g,2012-10-06 16:50:00 -0700,2012-10-06 16:50:00 -0700,18
MyNetDiary,g,2012-10-02 15:00:00 -0700,2012-10-02 15:00:00 -0700,20.7
MyNetDiary,g,2012-10-02 15:00:00 -0700,2012-10-02 15:00:00 -0700,24
MyNetDiary,g,2012-10-02 15:00:00 -0700,2012-10-02 15:00:00 -0700,6.5
MyNetDiary,g,2012-10-02 15:55:00 -0700,2012-10-02 15:55:00 -0700,21.9
MyNetDiary,g,2012-06-12 03:45:00 -0700,2012-06-12 03:45:00 -0700,24
MyNetDiary,g,2012-06-12 02:40:00 -0700,2012-06-12 02:40:00 -0700,54
MyNetDiary,g,2012-06-12 02:40:00 -0700,2012-06-12 02:40:00 -0700,39
MyNetDiary,g,2012-06-12 02:40:00 -0700,2012-06-12 02:40:00 -0700,34.4
MyNetDiary,g,2012-06-08 14:05:00 -0700,2012-06-08 14:05:00 -0700,54.2
MyNetDiary,g,2012-06-08 18:55:00 -0700,2012-06-08 18:55:00 -0700,0
MyNetDiary,g,2012-06-08 18:55:00 -0700,2012-06-08 18:55:00 -0700,33.6
MyNetDiary,g,2012-06-08 19:35:00 -0700,2012-06-08 19:35:00 -0700,3
MyNetDiary,g,2012-06-08 19:35:00 -0700,2012-06-08 19:35:00 -0700,1.5
MyNetDiary,g,2012-06-08 19:35:00 -0700,2012-06-08 19:35:00 -0700,1.2
MyNetDiary,g,2012-06-08 19:35:00 -0700,2012-06-08 19:35:00 -0700,3.4
MyNetDiary,g,2012-06-08 19:35:00 -0700,2012-06-08 19:35:00 -0700,7.3
MyNetDiary,g,2012-06-08 19:40:00 -0700,2012-06-08 19:40:00 -0700,10
MyNetDiary,g,2012-06-08 19:40:00 -0700,2012-06-08 19:40:00 -0700,2.7
MyNetDiary,g,2012-09-30 08:00:00 -0700,2012-09-30 08:00:00 -0700,49.8
MyNetDiary,g,2012-09-30 17:20:00 -0700,2012-09-30 17:20:00 -0700,21.9
MyNetDiary,g,2012-09-30 17:20:00 -0700,2012-09-30 17:20:00 -0700,14.1
MyNetDiary,g,2012-06-08 19:40:00 -0700,2012-06-08 19:40:00 -0700,2.3
MyNetDiary,g,2012-06-08 20:45:00 -0700,2012-06-08 20:45:00 -0700,5
MyNetDiary,g,2012-06-08 20:45:00 -0700,2012-06-08 20:45:00 -0700,18
MyNetDiary,g,2012-06-08 14:15:00 -0700,2012-06-08 14:15:00 -0700,18
MyNetDiary,g,2012-06-08 23:35:00 -0700,2012-06-08 23:35:00 -0700,6.5
MyNetDiary,g,2011-11-10 15:20:00 -0700,2011-11-10 15:20:00 -0700,19.1
MyNetDiary,g,2011-11-10 13:00:00 -0700,2011-11-10 13:00:00 -0700,20.8
MyNetDiary,g,2011-11-10 23:05:00 -0700,2011-11-10 23:05:00 -0700,19.1
MyNetDiary,g,2011-11-10 21:05:00 -0700,2011-11-10 21:05:00 -0700,4.9
MyNetDiary,g,2011-11-10 21:05:00 -0700,2011-11-10 21:05:00 -0700,28
MyNetDiary,g,2011-11-10 23:05:00 -0700,2011-11-10 23:05:00 -0700,0
MyNetDiary,g,2012-09-30 17:20:00 -0700,2012-09-30 17:20:00 -0700,0
MyNetDiary,g,2012-09-29 14:45:00 -0700,2012-09-29 14:45:00 -0700,6.4
MyNetDiary,g,2012-09-29 14:45:00 -0700,2012-09-29 14:45:00 -0700,22.4
MyNetDiary,g,2012-09-29 14:45:00 -0700,2012-09-29 14:45:00 -0700,25.3
MyNetDiary,g,2012-09-29 14:50:00 -0700,2012-09-29 14:50:00 -0700,47
MyNetDiary,g,2012-09-29 14:50:00 -0700,2012-09-29 14:50:00 -0700,2
MyNetDiary,g,2012-09-29 14:50:00 -0700,2012-09-29 14:50:00 -0700,48
MyNetDiary,g,2012-09-23 13:20:00 -0700,2012-09-23 13:20:00 -0700,2
MyNetDiary,g,2012-09-23 13:20:00 -0700,2012-09-23 13:20:00 -0700,94
MyNetDiary,g,2012-09-23 13:55:00 -0700,2012-09-23 13:55:00 -0700,22.4
MyNetDiary,g,2012-09-23 13:55:00 -0700,2012-09-23 13:55:00 -0700,12.8
MyNetDiary,g,2012-09-23 20:30:00 -0700,2012-09-23 20:30:00 -0700,32.6
MyNetDiary,g,2012-09-23 20:35:00 -0700,2012-09-23 20:35:00 -0700,0
MyNetDiary,g,2012-09-23 20:35:00 -0700,2012-09-23 20:35:00 -0700,26.6
MyNetDiary,g,2012-09-23 21:00:00 -0700,2012-09-23 21:00:00 -0700,0
MyNetDiary,g,2012-09-23 13:40:00 -0700,2012-09-23 13:40:00 -0700,46
MyNetDiary,g,2012-09-23 14:50:00 -0700,2012-09-23 14:50:00 -0700,5.5
MyNetDiary,g,2012-09-22 21:50:00 -0700,2012-09-22 21:50:00 -0700,29.9
MyNetDiary,g,2012-09-22 21:50:00 -0700,2012-09-22 21:50:00 -0700,32.6
MyNetDiary,g,2012-06-06 21:30:00 -0700,2012-06-06 21:30:00 -0700,21.8
MyNetDiary,g,2012-06-06 23:05:00 -0700,2012-06-06 23:05:00 -0700,1.1
MyNetDiary,g,2012-06-06 23:50:00 -0700,2012-06-06 23:50:00 -0700,36.4
MyNetDiary,g,2011-11-14 13:40:00 -0700,2011-11-14 13:40:00 -0700,9
MyNetDiary,g,2011-11-14 13:40:00 -0700,2011-11-14 13:40:00 -0700,54
MyNetDiary,g,2011-11-14 13:40:00 -0700,2011-11-14 13:40:00 -0700,2.1
MyNetDiary,g,2011-11-13 13:25:00 -0700,2011-11-13 13:25:00 -0700,83
MyNetDiary,g,2011-11-12 13:20:00 -0700,2011-11-12 13:20:00 -0700,83
MyNetDiary,g,2011-11-11 12:15:00 -0700,2011-11-11 12:15:00 -0700,0
MyNetDiary,g,2011-11-11 12:15:00 -0700,2011-11-11 12:15:00 -0700,23
MyNetDiary,g,2011-11-11 12:20:00 -0700,2011-11-11 12:20:00 -0700,32
MyNetDiary,g,2011-11-11 12:25:00 -0700,2011-11-11 12:25:00 -0700,1
MyNetDiary,g,2011-11-11 12:25:00 -0700,2011-11-11 12:25:00 -0700,9
MyNetDiary,g,2011-11-11 12:30:00 -0700,2011-11-11 12:30:00 -0700,2.1
MyNetDiary,g,2011-11-11 20:00:00 -0700,2011-11-11 20:00:00 -0700,1.9
MyNetDiary,g,2011-11-11 20:00:00 -0700,2011-11-11 20:00:00 -0700,25
MyNetDiary,g,2011-11-11 20:00:00 -0700,2011-11-11 20:00:00 -0700,64
MyNetDiary,g,2011-11-11 20:50:00 -0700,2011-11-11 20:50:00 -0700,2
MyNetDiary,g,2011-11-11 20:55:00 -0700,2011-11-11 20:55:00 -0700,0
MyNetDiary,g,2011-11-11 20:55:00 -0700,2011-11-11 20:55:00 -0700,3
MyNetDiary,g,2011-11-11 14:35:00 -0700,2011-11-11 14:35:00 -0700,0.2
MyNetDiary,g,2011-11-11 20:15:00 -0700,2011-11-11 20:15:00 -0700,0
MyNetDiary,g,2011-11-09 20:50:00 -0700,2011-11-09 20:50:00 -0700,64
MyNetDiary,g,2011-11-09 20:50:00 -0700,2011-11-09 20:50:00 -0700,0
MyNetDiary,g,2011-11-09 20:50:00 -0700,2011-11-09 20:50:00 -0700,2
MyNetDiary,g,2011-11-09 20:50:00 -0700,2011-11-09 20:50:00 -0700,2.6
MyNetDiary,g,2011-11-09 20:55:00 -0700,2011-11-09 20:55:00 -0700,1374.5
MyNetDiary,g,2011-11-09 20:05:00 -0700,2011-11-09 20:05:00 -0700,53.2
MyNetDiary,g,2011-11-09 20:35:00 -0700,2011-11-09 20:35:00 -0700,0
MyNetDiary,g,2011-11-09 20:05:00 -0700,2011-11-09 20:05:00 -0700,19.1
MyNetDiary,g,2011-11-09 20:05:00 -0700,2011-11-09 20:05:00 -0700,17.6
MyNetDiary,g,2011-11-09 20:05:00 -0700,2011-11-09 20:05:00 -0700,7.1
MyNetDiary,g,2011-11-09 21:40:00 -0700,2011-11-09 21:40:00 -0700,2
MyNetDiary,g,2011-11-09 20:05:00 -0700,2011-11-09 20:05:00 -0700,53.2
MyNetDiary,g,2011-11-09 20:05:00 -0700,2011-11-09 20:05:00 -0700,19.1
MyNetDiary,g,2011-11-09 20:05:00 -0700,2011-11-09 20:05:00 -0700,17.6
MyNetDiary,g,2011-11-09 20:05:00 -0700,2011-11-09 20:05:00 -0700,7.1
MyNetDiary,g,2011-11-09 20:35:00 -0700,2011-11-09 20:35:00 -0700,0
MyNetDiary,g,2011-11-09 20:50:00 -0700,2011-11-09 20:50:00 -0700,64
MyNetDiary,g,2011-11-09 20:50:00 -0700,2011-11-09 20:50:00 -0700,0
MyNetDiary,g,2011-11-09 20:50:00 -0700,2011-11-09 20:50:00 -0700,2
MyNetDiary,g,2011-11-09 20:50:00 -0700,2011-11-09 20:50:00 -0700,2.6
MyNetDiary,g,2011-11-09 20:55:00 -0700,2011-11-09 20:55:00 -0700,1374.5
MyNetDiary,g,2011-11-09 21:40:00 -0700,2011-11-09 21:40:00 -0700,2
MyNetDiary,g,2011-11-10 13:00:00 -0700,2011-11-10 13:00:00 -0700,20.8
MyNetDiary,g,2011-11-10 15:20:00 -0700,2011-11-10 15:20:00 -0700,19.1
MyNetDiary,g,2011-11-10 21:05:00 -0700,2011-11-10 21:05:00 -0700,4.9
MyNetDiary,g,2011-11-10 21:05:00 -0700,2011-11-10 21:05:00 -0700,28
MyNetDiary,g,2011-11-10 23:05:00 -0700,2011-11-10 23:05:00 -0700,19.1
MyNetDiary,g,2011-11-10 23:05:00 -0700,2011-11-10 23:05:00 -0700,0
MyNetDiary,g,2011-11-11 12:15:00 -0700,2011-11-11 12:15:00 -0700,0
MyNetDiary,g,2011-11-11 12:15:00 -0700,2011-11-11 12:15:00 -0700,23
MyNetDiary,g,2011-11-11 12:20:00 -0700,2011-11-11 12:20:00 -0700,32
MyNetDiary,g,2011-11-11 12:25:00 -0700,2011-11-11 12:25:00 -0700,1
MyNetDiary,g,2011-11-11 12:25:00 -0700,2011-11-11 12:25:00 -0700,9
MyNetDiary,g,2011-11-11 12:30:00 -0700,2011-11-11 12:30:00 -0700,2.1
MyNetDiary,g,2011-11-11 14:35:00 -0700,2011-11-11 14:35:00 -0700,0.2
MyNetDiary,g,2011-11-11 20:00:00 -0700,2011-11-11 20:00:00 -0700,1.9
MyNetDiary,g,2011-11-11 20:00:00 -0700,2011-11-11 20:00:00 -0700,25
MyNetDiary,g,2011-11-11 20:00:00 -0700,2011-11-11 20:00:00 -0700,64
MyNetDiary,g,2011-11-11 20:15:00 -0700,2011-11-11 20:15:00 -0700,0
MyNetDiary,g,2011-11-11 20:50:00 -0700,2011-11-11 20:50:00 -0700,2
MyNetDiary,g,2011-11-11 20:55:00 -0700,2011-11-11 20:55:00 -0700,0
MyNetDiary,g,2011-11-11 20:55:00 -0700,2011-11-11 20:55:00 -0700,3
MyNetDiary,g,2011-11-12 13:20:00 -0700,2011-11-12 13:20:00 -0700,83
MyNetDiary,g,2011-11-13 13:25:00 -0700,2011-11-13 13:25:00 -0700,83
MyNetDiary,g,2011-11-14 13:40:00 -0700,2011-11-14 13:40:00 -0700,9
MyNetDiary,g,2011-11-14 13:40:00 -0700,2011-11-14 13:40:00 -0700,54
MyNetDiary,g,2011-11-14 13:40:00 -0700,2011-11-14 13:40:00 -0700,2.1
MyNetDiary,g,2012-06-06 21:30:00 -0700,2012-06-06 21:30:00 -0700,21.8
MyNetDiary,g,2012-06-06 23:05:00 -0700,2012-06-06 23:05:00 -0700,1.1
MyNetDiary,g,2012-06-06 23:50:00 -0700,2012-06-06 23:50:00 -0700,36.4
MyNetDiary,g,2012-06-08 14:05:00 -0700,2012-06-08 14:05:00 -0700,54.2
MyNetDiary,g,2012-06-08 14:15:00 -0700,2012-06-08 14:15:00 -0700,18
MyNetDiary,g,2012-06-08 18:55:00 -0700,2012-06-08 18:55:00 -0700,0
MyNetDiary,g,2012-06-08 18:55:00 -0700,2012-06-08 18:55:00 -0700,33.6
MyNetDiary,g,2012-06-08 19:35:00 -0700,2012-06-08 19:35:00 -0700,3
MyNetDiary,g,2012-06-08 19:35:00 -0700,2012-06-08 19:35:00 -0700,1.5
MyNetDiary,g,2012-06-08 19:35:00 -0700,2012-06-08 19:35:00 -0700,1.2
MyNetDiary,g,2012-06-08 19:35:00 -0700,2012-06-08 19:35:00 -0700,3.4
MyNetDiary,g,2012-06-08 19:35:00 -0700,2012-06-08 19:35:00 -0700,7.3
MyNetDiary,g,2012-06-08 19:40:00 -0700,2012-06-08 19:40:00 -0700,10
MyNetDiary,g,2012-06-08 19:40:00 -0700,2012-06-08 19:40:00 -0700,2.7
MyNetDiary,g,2012-06-08 19:40:00 -0700,2012-06-08 19:40:00 -0700,2.3
MyNetDiary,g,2012-06-08 20:45:00 -0700,2012-06-08 20:45:00 -0700,5
MyNetDiary,g,2012-06-08 20:45:00 -0700,2012-06-08 20:45:00 -0700,18
MyNetDiary,g,2012-06-08 23:35:00 -0700,2012-06-08 23:35:00 -0700,6.5
MyNetDiary,g,2012-06-12 02:40:00 -0700,2012-06-12 02:40:00 -0700,54
MyNetDiary,g,2012-06-12 02:40:00 -0700,2012-06-12 02:40:00 -0700,39
MyNetDiary,g,2012-06-12 02:40:00 -0700,2012-06-12 02:40:00 -0700,34.4
MyNetDiary,g,2012-06-12 03:45:00 -0700,2012-06-12 03:45:00 -0700,24
MyNetDiary,g,2012-09-22 21:50:00 -0700,2012-09-22 21:50:00 -0700,29.9
MyNetDiary,g,2012-09-22 21:50:00 -0700,2012-09-22 21:50:00 -0700,32.6
MyNetDiary,g,2012-09-23 13:20:00 -0700,2012-09-23 13:20:00 -0700,2
MyNetDiary,g,2012-09-23 13:20:00 -0700,2012-09-23 13:20:00 -0700,94
MyNetDiary,g,2012-09-23 13:40:00 -0700,2012-09-23 13:40:00 -0700,46
MyNetDiary,g,2012-09-23 13:55:00 -0700,2012-09-23 13:55:00 -0700,22.4
MyNetDiary,g,2012-09-23 13:55:00 -0700,2012-09-23 13:55:00 -0700,12.8
MyNetDiary,g,2012-09-23 14:50:00 -0700,2012-09-23 14:50:00 -0700,5.5
MyNetDiary,g,2012-09-23 20:30:00 -0700,2012-09-23 20:30:00 -0700,32.6
MyNetDiary,g,2012-09-23 20:35:00 -0700,2012-09-23 20:35:00 -0700,0
MyNetDiary,g,2012-09-23 20:35:00 -0700,2012-09-23 20:35:00 -0700,26.6
MyNetDiary,g,2012-09-23 21:00:00 -0700,2012-09-23 21:00:00 -0700,0
MyNetDiary,g,2012-09-29 14:45:00 -0700,2012-09-29 14:45:00 -0700,6.4
MyNetDiary,g,2012-09-29 14:45:00 -0700,2012-09-29 14:45:00 -0700,22.4
MyNetDiary,g,2012-09-29 14:45:00 -0700,2012-09-29 14:45:00 -0700,25.3
MyNetDiary,g,2012-09-29 14:50:00 -0700,2012-09-29 14:50:00 -0700,47
MyNetDiary,g,2012-09-29 14:50:00 -0700,2012-09-29 14:50:00 -0700,2
MyNetDiary,g,2012-09-29 14:50:00 -0700,2012-09-29 14:50:00 -0700,48
MyNetDiary,g,2012-09-30 08:00:00 -0700,2012-09-30 08:00:00 -0700,49.8
MyNetDiary,g,2012-09-30 17:20:00 -0700,2012-09-30 17:20:00 -0700,21.9
MyNetDiary,g,2012-09-30 17:20:00 -0700,2012-09-30 17:20:00 -0700,14.1
MyNetDiary,g,2012-09-30 17:20:00 -0700,2012-09-30 17:20:00 -0700,0
MyNetDiary,g,2012-10-02 15:00:00 -0700,2012-10-02 15:00:00 -0700,20.7
MyNetDiary,g,2012-10-02 15:00:00 -0700,2012-10-02 15:00:00 -0700,24
MyNetDiary,g,2012-10-02 15:00:00 -0700,2012-10-02 15:00:00 -0700,6.5
MyNetDiary,g,2012-10-02 15:55:00 -0700,2012-10-02 15:55:00 -0700,21.9
MyNetDiary,g,2012-10-06 12:10:00 -0700,2012-10-06 12:10:00 -0700,22.4
MyNetDiary,g,2012-10-06 12:10:00 -0700,2012-10-06 12:10:00 -0700,7.4
MyNetDiary,g,2012-10-06 12:10:00 -0700,2012-10-06 12:10:00 -0700,23.1
MyNetDiary,g,2012-10-06 12:25:00 -0700,2012-10-06 12:25:00 -0700,9.8
MyNetDiary,g,2012-10-06 15:15:00 -0700,2012-10-06 15:15:00 -0700,54.2
MyNetDiary,g,2012-10-06 16:15:00 -0700,2012-10-06 16:15:00 -0700,6.1
MyNetDiary,g,2012-10-06 16:50:00 -0700,2012-10-06 16:50:00 -0700,18
MyNetDiary,g,2012-10-06 18:35:00 -0700,2012-10-06 18:35:00 -0700,54.7
MyNetDiary,g,2012-10-06 18:35:00 -0700,2012-10-06 18:35:00 -0700,27.4
MyNetDiary,g,2012-10-06 18:35:00 -0700,2012-10-06 18:35:00 -0700,0
MyNetDiary,g,2012-10-06 19:45:00 -0700,2012-10-06 19:45:00 -0700,10.2
MyNetDiary,g,2014-09-01 12:00:00 -0700,2014-09-01 12:00:00 -0700,45.3
MyNetDiary,g,2014-09-01 13:15:00 -0700,2014-09-01 13:15:00 -0700,50
MyNetDiary,g,2014-09-01 13:15:00 -0700,2014-09-01 13:15:00 -0700,13
MyNetDiary,g,2014-09-01 16:55:00 -0700,2014-09-01 16:55:00 -0700,47.3
MyNetDiary,g,2014-09-02 22:05:00 -0700,2014-09-02 22:05:00 -0700,14
MyNetDiary,g,2014-09-02 22:55:00 -0700,2014-09-02 22:55:00 -0700,83
MyNetDiary,g,2014-09-02 22:55:00 -0700,2014-09-02 22:55:00 -0700,96
MyNetDiary,g,2014-09-03 18:10:00 -0700,2014-09-03 18:10:00 -0700,96
MyNetDiary,g,2014-09-03 18:10:00 -0700,2014-09-03 18:10:00 -0700,3
MyNetDiary,g,2014-09-03 18:10:00 -0700,2014-09-03 18:10:00 -0700,39.9
MyNetDiary,g,2014-12-27 13:10:00 -0700,2014-12-27 13:10:00 -0700,8
MyNetDiary,g,2014-12-27 13:10:00 -0700,2014-12-27 13:10:00 -0700,4
MyNetDiary,g,2014-12-27 13:10:00 -0700,2014-12-27 13:10:00 -0700,4.3
MyNetDiary,g,2014-12-27 13:20:00 -0700,2014-12-27 13:20:00 -0700,25
MyNetDiary,g,2015-02-18 17:00:00 -0700,2015-02-18 17:00:00 -0700,0
MyNetDiary,g,2015-02-18 17:05:00 -0700,2015-02-18 17:05:00 -0700,4.7
MyNetDiary,g,2015-02-18 17:55:00 -0700,2015-02-18 17:55:00 -0700,39.9
MyNetDiary,g,2015-02-18 17:55:00 -0700,2015-02-18 17:55:00 -0700,8
MyNetDiary,g,2015-02-19 17:05:00 -0700,2015-02-19 17:05:00 -0700,37.5
MyNetDiary,g,2015-02-19 17:05:00 -0700,2015-02-19 17:05:00 -0700,23
MyNetDiary,g,2015-02-19 17:05:00 -0700,2015-02-19 17:05:00 -0700,6.4
MyNetDiary,g,2015-02-19 17:05:00 -0700,2015-02-19 17:05:00 -0700,4
MyNetDiary,g,2015-02-19 17:05:00 -0700,2015-02-19 17:05:00 -0700,4.7
MyNetDiary,g,2015-02-19 17:05:00 -0700,2015-02-19 17:05:00 -0700,25
MyNetDiary,g,2015-02-19 17:05:00 -0700,2015-02-19 17:05:00 -0700,0
MyNetDiary,g,2015-02-19 17:10:00 -0700,2015-02-19 17:10:00 -0700,17
MyNetDiary,g,2015-02-19 17:10:00 -0700,2015-02-19 17:10:00 -0700,16.9
MyNetDiary,g,2015-02-20 15:45:00 -0700,2015-02-20 15:45:00 -0700,23
MyNetDiary,g,2015-02-20 15:45:00 -0700,2015-02-20 15:45:00 -0700,12
MyNetDiary,g,2015-02-20 15:45:00 -0700,2015-02-20 15:45:00 -0700,16
MyNetDiary,g,2015-02-20 15:45:00 -0700,2015-02-20 15:45:00 -0700,32
MyNetDiary,g,2015-02-25 13:35:00 -0700,2015-02-25 13:35:00 -0700,46.7
MyNetDiary,g,2015-02-25 14:00:00 -0700,2015-02-25 14:00:00 -0700,16
MyNetDiary,g,2015-02-25 14:00:00 -0700,2015-02-25 14:00:00 -0700,18.2
MyNetDiary,g,2015-02-25 14:00:00 -0700,2015-02-25 14:00:00 -0700,23
MyNetDiary,g,2015-02-25 14:05:00 -0700,2015-02-25 14:05:00 -0700,84
MyNetDiary,g,2015-02-25 14:05:00 -0700,2015-02-25 14:05:00 -0700,9.8
MyNetDiary,g,2015-02-25 14:05:00 -0700,2015-02-25 14:05:00 -0700,9
MyNetDiary,g,2015-02-26 13:35:00 -0700,2015-02-26 13:35:00 -0700,46.7
MyNetDiary,g,2018-10-18 08:00:00 -0700,2018-10-18 08:00:00 -0700,24
MyNetDiary,g,2018-10-18 08:00:00 -0700,2018-10-18 08:00:00 -0700,0
MyNetDiary,g,2018-10-18 08:00:00 -0700,2018-10-18 08:00:00 -0700,0
MyNetDiary,g,2018-10-18 12:00:00 -0700,2018-10-18 12:00:00 -0700,6.2
MyNetDiary,g,2018-10-18 12:00:00 -0700,2018-10-18 12:00:00 -0700,11.5
MyNetDiary,g,2018-10-18 15:00:00 -0700,2018-10-18 15:00:00 -0700,23
MyNetDiary,g,2018-10-18 15:00:00 -0700,2018-10-18 15:00:00 -0700,29
MyNetDiary,g,2018-10-18 15:00:00 -0700,2018-10-18 15:00:00 -0700,27
MyNetDiary,g,2018-10-18 15:00:00 -0700,2018-10-18 15:00:00 -0700,54
MyNetDiary,g,2018-10-18 15:00:00 -0700,2018-10-18 15:00:00 -0700,10.6
MyNetDiary,g,2018-10-18 15:00:00 -0700,2018-10-18 15:00:00 -0700,4.4
MyNetDiary,g,2018-10-18 15:00:00 -0700,2018-10-18 15:00:00 -0700,10.3
MyNetDiary,g,2018-11-19 09:00:00 -0700,2018-11-19 09:00:00 -0700,28
MyNetDiary,g,2019-01-03 19:00:00 -0700,2019-01-03 19:00:00 -0700,55
MyNetDiary,g,2019-01-21 09:00:00 -0700,2019-01-21 09:00:00 -0700,38.2
MyNetDiary,g,2019-01-21 09:00:00 -0700,2019-01-21 09:00:00 -0700,4.4
MyNetDiary,g,2019-01-21 09:00:00 -0700,2019-01-21 09:00:00 -0700,15
MyNetDiary,g,2019-01-21 13:00:00 -0700,2019-01-21 13:00:00 -0700,28
MyNetDiary,g,2019-01-21 16:00:00 -0700,2019-01-21 16:00:00 -0700,20.3
MyNetDiary,g,2019-01-21 16:00:00 -0700,2019-01-21 16:00:00 -0700,21
MyNetDiary,g,2019-04-24 08:00:00 -0700,2019-04-24 08:00:00 -0700,3
MyNetDiary,g,2019-04-24 08:00:00 -0700,2019-04-24 08:00:00 -0700,3
MyNetDiary,g,2019-04-24 08:00:00 -0700,2019-04-24 08:00:00 -0700,0
MyNetDiary,g,2019-04-24 08:00:00 -0700,2019-04-24 08:00:00 -0700,1
MyNetDiary,g,2019-04-24 08:00:00 -0700,2019-04-24 08:00:00 -0700,22
MyNetDiary,g,2019-04-24 08:00:00 -0700,2019-04-24 08:00:00 -0700,32
MyNetDiary,g,2019-04-24 12:00:00 -0700,2019-04-24 12:00:00 -0700,2
MyNetDiary,g,2019-04-24 12:00:00 -0700,2019-04-24 12:00:00 -0700,6
MyNetDiary,g,2019-04-24 12:00:00 -0700,2019-04-24 12:00:00 -0700,19
MyNetDiary,g,2019-04-24 12:00:00 -0700,2019-04-24 12:00:00 -0700,2
MyNetDiary,g,2019-04-24 15:00:00 -0700,2019-04-24 15:00:00 -0700,12
MyNetDiary,g,2019-04-24 15:00:00 -0700,2019-04-24 15:00:00 -0700,5
MyNetDiary,g,2019-04-24 15:00:00 -0700,2019-04-24 15:00:00 -0700,5
MyNetDiary,g,2019-04-24 15:00:00 -0700,2019-04-24 15:00:00 -0700,21
MyNetDiary,g,2019-04-24 15:00:00 -0700,2019-04-24 15:00:00 -0700,9
MyNetDiary,g,2019-04-24 15:00:00 -0700,2019-04-24 15:00:00 -0700,14
MyNetDiary,g,2019-04-24 15:00:00 -0700,2019-04-24 15:00:00 -0700,16
MyNetDiary,g,2019-04-24 18:00:00 -0700,2019-04-24 18:00:00 -0700,4
MyNetDiary,g,2019-04-24 18:00:00 -0700,2019-04-24 18:00:00 -0700,0
MyNetDiary,g,2019-04-24 18:00:00 -0700,2019-04-24 18:00:00 -0700,9
MyNetDiary,g,2019-04-24 18:00:00 -0700,2019-04-24 18:00:00 -0700,20
MyNetDiary,g,2019-04-24 18:00:00 -0700,2019-04-24 18:00:00 -0700,6
MyNetDiary,g,2019-04-24 18:00:00 -0700,2019-04-24 18:00:00 -0700,5
MyNetDiary,g,2019-04-25 08:00:00 -0700,2019-04-25 08:00:00 -0700,17
MyNetDiary,g,2019-04-25 08:00:00 -0700,2019-04-25 08:00:00 -0700,24
MyNetDiary,g,2019-04-25 08:00:00 -0700,2019-04-25 08:00:00 -0700,9
MyNetDiary,g,2019-04-25 08:00:00 -0700,2019-04-25 08:00:00 -0700,2
MyNetDiary,g,2019-04-25 08:00:00 -0700,2019-04-25 08:00:00 -0700,7
MyNetDiary,g,2019-04-25 08:00:00 -0700,2019-04-25 08:00:00 -0700,6
MyNetDiary,g,2019-04-25 08:00:00 -0700,2019-04-25 08:00:00 -0700,1
MyNetDiary,g,2019-04-25 12:00:00 -0700,2019-04-25 12:00:00 -0700,1
MyNetDiary,g,2019-04-25 12:00:00 -0700,2019-04-25 12:00:00 -0700,3
MyNetDiary,g,2019-04-25 12:00:00 -0700,2019-04-25 12:00:00 -0700,33
MyNetDiary,g,2019-04-25 15:00:00 -0700,2019-04-25 15:00:00 -0700,11
MyNetDiary,g,2019-04-25 15:00:00 -0700,2019-04-25 15:00:00 -0700,2
MyNetDiary,g,2019-04-25 15:00:00 -0700,2019-04-25 15:00:00 -0700,5
MyNetDiary,g,2019-04-25 18:00:00 -0700,2019-04-25 18:00:00 -0700,9
MyNetDiary,g,2019-04-25 18:00:00 -0700,2019-04-25 18:00:00 -0700,16
MyNetDiary,g,2019-04-25 18:00:00 -0700,2019-04-25 18:00:00 -0700,3
MyNetDiary,g,2019-04-26 08:00:00 -0700,2019-04-26 08:00:00 -0700,22
MyNetDiary,g,2019-04-26 08:00:00 -0700,2019-04-26 08:00:00 -0700,2
MyNetDiary,g,2019-04-26 12:00:00 -0700,2019-04-26 12:00:00 -0700,2
MyNetDiary,g,2019-04-26 12:00:00 -0700,2019-04-26 12:00:00 -0700,1
MyNetDiary,g,2019-04-26 12:00:00 -0700,2019-04-26 12:00:00 -0700,2
MyNetDiary,g,2019-04-26 12:00:00 -0700,2019-04-26 12:00:00 -0700,2
MyNetDiary,g,2019-04-26 15:00:00 -0700,2019-04-26 15:00:00 -0700,9
MyNetDiary,g,2019-04-26 15:00:00 -0700,2019-04-26 15:00:00 -0700,5
MyNetDiary,g,2019-04-26 15:00:00 -0700,2019-04-26 15:00:00 -0700,9
MyNetDiary,g,2019-04-26 18:00:00 -0700,2019-04-26 18:00:00 -0700,26
MyNetDiary,g,2019-04-26 18:00:00 -0700,2019-04-26 18:00:00 -0700,26
MyNetDiary,g,2019-04-27 08:00:00 -0700,2019-04-27 08:00:00 -0700,60
MyNetDiary,g,2019-04-27 08:00:00 -0700,2019-04-27 08:00:00 -0700,4
MyNetDiary,g,2019-04-27 08:00:00 -0700,2019-04-27 08:00:00 -0700,27
MyNetDiary,g,2019-04-27 12:00:00 -0700,2019-04-27 12:00:00 -0700,1
MyNetDiary,g,2019-04-27 12:00:00 -0700,2019-04-27 12:00:00 -0700,2
MyNetDiary,g,2019-04-27 15:00:00 -0700,2019-04-27 15:00:00 -0700,2
MyNetDiary,g,2019-04-27 15:00:00 -0700,2019-04-27 15:00:00 -0700,9
MyNetDiary,g,2019-04-27 15:00:00 -0700,2019-04-27 15:00:00 -0700,40
MyNetDiary,g,2019-04-28 08:00:00 -0700,2019-04-28 08:00:00 -0700,27
MyNetDiary,g,2019-04-28 18:00:00 -0700,2019-04-28 18:00:00 -0700,27
MyNetDiary,g,2019-04-28 18:00:00 -0700,2019-04-28 18:00:00 -0700,13
MyNetDiary,g,2019-04-28 18:00:00 -0700,2019-04-28 18:00:00 -0700,30
MyNetDiary,g,2019-04-29 08:00:00 -0700,2019-04-29 08:00:00 -0700,185
MyNetDiary,g,2019-04-29 08:00:00 -0700,2019-04-29 08:00:00 -0700,1
MyNetDiary,g,2019-04-29 12:00:00 -0700,2019-04-29 12:00:00 -0700,9
MyNetDiary,g,2019-04-29 12:00:00 -0700,2019-04-29 12:00:00 -0700,2
MyNetDiary,g,2019-04-29 12:00:00 -0700,2019-04-29 12:00:00 -0700,20
MyNetDiary,g,2019-04-29 12:00:00 -0700,2019-04-29 12:00:00 -0700,6
MyNetDiary,g,2019-04-29 18:00:00 -0700,2019-04-29 18:00:00 -0700,38
MyNetDiary,g,2019-04-29 18:00:00 -0700,2019-04-29 18:00:00 -0700,2
MyNetDiary,g,2019-04-29 18:00:00 -0700,2019-04-29 18:00:00 -0700,2
MyNetDiary,g,2019-04-30 08:00:00 -0700,2019-04-30 08:00:00 -0700,9
MyNetDiary,g,2019-04-30 08:00:00 -0700,2019-04-30 08:00:00 -0700,6
MyNetDiary,g,2019-04-30 08:00:00 -0700,2019-04-30 08:00:00 -0700,20
MyNetDiary,g,2019-04-30 08:00:00 -0700,2019-04-30 08:00:00 -0700,1
MyNetDiary,g,2019-04-30 08:00:00 -0700,2019-04-30 08:00:00 -0700,13
MyNetDiary,g,2019-04-30 08:00:00 -0700,2019-04-30 08:00:00 -0700,6
MyNetDiary,g,2019-04-30 08:00:00 -0700,2019-04-30 08:00:00 -0700,1
MyNetDiary,g,2019-04-30 08:00:00 -0700,2019-04-30 08:00:00 -0700,15
MyNetDiary,g,2019-04-30 08:00:00 -0700,2019-04-30 08:00:00 -0700,1
MyNetDiary,g,2019-04-30 08:00:00 -0700,2019-04-30 08:00:00 -0700,7
MyNetDiary,g,2019-04-30 12:00:00 -0700,2019-04-30 12:00:00 -0700,1
MyNetDiary,g,2019-04-30 12:00:00 -0700,2019-04-30 12:00:00 -0700,0
MyNetDiary,g,2019-04-30 15:00:00 -0700,2019-04-30 15:00:00 -0700,1
MyNetDiary,g,2019-04-30 15:00:00 -0700,2019-04-30 15:00:00 -0700,4
MyNetDiary,g,2019-04-30 18:00:00 -0700,2019-04-30 18:00:00 -0700,9
MyNetDiary,g,2019-06-19 08:00:00 -0700,2019-06-19 08:00:00 -0700,39
MyNetDiary,g,2019-06-19 08:00:00 -0700,2019-06-19 08:00:00 -0700,3
MyNetDiary,g,2019-06-20 08:00:00 -0700,2019-06-20 08:00:00 -0700,11
MyNetDiary,g,2019-06-22 18:00:00 -0700,2019-06-22 18:00:00 -0700,51
MyNetDiary,g,2019-06-22 18:00:00 -0700,2019-06-22 18:00:00 -0700,38
MyNetDiary,g,2019-06-23 08:00:00 -0700,2019-06-23 08:00:00 -0700,13
MyNetDiary,g,2019-06-23 08:00:00 -0700,2019-06-23 08:00:00 -0700,39
MyNetDiary,g,2019-06-23 08:00:00 -0700,2019-06-23 08:00:00 -0700,0
MyNetDiary,g,2019-06-23 08:00:00 -0700,2019-06-23 08:00:00 -0700,1
MyNetDiary,g,2019-06-23 08:00:00 -0700,2019-06-23 08:00:00 -0700,0
MyNetDiary,g,2019-06-23 08:00:00 -0700,2019-06-23 08:00:00 -0700,1
MyNetDiary,g,2019-06-23 15:00:00 -0700,2019-06-23 15:00:00 -0700,23
MyNetDiary,g,2019-06-23 15:00:00 -0700,2019-06-23 15:00:00 -0700,2
MyNetDiary,g,2019-06-23 15:00:00 -0700,2019-06-23 15:00:00 -0700,9
MyNetDiary,g,2019-06-23 15:00:00 -0700,2019-06-23 15:00:00 -0700,12
MyNetDiary,g,2019-06-23 15:00:00 -0700,2019-06-23 15:00:00 -0700,7
MyNetDiary,g,2019-06-24 08:00:00 -0700,2019-06-24 08:00:00 -0700,2
MyNetDiary,g,2019-06-24 08:00:00 -0700,2019-06-24 08:00:00 -0700,14
MyNetDiary,g,2019-06-24 08:00:00 -0700,2019-06-24 08:00:00 -0700,2
MyNetDiary,g,2019-06-24 08:00:00 -0700,2019-06-24 08:00:00 -0700,21
MyNetDiary,g,2019-06-24 08:00:00 -0700,2019-06-24 08:00:00 -0700,2
MyNetDiary,g,2019-06-24 08:00:00 -0700,2019-06-24 08:00:00 -0700,16
MyNetDiary,g,2019-06-24 12:00:00 -0700,2019-06-24 12:00:00 -0700,0
MyNetDiary,g,2019-06-24 12:00:00 -0700,2019-06-24 12:00:00 -0700,4
MyNetDiary,g,2019-06-24 12:00:00 -0700,2019-06-24 12:00:00 -0700,3
MyNetDiary,g,2019-06-24 15:00:00 -0700,2019-06-24 15:00:00 -0700,15
MyNetDiary,g,2019-06-24 15:00:00 -0700,2019-06-24 15:00:00 -0700,17
MyNetDiary,g,2019-06-24 18:00:00 -0700,2019-06-24 18:00:00 -0700,22
MyNetDiary,g,2019-06-24 18:00:00 -0700,2019-06-24 18:00:00 -0700,2
MyNetDiary,g,2019-06-24 18:00:00 -0700,2019-06-24 18:00:00 -0700,62
MyNetDiary,g,2019-06-24 18:00:00 -0700,2019-06-24 18:00:00 -0700,1
MyNetDiary,g,2019-06-24 18:00:00 -0700,2019-06-24 18:00:00 -0700,12
MyNetDiary,g,2019-06-24 18:00:00 -0700,2019-06-24 18:00:00 -0700,1
MyNetDiary,g,2019-06-25 08:00:00 -0700,2019-06-25 08:00:00 -0700,3
MyNetDiary,g,2019-06-25 08:00:00 -0700,2019-06-25 08:00:00 -0700,12
MyNetDiary,g,2019-06-25 08:00:00 -0700,2019-06-25 08:00:00 -0700,5
MyNetDiary,g,2019-06-25 08:00:00 -0700,2019-06-25 08:00:00 -0700,3
MyNetDiary,g,2019-06-25 08:00:00 -0700,2019-06-25 08:00:00 -0700,2
MyNetDiary,g,2019-06-25 08:00:00 -0700,2019-06-25 08:00:00 -0700,0
MyNetDiary,g,2019-06-25 08:00:00 -0700,2019-06-25 08:00:00 -0700,0
MyNetDiary,g,2019-06-25 08:00:00 -0700,2019-06-25 08:00:00 -0700,1
MyNetDiary,g,2019-06-25 08:00:00 -0700,2019-06-25 08:00:00 -0700,6
MyNetDiary,g,2019-06-25 08:00:00 -0700,2019-06-25 08:00:00 -0700,18
MyNetDiary,g,2019-06-25 12:00:00 -0700,2019-06-25 12:00:00 -0700,14
MyNetDiary,g,2019-06-25 18:00:00 -0700,2019-06-25 18:00:00 -0700,13
MyNetDiary,g,2019-06-25 18:00:00 -0700,2019-06-25 18:00:00 -0700,2
MyNetDiary,g,2019-06-25 18:00:00 -0700,2019-06-25 18:00:00 -0700,13
MyNetDiary,g,2019-06-25 18:00:00 -0700,2019-06-25 18:00:00 -0700,15
MyNetDiary,g,2019-06-25 18:00:00 -0700,2019-06-25 18:00:00 -0700,9
MyNetDiary,g,2019-06-26 08:00:00 -0700,2019-06-26 08:00:00 -0700,2
MyNetDiary,g,2019-06-26 08:00:00 -0700,2019-06-26 08:00:00 -0700,8
MyNetDiary,g,2019-06-26 08:00:00 -0700,2019-06-26 08:00:00 -0700,8
MyNetDiary,g,2019-06-26 08:00:00 -0700,2019-06-26 08:00:00 -0700,8
MyNetDiary,g,2019-06-26 08:00:00 -0700,2019-06-26 08:00:00 -0700,3
MyNetDiary,g,2019-06-26 08:00:00 -0700,2019-06-26 08:00:00 -0700,2
MyNetDiary,g,2019-06-26 08:00:00 -0700,2019-06-26 08:00:00 -0700,5
MyNetDiary,g,2019-06-26 08:00:00 -0700,2019-06-26 08:00:00 -0700,9
MyNetDiary,g,2019-06-26 08:00:00 -0700,2019-06-26 08:00:00 -0700,0
MyNetDiary,g,2019-07-02 15:00:00 -0700,2019-07-02 15:00:00 -0700,16
MyNetDiary,g,2019-07-03 12:00:00 -0700,2019-07-03 12:00:00 -0700,2
MyNetDiary,g,2019-07-03 12:00:00 -0700,2019-07-03 12:00:00 -0700,5
MyNetDiary,g,2019-07-03 12:00:00 -0700,2019-07-03 12:00:00 -0700,5
MyNetDiary,g,2019-07-03 12:00:00 -0700,2019-07-03 12:00:00 -0700,1
MyNetDiary,g,2019-07-03 12:00:00 -0700,2019-07-03 12:00:00 -0700,14
MyNetDiary,g,2019-07-03 12:00:00 -0700,2019-07-03 12:00:00 -0700,2
MyNetDiary,g,2019-07-03 12:00:00 -0700,2019-07-03 12:00:00 -0700,4
MyNetDiary,g,2019-07-03 12:00:00 -0700,2019-07-03 12:00:00 -0700,11
MyNetDiary,g,2019-07-03 15:00:00 -0700,2019-07-03 15:00:00 -0700,13
MyNetDiary,g,2019-07-03 15:00:00 -0700,2019-07-03 15:00:00 -0700,26
MyNetDiary,g,2019-07-04 15:00:00 -0700,2019-07-04 15:00:00 -0700,7
MyNetDiary,g,2019-07-04 15:00:00 -0700,2019-07-04 15:00:00 -0700,4
MyNetDiary,g,2019-07-04 15:00:00 -0700,2019-07-04 15:00:00 -0700,30
MyNetDiary,g,2019-07-04 18:00:00 -0700,2019-07-04 18:00:00 -0700,0
MyNetDiary,g,2019-07-04 18:00:00 -0700,2019-07-04 18:00:00 -0700,0
MyNetDiary,g,2019-07-04 18:00:00 -0700,2019-07-04 18:00:00 -0700,4
MyNetDiary,g,2019-07-04 18:00:00 -0700,2019-07-04 18:00:00 -0700,0
MyNetDiary,g,2019-07-04 18:00:00 -0700,2019-07-04 18:00:00 -0700,32
MyNetDiary,g,2019-07-04 18:00:00 -0700,2019-07-04 18:00:00 -0700,3
MyNetDiary,g,2019-07-04 18:00:00 -0700,2019-07-04 18:00:00 -0700,31
MyNetDiary,g,2019-07-04 18:00:00 -0700,2019-07-04 18:00:00 -0700,24
MyNetDiary,g,2019-07-05 08:00:00 -0700,2019-07-05 08:00:00 -0700,1
MyNetDiary,g,2019-07-05 12:00:00 -0700,2019-07-05 12:00:00 -0700,0
MyNetDiary,g,2019-07-05 12:00:00 -0700,2019-07-05 12:00:00 -0700,1
MyNetDiary,g,2019-07-05 15:00:00 -0700,2019-07-05 15:00:00 -0700,79
MyNetDiary,g,2019-07-05 18:00:00 -0700,2019-07-05 18:00:00 -0700,18
MyNetDiary,g,2019-07-08 08:00:00 -0700,2019-07-08 08:00:00 -0700,27
MyNetDiary,g,2019-07-08 08:00:00 -0700,2019-07-08 08:00:00 -0700,14
MyNetDiary,g,2019-07-08 08:00:00 -0700,2019-07-08 08:00:00 -0700,4
MyNetDiary,g,2019-07-08 12:00:00 -0700,2019-07-08 12:00:00 -0700,13
MyNetDiary,g,2019-07-08 15:00:00 -0700,2019-07-08 15:00:00 -0700,4
MyNetDiary,g,2019-07-08 15:00:00 -0700,2019-07-08 15:00:00 -0700,6
MyNetDiary,g,2019-07-08 15:00:00 -0700,2019-07-08 15:00:00 -0700,13
MyNetDiary,g,2019-07-08 18:00:00 -0700,2019-07-08 18:00:00 -0700,12
MyNetDiary,g,2019-07-08 18:00:00 -0700,2019-07-08 18:00:00 -0700,13
MyNetDiary,g,2019-07-08 18:00:00 -0700,2019-07-08 18:00:00 -0700,28
MyNetDiary,g,2019-07-09 08:00:00 -0700,2019-07-09 08:00:00 -0700,0
MyNetDiary,g,2019-07-09 08:00:00 -0700,2019-07-09 08:00:00 -0700,3
MyNetDiary,g,2019-07-09 08:00:00 -0700,2019-07-09 08:00:00 -0700,3
MyNetDiary,g,2019-07-09 08:00:00 -0700,2019-07-09 08:00:00 -0700,2
MyNetDiary,g,2019-07-09 12:00:00 -0700,2019-07-09 12:00:00 -0700,14
MyNetDiary,g,2019-07-09 12:00:00 -0700,2019-07-09 12:00:00 -0700,4
MyNetDiary,g,2019-07-09 12:00:00 -0700,2019-07-09 12:00:00 -0700,1
MyNetDiary,g,2019-07-09 12:00:00 -0700,2019-07-09 12:00:00 -0700,27
MyNetDiary,g,2019-07-09 12:00:00 -0700,2019-07-09 12:00:00 -0700,14
MyNetDiary,g,2019-07-09 15:00:00 -0700,2019-07-09 15:00:00 -0700,8
MyNetDiary,g,2019-07-09 15:00:00 -0700,2019-07-09 15:00:00 -0700,10
MyNetDiary,g,2019-07-09 15:00:00 -0700,2019-07-09 15:00:00 -0700,8
MyNetDiary,g,2019-07-09 18:00:00 -0700,2019-07-09 18:00:00 -0700,0
MyNetDiary,g,2019-07-09 18:00:00 -0700,2019-07-09 18:00:00 -0700,12
MyNetDiary,g,2019-07-09 18:00:00 -0700,2019-07-09 18:00:00 -0700,2
MyNetDiary,g,2019-07-09 18:00:00 -0700,2019-07-09 18:00:00 -0700,13
MyNetDiary,g,2019-07-09 18:00:00 -0700,2019-07-09 18:00:00 -0700,0
MyNetDiary,g,2019-07-09 19:36:00 -0700,2019-07-09 19:36:00 -0700,14
MyNetDiary,g,2019-07-10 08:00:00 -0700,2019-07-10 08:00:00 -0700,38
MyNetDiary,g,2019-07-10 08:00:00 -0700,2019-07-10 08:00:00 -0700,1
MyNetDiary,g,2019-07-10 11:04:00 -0700,2019-07-10 11:04:00 -0700,0
MyNetDiary,g,2019-07-10 11:15:00 -0700,2019-07-10 11:15:00 -0700,7
MyNetDiary,g,2019-07-10 12:00:00 -0700,2019-07-10 12:00:00 -0700,1
MyNetDiary,g,2019-07-10 12:00:00 -0700,2019-07-10 12:00:00 -0700,2
MyNetDiary,g,2019-07-10 12:00:00 -0700,2019-07-10 12:00:00 -0700,8
MyNetDiary,g,2019-07-10 12:00:00 -0700,2019-07-10 12:00:00 -0700,4
MyNetDiary,g,2019-07-10 12:00:00 -0700,2019-07-10 12:00:00 -0700,9
MyNetDiary,g,2019-07-10 12:00:00 -0700,2019-07-10 12:00:00 -0700,0
MyNetDiary,g,2019-07-10 12:15:00 -0700,2019-07-10 12:15:00 -0700,1
MyNetDiary,g,2019-07-10 12:15:00 -0700,2019-07-10 12:15:00 -0700,0
MyNetDiary,g,2019-07-10 12:15:00 -0700,2019-07-10 12:15:00 -0700,0
MyNetDiary,g,2019-07-10 12:16:00 -0700,2019-07-10 12:16:00 -0700,3
MyNetDiary,g,2019-07-10 12:16:00 -0700,2019-07-10 12:16:00 -0700,2
MyNetDiary,g,2019-07-10 12:16:00 -0700,2019-07-10 12:16:00 -0700,10
MyNetDiary,g,2019-07-10 12:16:00 -0700,2019-07-10 12:16:00 -0700,10
MyNetDiary,g,2019-07-10 13:23:00 -0700,2019-07-10 13:23:00 -0700,5
MyNetDiary,g,2019-07-10 15:45:00 -0700,2019-07-10 15:45:00 -0700,13
MyNetDiary,g,2019-07-10 15:55:00 -0700,2019-07-10 15:55:00 -0700,3
MyNetDiary,g,2019-07-10 15:55:00 -0700,2019-07-10 15:55:00 -0700,2
MyNetDiary,g,2019-07-10 18:00:00 -0700,2019-07-10 18:00:00 -0700,45
MyNetDiary,g,2019-07-11 08:00:00 -0700,2019-07-11 08:00:00 -0700,0
MyNetDiary,g,2019-07-11 08:00:00 -0700,2019-07-11 08:00:00 -0700,1
MyNetDiary,g,2019-07-11 08:00:00 -0700,2019-07-11 08:00:00 -0700,29
MyNetDiary,g,2019-07-11 08:00:00 -0700,2019-07-11 08:00:00 -0700,11
MyNetDiary,g,2019-07-11 10:51:00 -0700,2019-07-11 10:51:00 -0700,41
MyNetDiary,g,2019-07-11 10:51:00 -0700,2019-07-11 10:51:00 -0700,2
MyNetDiary,g,2019-07-11 12:00:00 -0700,2019-07-11 12:00:00 -0700,0
MyNetDiary,g,2019-07-11 12:00:00 -0700,2019-07-11 12:00:00 -0700,0
MyNetDiary,g,2019-07-11 12:00:00 -0700,2019-07-11 12:00:00 -0700,2
MyNetDiary,g,2019-07-11 12:00:00 -0700,2019-07-11 12:00:00 -0700,3
MyNetDiary,g,2019-07-11 12:00:00 -0700,2019-07-11 12:00:00 -0700,0
MyNetDiary,g,2019-07-11 12:00:00 -0700,2019-07-11 12:00:00 -0700,6
MyNetDiary,g,2019-07-11 12:00:00 -0700,2019-07-11 12:00:00 -0700,0
MyNetDiary,g,2019-07-11 12:00:00 -0700,2019-07-11 12:00:00 -0700,7
MyNetDiary,g,2019-07-11 12:00:00 -0700,2019-07-11 12:00:00 -0700,5
MyNetDiary,g,2019-07-11 13:32:00 -0700,2019-07-11 13:32:00 -0700,22
MyNetDiary,g,2019-07-11 15:42:00 -0700,2019-07-11 15:42:00 -0700,7
MyNetDiary,g,2019-07-11 21:26:00 -0700,2019-07-11 21:26:00 -0700,50
MyNetDiary,g,2019-07-11 21:26:00 -0700,2019-07-11 21:26:00 -0700,13
MyNetDiary,g,2019-07-11 21:26:00 -0700,2019-07-11 21:26:00 -0700,4
MyNetDiary,g,2019-07-11 22:02:00 -0700,2019-07-11 22:02:00 -0700,10
MyNetDiary,g,2019-07-12 09:37:00 -0700,2019-07-12 09:37:00 -0700,14
MyNetDiary,g,2019-07-12 15:00:00 -0700,2019-07-12 15:00:00 -0700,6
MyNetDiary,g,2019-07-12 19:56:00 -0700,2019-07-12 19:56:00 -0700,2
MyNetDiary,g,2019-07-12 22:35:00 -0700,2019-07-12 22:35:00 -0700,1
MyNetDiary,g,2019-07-12 22:35:00 -0700,2019-07-12 22:35:00 -0700,0
MyNetDiary,g,2019-07-12 22:35:00 -0700,2019-07-12 22:35:00 -0700,0
MyNetDiary,g,2019-07-12 22:35:00 -0700,2019-07-12 22:35:00 -0700,0
MyNetDiary,g,2019-07-12 22:35:00 -0700,2019-07-12 22:35:00 -0700,0
MyNetDiary,g,2019-07-12 22:35:00 -0700,2019-07-12 22:35:00 -0700,34
MyNetDiary,g,2019-07-12 22:35:00 -0700,2019-07-12 22:35:00 -0700,0
MyNetDiary,g,2019-07-12 22:35:00 -0700,2019-07-12 22:35:00 -0700,5
MyNetDiary,g,2019-07-12 22:35:00 -0700,2019-07-12 22:35:00 -0700,8
MyNetDiary,g,2019-07-12 22:35:00 -0700,2019-07-12 22:35:00 -0700,2
MyNetDiary,g,2019-07-12 22:35:00 -0700,2019-07-12 22:35:00 -0700,6
MyNetDiary,g,2019-07-12 22:36:00 -0700,2019-07-12 22:36:00 -0700,13
MyNetDiary,g,2019-07-12 22:36:00 -0700,2019-07-12 22:36:00 -0700,4
MyNetDiary,g,2019-07-12 22:36:00 -0700,2019-07-12 22:36:00 -0700,7
MyNetDiary,g,2019-07-12 22:36:00 -0700,2019-07-12 22:36:00 -0700,37
MyNetDiary,g,2019-07-12 22:36:00 -0700,2019-07-12 22:36:00 -0700,3
MyNetDiary,g,2019-07-13 08:00:00 -0700,2019-07-13 08:00:00 -0700,40
MyNetDiary,g,2019-07-13 08:00:00 -0700,2019-07-13 08:00:00 -0700,0
MyNetDiary,g,2019-07-13 08:00:00 -0700,2019-07-13 08:00:00 -0700,8
MyNetDiary,g,2019-07-15 08:00:00 -0700,2019-07-15 08:00:00 -0700,20
MyNetDiary,g,2019-07-15 08:00:00 -0700,2019-07-15 08:00:00 -0700,3
MyNetDiary,g,2019-07-15 08:00:00 -0700,2019-07-15 08:00:00 -0700,45
MyNetDiary,g,2019-07-15 08:00:00 -0700,2019-07-15 08:00:00 -0700,1
MyNetDiary,g,2019-07-15 08:00:00 -0700,2019-07-15 08:00:00 -0700,1
MyNetDiary,g,2019-07-15 08:00:00 -0700,2019-07-15 08:00:00 -0700,18
MyNetDiary,g,2019-07-15 12:00:00 -0700,2019-07-15 12:00:00 -0700,52
MyNetDiary,g,2019-07-15 12:00:00 -0700,2019-07-15 12:00:00 -0700,0
MyNetDiary,g,2019-07-15 15:00:00 -0700,2019-07-15 15:00:00 -0700,18
MyNetDiary,g,2019-07-15 15:00:00 -0700,2019-07-15 15:00:00 -0700,1
MyNetDiary,g,2019-07-15 15:00:00 -0700,2019-07-15 15:00:00 -0700,4
MyNetDiary,g,2019-07-15 18:00:00 -0700,2019-07-15 18:00:00 -0700,6
MyNetDiary,g,2019-07-15 18:00:00 -0700,2019-07-15 18:00:00 -0700,2
MyNetDiary,g,2019-07-15 18:00:00 -0700,2019-07-15 18:00:00 -0700,1
MyNetDiary,g,2019-07-15 18:00:00 -0700,2019-07-15 18:00:00 -0700,0
MyNetDiary,g,2019-07-16 21:37:00 -0700,2019-07-16 21:37:00 -0700,0
MyNetDiary,g,2019-07-16 21:37:00 -0700,2019-07-16 21:37:00 -0700,54
MyNetDiary,g,2019-07-16 21:38:00 -0700,2019-07-16 21:38:00 -0700,18
MyNetDiary,g,2019-07-16 21:38:00 -0700,2019-07-16 21:38:00 -0700,3
MyNetDiary,g,2019-07-16 21:38:00 -0700,2019-07-16 21:38:00 -0700,5
MyNetDiary,g,2019-07-16 21:40:00 -0700,2019-07-16 21:40:00 -0700,1
MyNetDiary,g,2019-07-16 21:40:00 -0700,2019-07-16 21:40:00 -0700,0
MyNetDiary,g,2019-07-16 21:40:00 -0700,2019-07-16 21:40:00 -0700,1
MyNetDiary,g,2019-07-17 10:54:00 -0700,2019-07-17 10:54:00 -0700,36
MyNetDiary,g,2019-07-17 10:54:00 -0700,2019-07-17 10:54:00 -0700,1
MyNetDiary,g,2019-07-17 15:24:00 -0700,2019-07-17 15:24:00 -0700,14
MyNetDiary,g,2019-07-17 15:36:00 -0700,2019-07-17 15:36:00 -0700,21
MyNetDiary,g,2019-07-17 18:40:00 -0700,2019-07-17 18:40:00 -0700,10
MyNetDiary,g,2019-07-17 19:55:00 -0700,2019-07-17 19:55:00 -0700,1
MyNetDiary,g,2019-07-17 19:55:00 -0700,2019-07-17 19:55:00 -0700,1
MyNetDiary,g,2019-07-17 19:55:00 -0700,2019-07-17 19:55:00 -0700,3
MyNetDiary,g,2019-07-17 22:29:00 -0700,2019-07-17 22:29:00 -0700,9
MyNetDiary,g,2019-07-18 08:00:00 -0700,2019-07-18 08:00:00 -0700,13
MyNetDiary,g,2019-07-18 08:00:00 -0700,2019-07-18 08:00:00 -0700,4
MyNetDiary,g,2019-07-18 08:00:00 -0700,2019-07-18 08:00:00 -0700,10
MyNetDiary,g,2019-07-18 08:00:00 -0700,2019-07-18 08:00:00 -0700,4
MyNetDiary,g,2019-07-18 08:00:00 -0700,2019-07-18 08:00:00 -0700,2
MyNetDiary,g,2019-07-18 08:00:00 -0700,2019-07-18 08:00:00 -0700,4
MyNetDiary,g,2019-07-18 08:00:00 -0700,2019-07-18 08:00:00 -0700,24
MyNetDiary,g,2019-07-18 08:00:00 -0700,2019-07-18 08:00:00 -0700,22
MyNetDiary,g,2019-07-18 08:00:00 -0700,2019-07-18 08:00:00 -0700,1
MyNetDiary,g,2019-07-18 08:00:00 -0700,2019-07-18 08:00:00 -0700,4
MyNetDiary,g,2019-07-18 11:13:00 -0700,2019-07-18 11:13:00 -0700,1
MyNetDiary,g,2019-07-18 11:13:00 -0700,2019-07-18 11:13:00 -0700,2
MyNetDiary,g,2019-07-18 15:00:00 -0700,2019-07-18 15:00:00 -0700,10
MyNetDiary,g,2019-07-18 19:55:00 -0700,2019-07-18 19:55:00 -0700,5
MyNetDiary,g,2019-07-18 19:55:00 -0700,2019-07-18 19:55:00 -0700,3
MyNetDiary,g,2019-07-18 19:55:00 -0700,2019-07-18 19:55:00 -0700,1
MyNetDiary,g,2019-07-18 19:55:00 -0700,2019-07-18 19:55:00 -0700,4
MyNetDiary,g,2019-07-18 19:55:00 -0700,2019-07-18 19:55:00 -0700,2
MyNetDiary,g,2019-07-18 19:55:00 -0700,2019-07-18 19:55:00 -0700,13
MyNetDiary,g,2019-07-19 21:44:00 -0700,2019-07-19 21:44:00 -0700,13
MyNetDiary,g,2019-07-19 21:44:00 -0700,2019-07-19 21:44:00 -0700,4
MyNetDiary,g,2019-07-19 21:44:00 -0700,2019-07-19 21:44:00 -0700,10
MyNetDiary,g,2019-07-19 21:44:00 -0700,2019-07-19 21:44:00 -0700,2
MyNetDiary,g,2019-07-19 21:44:00 -0700,2019-07-19 21:44:00 -0700,24
MyNetDiary,g,2019-07-19 21:44:00 -0700,2019-07-19 21:44:00 -0700,22
MyNetDiary,g,2019-07-19 21:44:00 -0700,2019-07-19 21:44:00 -0700,1
MyNetDiary,g,2019-07-19 21:44:00 -0700,2019-07-19 21:44:00 -0700,4
MyNetDiary,g,2019-07-19 21:44:00 -0700,2019-07-19 21:44:00 -0700,4
MyNetDiary,g,2019-07-19 21:44:00 -0700,2019-07-19 21:44:00 -0700,4
MyNetDiary,g,2019-07-21 13:37:00 -0700,2019-07-21 13:37:00 -0700,23
MyNetDiary,g,2019-07-24 07:46:00 -0700,2019-07-24 07:46:00 -0700,1
MyNetDiary,g,2019-07-24 07:46:00 -0700,2019-07-24 07:46:00 -0700,26
MyNetDiary,g,2019-07-24 07:46:00 -0700,2019-07-24 07:46:00 -0700,2
MyNetDiary,g,2019-07-24 07:46:00 -0700,2019-07-24 07:46:00 -0700,7
MyNetDiary,g,2019-07-24 11:03:00 -0700,2019-07-24 11:03:00 -0700,27
MyNetDiary,g,2019-07-24 12:35:00 -0700,2019-07-24 12:35:00 -0700,0
MyNetDiary,g,2019-07-24 12:35:00 -0700,2019-07-24 12:35:00 -0700,3
MyNetDiary,g,2019-07-24 12:35:00 -0700,2019-07-24 12:35:00 -0700,0
MyNetDiary,g,2019-07-24 12:35:00 -0700,2019-07-24 12:35:00 -0700,12
MyNetDiary,g,2019-07-24 12:35:00 -0700,2019-07-24 12:35:00 -0700,2
MyNetDiary,g,2019-07-24 12:35:00 -0700,2019-07-24 12:35:00 -0700,2
MyNetDiary,g,2019-07-24 12:35:00 -0700,2019-07-24 12:35:00 -0700,16
MyNetDiary,g,2019-07-24 14:29:00 -0700,2019-07-24 14:29:00 -0700,10
MyNetDiary,g,2019-07-24 14:59:00 -0700,2019-07-24 14:59:00 -0700,13
MyNetDiary,g,2019-07-24 15:54:00 -0700,2019-07-24 15:54:00 -0700,4
MyNetDiary,g,2019-07-24 19:29:00 -0700,2019-07-24 19:29:00 -0700,21
MyNetDiary,g,2019-07-24 19:31:00 -0700,2019-07-24 19:31:00 -0700,26
MyNetDiary,g,2019-07-24 20:17:00 -0700,2019-07-24 20:17:00 -0700,14
MyNetDiary,g,2019-07-25 08:35:00 -0700,2019-07-25 08:35:00 -0700,13
MyNetDiary,g,2019-07-25 08:35:00 -0700,2019-07-25 08:35:00 -0700,9
MyNetDiary,g,2019-07-25 13:59:00 -0700,2019-07-25 13:59:00 -0700,2
MyNetDiary,g,2019-07-25 13:59:00 -0700,2019-07-25 13:59:00 -0700,104
MyNetDiary,g,2019-07-25 17:12:00 -0700,2019-07-25 17:12:00 -0700,0
MyNetDiary,g,2019-07-25 17:12:00 -0700,2019-07-25 17:12:00 -0700,12
MyNetDiary,g,2019-07-25 17:12:00 -0700,2019-07-25 17:12:00 -0700,15
MyNetDiary,g,2019-07-25 17:14:00 -0700,2019-07-25 17:14:00 -0700,13
MyNetDiary,g,2019-07-25 17:15:00 -0700,2019-07-25 17:15:00 -0700,5
MyNetDiary,g,2019-07-25 17:32:00 -0700,2019-07-25 17:32:00 -0700,34
MyNetDiary,g,2019-07-26 09:50:00 -0700,2019-07-26 09:50:00 -0700,31
MyNetDiary,g,2019-07-26 09:50:00 -0700,2019-07-26 09:50:00 -0700,11
MyNetDiary,g,2019-07-26 15:12:00 -0700,2019-07-26 15:12:00 -0700,40
MyNetDiary,g,2019-07-26 15:12:00 -0700,2019-07-26 15:12:00 -0700,16
MyNetDiary,g,2019-07-26 23:53:00 -0700,2019-07-26 23:53:00 -0700,2
MyNetDiary,g,2019-07-26 23:53:00 -0700,2019-07-26 23:53:00 -0700,53
MyNetDiary,g,2019-07-26 23:53:00 -0700,2019-07-26 23:53:00 -0700,12
MyNetDiary,g,2019-07-26 23:53:00 -0700,2019-07-26 23:53:00 -0700,5
MyNetDiary,g,2019-07-26 23:53:00 -0700,2019-07-26 23:53:00 -0700,4
MyNetDiary,g,2019-07-26 23:53:00 -0700,2019-07-26 23:53:00 -0700,1
MyNetDiary,g,2019-07-26 23:53:00 -0700,2019-07-26 23:53:00 -0700,6
MyNetDiary,g,2019-07-26 23:53:00 -0700,2019-07-26 23:53:00 -0700,19
MyNetDiary,g,2019-07-27 09:06:00 -0700,2019-07-27 09:06:00 -0700,68
MyNetDiary,g,2019-07-27 09:06:00 -0700,2019-07-27 09:06:00 -0700,1
MyNetDiary,g,2019-08-01 08:00:00 -0700,2019-08-01 08:00:00 -0700,15
MyNetDiary,g,2019-08-01 08:00:00 -0700,2019-08-01 08:00:00 -0700,3
MyNetDiary,g,2019-08-01 08:00:00 -0700,2019-08-01 08:00:00 -0700,10
MyNetDiary,g,2019-08-01 08:00:00 -0700,2019-08-01 08:00:00 -0700,2
MyNetDiary,g,2019-08-01 08:00:00 -0700,2019-08-01 08:00:00 -0700,19
MyNetDiary,g,2019-08-01 08:00:00 -0700,2019-08-01 08:00:00 -0700,68
MyNetDiary,g,2019-08-01 08:00:00 -0700,2019-08-01 08:00:00 -0700,2
MyNetDiary,g,2019-08-02 16:51:00 -0700,2019-08-02 16:51:00 -0700,2
MyNetDiary,g,2019-08-03 08:44:00 -0700,2019-08-03 08:44:00 -0700,10
MyNetDiary,g,2019-08-03 08:52:00 -0700,2019-08-03 08:52:00 -0700,50
MyNetDiary,g,2019-08-03 19:23:00 -0700,2019-08-03 19:23:00 -0700,2
MyNetDiary,g,2019-08-03 22:54:00 -0700,2019-08-03 22:54:00 -0700,9
MyNetDiary,g,2019-08-03 22:54:00 -0700,2019-08-03 22:54:00 -0700,0
MyNetDiary,g,2019-08-03 22:54:00 -0700,2019-08-03 22:54:00 -0700,4
MyNetDiary,g,2019-08-03 22:54:00 -0700,2019-08-03 22:54:00 -0700,4
MyNetDiary,g,2019-08-03 22:54:00 -0700,2019-08-03 22:54:00 -0700,7
MyNetDiary,g,2019-08-03 22:54:00 -0700,2019-08-03 22:54:00 -0700,2
MyNetDiary,g,2019-08-03 22:54:00 -0700,2019-08-03 22:54:00 -0700,5
MyNetDiary,g,2019-08-03 22:54:00 -0700,2019-08-03 22:54:00 -0700,3
MyNetDiary,g,2019-08-03 22:54:00 -0700,2019-08-03 22:54:00 -0700,15
MyNetDiary,g,2019-08-03 22:54:00 -0700,2019-08-03 22:54:00 -0700,9
MyNetDiary,g,2019-09-30 11:36:00 -0700,2019-09-30 11:36:00 -0700,45
MyNetDiary,g,2019-09-30 11:36:00 -0700,2019-09-30 11:36:00 -0700,5
MyNetDiary,g,2019-11-13 00:52:00 -0700,2019-11-13 00:52:00 -0700,24
MyNetDiary,g,2019-11-13 00:52:00 -0700,2019-11-13 00:52:00 -0700,54
MyNetDiary,g,2019-11-13 00:52:00 -0700,2019-11-13 00:52:00 -0700,2
MyNetDiary,g,2019-11-13 00:52:00 -0700,2019-11-13 00:52:00 -0700,11
MyNetDiary,g,2019-11-13 00:55:00 -0700,2019-11-13 00:55:00 -0700,1
MyNetDiary,g,2019-11-13 00:55:00 -0700,2019-11-13 00:55:00 -0700,0
MyNetDiary,g,2019-11-13 00:55:00 -0700,2019-11-13 00:55:00 -0700,1
MyNetDiary,g,2019-11-14 13:00:00 -0700,2019-11-14 13:00:00 -0700,1
MyNetDiary,g,2019-11-20 16:09:00 -0700,2019-11-20 16:09:00 -0700,0
MyNetDiary,g,2019-11-20 16:09:00 -0700,2019-11-20 16:09:00 -0700,24
MyNetDiary,g,2019-11-20 16:09:00 -0700,2019-11-20 16:09:00 -0700,0
MyNetDiary,g,2019-11-20 16:09:00 -0700,2019-11-20 16:09:00 -0700,2
MyNetDiary,g,2019-11-20 16:10:00 -0700,2019-11-20 16:10:00 -0700,2
MyNetDiary,g,2019-11-20 16:10:00 -0700,2019-11-20 16:10:00 -0700,21
MyNetDiary,g,2019-11-20 16:10:00 -0700,2019-11-20 16:10:00 -0700,4
MyNetDiary,g,2021-07-28 10:34:00 -0700,2021-07-28 10:34:00 -0700,67.5
MyNetDiary,g,2021-07-28 10:34:00 -0700,2021-07-28 10:34:00 -0700,1.4
MyNetDiary,g,2021-07-28 12:22:00 -0700,2021-07-28 12:22:00 -0700,44
MyNetDiary,g,2021-07-28 12:22:00 -0700,2021-07-28 12:22:00 -0700,4
MyNetDiary,g,2021-07-28 12:22:00 -0700,2021-07-28 12:22:00 -0700,2.7
MyNetDiary,g,2021-07-28 12:22:00 -0700,2021-07-28 12:22:00 -0700,1.9
MyNetDiary,g,2021-07-28 12:22:00 -0700,2021-07-28 12:22:00 -0700,2.5
MyNetDiary,g,2021-07-28 12:22:00 -0700,2021-07-28 12:22:00 -0700,23
MyNetDiary,g,2021-07-28 12:22:00 -0700,2021-07-28 12:22:00 -0700,1
MyNetDiary,g,2021-07-28 12:22:00 -0700,2021-07-28 12:22:00 -0700,4
MyNetDiary,g,2021-07-28 12:22:00 -0700,2021-07-28 12:22:00 -0700,0
MyNetDiary,g,2021-07-28 12:22:00 -0700,2021-07-28 12:22:00 -0700,5.6
MyNetDiary,g,2021-07-28 13:03:00 -0700,2021-07-28 13:03:00 -0700,0
MyNetDiary,g,2021-07-28 18:37:00 -0700,2021-07-28 18:37:00 -0700,0
MyNetDiary,g,2021-07-28 18:37:00 -0700,2021-07-28 18:37:00 -0700,15
MyNetDiary,g,2021-07-28 20:12:00 -0700,2021-07-28 20:12:00 -0700,22
MyNetDiary,g,2021-07-29 12:46:00 -0700,2021-07-29 12:46:00 -0700,0.2
MyNetDiary,g,2021-07-29 12:46:00 -0700,2021-07-29 12:46:00 -0700,3
MyNetDiary,g,2021-07-29 12:46:00 -0700,2021-07-29 12:46:00 -0700,1.5
MyNetDiary,g,2021-07-29 12:46:00 -0700,2021-07-29 12:46:00 -0700,21.6
MyNetDiary,g,2021-07-29 12:46:00 -0700,2021-07-29 12:46:00 -0700,8
MyNetDiary,g,2021-07-29 12:46:00 -0700,2021-07-29 12:46:00 -0700,44
MyNetDiary,g,2021-07-30 12:31:00 -0700,2021-07-30 12:31:00 -0700,2
MyNetDiary,g,2021-07-30 12:31:00 -0700,2021-07-30 12:31:00 -0700,1.3
MyNetDiary,g,2021-07-30 12:31:00 -0700,2021-07-30 12:31:00 -0700,1.5
MyNetDiary,g,2021-07-30 12:31:00 -0700,2021-07-30 12:31:00 -0700,4.8
MyNetDiary,g,2021-07-30 12:31:00 -0700,2021-07-30 12:31:00 -0700,0.2
MyNetDiary,g,2021-07-30 12:31:00 -0700,2021-07-30 12:31:00 -0700,6.3
MyNetDiary,g,2021-07-30 12:31:00 -0700,2021-07-30 12:31:00 -0700,4.3
MyNetDiary,g,2021-07-30 12:31:00 -0700,2021-07-30 12:31:00 -0700,5
MyNetDiary,g,2021-07-30 12:31:00 -0700,2021-07-30 12:31:00 -0700,4.6
MyNetDiary,g,2021-07-30 15:45:00 -0700,2021-07-30 15:45:00 -0700,76
MyNetDiary,g,2021-08-28 21:10:00 -0700,2021-08-28 21:10:00 -0700,186
MyNetDiary,g,2021-08-28 21:10:00 -0700,2021-08-28 21:10:00 -0700,2.6
MyNetDiary,g,2021-08-28 21:32:00 -0700,2021-08-28 21:32:00 -0700,19
MyNetDiary,g,2021-08-29 10:31:00 -0700,2021-08-29 10:31:00 -0700,1
MyNetDiary,g,2021-08-29 10:31:00 -0700,2021-08-29 10:31:00 -0700,6
MyNetDiary,g,2021-08-29 10:31:00 -0700,2021-08-29 10:31:00 -0700,5.6
MyNetDiary,g,2021-08-29 10:31:00 -0700,2021-08-29 10:31:00 -0700,1
MyNetDiary,g,2021-08-29 10:31:00 -0700,2021-08-29 10:31:00 -0700,4.6
MyNetDiary,g,2021-08-29 10:31:00 -0700,2021-08-29 10:31:00 -0700,3.2
MyNetDiary,g,2021-08-29 10:31:00 -0700,2021-08-29 10:31:00 -0700,3.5
MyNetDiary,g,2021-08-29 10:31:00 -0700,2021-08-29 10:31:00 -0700,44.8
MyNetDiary,g,2021-08-29 19:42:00 -0700,2021-08-29 19:42:00 -0700,1.9
MyNetDiary,g,2021-08-29 19:42:00 -0700,2021-08-29 19:42:00 -0700,1.5
MyNetDiary,g,2021-08-29 19:42:00 -0700,2021-08-29 19:42:00 -0700,1.3
MyNetDiary,g,2021-08-29 19:42:00 -0700,2021-08-29 19:42:00 -0700,0.5
MyNetDiary,g,2021-08-29 19:58:00 -0700,2021-08-29 19:58:00 -0700,2
MyNetDiary,g,2021-08-29 19:58:00 -0700,2021-08-29 19:58:00 -0700,9.3
MyNetDiary,g,2021-08-29 20:00:00 -0700,2021-08-29 20:00:00 -0700,11.5
MyNetDiary,g,2021-08-29 20:01:00 -0700,2021-08-29 20:01:00 -0700,33.3
MyNetDiary,g,2021-08-30 10:46:00 -0700,2021-08-30 10:46:00 -0700,27
MyNetDiary,g,2021-08-30 10:46:00 -0700,2021-08-30 10:46:00 -0700,33
MyNetDiary,g,2021-08-30 13:38:00 -0700,2021-08-30 13:38:00 -0700,2
MyNetDiary,g,2021-08-30 13:38:00 -0700,2021-08-30 13:38:00 -0700,1.8
MyNetDiary,g,2021-08-30 13:38:00 -0700,2021-08-30 13:38:00 -0700,1
MyNetDiary,g,2021-08-30 13:38:00 -0700,2021-08-30 13:38:00 -0700,6
MyNetDiary,g,2021-08-30 13:38:00 -0700,2021-08-30 13:38:00 -0700,5.6
MyNetDiary,g,2021-08-30 13:38:00 -0700,2021-08-30 13:38:00 -0700,1.3
MyNetDiary,g,2021-08-30 13:38:00 -0700,2021-08-30 13:38:00 -0700,42
MyNetDiary,g,2021-08-30 13:38:00 -0700,2021-08-30 13:38:00 -0700,0
MyNetDiary,g,2021-08-30 13:38:00 -0700,2021-08-30 13:38:00 -0700,9.4
MyNetDiary,g,2021-08-30 20:25:00 -0700,2021-08-30 20:25:00 -0700,5
MyNetDiary,g,2021-08-30 20:25:00 -0700,2021-08-30 20:25:00 -0700,53.2
MyNetDiary,g,2021-08-31 12:10:00 -0700,2021-08-31 12:10:00 -0700,1
MyNetDiary,g,2021-08-31 12:10:00 -0700,2021-08-31 12:10:00 -0700,6
MyNetDiary,g,2021-08-31 12:10:00 -0700,2021-08-31 12:10:00 -0700,5.6
MyNetDiary,g,2021-08-31 12:10:00 -0700,2021-08-31 12:10:00 -0700,2
MyNetDiary,g,2021-08-31 12:10:00 -0700,2021-08-31 12:10:00 -0700,11.5
MyNetDiary,g,2021-08-31 12:10:00 -0700,2021-08-31 12:10:00 -0700,5
MyNetDiary,g,2021-08-31 12:10:00 -0700,2021-08-31 12:10:00 -0700,33.3
MyNetDiary,g,2021-08-31 12:10:00 -0700,2021-08-31 12:10:00 -0700,1.1
MyNetDiary,g,2021-08-31 19:29:00 -0700,2021-08-31 19:29:00 -0700,26.6
MyNetDiary,g,2021-08-31 19:29:00 -0700,2021-08-31 19:29:00 -0700,1.5
MyNetDiary,g,2021-08-31 19:29:00 -0700,2021-08-31 19:29:00 -0700,4.6
MyNetDiary,g,2021-08-31 19:29:00 -0700,2021-08-31 19:29:00 -0700,5
MyNetDiary,g,2021-08-31 19:29:00 -0700,2021-08-31 19:29:00 -0700,3.9
MyNetDiary,g,2021-08-31 19:29:00 -0700,2021-08-31 19:29:00 -0700,3.4
MyNetDiary,g,2021-08-31 19:29:00 -0700,2021-08-31 19:29:00 -0700,1.9
MyNetDiary,g,2021-08-31 19:29:00 -0700,2021-08-31 19:29:00 -0700,7.3
MyNetDiary,g,2021-08-31 22:00:00 -0700,2021-08-31 22:00:00 -0700,14
MyNetDiary,g,2021-08-31 23:00:00 -0700,2021-08-31 23:00:00 -0700,10
MyNetDiary,g,2021-09-01 11:19:00 -0700,2021-09-01 11:19:00 -0700,1.6
MyNetDiary,g,2021-09-01 11:19:00 -0700,2021-09-01 11:19:00 -0700,6
MyNetDiary,g,2021-09-01 11:19:00 -0700,2021-09-01 11:19:00 -0700,44.8
MyNetDiary,g,2021-09-01 15:35:00 -0700,2021-09-01 15:35:00 -0700,2
MyNetDiary,g,2021-09-01 18:37:00 -0700,2021-09-01 18:37:00 -0700,1
MyNetDiary,g,2021-09-01 18:37:00 -0700,2021-09-01 18:37:00 -0700,4
MyNetDiary,g,2021-09-01 18:37:00 -0700,2021-09-01 18:37:00 -0700,0.6
MyNetDiary,g,2021-09-01 18:37:00 -0700,2021-09-01 18:37:00 -0700,2.6
MyNetDiary,g,2021-09-01 18:37:00 -0700,2021-09-01 18:37:00 -0700,3.9
MyNetDiary,g,2021-09-01 18:37:00 -0700,2021-09-01 18:37:00 -0700,5.6
MyNetDiary,g,2021-09-01 18:37:00 -0700,2021-09-01 18:37:00 -0700,2
MyNetDiary,g,2021-09-01 23:39:00 -0700,2021-09-01 23:39:00 -0700,0
MyNetDiary,g,2021-09-01 23:39:00 -0700,2021-09-01 23:39:00 -0700,1.7
MyNetDiary,g,2021-09-01 23:39:00 -0700,2021-09-01 23:39:00 -0700,3.2
MyNetDiary,g,2021-09-04 11:37:00 -0700,2021-09-04 11:37:00 -0700,64.4
MyNetDiary,g,2021-09-04 11:37:00 -0700,2021-09-04 11:37:00 -0700,20.8
MyNetDiary,g,2021-09-04 11:37:00 -0700,2021-09-04 11:37:00 -0700,0.6
MyNetDiary,g,2021-09-04 12:06:00 -0700,2021-09-04 12:06:00 -0700,0
MyNetDiary,g,2021-09-04 17:21:00 -0700,2021-09-04 17:21:00 -0700,4
MyNetDiary,g,2021-09-04 17:21:00 -0700,2021-09-04 17:21:00 -0700,4.9
MyNetDiary,g,2021-09-04 17:21:00 -0700,2021-09-04 17:21:00 -0700,5.5
MyNetDiary,g,2021-09-04 17:21:00 -0700,2021-09-04 17:21:00 -0700,8.9
MyNetDiary,g,2021-09-04 17:21:00 -0700,2021-09-04 17:21:00 -0700,5.1
MyNetDiary,g,2021-09-04 17:21:00 -0700,2021-09-04 17:21:00 -0700,4.6
MyNetDiary,g,2021-09-04 17:21:00 -0700,2021-09-04 17:21:00 -0700,1.3
MyNetDiary,g,2021-09-04 17:21:00 -0700,2021-09-04 17:21:00 -0700,2
MyNetDiary,g,2021-09-04 17:21:00 -0700,2021-09-04 17:21:00 -0700,3.8
MyNetDiary,g,2021-09-04 17:55:00 -0700,2021-09-04 17:55:00 -0700,1
MyNetDiary,g,2021-09-04 17:55:00 -0700,2021-09-04 17:55:00 -0700,21.3
MyNetDiary,g,2021-09-04 19:05:00 -0700,2021-09-04 19:05:00 -0700,16.2
MyNetDiary,g,2021-09-04 19:22:00 -0700,2021-09-04 19:22:00 -0700,52.9
MyNetDiary,g,2021-09-04 21:27:00 -0700,2021-09-04 21:27:00 -0700,36
MyNetDiary,g,2021-09-05 11:09:00 -0700,2021-09-05 11:09:00 -0700,18.6
MyNetDiary,g,2021-09-05 11:09:00 -0700,2021-09-05 11:09:00 -0700,15.9
MyNetDiary,g,2021-09-05 11:09:00 -0700,2021-09-05 11:09:00 -0700,15.8
MyNetDiary,g,2021-09-05 11:09:00 -0700,2021-09-05 11:09:00 -0700,3.3
MyNetDiary,g,2021-09-05 11:09:00 -0700,2021-09-05 11:09:00 -0700,3.6
MyNetDiary,g,2021-09-05 11:09:00 -0700,2021-09-05 11:09:00 -0700,65
MyNetDiary,g,2021-09-05 16:26:00 -0700,2021-09-05 16:26:00 -0700,2.2
MyNetDiary,g,2021-09-05 16:26:00 -0700,2021-09-05 16:26:00 -0700,3.3
MyNetDiary,g,2021-09-05 16:26:00 -0700,2021-09-05 16:26:00 -0700,3
MyNetDiary,g,2021-09-05 16:26:00 -0700,2021-09-05 16:26:00 -0700,1
MyNetDiary,g,2021-09-05 16:26:00 -0700,2021-09-05 16:26:00 -0700,0.5
MyNetDiary,g,2021-09-06 11:10:00 -0700,2021-09-06 11:10:00 -0700,2.2
MyNetDiary,g,2021-09-06 11:10:00 -0700,2021-09-06 11:10:00 -0700,3.3
MyNetDiary,g,2021-09-06 11:10:00 -0700,2021-09-06 11:10:00 -0700,22
MyNetDiary,g,2021-09-06 16:19:00 -0700,2021-09-06 16:19:00 -0700,0.6
MyNetDiary,g,2021-09-06 16:19:00 -0700,2021-09-06 16:19:00 -0700,4
MyNetDiary,g,2021-09-06 16:19:00 -0700,2021-09-06 16:19:00 -0700,20
MyNetDiary,g,2021-09-06 16:19:00 -0700,2021-09-06 16:19:00 -0700,16.3
MyNetDiary,g,2021-09-06 20:00:00 -0700,2021-09-06 20:00:00 -0700,22.5
MyNetDiary,g,2021-09-06 20:00:00 -0700,2021-09-06 20:00:00 -0700,14
MyNetDiary,g,2021-09-06 20:30:00 -0700,2021-09-06 20:30:00 -0700,14
MyNetDiary,g,2021-09-06 21:22:00 -0700,2021-09-06 21:22:00 -0700,3.2
MyNetDiary,g,2021-09-06 21:50:00 -0700,2021-09-06 21:50:00 -0700,6
MyNetDiary,g,2021-09-07 13:23:00 -0700,2021-09-07 13:23:00 -0700,4
MyNetDiary,g,2021-09-07 13:23:00 -0700,2021-09-07 13:23:00 -0700,6.5
MyNetDiary,g,2021-09-07 13:23:00 -0700,2021-09-07 13:23:00 -0700,3.3
MyNetDiary,g,2021-09-07 13:23:00 -0700,2021-09-07 13:23:00 -0700,5.6
MyNetDiary,g,2021-09-07 13:23:00 -0700,2021-09-07 13:23:00 -0700,0
MyNetDiary,g,2021-09-07 14:47:00 -0700,2021-09-07 14:47:00 -0700,14.2
MyNetDiary,g,2021-09-07 16:44:00 -0700,2021-09-07 16:44:00 -0700,4.2
MyNetDiary,g,2021-09-07 16:44:00 -0700,2021-09-07 16:44:00 -0700,1.7
MyNetDiary,g,2021-09-07 16:44:00 -0700,2021-09-07 16:44:00 -0700,0.5
MyNetDiary,g,2021-09-07 16:44:00 -0700,2021-09-07 16:44:00 -0700,4.3
MyNetDiary,g,2021-09-07 21:35:00 -0700,2021-09-07 21:35:00 -0700,21
MyNetDiary,g,2021-09-08 11:36:00 -0700,2021-09-08 11:36:00 -0700,25
MyNetDiary,g,2021-09-08 11:36:00 -0700,2021-09-08 11:36:00 -0700,50
MyNetDiary,g,2021-09-08 12:33:00 -0700,2021-09-08 12:33:00 -0700,4
MyNetDiary,g,2021-09-08 12:33:00 -0700,2021-09-08 12:33:00 -0700,1.6
MyNetDiary,g,2021-09-08 12:33:00 -0700,2021-09-08 12:33:00 -0700,30
MyNetDiary,g,2021-09-08 12:33:00 -0700,2021-09-08 12:33:00 -0700,2.6
MyNetDiary,g,2021-09-08 12:33:00 -0700,2021-09-08 12:33:00 -0700,5.8
MyNetDiary,g,2021-09-08 12:33:00 -0700,2021-09-08 12:33:00 -0700,2.1
MyNetDiary,g,2021-09-08 12:33:00 -0700,2021-09-08 12:33:00 -0700,0
MyNetDiary,g,2021-09-08 12:33:00 -0700,2021-09-08 12:33:00 -0700,6
MyNetDiary,g,2021-09-08 13:02:00 -0700,2021-09-08 13:02:00 -0700,22
MyNetDiary,g,2021-09-08 23:47:00 -0700,2021-09-08 23:47:00 -0700,11
MyNetDiary,g,2021-09-09 00:07:00 -0700,2021-09-09 00:07:00 -0700,4.4
MyNetDiary,g,2021-09-09 00:07:00 -0700,2021-09-09 00:07:00 -0700,7.6
MyNetDiary,g,2021-09-09 11:59:00 -0700,2021-09-09 11:59:00 -0700,19.8
MyNetDiary,g,2021-09-09 11:59:00 -0700,2021-09-09 11:59:00 -0700,5.9
MyNetDiary,g,2021-09-10 06:15:00 -0700,2021-09-10 06:15:00 -0700,6.7
MyNetDiary,g,2021-09-10 06:20:00 -0700,2021-09-10 06:20:00 -0700,4.2
MyNetDiary,g,2021-09-10 06:20:00 -0700,2021-09-10 06:20:00 -0700,21
MyNetDiary,g,2021-09-10 06:50:00 -0700,2021-09-10 06:50:00 -0700,5.7
MyNetDiary,g,2021-09-10 08:00:00 -0700,2021-09-10 08:00:00 -0700,3.4
MyNetDiary,g,2021-09-10 08:00:00 -0700,2021-09-10 08:00:00 -0700,5.1
MyNetDiary,g,2021-09-10 12:00:00 -0700,2021-09-10 12:00:00 -0700,42
MyNetDiary,g,2021-09-10 12:00:00 -0700,2021-09-10 12:00:00 -0700,1
MyNetDiary,g,2021-09-10 12:00:00 -0700,2021-09-10 12:00:00 -0700,0.3
MyNetDiary,g,2021-09-10 12:00:00 -0700,2021-09-10 12:00:00 -0700,4.1
MyNetDiary,g,2021-09-10 15:00:00 -0700,2021-09-10 15:00:00 -0700,22.7
MyNetDiary,g,2021-09-10 15:00:00 -0700,2021-09-10 15:00:00 -0700,5.7
MyNetDiary,g,2021-09-10 15:00:00 -0700,2021-09-10 15:00:00 -0700,32
MyNetDiary,g,2021-09-10 15:00:00 -0700,2021-09-10 15:00:00 -0700,13
MyNetDiary,g,2021-09-10 15:00:00 -0700,2021-09-10 15:00:00 -0700,5.4
MyNetDiary,g,2021-09-10 22:05:00 -0700,2021-09-10 22:05:00 -0700,24
MyNetDiary,g,2021-09-12 11:26:00 -0700,2021-09-12 11:26:00 -0700,0.8
MyNetDiary,g,2021-09-12 11:26:00 -0700,2021-09-12 11:26:00 -0700,6
MyNetDiary,g,2021-09-12 11:26:00 -0700,2021-09-12 11:26:00 -0700,1.4
MyNetDiary,g,2021-09-12 11:26:00 -0700,2021-09-12 11:26:00 -0700,22
MyNetDiary,g,2021-09-12 11:26:00 -0700,2021-09-12 11:26:00 -0700,1.3
MyNetDiary,g,2021-09-12 18:05:00 -0700,2021-09-12 18:05:00 -0700,16.3
MyNetDiary,g,2021-09-12 18:23:00 -0700,2021-09-12 18:23:00 -0700,42
MyNetDiary,g,2021-09-12 18:23:00 -0700,2021-09-12 18:23:00 -0700,1
MyNetDiary,g,2021-09-12 18:23:00 -0700,2021-09-12 18:23:00 -0700,0.5
MyNetDiary,g,2021-09-12 18:23:00 -0700,2021-09-12 18:23:00 -0700,0
MyNetDiary,g,2021-09-12 18:23:00 -0700,2021-09-12 18:23:00 -0700,4.9
MyNetDiary,g,2021-09-12 21:58:00 -0700,2021-09-12 21:58:00 -0700,1.6
MyNetDiary,g,2021-09-12 21:58:00 -0700,2021-09-12 21:58:00 -0700,11.8
MyNetDiary,g,2021-09-12 21:58:00 -0700,2021-09-12 21:58:00 -0700,2.5
MyNetDiary,g,2021-09-12 21:58:00 -0700,2021-09-12 21:58:00 -0700,1.6
MyNetDiary,g,2021-09-12 21:58:00 -0700,2021-09-12 21:58:00 -0700,1.5
MyNetDiary,g,2021-09-12 21:58:00 -0700,2021-09-12 21:58:00 -0700,10
MyNetDiary,g,2021-09-13 12:08:00 -0700,2021-09-13 12:08:00 -0700,18.7
MyNetDiary,g,2021-09-13 12:08:00 -0700,2021-09-13 12:08:00 -0700,5.1
MyNetDiary,g,2021-09-13 12:08:00 -0700,2021-09-13 12:08:00 -0700,8.3
MyNetDiary,g,2021-09-13 12:08:00 -0700,2021-09-13 12:08:00 -0700,4
MyNetDiary,g,2021-09-13 12:08:00 -0700,2021-09-13 12:08:00 -0700,3.5
MyNetDiary,g,2021-09-13 19:25:00 -0700,2021-09-13 19:25:00 -0700,40
MyNetDiary,g,2021-09-13 19:25:00 -0700,2021-09-13 19:25:00 -0700,1.3
MyNetDiary,g,2021-09-13 19:25:00 -0700,2021-09-13 19:25:00 -0700,1
MyNetDiary,g,2021-09-15 13:26:00 -0700,2021-09-15 13:26:00 -0700,3.7
MyNetDiary,g,2021-09-15 13:26:00 -0700,2021-09-15 13:26:00 -0700,23.6
MyNetDiary,g,2021-09-15 13:26:00 -0700,2021-09-15 13:26:00 -0700,30.9
MyNetDiary,g,2021-09-16 11:17:00 -0700,2021-09-16 11:17:00 -0700,3.3
MyNetDiary,g,2021-09-16 11:17:00 -0700,2021-09-16 11:17:00 -0700,34.4
MyNetDiary,g,2021-09-16 11:17:00 -0700,2021-09-16 11:17:00 -0700,4.4
MyNetDiary,g,2021-09-21 00:22:00 -0700,2021-09-21 00:22:00 -0700,19.3
MyNetDiary,g,2021-09-21 00:24:00 -0700,2021-09-21 00:24:00 -0700,5.8
MyNetDiary,g,2021-09-21 00:25:00 -0700,2021-09-21 00:25:00 -0700,9.7
MyNetDiary,g,2021-09-21 00:29:00 -0700,2021-09-21 00:29:00 -0700,12.7
MyNetDiary,g,2021-09-21 00:35:00 -0700,2021-09-21 00:35:00 -0700,1.6
MyNetDiary,g,2021-09-21 00:35:00 -0700,2021-09-21 00:35:00 -0700,2.5
MyNetDiary,g,2021-09-21 00:35:00 -0700,2021-09-21 00:35:00 -0700,8.2
MyNetDiary,g,2021-09-21 00:35:00 -0700,2021-09-21 00:35:00 -0700,26
MyNetDiary,g,2021-09-21 00:35:00 -0700,2021-09-21 00:35:00 -0700,0.8
MyNetDiary,g,2021-09-21 00:35:00 -0700,2021-09-21 00:35:00 -0700,1
MyNetDiary,g,2021-09-21 00:35:00 -0700,2021-09-21 00:35:00 -0700,0
MyNetDiary,g,2021-09-21 00:35:00 -0700,2021-09-21 00:35:00 -0700,1.9
MyNetDiary,g,2021-09-21 00:40:00 -0700,2021-09-21 00:40:00 -0700,64.5
MyNetDiary,g,2021-09-21 00:40:00 -0700,2021-09-21 00:40:00 -0700,32
MyNetDiary,g,2021-09-22 10:14:00 -0700,2021-09-22 10:14:00 -0700,2.3
MyNetDiary,g,2021-09-22 10:14:00 -0700,2021-09-22 10:14:00 -0700,1
MyNetDiary,g,2021-09-22 10:14:00 -0700,2021-09-22 10:14:00 -0700,0.5
MyNetDiary,g,2021-09-22 10:31:00 -0700,2021-09-22 10:31:00 -0700,5.8
MyNetDiary,g,2021-09-22 10:31:00 -0700,2021-09-22 10:31:00 -0700,24.5
MyNetDiary,g,2021-09-22 10:31:00 -0700,2021-09-22 10:31:00 -0700,57.2
MyNetDiary,g,2021-09-27 07:21:00 -0700,2021-09-27 07:21:00 -0700,12
MyNetDiary,g,2021-09-27 07:21:00 -0700,2021-09-27 07:21:00 -0700,4
MyNetDiary,g,2021-09-27 10:59:00 -0700,2021-09-27 10:59:00 -0700,19.8
MyNetDiary,g,2021-09-27 10:59:00 -0700,2021-09-27 10:59:00 -0700,4.4
MyNetDiary,g,2021-09-27 14:06:00 -0700,2021-09-27 14:06:00 -0700,4.1
MyNetDiary,g,2021-09-27 17:10:00 -0700,2021-09-27 17:10:00 -0700,26
MyNetDiary,g,2021-09-27 17:10:00 -0700,2021-09-27 17:10:00 -0700,0
MyNetDiary,g,2021-09-27 17:10:00 -0700,2021-09-27 17:10:00 -0700,0.9
MyNetDiary,g,2021-09-27 17:10:00 -0700,2021-09-27 17:10:00 -0700,5.6
MyNetDiary,g,2021-09-27 17:10:00 -0700,2021-09-27 17:10:00 -0700,1
MyNetDiary,g,2021-09-27 17:41:00 -0700,2021-09-27 17:41:00 -0700,13
MyNetDiary,g,2021-09-28 14:59:00 -0700,2021-09-28 14:59:00 -0700,4.1
MyNetDiary,g,2021-09-28 15:10:00 -0700,2021-09-28 15:10:00 -0700,1
MyNetDiary,g,2021-09-28 15:10:00 -0700,2021-09-28 15:10:00 -0700,0.5
MyNetDiary,g,2021-09-28 15:17:00 -0700,2021-09-28 15:17:00 -0700,5
MyNetDiary,g,2021-09-28 15:17:00 -0700,2021-09-28 15:17:00 -0700,0.7
MyNetDiary,g,2021-09-28 15:17:00 -0700,2021-09-28 15:17:00 -0700,9.1
MyNetDiary,g,2021-09-28 15:17:00 -0700,2021-09-28 15:17:00 -0700,4.6
MyNetDiary,g,2021-09-28 15:17:00 -0700,2021-09-28 15:17:00 -0700,19.8
MyNetDiary,g,2021-09-28 15:17:00 -0700,2021-09-28 15:17:00 -0700,5.9
MyNetDiary,g,2021-09-28 15:51:00 -0700,2021-09-28 15:51:00 -0700,7
MyNetDiary,g,2021-09-28 20:27:00 -0700,2021-09-28 20:27:00 -0700,40
MyNetDiary,g,2021-09-28 20:27:00 -0700,2021-09-28 20:27:00 -0700,8
MyNetDiary,g,2021-09-28 20:27:00 -0700,2021-09-28 20:27:00 -0700,0
MyNetDiary,g,2021-09-29 08:55:00 -0700,2021-09-29 08:55:00 -0700,45.9
MyNetDiary,g,2021-09-29 08:55:00 -0700,2021-09-29 08:55:00 -0700,0.9
MyNetDiary,g,2021-09-29 08:55:00 -0700,2021-09-29 08:55:00 -0700,15.6
MyNetDiary,g,2021-09-29 12:59:00 -0700,2021-09-29 12:59:00 -0700,1
MyNetDiary,g,2021-09-29 12:59:00 -0700,2021-09-29 12:59:00 -0700,0.4
MyNetDiary,g,2021-09-29 12:59:00 -0700,2021-09-29 12:59:00 -0700,0
MyNetDiary,g,2021-09-29 12:59:00 -0700,2021-09-29 12:59:00 -0700,5.6
MyNetDiary,g,2021-09-29 12:59:00 -0700,2021-09-29 12:59:00 -0700,6.5
MyNetDiary,g,2021-09-29 12:59:00 -0700,2021-09-29 12:59:00 -0700,9.5
MyNetDiary,g,2021-09-29 12:59:00 -0700,2021-09-29 12:59:00 -0700,0
MyNetDiary,g,2021-09-29 12:59:00 -0700,2021-09-29 12:59:00 -0700,40
MyNetDiary,g,2021-09-29 12:59:00 -0700,2021-09-29 12:59:00 -0700,8
MyNetDiary,g,2021-09-29 20:37:00 -0700,2021-09-29 20:37:00 -0700,16
MyNetDiary,g,2021-09-29 20:37:00 -0700,2021-09-29 20:37:00 -0700,80.7
MyNetDiary,g,2021-09-30 08:00:00 -0700,2021-09-30 08:00:00 -0700,37.1
MyNetDiary,g,2021-09-30 08:00:00 -0700,2021-09-30 08:00:00 -0700,66.5
MyNetDiary,g,2021-09-30 08:00:00 -0700,2021-09-30 08:00:00 -0700,0.8
MyNetDiary,g,2021-09-30 08:00:00 -0700,2021-09-30 08:00:00 -0700,0.6
MyNetDiary,g,2021-09-30 08:00:00 -0700,2021-09-30 08:00:00 -0700,0
MyNetDiary,g,2021-09-30 08:00:00 -0700,2021-09-30 08:00:00 -0700,1
MyNetDiary,g,2021-09-30 13:30:00 -0700,2021-09-30 13:30:00 -0700,2
MyNetDiary,g,2021-09-30 15:18:00 -0700,2021-09-30 15:18:00 -0700,10
MyNetDiary,g,2021-09-30 16:59:00 -0700,2021-09-30 16:59:00 -0700,17.7
MyNetDiary,g,2021-09-30 20:00:00 -0700,2021-09-30 20:00:00 -0700,0
MyNetDiary,g,2021-09-30 20:00:00 -0700,2021-09-30 20:00:00 -0700,13
MyNetDiary,g,2021-09-30 20:00:00 -0700,2021-09-30 20:00:00 -0700,10.1
MyNetDiary,g,2021-09-30 20:00:00 -0700,2021-09-30 20:00:00 -0700,6.3
MyNetDiary,g,2021-09-30 20:00:00 -0700,2021-09-30 20:00:00 -0700,6.1
MyNetDiary,g,2021-09-30 20:00:00 -0700,2021-09-30 20:00:00 -0700,29.7
MyNetDiary,g,2021-10-01 11:08:00 -0700,2021-10-01 11:08:00 -0700,3.6
MyNetDiary,g,2021-10-01 11:08:00 -0700,2021-10-01 11:08:00 -0700,6.9
MyNetDiary,g,2021-10-01 11:08:00 -0700,2021-10-01 11:08:00 -0700,7.3
MyNetDiary,g,2021-10-01 11:08:00 -0700,2021-10-01 11:08:00 -0700,2.4
MyNetDiary,g,2021-10-01 11:08:00 -0700,2021-10-01 11:08:00 -0700,0.8
MyNetDiary,g,2021-10-01 11:08:00 -0700,2021-10-01 11:08:00 -0700,14.3
MyNetDiary,g,2021-10-01 11:08:00 -0700,2021-10-01 11:08:00 -0700,0
MyNetDiary,g,2021-10-01 11:08:00 -0700,2021-10-01 11:08:00 -0700,1.1
MyNetDiary,g,2021-10-01 11:22:00 -0700,2021-10-01 11:22:00 -0700,7.1
MyNetDiary,g,2021-10-01 11:25:00 -0700,2021-10-01 11:25:00 -0700,3
MyNetDiary,g,2021-10-01 11:27:00 -0700,2021-10-01 11:27:00 -0700,0
MyNetDiary,g,2021-10-01 11:28:00 -0700,2021-10-01 11:28:00 -0700,4.4
MyNetDiary,g,2021-10-01 16:09:00 -0700,2021-10-01 16:09:00 -0700,40
MyNetDiary,g,2021-10-01 16:09:00 -0700,2021-10-01 16:09:00 -0700,8.8
MyNetDiary,g,2021-10-01 16:09:00 -0700,2021-10-01 16:09:00 -0700,1.5
MyNetDiary,g,2021-10-01 16:32:00 -0700,2021-10-01 16:32:00 -0700,14.2
MyNetDiary,g,2021-10-02 10:24:00 -0700,2021-10-02 10:24:00 -0700,0
MyNetDiary,g,2021-10-02 10:24:00 -0700,2021-10-02 10:24:00 -0700,49.1
MyNetDiary,g,2021-10-02 10:24:00 -0700,2021-10-02 10:24:00 -0700,5.1
MyNetDiary,g,2021-10-02 10:24:00 -0700,2021-10-02 10:24:00 -0700,12.8
MyNetDiary,g,2021-10-02 10:24:00 -0700,2021-10-02 10:24:00 -0700,40
MyNetDiary,g,2021-10-02 10:24:00 -0700,2021-10-02 10:24:00 -0700,6
MyNetDiary,g,2021-10-02 10:24:00 -0700,2021-10-02 10:24:00 -0700,2
MyNetDiary,g,2021-10-03 13:00:00 -0700,2021-10-03 13:00:00 -0700,4.2
MyNetDiary,g,2021-10-03 13:00:00 -0700,2021-10-03 13:00:00 -0700,8.8
MyNetDiary,g,2021-10-03 13:00:00 -0700,2021-10-03 13:00:00 -0700,5.7
MyNetDiary,g,2021-10-03 13:00:00 -0700,2021-10-03 13:00:00 -0700,34.6
MyNetDiary,g,2021-10-03 14:15:00 -0700,2021-10-03 14:15:00 -0700,1.4
MyNetDiary,g,2021-10-03 14:15:00 -0700,2021-10-03 14:15:00 -0700,1.4
MyNetDiary,g,2021-10-03 14:15:00 -0700,2021-10-03 14:15:00 -0700,0.6
MyNetDiary,g,2021-10-03 14:15:00 -0700,2021-10-03 14:15:00 -0700,2
MyNetDiary,g,2021-10-03 14:15:00 -0700,2021-10-03 14:15:00 -0700,1.8
MyNetDiary,g,2021-10-03 15:39:00 -0700,2021-10-03 15:39:00 -0700,8
MyNetDiary,g,2021-10-03 19:50:00 -0700,2021-10-03 19:50:00 -0700,0
MyNetDiary,g,2021-10-03 19:50:00 -0700,2021-10-03 19:50:00 -0700,29.7
MyNetDiary,g,2021-10-03 19:50:00 -0700,2021-10-03 19:50:00 -0700,10.7
MyNetDiary,g,2021-10-04 07:05:00 -0700,2021-10-04 07:05:00 -0700,8
MyNetDiary,g,2021-10-04 07:05:00 -0700,2021-10-04 07:05:00 -0700,1.8
MyNetDiary,g,2021-10-04 07:05:00 -0700,2021-10-04 07:05:00 -0700,17.3
MyNetDiary,g,2021-10-04 07:05:00 -0700,2021-10-04 07:05:00 -0700,54.7
MyNetDiary,g,2021-10-04 07:05:00 -0700,2021-10-04 07:05:00 -0700,2.3
MyNetDiary,g,2021-10-04 07:05:00 -0700,2021-10-04 07:05:00 -0700,5.5
MyNetDiary,g,2021-10-04 09:56:00 -0700,2021-10-04 09:56:00 -0700,0
MyNetDiary,g,2021-10-04 09:56:00 -0700,2021-10-04 09:56:00 -0700,32.2
MyNetDiary,g,2021-10-04 09:57:00 -0700,2021-10-04 09:57:00 -0700,4.2
MyNetDiary,g,2021-10-04 09:57:00 -0700,2021-10-04 09:57:00 -0700,8.8
MyNetDiary,g,2021-10-04 17:08:00 -0700,2021-10-04 17:08:00 -0700,2
MyNetDiary,g,2021-10-04 17:08:00 -0700,2021-10-04 17:08:00 -0700,52.4
MyNetDiary,g,2021-10-04 17:08:00 -0700,2021-10-04 17:08:00 -0700,4
MyNetDiary,g,2021-10-04 17:08:00 -0700,2021-10-04 17:08:00 -0700,0.3
MyNetDiary,g,2021-10-04 17:08:00 -0700,2021-10-04 17:08:00 -0700,6.9
MyNetDiary,g,2021-10-09 11:13:00 -0700,2021-10-09 11:13:00 -0700,52.6
MyNetDiary,g,2021-10-09 11:13:00 -0700,2021-10-09 11:13:00 -0700,11.5
MyNetDiary,g,2021-10-09 11:13:00 -0700,2021-10-09 11:13:00 -0700,1.2
MyNetDiary,g,2021-10-10 12:10:00 -0700,2021-10-10 12:10:00 -0700,7.8
MyNetDiary,g,2021-10-10 12:10:00 -0700,2021-10-10 12:10:00 -0700,26
MyNetDiary,g,2021-10-10 14:54:00 -0700,2021-10-10 14:54:00 -0700,2
MyNetDiary,g,2021-11-09 09:00:00 -0700,2021-11-09 09:00:00 -0700,17.2
MyNetDiary,g,2021-11-09 09:00:00 -0700,2021-11-09 09:00:00 -0700,8.7
MyNetDiary,g,2021-11-09 09:00:00 -0700,2021-11-09 09:00:00 -0700,20.7
MyNetDiary,g,2021-11-09 13:00:00 -0700,2021-11-09 13:00:00 -0700,0
MyNetDiary,g,2021-11-09 13:00:00 -0700,2021-11-09 13:00:00 -0700,0
MyNetDiary,g,2021-11-09 13:00:00 -0700,2021-11-09 13:00:00 -0700,6
MyNetDiary,g,2021-11-09 13:00:00 -0700,2021-11-09 13:00:00 -0700,4.5
MyNetDiary,g,2021-11-09 13:00:00 -0700,2021-11-09 13:00:00 -0700,0
MyNetDiary,g,2021-11-09 16:00:00 -0700,2021-11-09 16:00:00 -0700,13
MyNetDiary,g,2021-11-09 16:00:00 -0700,2021-11-09 16:00:00 -0700,3
MyNetDiary,g,2021-11-09 16:00:00 -0700,2021-11-09 16:00:00 -0700,12.8
MyNetDiary,g,2021-11-09 16:00:00 -0700,2021-11-09 16:00:00 -0700,5
MyNetDiary,g,2021-11-09 19:00:00 -0700,2021-11-09 19:00:00 -0700,0.6
MyNetDiary,g,2021-11-09 19:00:00 -0700,2021-11-09 19:00:00 -0700,0
MyNetDiary,g,2021-11-09 19:00:00 -0700,2021-11-09 19:00:00 -0700,2.5
MyNetDiary,g,2021-11-09 19:00:00 -0700,2021-11-09 19:00:00 -0700,3.3
MyNetDiary,g,2021-11-09 19:00:00 -0700,2021-11-09 19:00:00 -0700,0.3
MyNetDiary,g,2021-11-09 19:00:00 -0700,2021-11-09 19:00:00 -0700,3.3
MyNetDiary,g,2021-11-09 19:00:00 -0700,2021-11-09 19:00:00 -0700,1.9
MyNetDiary,g,2021-11-10 09:00:00 -0700,2021-11-10 09:00:00 -0700,9.4
MyNetDiary,g,2021-11-10 09:00:00 -0700,2021-11-10 09:00:00 -0700,0
MyNetDiary,g,2021-11-10 09:00:00 -0700,2021-11-10 09:00:00 -0700,4.5
MyNetDiary,g,2021-11-10 13:00:00 -0700,2021-11-10 13:00:00 -0700,23.2
MyNetDiary,g,2021-11-10 13:00:00 -0700,2021-11-10 13:00:00 -0700,0
MyNetDiary,g,2021-11-10 13:00:00 -0700,2021-11-10 13:00:00 -0700,0.4
MyNetDiary,g,2021-11-10 13:00:00 -0700,2021-11-10 13:00:00 -0700,3.3
MyNetDiary,g,2021-11-10 13:00:00 -0700,2021-11-10 13:00:00 -0700,1.6
MyNetDiary,g,2021-11-10 16:00:00 -0700,2021-11-10 16:00:00 -0700,1.6
MyNetDiary,g,2021-11-10 16:00:00 -0700,2021-11-10 16:00:00 -0700,11.5
MyNetDiary,g,2021-11-10 16:00:00 -0700,2021-11-10 16:00:00 -0700,0.6
MyNetDiary,g,2021-11-10 16:00:00 -0700,2021-11-10 16:00:00 -0700,7.1
MyNetDiary,g,2021-11-10 16:00:00 -0700,2021-11-10 16:00:00 -0700,10.1
MyNetDiary,g,2021-11-10 16:00:00 -0700,2021-11-10 16:00:00 -0700,10.1
MyNetDiary,g,2021-11-10 16:00:00 -0700,2021-11-10 16:00:00 -0700,21.3
MyNetDiary,g,2021-11-10 16:00:00 -0700,2021-11-10 16:00:00 -0700,18.6
MyNetDiary,g,2021-11-10 16:00:00 -0700,2021-11-10 16:00:00 -0700,8.5
MyNetDiary,g,2021-11-10 16:00:00 -0700,2021-11-10 16:00:00 -0700,11.5
MyNetDiary,g,2021-11-10 19:00:00 -0700,2021-11-10 19:00:00 -0700,2.5
MyNetDiary,g,2021-11-10 19:00:00 -0700,2021-11-10 19:00:00 -0700,3.3
MyNetDiary,g,2021-11-10 19:00:00 -0700,2021-11-10 19:00:00 -0700,1.8
MyNetDiary,g,2021-11-10 19:00:00 -0700,2021-11-10 19:00:00 -0700,8.7
MyNetDiary,g,2021-11-10 19:00:00 -0700,2021-11-10 19:00:00 -0700,1.4
MyNetDiary,g,2021-11-11 09:00:00 -0700,2021-11-11 09:00:00 -0700,6.1
MyNetDiary,g,2021-11-11 09:00:00 -0700,2021-11-11 09:00:00 -0700,0
MyNetDiary,g,2021-11-11 09:00:00 -0700,2021-11-11 09:00:00 -0700,10.2
MyNetDiary,g,2021-11-11 09:00:00 -0700,2021-11-11 09:00:00 -0700,8.7
MyNetDiary,g,2021-11-11 09:00:00 -0700,2021-11-11 09:00:00 -0700,0.3
MyNetDiary,g,2021-11-11 09:00:00 -0700,2021-11-11 09:00:00 -0700,2.5
MyNetDiary,g,2021-11-11 13:00:00 -0700,2021-11-11 13:00:00 -0700,23.2
MyNetDiary,g,2021-11-11 13:00:00 -0700,2021-11-11 13:00:00 -0700,0
MyNetDiary,g,2021-11-11 13:00:00 -0700,2021-11-11 13:00:00 -0700,0.5
MyNetDiary,g,2021-11-11 13:00:00 -0700,2021-11-11 13:00:00 -0700,2
MyNetDiary,g,2021-11-11 16:00:00 -0700,2021-11-11 16:00:00 -0700,19.9
MyNetDiary,g,2021-11-11 16:00:00 -0700,2021-11-11 16:00:00 -0700,32
MyNetDiary,g,2021-11-11 16:00:00 -0700,2021-11-11 16:00:00 -0700,2.6
MyNetDiary,g,2021-11-11 19:00:00 -0700,2021-11-11 19:00:00 -0700,10.4
MyNetDiary,g,2021-11-11 19:00:00 -0700,2021-11-11 19:00:00 -0700,0
MyNetDiary,g,2021-11-11 19:00:00 -0700,2021-11-11 19:00:00 -0700,24.8
MyNetDiary,g,2021-11-11 19:00:00 -0700,2021-11-11 19:00:00 -0700,0.4
MyNetDiary,g,2021-11-11 19:00:00 -0700,2021-11-11 19:00:00 -0700,3.3
MyNetDiary,g,2021-11-12 09:00:00 -0700,2021-11-12 09:00:00 -0700,5.4
MyNetDiary,g,2021-11-12 09:00:00 -0700,2021-11-12 09:00:00 -0700,30.7
MyNetDiary,g,2021-11-12 09:00:00 -0700,2021-11-12 09:00:00 -0700,38.3
MyNetDiary,g,2021-11-12 13:00:00 -0700,2021-11-12 13:00:00 -0700,69.1
MyNetDiary,g,2021-11-12 16:00:00 -0700,2021-11-12 16:00:00 -0700,11.4
MyNetDiary,g,2021-11-12 16:00:00 -0700,2021-11-12 16:00:00 -0700,1.1
MyNetDiary,g,2021-11-12 16:00:00 -0700,2021-11-12 16:00:00 -0700,0
MyNetDiary,g,2021-11-12 16:00:00 -0700,2021-11-12 16:00:00 -0700,3.9
MyNetDiary,g,2021-11-12 16:00:00 -0700,2021-11-12 16:00:00 -0700,3.8
MyNetDiary,g,2021-11-12 16:00:00 -0700,2021-11-12 16:00:00 -0700,0.3
MyNetDiary,g,2021-11-12 19:00:00 -0700,2021-11-12 19:00:00 -0700,19.4
MyNetDiary,g,2021-11-12 19:00:00 -0700,2021-11-12 19:00:00 -0700,12.8
MyNetDiary,g,2021-11-13 09:00:00 -0700,2021-11-13 09:00:00 -0700,0.4
MyNetDiary,g,2021-11-13 09:00:00 -0700,2021-11-13 09:00:00 -0700,3.8
MyNetDiary,g,2021-11-13 09:00:00 -0700,2021-11-13 09:00:00 -0700,11.6
MyNetDiary,g,2021-11-13 09:00:00 -0700,2021-11-13 09:00:00 -0700,30.7
MyNetDiary,g,2021-11-13 09:00:00 -0700,2021-11-13 09:00:00 -0700,0.6
MyNetDiary,g,2021-11-13 09:00:00 -0700,2021-11-13 09:00:00 -0700,0
MyNetDiary,g,2021-11-13 13:00:00 -0700,2021-11-13 13:00:00 -0700,17.3
MyNetDiary,g,2021-11-13 13:00:00 -0700,2021-11-13 13:00:00 -0700,11
MyNetDiary,g,2021-11-13 13:00:00 -0700,2021-11-13 13:00:00 -0700,2
MyNetDiary,g,2021-11-13 13:00:00 -0700,2021-11-13 13:00:00 -0700,26
MyNetDiary,g,2021-11-13 13:00:00 -0700,2021-11-13 13:00:00 -0700,2.3
MyNetDiary,g,2021-11-13 13:00:00 -0700,2021-11-13 13:00:00 -0700,26
MyNetDiary,g,2021-11-14 09:00:00 -0700,2021-11-14 09:00:00 -0700,70.5
MyNetDiary,g,2021-11-14 09:00:00 -0700,2021-11-14 09:00:00 -0700,13
MyNetDiary,g,2021-11-14 13:00:00 -0700,2021-11-14 13:00:00 -0700,0.6
MyNetDiary,g,2021-11-14 13:00:00 -0700,2021-11-14 13:00:00 -0700,26
MyNetDiary,g,2021-11-14 13:00:00 -0700,2021-11-14 13:00:00 -0700,2.5
MyNetDiary,g,2021-11-14 13:00:00 -0700,2021-11-14 13:00:00 -0700,1.2
MyNetDiary,g,2021-11-14 13:00:00 -0700,2021-11-14 13:00:00 -0700,26
MyNetDiary,g,2021-11-14 19:00:00 -0700,2021-11-14 19:00:00 -0700,0.8
MyNetDiary,g,2021-11-14 19:00:00 -0700,2021-11-14 19:00:00 -0700,9.4
MyNetDiary,g,2021-11-14 19:00:00 -0700,2021-11-14 19:00:00 -0700,21.5
MyNetDiary,g,2021-11-14 19:00:00 -0700,2021-11-14 19:00:00 -0700,6
MyNetDiary,g,2021-11-14 19:00:00 -0700,2021-11-14 19:00:00 -0700,28
MyNetDiary,g,2021-11-15 09:00:00 -0700,2021-11-15 09:00:00 -0700,24
MyNetDiary,g,2021-11-15 09:00:00 -0700,2021-11-15 09:00:00 -0700,7.3
MyNetDiary,g,2021-11-15 13:00:00 -0700,2021-11-15 13:00:00 -0700,0.6
MyNetDiary,g,2021-11-15 13:00:00 -0700,2021-11-15 13:00:00 -0700,1.2
MyNetDiary,g,2021-11-15 13:00:00 -0700,2021-11-15 13:00:00 -0700,38.1
MyNetDiary,g,2021-11-15 13:00:00 -0700,2021-11-15 13:00:00 -0700,2
MyNetDiary,g,2021-11-15 13:00:00 -0700,2021-11-15 13:00:00 -0700,1.8
MyNetDiary,g,2021-11-15 16:00:00 -0700,2021-11-15 16:00:00 -0700,10.9
MyNetDiary,g,2021-11-15 16:00:00 -0700,2021-11-15 16:00:00 -0700,12.2
MyNetDiary,g,2021-11-15 16:00:00 -0700,2021-11-15 16:00:00 -0700,50.4
MyNetDiary,g,2021-11-15 16:00:00 -0700,2021-11-15 16:00:00 -0700,0.4
MyNetDiary,g,2021-11-15 16:00:00 -0700,2021-11-15 16:00:00 -0700,10.1
MyNetDiary,g,2021-11-16 09:00:00 -0700,2021-11-16 09:00:00 -0700,0.6
MyNetDiary,g,2021-11-16 09:00:00 -0700,2021-11-16 09:00:00 -0700,0
MyNetDiary,g,2021-11-16 09:00:00 -0700,2021-11-16 09:00:00 -0700,50.4
MyNetDiary,g,2021-11-16 09:00:00 -0700,2021-11-16 09:00:00 -0700,12.8
MyNetDiary,g,2021-11-16 09:00:00 -0700,2021-11-16 09:00:00 -0700,0.6
MyNetDiary,g,2021-11-16 09:00:00 -0700,2021-11-16 09:00:00 -0700,6.6
MyNetDiary,g,2021-11-16 16:00:00 -0700,2021-11-16 16:00:00 -0700,9.8
MyNetDiary,g,2021-11-16 16:00:00 -0700,2021-11-16 16:00:00 -0700,17.3
MyNetDiary,g,2021-11-16 19:00:00 -0700,2021-11-16 19:00:00 -0700,22.8
MyNetDiary,g,2021-11-16 19:00:00 -0700,2021-11-16 19:00:00 -0700,0
MyNetDiary,g,2021-11-16 19:00:00 -0700,2021-11-16 19:00:00 -0700,17.8
MyNetDiary,g,2021-11-17 09:00:00 -0700,2021-11-17 09:00:00 -0700,4
MyNetDiary,g,2021-11-17 09:00:00 -0700,2021-11-17 09:00:00 -0700,30
MyNetDiary,g,2021-11-17 09:00:00 -0700,2021-11-17 09:00:00 -0700,0.8
MyNetDiary,g,2021-11-17 09:00:00 -0700,2021-11-17 09:00:00 -0700,1
MyNetDiary,g,2021-11-17 09:00:00 -0700,2021-11-17 09:00:00 -0700,0.5
MyNetDiary,g,2021-11-17 13:00:00 -0700,2021-11-17 13:00:00 -0700,62
MyNetDiary,g,2021-11-17 13:00:00 -0700,2021-11-17 13:00:00 -0700,72
MyNetDiary,g,2021-11-17 13:00:00 -0700,2021-11-17 13:00:00 -0700,0
MyNetDiary,g,2021-11-18 09:00:00 -0700,2021-11-18 09:00:00 -0700,9.4
MyNetDiary,g,2021-11-18 09:00:00 -0700,2021-11-18 09:00:00 -0700,0.6
MyNetDiary,g,2021-11-18 09:00:00 -0700,2021-11-18 09:00:00 -0700,70.5
MyNetDiary,g,2021-11-18 09:00:00 -0700,2021-11-18 09:00:00 -0700,3.5
MyNetDiary,g,2021-11-18 16:00:00 -0700,2021-11-18 16:00:00 -0700,35
MyNetDiary,g,2021-11-18 19:00:00 -0700,2021-11-18 19:00:00 -0700,80.1
MyNetDiary,g,2021-11-18 19:00:00 -0700,2021-11-18 19:00:00 -0700,16
MyNetDiary,g,2021-11-18 19:00:00 -0700,2021-11-18 19:00:00 -0700,1.4
MyNetDiary,g,2021-11-19 09:00:00 -0700,2021-11-19 09:00:00 -0700,35.3
MyNetDiary,g,2021-11-19 09:00:00 -0700,2021-11-19 09:00:00 -0700,3.5
MyNetDiary,g,2021-11-19 09:00:00 -0700,2021-11-19 09:00:00 -0700,8.1
MyNetDiary,g,2021-11-21 09:00:00 -0700,2021-11-21 09:00:00 -0700,70.5
MyNetDiary,g,2021-11-21 09:00:00 -0700,2021-11-21 09:00:00 -0700,7
MyNetDiary,g,2021-11-21 13:00:00 -0700,2021-11-21 13:00:00 -0700,19.4
MyNetDiary,g,2021-11-21 13:00:00 -0700,2021-11-21 13:00:00 -0700,11.8
MyNetDiary,g,2021-11-22 09:00:00 -0700,2021-11-22 09:00:00 -0700,44.7
MyNetDiary,g,2021-11-22 09:00:00 -0700,2021-11-22 09:00:00 -0700,13.3
MyNetDiary,g,2021-11-22 13:00:00 -0700,2021-11-22 13:00:00 -0700,1.4
MyNetDiary,g,2021-11-23 09:00:00 -0700,2021-11-23 09:00:00 -0700,1.4
MyNetDiary,g,2021-11-23 09:00:00 -0700,2021-11-23 09:00:00 -0700,40
MyNetDiary,g,2021-11-23 09:00:00 -0700,2021-11-23 09:00:00 -0700,7.1
MyNetDiary,g,2021-12-16 09:00:00 -0700,2021-12-16 09:00:00 -0700,38.3
MyNetDiary,g,2021-12-16 09:00:00 -0700,2021-12-16 09:00:00 -0700,15.6
MyNetDiary,g,2021-12-16 09:00:00 -0700,2021-12-16 09:00:00 -0700,3.5
MyNetDiary,g,2021-12-16 13:00:00 -0700,2021-12-16 13:00:00 -0700,3.1
MyNetDiary,g,2021-12-16 13:00:00 -0700,2021-12-16 13:00:00 -0700,0
MyNetDiary,g,2021-12-16 13:00:00 -0700,2021-12-16 13:00:00 -0700,15.3
MyNetDiary,g,2021-12-16 13:00:00 -0700,2021-12-16 13:00:00 -0700,0
MyNetDiary,g,2021-12-16 13:00:00 -0700,2021-12-16 13:00:00 -0700,10.4
MyNetDiary,g,2021-12-16 13:00:00 -0700,2021-12-16 13:00:00 -0700,8.2
MyNetDiary,g,2021-12-16 13:00:00 -0700,2021-12-16 13:00:00 -0700,1.5
MyNetDiary,g,2021-12-16 19:00:00 -0700,2021-12-16 19:00:00 -0700,40.5
MyNetDiary,g,2021-12-16 19:00:00 -0700,2021-12-16 19:00:00 -0700,1
MyNetDiary,g,2021-12-16 19:00:00 -0700,2021-12-16 19:00:00 -0700,2.7
MyNetDiary,g,2022-06-22 08:00:00 -0700,2022-06-22 08:00:00 -0700,41.5
MyNetDiary,g,2022-06-22 08:00:00 -0700,2022-06-22 08:00:00 -0700,0
MyNetDiary,g,2022-06-22 08:00:00 -0700,2022-06-22 08:00:00 -0700,1
MyNetDiary,g,2022-06-22 08:00:00 -0700,2022-06-22 08:00:00 -0700,62
MyNetDiary,g,2022-06-22 08:00:00 -0700,2022-06-22 08:00:00 -0700,0
MyNetDiary,g,2022-06-22 08:00:00 -0700,2022-06-22 08:00:00 -0700,0.7
MyNetDiary,g,2022-06-22 12:00:00 -0700,2022-06-22 12:00:00 -0700,1.9
MyNetDiary,g,2022-06-22 12:00:00 -0700,2022-06-22 12:00:00 -0700,5.4
MyNetDiary,g,2022-06-22 12:00:00 -0700,2022-06-22 12:00:00 -0700,18.3
MyNetDiary,g,2022-06-22 12:00:00 -0700,2022-06-22 12:00:00 -0700,3.2
MyNetDiary,g,2022-06-22 12:00:00 -0700,2022-06-22 12:00:00 -0700,20.7
MyNetDiary,g,2022-06-22 12:00:00 -0700,2022-06-22 12:00:00 -0700,5
MyNetDiary,g,2022-06-22 18:00:00 -0700,2022-06-22 18:00:00 -0700,0
MyNetDiary,g,2022-06-22 18:00:00 -0700,2022-06-22 18:00:00 -0700,1.1
MyNetDiary,g,2022-06-22 18:00:00 -0700,2022-06-22 18:00:00 -0700,33
MyNetDiary,g,2022-06-23 08:00:00 -0700,2022-06-23 08:00:00 -0700,15.6
MyNetDiary,g,2022-06-23 12:00:00 -0700,2022-06-23 12:00:00 -0700,81
MyNetDiary,g,2022-06-23 12:00:00 -0700,2022-06-23 12:00:00 -0700,0.6
MyNetDiary,g,2022-06-23 12:00:00 -0700,2022-06-23 12:00:00 -0700,6.8
MyNetDiary,g,2022-06-23 12:00:00 -0700,2022-06-23 12:00:00 -0700,16.5
MyNetDiary,g,2022-06-23 12:00:00 -0700,2022-06-23 12:00:00 -0700,12.4
MyNetDiary,g,2022-06-23 12:00:00 -0700,2022-06-23 12:00:00 -0700,1.3
MyNetDiary,g,2022-06-23 12:00:00 -0700,2022-06-23 12:00:00 -0700,5
MyNetDiary,g,2022-06-23 12:00:00 -0700,2022-06-23 12:00:00 -0700,0
MyNetDiary,g,2022-06-23 15:04:00 -0700,2022-06-23 15:04:00 -0700,25.5
MyNetDiary,g,2022-06-23 15:05:00 -0700,2022-06-23 15:05:00 -0700,1
MyNetDiary,g,2022-06-23 15:07:00 -0700,2022-06-23 15:07:00 -0700,0
MyNetDiary,g,2022-06-23 17:44:00 -0700,2022-06-23 17:44:00 -0700,36
MyNetDiary,g,2022-06-24 09:06:00 -0700,2022-06-24 09:06:00 -0700,0
MyNetDiary,g,2022-06-24 09:06:00 -0700,2022-06-24 09:06:00 -0700,21.3
MyNetDiary,g,2022-06-24 09:06:00 -0700,2022-06-24 09:06:00 -0700,1
MyNetDiary,g,2022-06-24 09:06:00 -0700,2022-06-24 09:06:00 -0700,28
MyNetDiary,g,2022-06-24 10:00:00 -0700,2022-06-24 10:00:00 -0700,74.3
MyNetDiary,g,2022-06-24 10:00:00 -0700,2022-06-24 10:00:00 -0700,0.7
MyNetDiary,g,2022-06-24 10:00:00 -0700,2022-06-24 10:00:00 -0700,4.4
MyNetDiary,g,2022-06-24 10:00:00 -0700,2022-06-24 10:00:00 -0700,16.5
MyNetDiary,g,2022-06-24 10:00:00 -0700,2022-06-24 10:00:00 -0700,23.4
MyNetDiary,g,2022-06-24 10:00:00 -0700,2022-06-24 10:00:00 -0700,1.3
MyNetDiary,g,2022-06-24 10:00:00 -0700,2022-06-24 10:00:00 -0700,5
MyNetDiary,g,2022-06-25 09:14:00 -0700,2022-06-25 09:14:00 -0700,35
MyNetDiary,g,2022-06-25 10:35:00 -0700,2022-06-25 10:35:00 -0700,74.3
MyNetDiary,g,2022-06-25 10:35:00 -0700,2022-06-25 10:35:00 -0700,0.7
MyNetDiary,g,2022-06-25 10:35:00 -0700,2022-06-25 10:35:00 -0700,4.4
MyNetDiary,g,2022-06-25 10:35:00 -0700,2022-06-25 10:35:00 -0700,16.5
MyNetDiary,g,2022-06-25 10:35:00 -0700,2022-06-25 10:35:00 -0700,23.4
MyNetDiary,g,2022-06-25 10:40:00 -0700,2022-06-25 10:40:00 -0700,0
MyNetDiary,g,2022-06-25 10:40:00 -0700,2022-06-25 10:40:00 -0700,1
MyNetDiary,g,2022-06-26 08:15:00 -0700,2022-06-26 08:15:00 -0700,14.3
MyNetDiary,g,2022-06-26 08:15:00 -0700,2022-06-26 08:15:00 -0700,42
MyNetDiary,g,2022-06-26 11:23:00 -0700,2022-06-26 11:23:00 -0700,15.3
MyNetDiary,g,2022-06-26 11:25:00 -0700,2022-06-26 11:25:00 -0700,38
MyNetDiary,g,2022-06-27 12:44:00 -0700,2022-06-27 12:44:00 -0700,41.5
MyNetDiary,g,2022-06-27 12:44:00 -0700,2022-06-27 12:44:00 -0700,2.7
MyNetDiary,g,2022-06-27 18:20:00 -0700,2022-06-27 18:20:00 -0700,0.9
MyNetDiary,g,2022-06-27 18:24:00 -0700,2022-06-27 18:24:00 -0700,21.4
MyNetDiary,g,2022-06-27 18:24:00 -0700,2022-06-27 18:24:00 -0700,11.6
MyNetDiary,g,2022-06-27 18:24:00 -0700,2022-06-27 18:24:00 -0700,0.7
MyNetDiary,g,2022-06-27 18:24:00 -0700,2022-06-27 18:24:00 -0700,14.9
MyNetDiary,g,2022-06-27 18:24:00 -0700,2022-06-27 18:24:00 -0700,6.9
MyNetDiary,g,2022-06-27 18:24:00 -0700,2022-06-27 18:24:00 -0700,32.9
MyNetDiary,g,2022-06-27 18:24:00 -0700,2022-06-27 18:24:00 -0700,5.4
MyNetDiary,g,2022-06-27 18:24:00 -0700,2022-06-27 18:24:00 -0700,14.9
MyNetDiary,g,2022-06-27 18:24:00 -0700,2022-06-27 18:24:00 -0700,0
MyNetDiary,g,2022-06-27 18:24:00 -0700,2022-06-27 18:24:00 -0700,44
MyNetDiary,g,2022-06-27 18:24:00 -0700,2022-06-27 18:24:00 -0700,1
MyNetDiary,g,2022-06-27 18:24:00 -0700,2022-06-27 18:24:00 -0700,1.2
MyNetDiary,g,2022-06-28 08:37:00 -0700,2022-06-28 08:37:00 -0700,36
MyNetDiary,g,2022-06-28 12:00:00 -0700,2022-06-28 12:00:00 -0700,2
MyNetDiary,g,2022-06-28 12:00:00 -0700,2022-06-28 12:00:00 -0700,86.6
MyNetDiary,g,2022-06-28 12:28:00 -0700,2022-06-28 12:28:00 -0700,17.1
MyNetDiary,g,2022-06-28 15:00:00 -0700,2022-06-28 15:00:00 -0700,12.8
MyNetDiary,g,2022-06-28 15:00:00 -0700,2022-06-28 15:00:00 -0700,0.6
MyNetDiary,g,2022-06-28 19:21:00 -0700,2022-06-28 19:21:00 -0700,19.7
MyNetDiary,g,2022-06-28 19:21:00 -0700,2022-06-28 19:21:00 -0700,12.9
MyNetDiary,g,2022-06-28 19:21:00 -0700,2022-06-28 19:21:00 -0700,2.6
MyNetDiary,g,2022-06-28 19:21:00 -0700,2022-06-28 19:21:00 -0700,0.4
MyNetDiary,g,2022-06-28 19:21:00 -0700,2022-06-28 19:21:00 -0700,5.1
MyNetDiary,g,2022-06-28 19:21:00 -0700,2022-06-28 19:21:00 -0700,9.1
MyNetDiary,g,2022-06-28 19:21:00 -0700,2022-06-28 19:21:00 -0700,0
MyNetDiary,g,2022-06-28 19:21:00 -0700,2022-06-28 19:21:00 -0700,18.7
MyNetDiary,g,2022-06-29 11:44:00 -0700,2022-06-29 11:44:00 -0700,10
MyNetDiary,g,2022-06-29 11:44:00 -0700,2022-06-29 11:44:00 -0700,22.9
MyNetDiary,g,2022-06-29 13:28:00 -0700,2022-06-29 13:28:00 -0700,60.9
MyNetDiary,g,2022-06-29 13:28:00 -0700,2022-06-29 13:28:00 -0700,0.6
MyNetDiary,g,2022-06-29 13:28:00 -0700,2022-06-29 13:28:00 -0700,28
MyNetDiary,g,2022-06-29 19:28:00 -0700,2022-06-29 19:28:00 -0700,25.6
MyNetDiary,g,2022-06-29 19:28:00 -0700,2022-06-29 19:28:00 -0700,0
MyNetDiary,g,2022-06-29 20:40:00 -0700,2022-06-29 20:40:00 -0700,38
MyNetDiary,g,2022-06-30 11:12:00 -0700,2022-06-30 11:12:00 -0700,20
MyNetDiary,g,2022-06-30 11:12:00 -0700,2022-06-30 11:12:00 -0700,0
MyNetDiary,g,2022-06-30 11:13:00 -0700,2022-06-30 11:13:00 -0700,19.2
MyNetDiary,g,2022-06-30 11:13:00 -0700,2022-06-30 11:13:00 -0700,60.9
MyNetDiary,g,2022-06-30 11:13:00 -0700,2022-06-30 11:13:00 -0700,38.3
MyNetDiary,g,2022-06-30 11:13:00 -0700,2022-06-30 11:13:00 -0700,13.7
MyNetDiary,g,2022-06-30 17:37:00 -0700,2022-06-30 17:37:00 -0700,22.9
MyNetDiary,g,2022-07-01 09:31:00 -0700,2022-07-01 09:31:00 -0700,20
MyNetDiary,g,2022-07-01 16:02:00 -0700,2022-07-01 16:02:00 -0700,15
MyNetDiary,g,2022-07-01 16:06:00 -0700,2022-07-01 16:06:00 -0700,5.8
MyNetDiary,g,2022-07-01 16:06:00 -0700,2022-07-01 16:06:00 -0700,22.9
MyNetDiary,g,2022-07-01 16:06:00 -0700,2022-07-01 16:06:00 -0700,0
MyNetDiary,g,2022-07-01 16:06:00 -0700,2022-07-01 16:06:00 -0700,14.9
MyNetDiary,g,2022-07-01 16:06:00 -0700,2022-07-01 16:06:00 -0700,36.4
MyNetDiary,g,2022-07-01 17:08:00 -0700,2022-07-01 17:08:00 -0700,26
MyNetDiary,g,2022-07-01 18:00:00 -0700,2022-07-01 18:00:00 -0700,43
MyNetDiary,g,2022-07-01 18:00:00 -0700,2022-07-01 18:00:00 -0700,35
MyNetDiary,g,2022-07-02 10:07:00 -0700,2022-07-02 10:07:00 -0700,20
MyNetDiary,g,2022-07-02 10:07:00 -0700,2022-07-02 10:07:00 -0700,11.3
MyNetDiary,g,2022-07-02 10:07:00 -0700,2022-07-02 10:07:00 -0700,32.9
MyNetDiary,g,2022-07-03 11:10:00 -0700,2022-07-03 11:10:00 -0700,30.3
MyNetDiary,g,2022-07-03 11:10:00 -0700,2022-07-03 11:10:00 -0700,12.6
MyNetDiary,g,2022-07-03 11:10:00 -0700,2022-07-03 11:10:00 -0700,34.3
MyNetDiary,g,2022-07-03 17:20:00 -0700,2022-07-03 17:20:00 -0700,0.9
MyNetDiary,g,2022-07-07 10:01:00 -0700,2022-07-07 10:01:00 -0700,36
MyNetDiary,g,2022-07-10 14:05:00 -0700,2022-07-10 14:05:00 -0700,0.5
MyNetDiary,g,2022-07-10 14:05:00 -0700,2022-07-10 14:05:00 -0700,18.7
MyNetDiary,g,2022-07-10 14:05:00 -0700,2022-07-10 14:05:00 -0700,34.3
MyNetDiary,g,2022-07-10 14:05:00 -0700,2022-07-10 14:05:00 -0700,3.7
MyNetDiary,g,2022-07-13 11:48:00 -0700,2022-07-13 11:48:00 -0700,1
MyNetDiary,g,2022-07-13 11:48:00 -0700,2022-07-13 11:48:00 -0700,41.5
MyNetDiary,g,2022-07-13 11:48:00 -0700,2022-07-13 11:48:00 -0700,7.2
MyNetDiary,g,2022-07-13 11:48:00 -0700,2022-07-13 11:48:00 -0700,0.7
MyNetDiary,g,2022-07-13 11:48:00 -0700,2022-07-13 11:48:00 -0700,4.5
MyNetDiary,g,2022-07-13 11:48:00 -0700,2022-07-13 11:48:00 -0700,0.2
MyNetDiary,g,2022-07-13 19:24:00 -0700,2022-07-13 19:24:00 -0700,52
MyNetDiary,g,2022-07-13 19:24:00 -0700,2022-07-13 19:24:00 -0700,0
MyNetDiary,g,2022-07-13 19:24:00 -0700,2022-07-13 19:24:00 -0700,1.6
MyNetDiary,g,2022-07-13 19:24:00 -0700,2022-07-13 19:24:00 -0700,19.5
MyNetDiary,g,2022-07-13 19:24:00 -0700,2022-07-13 19:24:00 -0700,46.1
MyNetDiary,g,2022-07-13 19:24:00 -0700,2022-07-13 19:24:00 -0700,40
MyNetDiary,g,2022-07-14 10:08:00 -0700,2022-07-14 10:08:00 -0700,42
MyNetDiary,g,2022-07-14 10:08:00 -0700,2022-07-14 10:08:00 -0700,9.8
MyNetDiary,g,2022-07-14 10:08:00 -0700,2022-07-14 10:08:00 -0700,15.6
MyNetDiary,g,2022-07-14 15:35:00 -0700,2022-07-14 15:35:00 -0700,0
MyNetDiary,g,2022-07-14 15:35:00 -0700,2022-07-14 15:35:00 -0700,44
MyNetDiary,g,2022-07-14 15:35:00 -0700,2022-07-14 15:35:00 -0700,1.6
MyNetDiary,g,2022-07-14 15:35:00 -0700,2022-07-14 15:35:00 -0700,25.4
MyNetDiary,g,2022-07-14 19:44:00 -0700,2022-07-14 19:44:00 -0700,0
MyNetDiary,g,2022-07-14 19:44:00 -0700,2022-07-14 19:44:00 -0700,1.5
MyNetDiary,g,2022-07-14 19:44:00 -0700,2022-07-14 19:44:00 -0700,44
MyNetDiary,g,2022-07-14 19:44:00 -0700,2022-07-14 19:44:00 -0700,36
MyNetDiary,g,2022-07-14 19:44:00 -0700,2022-07-14 19:44:00 -0700,43.2
MyNetDiary,g,2022-07-14 19:44:00 -0700,2022-07-14 19:44:00 -0700,2.1
MyNetDiary,g,2022-07-15 09:51:00 -0700,2022-07-15 09:51:00 -0700,76.1
MyNetDiary,g,2022-07-15 09:51:00 -0700,2022-07-15 09:51:00 -0700,2.8
MyNetDiary,g,2022-07-16 11:41:00 -0700,2022-07-16 11:41:00 -0700,2.4
MyNetDiary,g,2022-07-16 11:41:00 -0700,2022-07-16 11:41:00 -0700,82.8
MyNetDiary,g,2022-07-16 18:08:00 -0700,2022-07-16 18:08:00 -0700,0
MyNetDiary,g,2022-07-16 18:08:00 -0700,2022-07-16 18:08:00 -0700,30
MyNetDiary,g,2022-07-16 18:08:00 -0700,2022-07-16 18:08:00 -0700,19.5
MyNetDiary,g,2022-07-16 18:08:00 -0700,2022-07-16 18:08:00 -0700,52.3
MyNetDiary,g,2022-07-16 18:49:00 -0700,2022-07-16 18:49:00 -0700,16.1
MyNetDiary,g,2022-07-17 12:28:00 -0700,2022-07-17 12:28:00 -0700,24.3
MyNetDiary,g,2022-07-17 12:28:00 -0700,2022-07-17 12:28:00 -0700,7
MyNetDiary,g,2022-07-17 12:28:00 -0700,2022-07-17 12:28:00 -0700,5.8
MyNetDiary,g,2022-07-17 12:28:00 -0700,2022-07-17 12:28:00 -0700,0.7
MyNetDiary,g,2022-07-17 20:00:00 -0700,2022-07-17 20:00:00 -0700,71
MyNetDiary,g,2022-07-17 20:00:00 -0700,2022-07-17 20:00:00 -0700,62
MyNetDiary,g,2022-07-25 18:16:00 -0700,2022-07-25 18:16:00 -0700,53
MyNetDiary,g,2022-07-25 18:16:00 -0700,2022-07-25 18:16:00 -0700,3.7
MyNetDiary,g,2022-07-25 18:19:00 -0700,2022-07-25 18:19:00 -0700,29
MyNetDiary,g,2022-07-25 18:19:00 -0700,2022-07-25 18:19:00 -0700,28.1
MyNetDiary,g,2022-07-25 18:19:00 -0700,2022-07-25 18:19:00 -0700,21.6
MyNetDiary,g,2022-07-25 18:19:00 -0700,2022-07-25 18:19:00 -0700,30
MyNetDiary,g,2022-07-25 18:19:00 -0700,2022-07-25 18:19:00 -0700,1.3
MyNetDiary,g,2022-07-25 20:23:00 -0700,2022-07-25 20:23:00 -0700,30.9
MyNetDiary,g,2022-07-26 08:35:00 -0700,2022-07-26 08:35:00 -0700,23
MyNetDiary,g,2022-07-26 12:37:00 -0700,2022-07-26 12:37:00 -0700,39.6
MyNetDiary,g,2022-07-26 12:37:00 -0700,2022-07-26 12:37:00 -0700,13
MyNetDiary,g,2022-07-26 12:37:00 -0700,2022-07-26 12:37:00 -0700,11
MyNetDiary,g,2022-07-26 21:59:00 -0700,2022-07-26 21:59:00 -0700,44.4
MyNetDiary,g,2022-07-26 21:59:00 -0700,2022-07-26 21:59:00 -0700,5.4
MyNetDiary,g,2022-07-26 22:24:00 -0700,2022-07-26 22:24:00 -0700,0
MyNetDiary,g,2022-07-27 11:04:00 -0700,2022-07-27 11:04:00 -0700,23
MyNetDiary,g,2022-07-27 12:55:00 -0700,2022-07-27 12:55:00 -0700,53.6
MyNetDiary,g,2022-07-27 15:51:00 -0700,2022-07-27 15:51:00 -0700,51.3
MyNetDiary,g,2022-07-27 19:30:00 -0700,2022-07-27 19:30:00 -0700,43
MyNetDiary,g,2022-07-29 20:49:00 -0700,2022-07-29 20:49:00 -0700,13.9
MyNetDiary,g,2022-07-29 20:49:00 -0700,2022-07-29 20:49:00 -0700,5.4
MyNetDiary,g,2022-07-29 20:49:00 -0700,2022-07-29 20:49:00 -0700,0.5
MyNetDiary,g,2022-07-29 20:49:00 -0700,2022-07-29 20:49:00 -0700,20.9
MyNetDiary,g,2022-08-08 20:25:00 -0700,2022-08-08 20:25:00 -0700,2.7
MyNetDiary,g,2022-08-08 20:25:00 -0700,2022-08-08 20:25:00 -0700,58
MyNetDiary,g,2022-08-08 20:25:00 -0700,2022-08-08 20:25:00 -0700,67.4
MyNetDiary,g,2022-08-15 08:54:00 -0700,2022-08-15 08:54:00 -0700,6
MyNetDiary,g,2022-08-15 09:49:00 -0700,2022-08-15 09:49:00 -0700,23
MyNetDiary,g,2022-08-15 20:32:00 -0700,2022-08-15 20:32:00 -0700,46
MyNetDiary,g,2022-08-15 20:32:00 -0700,2022-08-15 20:32:00 -0700,51.3
MyNetDiary,g,2022-08-15 22:02:00 -0700,2022-08-15 22:02:00 -0700,22.5
MyNetDiary,g,2022-08-15 22:02:00 -0700,2022-08-15 22:02:00 -0700,16.8
MyNetDiary,g,2022-08-15 22:02:00 -0700,2022-08-15 22:02:00 -0700,17.7
MyNetDiary,g,2022-08-15 22:02:00 -0700,2022-08-15 22:02:00 -0700,0.6
MyNetDiary,g,2022-08-15 22:02:00 -0700,2022-08-15 22:02:00 -0700,11
MyNetDiary,g,2022-08-15 22:45:00 -0700,2022-08-15 22:45:00 -0700,23
MyNetDiary,g,2022-08-16 07:03:00 -0700,2022-08-16 07:03:00 -0700,3
MyNetDiary,g,2022-08-16 07:03:00 -0700,2022-08-16 07:03:00 -0700,42
MyNetDiary,g,2022-08-16 07:03:00 -0700,2022-08-16 07:03:00 -0700,2.6
MyNetDiary,g,2022-08-16 07:03:00 -0700,2022-08-16 07:03:00 -0700,2.7
MyNetDiary,g,2022-08-16 07:50:00 -0700,2022-08-16 07:50:00 -0700,23
MyNetDiary,g,2022-08-16 07:50:00 -0700,2022-08-16 07:50:00 -0700,33
MyNetDiary,g,2022-08-16 07:50:00 -0700,2022-08-16 07:50:00 -0700,25.8
MyNetDiary,g,2022-08-16 07:50:00 -0700,2022-08-16 07:50:00 -0700,16.2
MyNetDiary,g,2022-08-24 18:34:00 -0700,2022-08-24 18:34:00 -0700,1.9
MyNetDiary,g,2022-08-24 18:34:00 -0700,2022-08-24 18:34:00 -0700,3.9
MyNetDiary,g,2022-08-24 18:34:00 -0700,2022-08-24 18:34:00 -0700,1.1
MyNetDiary,g,2022-08-24 18:35:00 -0700,2022-08-24 18:35:00 -0700,38
MyNetDiary,g,2022-08-24 18:35:00 -0700,2022-08-24 18:35:00 -0700,23
MyNetDiary,g,2022-08-24 18:35:00 -0700,2022-08-24 18:35:00 -0700,15
MyNetDiary,g,2022-08-24 20:41:00 -0700,2022-08-24 20:41:00 -0700,7.3
MyNetDiary,g,2022-08-24 21:55:00 -0700,2022-08-24 21:55:00 -0700,39.6
MyNetDiary,g,2022-08-25 00:36:00 -0700,2022-08-25 00:36:00 -0700,6.7
MyNetDiary,g,2022-08-25 00:38:00 -0700,2022-08-25 00:38:00 -0700,16
MyNetDiary,g,2022-08-25 11:37:00 -0700,2022-08-25 11:37:00 -0700,1.9
MyNetDiary,g,2022-08-25 11:37:00 -0700,2022-08-25 11:37:00 -0700,9.8
MyNetDiary,g,2022-08-25 11:37:00 -0700,2022-08-25 11:37:00 -0700,1.1
MyNetDiary,g,2022-08-25 11:37:00 -0700,2022-08-25 11:37:00 -0700,38
MyNetDiary,g,2022-08-25 14:07:00 -0700,2022-08-25 14:07:00 -0700,38
MyNetDiary,g,2022-08-25 16:49:00 -0700,2022-08-25 16:49:00 -0700,23
MyNetDiary,g,2022-08-25 16:49:00 -0700,2022-08-25 16:49:00 -0700,54.3
MyNetDiary,g,2022-08-26 10:41:00 -0700,2022-08-26 10:41:00 -0700,20.9
MyNetDiary,g,2022-08-26 10:41:00 -0700,2022-08-26 10:41:00 -0700,15.2
MyNetDiary,g,2022-08-26 10:41:00 -0700,2022-08-26 10:41:00 -0700,0.6
MyNetDiary,g,2022-08-26 10:41:00 -0700,2022-08-26 10:41:00 -0700,8.5
MyNetDiary,g,2022-08-26 10:41:00 -0700,2022-08-26 10:41:00 -0700,8.6
MyNetDiary,g,2022-08-26 10:41:00 -0700,2022-08-26 10:41:00 -0700,2.1
MyNetDiary,g,2022-08-26 10:41:00 -0700,2022-08-26 10:41:00 -0700,8
MyNetDiary,g,2022-08-26 14:45:00 -0700,2022-08-26 14:45:00 -0700,22.5
MyNetDiary,g,2022-08-26 14:45:00 -0700,2022-08-26 14:45:00 -0700,16.8
MyNetDiary,g,2022-08-26 17:13:00 -0700,2022-08-26 17:13:00 -0700,52
MyNetDiary,g,2022-08-26 17:13:00 -0700,2022-08-26 17:13:00 -0700,34.4
MyNetDiary,g,2022-08-30 13:47:00 -0700,2022-08-30 13:47:00 -0700,41.5
MyNetDiary,g,2022-08-30 13:47:00 -0700,2022-08-30 13:47:00 -0700,0.8
MyNetDiary,g,2022-08-30 13:47:00 -0700,2022-08-30 13:47:00 -0700,9.8
MyNetDiary,g,2022-08-30 13:47:00 -0700,2022-08-30 13:47:00 -0700,5.4
MyNetDiary,g,2022-08-31 09:53:00 -0700,2022-08-31 09:53:00 -0700,23
MyNetDiary,g,2022-09-04 16:45:00 -0700,2022-09-04 16:45:00 -0700,27.5
MyNetDiary,g,2022-09-04 16:45:00 -0700,2022-09-04 16:45:00 -0700,9.6
MyNetDiary,g,2022-09-04 16:45:00 -0700,2022-09-04 16:45:00 -0700,4.6
MyNetDiary,g,2022-09-04 16:45:00 -0700,2022-09-04 16:45:00 -0700,16
MyNetDiary,g,2022-09-04 16:45:00 -0700,2022-09-04 16:45:00 -0700,0.6
MyNetDiary,g,2022-09-04 16:45:00 -0700,2022-09-04 16:45:00 -0700,29.6
MyNetDiary,g,2022-09-04 16:45:00 -0700,2022-09-04 16:45:00 -0700,51
MyNetDiary,g,2022-09-06 12:57:00 -0700,2022-09-06 12:57:00 -0700,0.4
MyNetDiary,g,2022-09-06 12:57:00 -0700,2022-09-06 12:57:00 -0700,9.2
MyNetDiary,g,2022-09-06 12:57:00 -0700,2022-09-06 12:57:00 -0700,21.1
MyNetDiary,g,2022-09-06 12:57:00 -0700,2022-09-06 12:57:00 -0700,19.3
MyNetDiary,g,2022-09-06 12:57:00 -0700,2022-09-06 12:57:00 -0700,4.8
MyNetDiary,g,2022-09-06 12:57:00 -0700,2022-09-06 12:57:00 -0700,16
MyNetDiary,g,2022-09-06 12:57:00 -0700,2022-09-06 12:57:00 -0700,52
MyNetDiary,g,2022-09-06 12:57:00 -0700,2022-09-06 12:57:00 -0700,3.3
MyNetDiary,g,2022-09-06 12:57:00 -0700,2022-09-06 12:57:00 -0700,3.3
MyNetDiary,g,2022-09-06 12:57:00 -0700,2022-09-06 12:57:00 -0700,2.4
MyNetDiary,g,2022-09-16 10:07:00 -0700,2022-09-16 10:07:00 -0700,34.3
MyNetDiary,g,2022-09-16 10:07:00 -0700,2022-09-16 10:07:00 -0700,50
MyNetDiary,g,2022-09-16 10:07:00 -0700,2022-09-16 10:07:00 -0700,17.1
MyNetDiary,g,2022-09-16 15:55:00 -0700,2022-09-16 15:55:00 -0700,15.4
MyNetDiary,g,2022-09-16 15:55:00 -0700,2022-09-16 15:55:00 -0700,1.3
MyNetDiary,g,2022-09-16 15:55:00 -0700,2022-09-16 15:55:00 -0700,19.2
MyNetDiary,g,2022-09-19 19:02:00 -0700,2022-09-19 19:02:00 -0700,10.2
MyNetDiary,g,2022-09-19 19:02:00 -0700,2022-09-19 19:02:00 -0700,57.2
MyNetDiary,g,2022-09-19 19:02:00 -0700,2022-09-19 19:02:00 -0700,0.6
MyNetDiary,g,2022-09-19 19:02:00 -0700,2022-09-19 19:02:00 -0700,28.5
MyNetDiary,g,2022-09-19 19:02:00 -0700,2022-09-19 19:02:00 -0700,5
MyNetDiary,g,2022-09-19 19:04:00 -0700,2022-09-19 19:04:00 -0700,0.8
MyNetDiary,g,2022-09-19 19:04:00 -0700,2022-09-19 19:04:00 -0700,0.6
MyNetDiary,g,2022-09-20 10:57:00 -0700,2022-09-20 10:57:00 -0700,6.3
MyNetDiary,g,2022-09-20 10:57:00 -0700,2022-09-20 10:57:00 -0700,9.2
MyNetDiary,g,2022-09-20 10:57:00 -0700,2022-09-20 10:57:00 -0700,30
MyNetDiary,g,2022-09-20 10:57:00 -0700,2022-09-20 10:57:00 -0700,0.5
MyNetDiary,g,2022-09-20 10:57:00 -0700,2022-09-20 10:57:00 -0700,5
MyNetDiary,g,2022-09-20 10:57:00 -0700,2022-09-20 10:57:00 -0700,44
MyNetDiary,g,2022-09-20 13:32:00 -0700,2022-09-20 13:32:00 -0700,12.4
MyNetDiary,g,2022-09-22 10:47:00 -0700,2022-09-22 10:47:00 -0700,25.6
MyNetDiary,g,2022-09-22 10:47:00 -0700,2022-09-22 10:47:00 -0700,0.8
MyNetDiary,g,2022-09-22 17:10:00 -0700,2022-09-22 17:10:00 -0700,55.2
MyNetDiary,g,2022-09-22 17:10:00 -0700,2022-09-22 17:10:00 -0700,50
MyNetDiary,g,2022-09-22 17:10:00 -0700,2022-09-22 17:10:00 -0700,0.3
MyNetDiary,g,2022-09-23 09:11:00 -0700,2022-09-23 09:11:00 -0700,5.8
MyNetDiary,g,2022-09-23 09:11:00 -0700,2022-09-23 09:11:00 -0700,8.3
MyNetDiary,g,2022-09-23 09:11:00 -0700,2022-09-23 09:11:00 -0700,32
MyNetDiary,g,2022-09-23 09:14:00 -0700,2022-09-23 09:14:00 -0700,18.3
MyNetDiary,g,2022-09-23 15:00:00 -0700,2022-09-23 15:00:00 -0700,40.2
MyNetDiary,g,2022-09-23 19:23:00 -0700,2022-09-23 19:23:00 -0700,48.3
MyNetDiary,g,2022-09-24 11:20:00 -0700,2022-09-24 11:20:00 -0700,1.7
MyNetDiary,g,2022-09-24 11:20:00 -0700,2022-09-24 11:20:00 -0700,6.5
MyNetDiary,g,2022-09-24 11:20:00 -0700,2022-09-24 11:20:00 -0700,20
MyNetDiary,g,2022-09-24 11:20:00 -0700,2022-09-24 11:20:00 -0700,25.2
MyNetDiary,g,2022-09-24 11:20:00 -0700,2022-09-24 11:20:00 -0700,15.1
MyNetDiary,g,2022-09-24 11:20:00 -0700,2022-09-24 11:20:00 -0700,0.4
MyNetDiary,g,2022-09-24 11:20:00 -0700,2022-09-24 11:20:00 -0700,23.1
MyNetDiary,g,2022-09-24 11:20:00 -0700,2022-09-24 11:20:00 -0700,3.3
MyNetDiary,g,2022-09-24 11:20:00 -0700,2022-09-24 11:20:00 -0700,0.8
MyNetDiary,g,2022-09-24 16:51:00 -0700,2022-09-24 16:51:00 -0700,22
MyNetDiary,g,2022-09-24 16:52:00 -0700,2022-09-24 16:52:00 -0700,12.5
MyNetDiary,g,2022-09-24 17:35:00 -0700,2022-09-24 17:35:00 -0700,50
MyNetDiary,g,2022-09-24 17:35:00 -0700,2022-09-24 17:35:00 -0700,12.5
MyNetDiary,g,2022-09-24 18:07:00 -0700,2022-09-24 18:07:00 -0700,57.2
MyNetDiary,g,2022-09-26 01:00:00 -0700,2022-09-26 01:00:00 -0700,3.8
MyNetDiary,g,2022-09-26 01:00:00 -0700,2022-09-26 01:00:00 -0700,1.3
MyNetDiary,g,2022-09-26 01:00:00 -0700,2022-09-26 01:00:00 -0700,19.9
MyNetDiary,g,2022-09-26 01:00:00 -0700,2022-09-26 01:00:00 -0700,0.7
MyNetDiary,g,2022-09-26 01:00:00 -0700,2022-09-26 01:00:00 -0700,0.4
MyNetDiary,g,2022-09-26 01:10:00 -0700,2022-09-26 01:10:00 -0700,16.1
MyNetDiary,g,2022-09-26 01:13:00 -0700,2022-09-26 01:13:00 -0700,2.1
MyNetDiary,g,2022-09-26 01:13:00 -0700,2022-09-26 01:13:00 -0700,1
MyNetDiary,g,2022-09-26 01:13:00 -0700,2022-09-26 01:13:00 -0700,0.2
MyNetDiary,g,2022-09-26 01:13:00 -0700,2022-09-26 01:13:00 -0700,23.1
MyNetDiary,g,2022-09-26 01:13:00 -0700,2022-09-26 01:13:00 -0700,55.2
MyNetDiary,g,2022-09-26 01:13:00 -0700,2022-09-26 01:13:00 -0700,15.8
MyNetDiary,g,2022-09-26 09:13:00 -0700,2022-09-26 09:13:00 -0700,3
MyNetDiary,g,2022-09-26 09:13:00 -0700,2022-09-26 09:13:00 -0700,10
MyNetDiary,g,2022-09-26 09:18:00 -0700,2022-09-26 09:18:00 -0700,28
MyNetDiary,g,2022-09-26 19:07:00 -0700,2022-09-26 19:07:00 -0700,40.4
MyNetDiary,g,2022-09-27 10:30:00 -0700,2022-09-27 10:30:00 -0700,20.3
MyNetDiary,g,2022-09-27 10:34:00 -0700,2022-09-27 10:34:00 -0700,3.7
MyNetDiary,g,2022-09-27 10:34:00 -0700,2022-09-27 10:34:00 -0700,21
MyNetDiary,g,2022-09-27 14:01:00 -0700,2022-09-27 14:01:00 -0700,47.9
MyNetDiary,g,2022-09-27 14:01:00 -0700,2022-09-27 14:01:00 -0700,1
MyNetDiary,g,2022-09-27 14:01:00 -0700,2022-09-27 14:01:00 -0700,4.1
MyNetDiary,g,2022-09-27 14:01:00 -0700,2022-09-27 14:01:00 -0700,2
MyNetDiary,g,2022-09-27 14:01:00 -0700,2022-09-27 14:01:00 -0700,0.3
MyNetDiary,g,2022-10-03 00:05:00 -0700,2022-10-03 00:05:00 -0700,5.5
MyNetDiary,g,2022-10-03 00:05:00 -0700,2022-10-03 00:05:00 -0700,15.6
MyNetDiary,g,2022-10-03 00:05:00 -0700,2022-10-03 00:05:00 -0700,16.1
MyNetDiary,g,2022-10-03 00:05:00 -0700,2022-10-03 00:05:00 -0700,0.4
MyNetDiary,g,2022-10-03 00:05:00 -0700,2022-10-03 00:05:00 -0700,12.6
MyNetDiary,g,2022-10-03 00:05:00 -0700,2022-10-03 00:05:00 -0700,50
MyNetDiary,g,2022-10-03 09:52:00 -0700,2022-10-03 09:52:00 -0700,5
MyNetDiary,g,2022-10-03 09:52:00 -0700,2022-10-03 09:52:00 -0700,8.1
MyNetDiary,g,2022-10-03 12:00:00 -0700,2022-10-03 12:00:00 -0700,122
MyNetDiary,g,2022-10-03 16:40:00 -0700,2022-10-03 16:40:00 -0700,14
MyNetDiary,g,2022-10-03 20:50:00 -0700,2022-10-03 20:50:00 -0700,42
MyNetDiary,g,2022-10-08 12:36:00 -0700,2022-10-08 12:36:00 -0700,3
MyNetDiary,g,2022-10-08 12:36:00 -0700,2022-10-08 12:36:00 -0700,37.3
MyNetDiary,g,2022-10-19 11:41:00 -0700,2022-10-19 11:41:00 -0700,3.8
MyNetDiary,g,2022-10-19 11:41:00 -0700,2022-10-19 11:41:00 -0700,24
MyNetDiary,g,2022-10-19 11:41:00 -0700,2022-10-19 11:41:00 -0700,15.5
MyNetDiary,g,2022-10-19 11:41:00 -0700,2022-10-19 11:41:00 -0700,0.8
MyNetDiary,g,2022-10-19 11:41:00 -0700,2022-10-19 11:41:00 -0700,5.4
MyNetDiary,g,2022-10-19 11:41:00 -0700,2022-10-19 11:41:00 -0700,17.3
MyNetDiary,g,2022-10-19 11:41:00 -0700,2022-10-19 11:41:00 -0700,0.4
MyNetDiary,g,2022-10-19 18:42:00 -0700,2022-10-19 18:42:00 -0700,48.3
MyNetDiary,g,2022-10-19 18:42:00 -0700,2022-10-19 18:42:00 -0700,15.1
MyNetDiary,g,2022-10-19 18:42:00 -0700,2022-10-19 18:42:00 -0700,3
MyNetDiary,g,2022-10-20 11:41:00 -0700,2022-10-20 11:41:00 -0700,41.5
MyNetDiary,g,2022-10-20 11:41:00 -0700,2022-10-20 11:41:00 -0700,3.8
MyNetDiary,g,2022-10-20 16:30:00 -0700,2022-10-20 16:30:00 -0700,8.1
MyNetDiary,g,2022-10-20 16:30:00 -0700,2022-10-20 16:30:00 -0700,10
MyNetDiary,g,2022-10-20 16:30:00 -0700,2022-10-20 16:30:00 -0700,0.2
MyNetDiary,g,2022-10-20 16:30:00 -0700,2022-10-20 16:30:00 -0700,95.7
MyNetDiary,g,2022-10-20 16:30:00 -0700,2022-10-20 16:30:00 -0700,3.8
MyNetDiary,g,2022-10-21 12:20:00 -0700,2022-10-21 12:20:00 -0700,31.5
MyNetDiary,g,2022-10-21 12:20:00 -0700,2022-10-21 12:20:00 -0700,3.8
MyNetDiary,g,2022-10-21 13:23:00 -0700,2022-10-21 13:23:00 -0700,3
MyNetDiary,g,2022-10-21 19:00:00 -0700,2022-10-21 19:00:00 -0700,7
MyNetDiary,g,2022-10-21 19:00:00 -0700,2022-10-21 19:00:00 -0700,18.3
MyNetDiary,g,2022-10-21 19:04:00 -0700,2022-10-21 19:04:00 -0700,23
MyNetDiary,g,2022-10-21 19:49:00 -0700,2022-10-21 19:49:00 -0700,50.1
MyNetDiary,g,2022-10-21 19:49:00 -0700,2022-10-21 19:49:00 -0700,35
MyNetDiary,g,2022-10-21 19:49:00 -0700,2022-10-21 19:49:00 -0700,43
MyNetDiary,g,2022-10-21 19:49:00 -0700,2022-10-21 19:49:00 -0700,1.2
MyNetDiary,g,2022-10-21 20:41:00 -0700,2022-10-21 20:41:00 -0700,28.9
MyNetDiary,g,2022-10-25 00:39:00 -0700,2022-10-25 00:39:00 -0700,1.3
MyNetDiary,g,2022-10-25 00:39:00 -0700,2022-10-25 00:39:00 -0700,7.2
MyNetDiary,g,2022-10-25 00:39:00 -0700,2022-10-25 00:39:00 -0700,0.3
MyNetDiary,g,2022-10-25 00:39:00 -0700,2022-10-25 00:39:00 -0700,20.8
MyNetDiary,g,2022-10-25 01:18:00 -0700,2022-10-25 01:18:00 -0700,4.4
MyNetDiary,g,2022-10-25 09:45:00 -0700,2022-10-25 09:45:00 -0700,6.5
MyNetDiary,g,2022-10-25 09:45:00 -0700,2022-10-25 09:45:00 -0700,5.5
MyNetDiary,g,2022-10-25 09:45:00 -0700,2022-10-25 09:45:00 -0700,0.2
MyNetDiary,g,2022-10-25 09:45:00 -0700,2022-10-25 09:45:00 -0700,42.7
MyNetDiary,g,2022-10-25 09:45:00 -0700,2022-10-25 09:45:00 -0700,3
MyNetDiary,g,2022-11-05 17:51:00 -0700,2022-11-05 17:51:00 -0700,10.1
MyNetDiary,g,2022-11-05 17:51:00 -0700,2022-11-05 17:51:00 -0700,1
MyNetDiary,g,2022-11-05 17:51:00 -0700,2022-11-05 17:51:00 -0700,21.7
MyNetDiary,g,2022-11-05 23:37:00 -0700,2022-11-05 23:37:00 -0700,14.3
MyNetDiary,g,2022-11-05 23:37:00 -0700,2022-11-05 23:37:00 -0700,8.3
MyNetDiary,g,2022-11-05 23:37:00 -0700,2022-11-05 23:37:00 -0700,8
MyNetDiary,g,2022-11-05 23:37:00 -0700,2022-11-05 23:37:00 -0700,7
MyNetDiary,g,2022-11-06 15:47:00 -0700,2022-11-06 15:47:00 -0700,176.8
MyNetDiary,g,2022-11-08 13:32:00 -0700,2022-11-08 13:32:00 -0700,1.5
MyNetDiary,g,2022-11-08 13:32:00 -0700,2022-11-08 13:32:00 -0700,25.6
MyNetDiary,g,2022-11-08 18:07:00 -0700,2022-11-08 18:07:00 -0700,176.8
MyNetDiary,g,2022-11-08 18:07:00 -0700,2022-11-08 18:07:00 -0700,2.3
MyNetDiary,g,2022-11-17 18:04:00 -0700,2022-11-17 18:04:00 -0700,5
MyNetDiary,g,2022-11-19 17:32:00 -0700,2022-11-19 17:32:00 -0700,37.7
MyNetDiary,g,2022-11-28 13:00:00 -0700,2022-11-28 13:00:00 -0700,92
MyNetDiary,g,2022-11-28 14:30:00 -0700,2022-11-28 14:30:00 -0700,7
MyNetDiary,g,2022-11-28 14:30:00 -0700,2022-11-28 14:30:00 -0700,0.8
MyNetDiary,g,2022-11-28 14:30:00 -0700,2022-11-28 14:30:00 -0700,24.9
MyNetDiary,g,2022-11-28 14:30:00 -0700,2022-11-28 14:30:00 -0700,61.6
MyNetDiary,g,2022-11-28 14:30:00 -0700,2022-11-28 14:30:00 -0700,35.2
MyNetDiary,g,2022-11-28 14:30:00 -0700,2022-11-28 14:30:00 -0700,2.8
MyNetDiary,g,2022-11-28 14:30:00 -0700,2022-11-28 14:30:00 -0700,0
MyNetDiary,g,2022-11-28 14:30:00 -0700,2022-11-28 14:30:00 -0700,4
MyNetDiary,g,2022-11-28 20:31:00 -0700,2022-11-28 20:31:00 -0700,5.3
MyNetDiary,g,2022-11-28 20:31:00 -0700,2022-11-28 20:31:00 -0700,106.4
MyNetDiary,g,2022-11-28 20:31:00 -0700,2022-11-28 20:31:00 -0700,0
MyNetDiary,g,2022-11-28 20:31:00 -0700,2022-11-28 20:31:00 -0700,57.2
MyNetDiary,g,2022-11-29 11:10:00 -0700,2022-11-29 11:10:00 -0700,0
MyNetDiary,g,2022-11-29 11:10:00 -0700,2022-11-29 11:10:00 -0700,36.3
MyNetDiary,g,2022-11-29 19:03:00 -0700,2022-11-29 19:03:00 -0700,0
MyNetDiary,g,2022-11-29 19:31:00 -0700,2022-11-29 19:31:00 -0700,16.8
MyNetDiary,g,2022-11-29 22:11:00 -0700,2022-11-29 22:11:00 -0700,0
MyNetDiary,g,2022-11-30 19:00:00 -0700,2022-11-30 19:00:00 -0700,0
MyNetDiary,g,2022-11-30 19:00:00 -0700,2022-11-30 19:00:00 -0700,1.2
MyNetDiary,g,2022-11-30 19:00:00 -0700,2022-11-30 19:00:00 -0700,11.4
MyNetDiary,g,2022-11-30 19:00:00 -0700,2022-11-30 19:00:00 -0700,1.3
MyNetDiary,g,2022-11-30 19:00:00 -0700,2022-11-30 19:00:00 -0700,5.5
MyNetDiary,g,2022-12-02 11:23:00 -0700,2022-12-02 11:23:00 -0700,4.1
MyNetDiary,g,2022-12-02 13:47:00 -0700,2022-12-02 13:47:00 -0700,54.5
MyNetDiary,g,2022-12-02 13:47:00 -0700,2022-12-02 13:47:00 -0700,0
MyNetDiary,g,2022-12-02 13:47:00 -0700,2022-12-02 13:47:00 -0700,2.8
MyNetDiary,g,2022-12-14 11:04:00 -0700,2022-12-14 11:04:00 -0700,36
MyNetDiary,g,2022-12-14 11:04:00 -0700,2022-12-14 11:04:00 -0700,43
MyNetDiary,g,2022-12-14 11:05:00 -0700,2022-12-14 11:05:00 -0700,17
MyNetDiary,g,2022-12-20 01:13:00 -0700,2022-12-20 01:13:00 -0700,62
MyNetDiary,g,2022-12-20 01:13:00 -0700,2022-12-20 01:13:00 -0700,0
MyNetDiary,g,2022-12-20 01:15:00 -0700,2022-12-20 01:15:00 -0700,36
MyNetDiary,g,2022-12-20 01:16:00 -0700,2022-12-20 01:16:00 -0700,6.3
MyNetDiary,g,2022-12-20 01:16:00 -0700,2022-12-20 01:16:00 -0700,30.1
MyNetDiary,g,2022-12-20 01:16:00 -0700,2022-12-20 01:16:00 -0700,2.6
MyNetDiary,g,2022-12-20 01:16:00 -0700,2022-12-20 01:16:00 -0700,0.3
MyNetDiary,g,2022-12-20 01:16:00 -0700,2022-12-20 01:16:00 -0700,13.1
MyNetDiary,g,2022-12-20 01:16:00 -0700,2022-12-20 01:16:00 -0700,0
MyNetDiary,g,2022-12-20 01:16:00 -0700,2022-12-20 01:16:00 -0700,8.3
MyNetDiary,g,2022-12-20 10:50:00 -0700,2022-12-20 10:50:00 -0700,38
MyNetDiary,g,2022-12-26 14:24:00 -0700,2022-12-26 14:24:00 -0700,38.8
MyNetDiary,g,2022-12-26 14:24:00 -0700,2022-12-26 14:24:00 -0700,0
MyNetDiary,g,2022-12-26 14:24:00 -0700,2022-12-26 14:24:00 -0700,7
MyNetDiary,g,2022-12-26 14:24:00 -0700,2022-12-26 14:24:00 -0700,0
MyNetDiary,g,2022-12-26 17:59:00 -0700,2022-12-26 17:59:00 -0700,0
MyNetDiary,g,2022-12-26 20:21:00 -0700,2022-12-26 20:21:00 -0700,6.2
MyNetDiary,g,2022-12-26 21:36:00 -0700,2022-12-26 21:36:00 -0700,40.3
MyNetDiary,g,2022-12-27 08:18:00 -0700,2022-12-27 08:18:00 -0700,30.5
MyNetDiary,g,2022-12-27 08:18:00 -0700,2022-12-27 08:18:00 -0700,0
MyNetDiary,g,2022-12-27 08:18:00 -0700,2022-12-27 08:18:00 -0700,7
MyNetDiary,g,2022-12-27 08:18:00 -0700,2022-12-27 08:18:00 -0700,0
MyNetDiary,g,2022-12-27 13:16:00 -0700,2022-12-27 13:16:00 -0700,13.5
MyNetDiary,g,2022-12-27 13:16:00 -0700,2022-12-27 13:16:00 -0700,0
MyNetDiary,g,2022-12-27 13:29:00 -0700,2022-12-27 13:29:00 -0700,10
MyNetDiary,g,2022-12-27 21:28:00 -0700,2022-12-27 21:28:00 -0700,27
MyNetDiary,g,2022-12-27 21:28:00 -0700,2022-12-27 21:28:00 -0700,26
MyNetDiary,g,2022-12-27 21:28:00 -0700,2022-12-27 21:28:00 -0700,0
MyNetDiary,g,2022-12-27 21:28:00 -0700,2022-12-27 21:28:00 -0700,0
MyNetDiary,g,2022-12-27 21:28:00 -0700,2022-12-27 21:28:00 -0700,2.2
MyNetDiary,g,2022-12-27 21:28:00 -0700,2022-12-27 21:28:00 -0700,4
MyNetDiary,g,2022-12-27 21:59:00 -0700,2022-12-27 21:59:00 -0700,16
MyNetDiary,g,2022-12-28 08:25:00 -0700,2022-12-28 08:25:00 -0700,27.7
MyNetDiary,g,2022-12-28 08:25:00 -0700,2022-12-28 08:25:00 -0700,0
MyNetDiary,g,2022-12-28 08:25:00 -0700,2022-12-28 08:25:00 -0700,7
MyNetDiary,g,2022-12-28 08:25:00 -0700,2022-12-28 08:25:00 -0700,0
MyNetDiary,g,2022-12-28 13:52:00 -0700,2022-12-28 13:52:00 -0700,13.5
MyNetDiary,g,2022-12-28 13:52:00 -0700,2022-12-28 13:52:00 -0700,0
MyNetDiary,g,2022-12-28 20:21:00 -0700,2022-12-28 20:21:00 -0700,92.6
MyNetDiary,g,2022-12-28 20:21:00 -0700,2022-12-28 20:21:00 -0700,0
MyNetDiary,g,2022-12-29 08:50:00 -0700,2022-12-29 08:50:00 -0700,0.1
MyNetDiary,g,2022-12-29 08:50:00 -0700,2022-12-29 08:50:00 -0700,68.6
MyNetDiary,g,2022-12-29 08:52:00 -0700,2022-12-29 08:52:00 -0700,30.4
MyNetDiary,g,2022-12-29 08:52:00 -0700,2022-12-29 08:52:00 -0700,10
MyNetDiary,g,2022-12-29 08:52:00 -0700,2022-12-29 08:52:00 -0700,4.1
MyNetDiary,g,2022-12-29 08:52:00 -0700,2022-12-29 08:52:00 -0700,38
MyNetDiary,g,2022-12-29 21:05:00 -0700,2022-12-29 21:05:00 -0700,2.8
MyNetDiary,g,2022-12-29 21:05:00 -0700,2022-12-29 21:05:00 -0700,3.3
MyNetDiary,g,2022-12-29 21:05:00 -0700,2022-12-29 21:05:00 -0700,2.4
MyNetDiary,g,2022-12-29 21:05:00 -0700,2022-12-29 21:05:00 -0700,5.5
MyNetDiary,g,2022-12-29 21:05:00 -0700,2022-12-29 21:05:00 -0700,3.2
MyNetDiary,g,2022-12-29 21:46:00 -0700,2022-12-29 21:46:00 -0700,10.3
MyNetDiary,g,2022-12-30 11:27:00 -0700,2022-12-30 11:27:00 -0700,7
MyNetDiary,g,2022-12-30 11:35:00 -0700,2022-12-30 11:35:00 -0700,2.3
MyNetDiary,g,2022-12-30 11:35:00 -0700,2022-12-30 11:35:00 -0700,1.6
MyNetDiary,g,2022-12-30 11:35:00 -0700,2022-12-30 11:35:00 -0700,0.2
MyNetDiary,g,2022-12-30 11:35:00 -0700,2022-12-30 11:35:00 -0700,0
MyNetDiary,g,2022-12-30 11:35:00 -0700,2022-12-30 11:35:00 -0700,23.1
MyNetDiary,g,2022-12-30 11:47:00 -0700,2022-12-30 11:47:00 -0700,73.3
MyNetDiary,g,2022-12-30 11:47:00 -0700,2022-12-30 11:47:00 -0700,2.2
MyNetDiary,g,2022-12-30 19:00:00 -0700,2022-12-30 19:00:00 -0700,80.1
MyNetDiary,g,2022-12-31 12:46:00 -0700,2022-12-31 12:46:00 -0700,68.6
MyNetDiary,g,2022-12-31 12:46:00 -0700,2022-12-31 12:46:00 -0700,2.4
MyNetDiary,g,2022-12-31 16:44:00 -0700,2022-12-31 16:44:00 -0700,7
MyNetDiary,g,2022-12-31 16:44:00 -0700,2022-12-31 16:44:00 -0700,2.1
MyNetDiary,g,2022-12-31 17:10:00 -0700,2022-12-31 17:10:00 -0700,66
MyNetDiary,g,2022-12-31 17:10:00 -0700,2022-12-31 17:10:00 -0700,0.7
MyNetDiary,g,2023-01-01 13:13:00 -0700,2023-01-01 13:13:00 -0700,16.5
MyNetDiary,g,2023-01-01 13:13:00 -0700,2023-01-01 13:13:00 -0700,23.1
MyNetDiary,g,2023-01-01 13:13:00 -0700,2023-01-01 13:13:00 -0700,0
MyNetDiary,g,2023-01-01 13:13:00 -0700,2023-01-01 13:13:00 -0700,0.6
MyNetDiary,g,2023-01-01 13:13:00 -0700,2023-01-01 13:13:00 -0700,0.8
MyNetDiary,g,2023-01-01 13:13:00 -0700,2023-01-01 13:13:00 -0700,1
MyNetDiary,g,2023-01-02 13:28:00 -0700,2023-01-02 13:28:00 -0700,0.8
MyNetDiary,g,2023-01-02 13:28:00 -0700,2023-01-02 13:28:00 -0700,1
MyNetDiary,g,2023-01-02 13:28:00 -0700,2023-01-02 13:28:00 -0700,30.4
MyNetDiary,g,2023-01-02 13:28:00 -0700,2023-01-02 13:28:00 -0700,1.3
MyNetDiary,g,2023-01-02 19:18:00 -0700,2023-01-02 19:18:00 -0700,3.2
MyNetDiary,g,2023-01-02 19:18:00 -0700,2023-01-02 19:18:00 -0700,4
MyNetDiary,g,2023-01-02 19:18:00 -0700,2023-01-02 19:18:00 -0700,3.3
MyNetDiary,g,2023-01-02 19:18:00 -0700,2023-01-02 19:18:00 -0700,4.4
MyNetDiary,g,2023-01-02 19:18:00 -0700,2023-01-02 19:18:00 -0700,6.3
MyNetDiary,g,2023-01-02 19:24:00 -0700,2023-01-02 19:24:00 -0700,0
MyNetDiary,g,2023-01-02 19:24:00 -0700,2023-01-02 19:24:00 -0700,0
MyNetDiary,g,2023-01-02 19:24:00 -0700,2023-01-02 19:24:00 -0700,7
MyNetDiary,g,2023-01-02 22:10:00 -0700,2023-01-02 22:10:00 -0700,22.2
MyNetDiary,g,2023-01-03 09:00:00 -0700,2023-01-03 09:00:00 -0700,62.6
MyNetDiary,g,2023-01-03 09:00:00 -0700,2023-01-03 09:00:00 -0700,1.9
MyNetDiary,g,2023-01-03 12:41:00 -0700,2023-01-03 12:41:00 -0700,38
MyNetDiary,g,2023-01-03 13:00:00 -0700,2023-01-03 13:00:00 -0700,0
MyNetDiary,g,2023-01-03 13:00:00 -0700,2023-01-03 13:00:00 -0700,3.2
MyNetDiary,g,2023-01-03 13:00:00 -0700,2023-01-03 13:00:00 -0700,3.3
MyNetDiary,g,2023-01-03 13:00:00 -0700,2023-01-03 13:00:00 -0700,6.3
MyNetDiary,g,2023-01-03 13:00:00 -0700,2023-01-03 13:00:00 -0700,22.2
MyNetDiary,g,2023-01-03 13:00:00 -0700,2023-01-03 13:00:00 -0700,0
MyNetDiary,g,2023-01-03 13:00:00 -0700,2023-01-03 13:00:00 -0700,3
MyNetDiary,g,2023-01-03 16:11:00 -0700,2023-01-03 16:11:00 -0700,2
MyNetDiary,g,2023-01-03 21:45:00 -0700,2023-01-03 21:45:00 -0700,0
MyNetDiary,g,2023-01-04 09:00:00 -0700,2023-01-04 09:00:00 -0700,69.3
MyNetDiary,g,2023-01-04 09:00:00 -0700,2023-01-04 09:00:00 -0700,2.5
MyNetDiary,g,2023-01-04 13:00:00 -0700,2023-01-04 13:00:00 -0700,40.7
MyNetDiary,g,2023-01-04 13:00:00 -0700,2023-01-04 13:00:00 -0700,0
MyNetDiary,g,2023-01-04 13:00:00 -0700,2023-01-04 13:00:00 -0700,2.6
MyNetDiary,g,2023-01-04 15:06:00 -0700,2023-01-04 15:06:00 -0700,0
MyNetDiary,g,2023-01-04 16:00:00 -0700,2023-01-04 16:00:00 -0700,7
MyNetDiary,g,2023-01-04 18:46:00 -0700,2023-01-04 18:46:00 -0700,0.8
MyNetDiary,g,2023-01-04 18:46:00 -0700,2023-01-04 18:46:00 -0700,60
MyNetDiary,g,2023-01-05 09:11:00 -0700,2023-01-05 09:11:00 -0700,69.3
MyNetDiary,g,2023-01-05 09:11:00 -0700,2023-01-05 09:11:00 -0700,14.3
MyNetDiary,g,2023-01-05 09:11:00 -0700,2023-01-05 09:11:00 -0700,0
MyNetDiary,g,2023-01-05 09:11:00 -0700,2023-01-05 09:11:00 -0700,37
MyNetDiary,g,2023-01-05 21:21:00 -0700,2023-01-05 21:21:00 -0700,51
MyNetDiary,g,2023-01-06 09:26:00 -0700,2023-01-06 09:26:00 -0700,55.6
MyNetDiary,g,2023-01-13 19:36:00 -0700,2023-01-13 19:36:00 -0700,4.8
MyNetDiary,g,2023-01-13 19:36:00 -0700,2023-01-13 19:36:00 -0700,19
MyNetDiary,g,2023-01-13 19:36:00 -0700,2023-01-13 19:36:00 -0700,1.3
MyNetDiary,g,2023-01-13 19:36:00 -0700,2023-01-13 19:36:00 -0700,0
MyNetDiary,g,2023-01-13 19:36:00 -0700,2023-01-13 19:36:00 -0700,10.3
MyNetDiary,g,2023-01-13 19:36:00 -0700,2023-01-13 19:36:00 -0700,15
MyNetDiary,g,2023-01-13 19:36:00 -0700,2023-01-13 19:36:00 -0700,0
MyNetDiary,g,2023-01-13 23:58:00 -0700,2023-01-13 23:58:00 -0700,334.8
MyNetDiary,g,2023-01-14 02:31:00 -0700,2023-01-14 02:31:00 -0700,149.9
MyNetDiary,g,2023-01-14 02:31:00 -0700,2023-01-14 02:31:00 -0700,0
MyNetDiary,g,2023-01-14 02:31:00 -0700,2023-01-14 02:31:00 -0700,1.9
MyNetDiary,g,2023-01-14 11:45:00 -0700,2023-01-14 11:45:00 -0700,17
MyNetDiary,g,2023-01-14 16:03:00 -0700,2023-01-14 16:03:00 -0700,29.5
MyNetDiary,g,2023-01-14 16:04:00 -0700,2023-01-14 16:04:00 -0700,12.3
MyNetDiary,g,2023-01-14 16:06:00 -0700,2023-01-14 16:06:00 -0700,15
MyNetDiary,g,2023-01-14 16:06:00 -0700,2023-01-14 16:06:00 -0700,0
MyNetDiary,g,2023-01-15 15:25:00 -0700,2023-01-15 15:25:00 -0700,30.7
MyNetDiary,g,2023-01-15 15:25:00 -0700,2023-01-15 15:25:00 -0700,15
MyNetDiary,g,2023-01-15 15:25:00 -0700,2023-01-15 15:25:00 -0700,0
MyNetDiary,g,2023-01-15 15:25:00 -0700,2023-01-15 15:25:00 -0700,1.8
MyNetDiary,g,2023-01-15 15:25:00 -0700,2023-01-15 15:25:00 -0700,12.3
MyNetDiary,g,2023-01-15 18:12:00 -0700,2023-01-15 18:12:00 -0700,17
MyNetDiary,g,2023-01-15 18:42:00 -0700,2023-01-15 18:42:00 -0700,23
MyNetDiary,g,2023-01-15 19:33:00 -0700,2023-01-15 19:33:00 -0700,0
MyNetDiary,g,2023-01-15 19:33:00 -0700,2023-01-15 19:33:00 -0700,122.5
MyNetDiary,g,2023-01-15 19:33:00 -0700,2023-01-15 19:33:00 -0700,5.1
MyNetDiary,g,2023-01-15 19:33:00 -0700,2023-01-15 19:33:00 -0700,10
MyNetDiary,g,2023-01-16 10:21:00 -0700,2023-01-16 10:21:00 -0700,7
MyNetDiary,g,2023-01-16 10:22:00 -0700,2023-01-16 10:22:00 -0700,15
MyNetDiary,g,2023-01-16 10:35:00 -0700,2023-01-16 10:35:00 -0700,17
MyNetDiary,g,2023-01-16 13:00:00 -0700,2023-01-16 13:00:00 -0700,134.8
MyNetDiary,g,2023-01-16 13:00:00 -0700,2023-01-16 13:00:00 -0700,0
MyNetDiary,g,2023-01-16 13:08:00 -0700,2023-01-16 13:08:00 -0700,1
MyNetDiary,g,2023-01-17 14:21:00 -0700,2023-01-17 14:21:00 -0700,0
MyNetDiary,g,2023-01-17 14:21:00 -0700,2023-01-17 14:21:00 -0700,9
MyNetDiary,g,2023-01-17 14:21:00 -0700,2023-01-17 14:21:00 -0700,134.8
MyNetDiary,g,2023-01-17 14:21:00 -0700,2023-01-17 14:21:00 -0700,0
MyNetDiary,g,2023-01-19 08:49:00 -0700,2023-01-19 08:49:00 -0700,209.3
MyNetDiary,g,2023-01-19 08:49:00 -0700,2023-01-19 08:49:00 -0700,0
MyNetDiary,g,2023-01-20 10:11:00 -0700,2023-01-20 10:11:00 -0700,0
MyNetDiary,g,2023-01-20 10:11:00 -0700,2023-01-20 10:11:00 -0700,131.6
MyNetDiary,g,2023-01-20 10:11:00 -0700,2023-01-20 10:11:00 -0700,0
MyNetDiary,g,2023-01-20 10:11:00 -0700,2023-01-20 10:11:00 -0700,10
MyNetDiary,g,2023-01-20 21:06:00 -0700,2023-01-20 21:06:00 -0700,23
MyNetDiary,g,2023-01-20 21:06:00 -0700,2023-01-20 21:06:00 -0700,17
MyNetDiary,g,2023-01-20 21:58:00 -0700,2023-01-20 21:58:00 -0700,0
MyNetDiary,g,2023-01-20 21:58:00 -0700,2023-01-20 21:58:00 -0700,4
MyNetDiary,g,2023-01-20 21:58:00 -0700,2023-01-20 21:58:00 -0700,3.2
MyNetDiary,g,2023-01-20 21:58:00 -0700,2023-01-20 21:58:00 -0700,2.2
MyNetDiary,g,2023-01-20 21:58:00 -0700,2023-01-20 21:58:00 -0700,4.1
MyNetDiary,g,2023-02-11 14:25:00 -0700,2023-02-11 14:25:00 -0700,0
MyNetDiary,g,2023-02-11 14:25:00 -0700,2023-02-11 14:25:00 -0700,1.1
MyNetDiary,g,2023-02-11 14:25:00 -0700,2023-02-11 14:25:00 -0700,12.3
MyNetDiary,g,2023-02-11 14:25:00 -0700,2023-02-11 14:25:00 -0700,0
MyNetDiary,g,2023-02-11 16:00:00 -0700,2023-02-11 16:00:00 -0700,4.1
MyNetDiary,g,2023-02-11 16:39:00 -0700,2023-02-11 16:39:00 -0700,38
MyNetDiary,g,2023-02-16 20:44:00 -0700,2023-02-16 20:44:00 -0700,40
MyNetDiary,g,2023-03-12 19:11:00 -0700,2023-03-12 19:11:00 -0700,2.4
MyNetDiary,g,2023-03-12 19:11:00 -0700,2023-03-12 19:11:00 -0700,4.3
MyNetDiary,g,2023-03-12 19:11:00 -0700,2023-03-12 19:11:00 -0700,3.6
MyNetDiary,g,2023-03-12 19:11:00 -0700,2023-03-12 19:11:00 -0700,0.3
MyNetDiary,g,2023-03-12 19:11:00 -0700,2023-03-12 19:11:00 -0700,6.8
MyNetDiary,g,2023-03-12 19:11:00 -0700,2023-03-12 19:11:00 -0700,0
MyNetDiary,g,2023-03-13 21:40:00 -0700,2023-03-13 21:40:00 -0700,0
MyNetDiary,g,2023-03-13 21:40:00 -0700,2023-03-13 21:40:00 -0700,60
MyNetDiary,g,2023-03-13 21:40:00 -0700,2023-03-13 21:40:00 -0700,2
MyNetDiary,g,2023-03-13 21:40:00 -0700,2023-03-13 21:40:00 -0700,0
MyNetDiary,g,2023-03-13 21:45:00 -0700,2023-03-13 21:45:00 -0700,40
MyNetDiary,g,2023-03-13 21:45:00 -0700,2023-03-13 21:45:00 -0700,2.2
MyNetDiary,g,2023-03-13 21:45:00 -0700,2023-03-13 21:45:00 -0700,0
MyNetDiary,g,2023-03-13 21:45:00 -0700,2023-03-13 21:45:00 -0700,1.3
MyNetDiary,g,2023-03-14 13:44:00 -0700,2023-03-14 13:44:00 -0700,0
MyNetDiary,g,2023-03-14 13:44:00 -0700,2023-03-14 13:44:00 -0700,60
MyNetDiary,g,2023-03-14 13:44:00 -0700,2023-03-14 13:44:00 -0700,3.5
MyNetDiary,g,2023-03-14 19:47:00 -0700,2023-03-14 19:47:00 -0700,0
MyNetDiary,g,2023-03-14 19:47:00 -0700,2023-03-14 19:47:00 -0700,1.7
MyNetDiary,g,2023-03-14 19:47:00 -0700,2023-03-14 19:47:00 -0700,2.9
MyNetDiary,g,2023-03-14 19:47:00 -0700,2023-03-14 19:47:00 -0700,0
MyNetDiary,g,2023-03-14 19:47:00 -0700,2023-03-14 19:47:00 -0700,0
MyNetDiary,g,2023-03-14 19:47:00 -0700,2023-03-14 19:47:00 -0700,0.9
MyNetDiary,g,2023-03-14 19:47:00 -0700,2023-03-14 19:47:00 -0700,0.3
MyNetDiary,g,2023-03-14 19:47:00 -0700,2023-03-14 19:47:00 -0700,4.1
MyNetDiary,g,2023-03-14 19:47:00 -0700,2023-03-14 19:47:00 -0700,30
MyNetDiary,g,2023-03-14 19:47:00 -0700,2023-03-14 19:47:00 -0700,1.4
MyNetDiary,g,2023-03-15 12:00:00 -0700,2023-03-15 12:00:00 -0700,63.8
MyNetDiary,g,2023-03-15 12:00:00 -0700,2023-03-15 12:00:00 -0700,0
MyNetDiary,g,2023-03-17 13:21:00 -0700,2023-03-17 13:21:00 -0700,0
MyNetDiary,g,2023-03-20 12:40:00 -0700,2023-03-20 12:40:00 -0700,0
MyNetDiary,g,2023-03-20 12:40:00 -0700,2023-03-20 12:40:00 -0700,19.8
MyNetDiary,g,2023-03-20 12:40:00 -0700,2023-03-20 12:40:00 -0700,57.2
MyNetDiary,g,2023-03-20 12:40:00 -0700,2023-03-20 12:40:00 -0700,3.2
MyNetDiary,g,2023-03-20 12:40:00 -0700,2023-03-20 12:40:00 -0700,0
MyNetDiary,g,2023-03-20 12:40:00 -0700,2023-03-20 12:40:00 -0700,14
MyNetDiary,g,2023-03-20 12:40:00 -0700,2023-03-20 12:40:00 -0700,2.9
MyNetDiary,g,2023-03-20 12:40:00 -0700,2023-03-20 12:40:00 -0700,8.8
MyNetDiary,g,2023-03-20 13:34:00 -0700,2023-03-20 13:34:00 -0700,33.3
MyNetDiary,g,2023-03-20 15:50:00 -0700,2023-03-20 15:50:00 -0700,4
MyNetDiary,g,2023-03-20 15:51:00 -0700,2023-03-20 15:51:00 -0700,38
MyNetDiary,g,2023-03-20 18:19:00 -0700,2023-03-20 18:19:00 -0700,2
MyNetDiary,g,2023-03-20 18:19:00 -0700,2023-03-20 18:19:00 -0700,40
MyNetDiary,g,2023-03-20 18:19:00 -0700,2023-03-20 18:19:00 -0700,1.3
MyNetDiary,g,2023-03-20 18:19:00 -0700,2023-03-20 18:19:00 -0700,0.9
MyNetDiary,g,2023-03-20 18:19:00 -0700,2023-03-20 18:19:00 -0700,0.7
MyNetDiary,g,2023-03-20 22:12:00 -0700,2023-03-20 22:12:00 -0700,15
MyNetDiary,g,2023-03-20 22:12:00 -0700,2023-03-20 22:12:00 -0700,0
MyNetDiary,g,2023-03-20 23:00:00 -0700,2023-03-20 23:00:00 -0700,3
MyNetDiary,g,2023-03-21 00:32:00 -0700,2023-03-21 00:32:00 -0700,19
MyNetDiary,g,2023-03-21 01:22:00 -0700,2023-03-21 01:22:00 -0700,2.5
MyNetDiary,g,2023-03-21 01:22:00 -0700,2023-03-21 01:22:00 -0700,36.3
MyNetDiary,g,2023-03-21 01:42:00 -0700,2023-03-21 01:42:00 -0700,30.3
MyNetDiary,g,2023-03-21 01:42:00 -0700,2023-03-21 01:42:00 -0700,8.8
MyNetDiary,g,2023-03-21 01:42:00 -0700,2023-03-21 01:42:00 -0700,0
MyNetDiary,g,2023-03-21 01:42:00 -0700,2023-03-21 01:42:00 -0700,4
MyNetDiary,g,2023-03-21 19:05:00 -0700,2023-03-21 19:05:00 -0700,70
MyNetDiary,g,2023-03-21 19:05:00 -0700,2023-03-21 19:05:00 -0700,36
MyNetDiary,g,2023-03-21 19:05:00 -0700,2023-03-21 19:05:00 -0700,1
MyNetDiary,g,2023-03-22 08:51:00 -0700,2023-03-22 08:51:00 -0700,2.1
MyNetDiary,g,2023-03-22 08:51:00 -0700,2023-03-22 08:51:00 -0700,36
MyNetDiary,g,2023-03-22 08:51:00 -0700,2023-03-22 08:51:00 -0700,40.9
MyNetDiary,g,2023-03-22 08:51:00 -0700,2023-03-22 08:51:00 -0700,2
MyNetDiary,g,2023-03-22 08:51:00 -0700,2023-03-22 08:51:00 -0700,23
MyNetDiary,g,2023-03-22 12:45:00 -0700,2023-03-22 12:45:00 -0700,3.5
MyNetDiary,g,2023-03-22 12:46:00 -0700,2023-03-22 12:46:00 -0700,15
MyNetDiary,g,2023-03-22 20:21:00 -0700,2023-03-22 20:21:00 -0700,14
MyNetDiary,g,2023-03-22 20:21:00 -0700,2023-03-22 20:21:00 -0700,20
MyNetDiary,g,2023-03-22 20:21:00 -0700,2023-03-22 20:21:00 -0700,19.5
MyNetDiary,g,2023-03-23 08:31:00 -0700,2023-03-23 08:31:00 -0700,6.3
MyNetDiary,g,2023-03-23 08:31:00 -0700,2023-03-23 08:31:00 -0700,3.3
MyNetDiary,g,2023-03-23 08:31:00 -0700,2023-03-23 08:31:00 -0700,0
MyNetDiary,g,2023-03-23 08:47:00 -0700,2023-03-23 08:47:00 -0700,1.9
MyNetDiary,g,2023-03-23 08:47:00 -0700,2023-03-23 08:47:00 -0700,53.2
MyNetDiary,g,2023-03-23 15:00:00 -0700,2023-03-23 15:00:00 -0700,19
MyNetDiary,g,2023-03-23 15:00:00 -0700,2023-03-23 15:00:00 -0700,30
MyNetDiary,g,2023-03-23 18:00:00 -0700,2023-03-23 18:00:00 -0700,90
MyNetDiary,g,2023-03-24 23:34:00 -0700,2023-03-24 23:34:00 -0700,6.5
MyNetDiary,g,2023-03-24 23:34:00 -0700,2023-03-24 23:34:00 -0700,6.1
MyNetDiary,g,2023-03-24 23:34:00 -0700,2023-03-24 23:34:00 -0700,17.2
MyNetDiary,g,2023-03-24 23:34:00 -0700,2023-03-24 23:34:00 -0700,0
MyNetDiary,g,2023-03-24 23:34:00 -0700,2023-03-24 23:34:00 -0700,15
MyNetDiary,g,2023-03-24 23:34:00 -0700,2023-03-24 23:34:00 -0700,0
MyNetDiary,g,2023-03-24 23:39:00 -0700,2023-03-24 23:39:00 -0700,3.3
MyNetDiary,g,2023-03-24 23:39:00 -0700,2023-03-24 23:39:00 -0700,0.8
MyNetDiary,g,2023-03-24 23:39:00 -0700,2023-03-24 23:39:00 -0700,2.2
MyNetDiary,g,2023-03-24 23:39:00 -0700,2023-03-24 23:39:00 -0700,46
MyNetDiary,g,2023-03-24 23:39:00 -0700,2023-03-24 23:39:00 -0700,4
MyNetDiary,g,2023-03-25 12:17:00 -0700,2023-03-25 12:17:00 -0700,39
MyNetDiary,g,2023-03-25 15:20:00 -0700,2023-03-25 15:20:00 -0700,7.4
MyNetDiary,g,2023-03-25 15:23:00 -0700,2023-03-25 15:23:00 -0700,2.3
MyNetDiary,g,2023-03-25 15:23:00 -0700,2023-03-25 15:23:00 -0700,19.4
MyNetDiary,g,2023-03-25 15:23:00 -0700,2023-03-25 15:23:00 -0700,3.6
MyNetDiary,g,2023-03-25 15:23:00 -0700,2023-03-25 15:23:00 -0700,60
MyNetDiary,g,2023-03-25 15:23:00 -0700,2023-03-25 15:23:00 -0700,0.6
MyNetDiary,g,2023-03-25 15:23:00 -0700,2023-03-25 15:23:00 -0700,2.9
MyNetDiary,g,2023-03-25 15:23:00 -0700,2023-03-25 15:23:00 -0700,13.8
MyNetDiary,g,2023-03-25 15:23:00 -0700,2023-03-25 15:23:00 -0700,15
MyNetDiary,g,2023-03-25 15:23:00 -0700,2023-03-25 15:23:00 -0700,0
MyNetDiary,g,2023-03-25 23:29:00 -0700,2023-03-25 23:29:00 -0700,11
MyNetDiary,g,2023-03-26 12:26:00 -0700,2023-03-26 12:26:00 -0700,0
MyNetDiary,g,2023-03-26 12:26:00 -0700,2023-03-26 12:26:00 -0700,1.5
MyNetDiary,g,2023-03-26 12:26:00 -0700,2023-03-26 12:26:00 -0700,11.8
MyNetDiary,g,2023-03-26 12:26:00 -0700,2023-03-26 12:26:00 -0700,15
MyNetDiary,g,2023-03-26 12:26:00 -0700,2023-03-26 12:26:00 -0700,0
MyNetDiary,g,2023-03-26 16:35:00 -0700,2023-03-26 16:35:00 -0700,8.1
MyNetDiary,g,2023-03-26 16:36:00 -0700,2023-03-26 16:36:00 -0700,11.8
MyNetDiary,g,2023-03-26 16:38:00 -0700,2023-03-26 16:38:00 -0700,6.5
MyNetDiary,g,2023-03-26 16:49:00 -0700,2023-03-26 16:49:00 -0700,5.3
MyNetDiary,g,2023-03-26 16:49:00 -0700,2023-03-26 16:49:00 -0700,4.1
MyNetDiary,g,2023-03-26 16:49:00 -0700,2023-03-26 16:49:00 -0700,5.8
MyNetDiary,g,2023-03-26 16:49:00 -0700,2023-03-26 16:49:00 -0700,3.9
MyNetDiary,g,2023-03-26 16:49:00 -0700,2023-03-26 16:49:00 -0700,3.7
MyNetDiary,g,2023-03-26 16:49:00 -0700,2023-03-26 16:49:00 -0700,2.6
MyNetDiary,g,2023-03-26 16:49:00 -0700,2023-03-26 16:49:00 -0700,5.3
MyNetDiary,g,2023-03-26 16:49:00 -0700,2023-03-26 16:49:00 -0700,30
MyNetDiary,g,2023-03-26 16:49:00 -0700,2023-03-26 16:49:00 -0700,0
MyNetDiary,g,2023-03-26 20:44:00 -0700,2023-03-26 20:44:00 -0700,21.6
MyNetDiary,g,2023-03-27 00:17:00 -0700,2023-03-27 00:17:00 -0700,46
MyNetDiary,g,2023-03-27 00:17:00 -0700,2023-03-27 00:17:00 -0700,12.3
MyNetDiary,g,2023-03-27 00:17:00 -0700,2023-03-27 00:17:00 -0700,0
MyNetDiary,g,2023-03-27 00:17:00 -0700,2023-03-27 00:17:00 -0700,15
MyNetDiary,g,2023-03-27 01:30:00 -0700,2023-03-27 01:30:00 -0700,59.2
MyNetDiary,g,2023-03-27 01:30:00 -0700,2023-03-27 01:30:00 -0700,0
MyNetDiary,g,2023-03-27 02:04:00 -0700,2023-03-27 02:04:00 -0700,11.9
MyNetDiary,g,2023-03-27 12:10:00 -0700,2023-03-27 12:10:00 -0700,45
MyNetDiary,g,2023-03-27 13:40:00 -0700,2023-03-27 13:40:00 -0700,12.2
MyNetDiary,g,2023-03-27 13:40:00 -0700,2023-03-27 13:40:00 -0700,7.5
MyNetDiary,g,2023-03-27 13:40:00 -0700,2023-03-27 13:40:00 -0700,7.3
MyNetDiary,g,2023-03-27 13:40:00 -0700,2023-03-27 13:40:00 -0700,7.7
MyNetDiary,g,2023-03-27 21:12:00 -0700,2023-03-27 21:12:00 -0700,40
MyNetDiary,g,2023-03-27 21:12:00 -0700,2023-03-27 21:12:00 -0700,0
MyNetDiary,g,2023-03-27 21:12:00 -0700,2023-03-27 21:12:00 -0700,1.1
MyNetDiary,g,2023-03-27 21:12:00 -0700,2023-03-27 21:12:00 -0700,1.2
MyNetDiary,g,2023-03-27 21:12:00 -0700,2023-03-27 21:12:00 -0700,0.9
MyNetDiary,g,2023-03-27 21:27:00 -0700,2023-03-27 21:27:00 -0700,38.4
MyNetDiary,g,2023-03-28 09:40:00 -0700,2023-03-28 09:40:00 -0700,9.1
MyNetDiary,g,2023-03-28 09:40:00 -0700,2023-03-28 09:40:00 -0700,1.6
MyNetDiary,g,2023-03-28 09:40:00 -0700,2023-03-28 09:40:00 -0700,4.8
MyNetDiary,g,2023-03-28 09:40:00 -0700,2023-03-28 09:40:00 -0700,7.8
MyNetDiary,g,2023-03-28 09:40:00 -0700,2023-03-28 09:40:00 -0700,10.8
MyNetDiary,g,2023-03-28 11:32:00 -0700,2023-03-28 11:32:00 -0700,11.6
MyNetDiary,g,2023-03-28 11:52:00 -0700,2023-03-28 11:52:00 -0700,24
MyNetDiary,g,2023-03-28 19:12:00 -0700,2023-03-28 19:12:00 -0700,59.2
MyNetDiary,g,2023-03-28 19:12:00 -0700,2023-03-28 19:12:00 -0700,0
MyNetDiary,g,2023-03-28 21:24:00 -0700,2023-03-28 21:24:00 -0700,36
MyNetDiary,g,2023-03-29 09:40:00 -0700,2023-03-29 09:40:00 -0700,7
MyNetDiary,g,2023-03-29 09:40:00 -0700,2023-03-29 09:40:00 -0700,6.6
MyNetDiary,g,2023-03-29 09:40:00 -0700,2023-03-29 09:40:00 -0700,23
MyNetDiary,g,2023-04-01 14:01:00 -0700,2023-04-01 14:01:00 -0700,4.4
MyNetDiary,g,2023-04-01 14:01:00 -0700,2023-04-01 14:01:00 -0700,15
MyNetDiary,g,2023-04-01 14:01:00 -0700,2023-04-01 14:01:00 -0700,33.3
MyNetDiary,g,2023-04-02 12:26:00 -0700,2023-04-02 12:26:00 -0700,15
MyNetDiary,g,2023-04-02 12:26:00 -0700,2023-04-02 12:26:00 -0700,33.3
MyNetDiary,g,2023-04-02 12:26:00 -0700,2023-04-02 12:26:00 -0700,0
MyNetDiary,g,2023-04-02 15:48:00 -0700,2023-04-02 15:48:00 -0700,28
MyNetDiary,g,2023-04-02 16:16:00 -0700,2023-04-02 16:16:00 -0700,39.3
MyNetDiary,g,2023-04-02 16:16:00 -0700,2023-04-02 16:16:00 -0700,2.5
MyNetDiary,g,2023-04-02 16:16:00 -0700,2023-04-02 16:16:00 -0700,5
MyNetDiary,g,2023-04-03 08:00:00 -0700,2023-04-03 08:00:00 -0700,33.3
MyNetDiary,g,2023-04-03 08:00:00 -0700,2023-04-03 08:00:00 -0700,15.7
MyNetDiary,g,2023-04-03 08:00:00 -0700,2023-04-03 08:00:00 -0700,0
MyNetDiary,g,2023-04-03 12:00:00 -0700,2023-04-03 12:00:00 -0700,85.5
MyNetDiary,g,2023-04-03 12:00:00 -0700,2023-04-03 12:00:00 -0700,0
MyNetDiary,g,2023-04-03 12:55:00 -0700,2023-04-03 12:55:00 -0700,28
MyNetDiary,g,2023-04-04 08:43:00 -0700,2023-04-04 08:43:00 -0700,0.4
MyNetDiary,g,2023-04-04 08:43:00 -0700,2023-04-04 08:43:00 -0700,35.6
MyNetDiary,g,2023-04-04 08:43:00 -0700,2023-04-04 08:43:00 -0700,5.3
MyNetDiary,g,2023-04-04 08:43:00 -0700,2023-04-04 08:43:00 -0700,4.6
MyNetDiary,g,2023-04-04 08:43:00 -0700,2023-04-04 08:43:00 -0700,0
MyNetDiary,g,2023-04-04 12:00:00 -0700,2023-04-04 12:00:00 -0700,77.8
MyNetDiary,g,2023-04-04 12:00:00 -0700,2023-04-04 12:00:00 -0700,0
MyNetDiary,g,2023-04-04 16:16:00 -0700,2023-04-04 16:16:00 -0700,16.2
MyNetDiary,g,2023-04-04 20:08:00 -0700,2023-04-04 20:08:00 -0700,39.2
MyNetDiary,g,2023-04-04 20:08:00 -0700,2023-04-04 20:08:00 -0700,29
MyNetDiary,g,2023-04-05 20:08:00 -0700,2023-04-05 20:08:00 -0700,2.3
MyNetDiary,g,2023-04-05 20:08:00 -0700,2023-04-05 20:08:00 -0700,6.4
MyNetDiary,g,2023-04-05 20:08:00 -0700,2023-04-05 20:08:00 -0700,4.5
MyNetDiary,g,2023-04-05 20:08:00 -0700,2023-04-05 20:08:00 -0700,5.4
MyNetDiary,g,2023-04-05 20:08:00 -0700,2023-04-05 20:08:00 -0700,0
MyNetDiary,g,2023-04-05 20:08:00 -0700,2023-04-05 20:08:00 -0700,4.9
MyNetDiary,g,2023-04-05 20:12:00 -0700,2023-04-05 20:12:00 -0700,4
MyNetDiary,g,2023-04-05 20:12:00 -0700,2023-04-05 20:12:00 -0700,35.6
MyNetDiary,g,2023-04-05 20:12:00 -0700,2023-04-05 20:12:00 -0700,0
MyNetDiary,g,2023-04-05 20:12:00 -0700,2023-04-05 20:12:00 -0700,40
MyNetDiary,g,2023-04-05 20:50:00 -0700,2023-04-05 20:50:00 -0700,14
MyNetDiary,g,2023-04-05 20:55:00 -0700,2023-04-05 20:55:00 -0700,8
MyNetDiary,g,2023-04-06 09:36:00 -0700,2023-04-06 09:36:00 -0700,28
MyNetDiary,g,2023-04-24 22:55:00 -0700,2023-04-24 22:55:00 -0700,0
MyNetDiary,g,2023-04-24 22:55:00 -0700,2023-04-24 22:55:00 -0700,35.1
MyNetDiary,g,2023-04-24 22:55:00 -0700,2023-04-24 22:55:00 -0700,8
MyNetDiary,g,2023-04-25 01:05:00 -0700,2023-04-25 01:05:00 -0700,68.8
MyNetDiary,g,2023-04-25 01:05:00 -0700,2023-04-25 01:05:00 -0700,2.8
MyNetDiary,g,2023-04-25 01:05:00 -0700,2023-04-25 01:05:00 -0700,9.1
MyNetDiary,g,2023-04-25 01:05:00 -0700,2023-04-25 01:05:00 -0700,3
MyNetDiary,g,2023-04-25 01:05:00 -0700,2023-04-25 01:05:00 -0700,3.7
MyNetDiary,g,2023-04-25 11:13:00 -0700,2023-04-25 11:13:00 -0700,14
MyNetDiary,g,2023-05-01 15:21:00 -0700,2023-05-01 15:21:00 -0700,68.8
MyNetDiary,g,2023-05-01 15:21:00 -0700,2023-05-01 15:21:00 -0700,2.5
MyNetDiary,g,2023-05-01 15:21:00 -0700,2023-05-01 15:21:00 -0700,9.1
MyNetDiary,g,2023-05-01 15:21:00 -0700,2023-05-01 15:21:00 -0700,3
MyNetDiary,g,2023-05-01 15:21:00 -0700,2023-05-01 15:21:00 -0700,3.7
MyNetDiary,g,2023-05-01 15:21:00 -0700,2023-05-01 15:21:00 -0700,2.7
MyNetDiary,g,2023-05-01 15:21:00 -0700,2023-05-01 15:21:00 -0700,0
MyNetDiary,g,2023-05-01 15:21:00 -0700,2023-05-01 15:21:00 -0700,38
MyNetDiary,g,2023-05-01 15:21:00 -0700,2023-05-01 15:21:00 -0700,25.5
MyNetDiary,g,2023-05-01 15:23:00 -0700,2023-05-01 15:23:00 -0700,14
MyNetDiary,g,2023-05-01 19:14:00 -0700,2023-05-01 19:14:00 -0700,18.4
MyNetDiary,g,2023-05-01 19:14:00 -0700,2023-05-01 19:14:00 -0700,28.6
MyNetDiary,g,2023-05-01 19:14:00 -0700,2023-05-01 19:14:00 -0700,6.9
MyNetDiary,g,2023-05-02 10:00:00 -0700,2023-05-02 10:00:00 -0700,68.8
MyNetDiary,g,2023-05-02 10:00:00 -0700,2023-05-02 10:00:00 -0700,2.5
MyNetDiary,g,2023-05-02 10:00:00 -0700,2023-05-02 10:00:00 -0700,9.1
MyNetDiary,g,2023-05-02 10:00:00 -0700,2023-05-02 10:00:00 -0700,3
MyNetDiary,g,2023-05-02 10:00:00 -0700,2023-05-02 10:00:00 -0700,3.7
MyNetDiary,g,2023-05-02 13:03:00 -0700,2023-05-02 13:03:00 -0700,2
MyNetDiary,g,2023-05-02 13:03:00 -0700,2023-05-02 13:03:00 -0700,0
MyNetDiary,g,2023-05-02 13:31:00 -0700,2023-05-02 13:31:00 -0700,15.5
MyNetDiary,g,2023-05-02 14:14:00 -0700,2023-05-02 14:14:00 -0700,16
MyNetDiary,g,2023-05-02 16:13:00 -0700,2023-05-02 16:13:00 -0700,8.2
MyNetDiary,g,2023-05-02 19:11:00 -0700,2023-05-02 19:11:00 -0700,25.5
MyNetDiary,g,2023-05-03 11:55:00 -0700,2023-05-03 11:55:00 -0700,68.8
MyNetDiary,g,2023-05-03 11:55:00 -0700,2023-05-03 11:55:00 -0700,2.5
MyNetDiary,g,2023-05-03 11:55:00 -0700,2023-05-03 11:55:00 -0700,9.1
MyNetDiary,g,2023-05-03 11:55:00 -0700,2023-05-03 11:55:00 -0700,3
MyNetDiary,g,2023-05-03 11:55:00 -0700,2023-05-03 11:55:00 -0700,3.7
MyNetDiary,g,2023-05-03 11:55:00 -0700,2023-05-03 11:55:00 -0700,0.3
MyNetDiary,g,2023-05-03 11:55:00 -0700,2023-05-03 11:55:00 -0700,10
MyNetDiary,g,2023-05-03 13:30:00 -0700,2023-05-03 13:30:00 -0700,39
MyNetDiary,g,2023-05-03 13:30:00 -0700,2023-05-03 13:30:00 -0700,2
MyNetDiary,g,2023-05-03 13:30:00 -0700,2023-05-03 13:30:00 -0700,0
MyNetDiary,g,2023-05-03 19:37:00 -0700,2023-05-03 19:37:00 -0700,8.8
MyNetDiary,g,2023-05-03 19:37:00 -0700,2023-05-03 19:37:00 -0700,23
MyNetDiary,g,2023-05-05 10:00:00 -0700,2023-05-05 10:00:00 -0700,23
MyNetDiary,g,2023-05-05 10:00:00 -0700,2023-05-05 10:00:00 -0700,3
MyNetDiary,g,2023-05-05 15:29:00 -0700,2023-05-05 15:29:00 -0700,26
MyNetDiary,g,2023-05-05 19:41:00 -0700,2023-05-05 19:41:00 -0700,36.8
MyNetDiary,g,2023-05-05 19:41:00 -0700,2023-05-05 19:41:00 -0700,12
MyNetDiary,g,2023-05-05 19:41:00 -0700,2023-05-05 19:41:00 -0700,0.5
MyNetDiary,g,2023-05-05 19:41:00 -0700,2023-05-05 19:41:00 -0700,13.7
MyNetDiary,g,2023-05-05 19:41:00 -0700,2023-05-05 19:41:00 -0700,9.9
MyNetDiary,g,2023-05-05 23:20:00 -0700,2023-05-05 23:20:00 -0700,0
MyNetDiary,g,2023-05-05 23:22:00 -0700,2023-05-05 23:22:00 -0700,6
MyNetDiary,g,2023-05-05 23:24:00 -0700,2023-05-05 23:24:00 -0700,6
MyNetDiary,g,2023-05-06 10:05:00 -0700,2023-05-06 10:05:00 -0700,68.8
MyNetDiary,g,2023-05-06 10:05:00 -0700,2023-05-06 10:05:00 -0700,2.6
MyNetDiary,g,2023-05-06 10:05:00 -0700,2023-05-06 10:05:00 -0700,9.1
MyNetDiary,g,2023-05-06 10:05:00 -0700,2023-05-06 10:05:00 -0700,3
MyNetDiary,g,2023-05-06 10:05:00 -0700,2023-05-06 10:05:00 -0700,10.1
MyNetDiary,g,2023-05-10 18:48:00 -0700,2023-05-10 18:48:00 -0700,30
MyNetDiary,g,2023-05-11 11:19:00 -0700,2023-05-11 11:19:00 -0700,13.7
MyNetDiary,g,2023-05-11 11:19:00 -0700,2023-05-11 11:19:00 -0700,3.8
MyNetDiary,g,2023-05-11 11:19:00 -0700,2023-05-11 11:19:00 -0700,13
MyNetDiary,g,2023-05-11 11:19:00 -0700,2023-05-11 11:19:00 -0700,30
MyNetDiary,g,2023-05-11 11:19:00 -0700,2023-05-11 11:19:00 -0700,6
MyNetDiary,g,2023-05-11 21:21:00 -0700,2023-05-11 21:21:00 -0700,50
MyNetDiary,g,2023-05-12 09:00:00 -0700,2023-05-12 09:00:00 -0700,23.5
MyNetDiary,g,2023-05-12 09:00:00 -0700,2023-05-12 09:00:00 -0700,28.6
MyNetDiary,g,2023-05-12 09:00:00 -0700,2023-05-12 09:00:00 -0700,54.2
MyNetDiary,g,2023-05-12 10:39:00 -0700,2023-05-12 10:39:00 -0700,24
MyNetDiary,g,2023-05-12 12:48:00 -0700,2023-05-12 12:48:00 -0700,32
MyNetDiary,g,2023-05-12 14:35:00 -0700,2023-05-12 14:35:00 -0700,39.8
MyNetDiary,g,2023-05-12 14:36:00 -0700,2023-05-12 14:36:00 -0700,13
MyNetDiary,g,2023-05-12 15:09:00 -0700,2023-05-12 15:09:00 -0700,15
MyNetDiary,g,2023-05-12 15:35:00 -0700,2023-05-12 15:35:00 -0700,12
MyNetDiary,g,2023-05-13 11:44:00 -0700,2023-05-13 11:44:00 -0700,7.1
MyNetDiary,g,2023-05-13 11:44:00 -0700,2023-05-13 11:44:00 -0700,6.3
MyNetDiary,g,2023-05-13 11:44:00 -0700,2023-05-13 11:44:00 -0700,14.9
MyNetDiary,g,2023-05-14 23:43:00 -0700,2023-05-14 23:43:00 -0700,3.9
MyNetDiary,g,2023-05-15 00:20:00 -0700,2023-05-15 00:20:00 -0700,0
MyNetDiary,g,2023-05-15 09:15:00 -0700,2023-05-15 09:15:00 -0700,5.9
MyNetDiary,g,2023-05-15 09:15:00 -0700,2023-05-15 09:15:00 -0700,20.9
MyNetDiary,g,2023-05-15 09:15:00 -0700,2023-05-15 09:15:00 -0700,1.7
MyNetDiary,g,2023-05-15 09:15:00 -0700,2023-05-15 09:15:00 -0700,4.6
MyNetDiary,g,2023-05-15 12:17:00 -0700,2023-05-15 12:17:00 -0700,13
MyNetDiary,g,2023-05-15 12:55:00 -0700,2023-05-15 12:55:00 -0700,12
MyNetDiary,g,2023-05-15 13:05:00 -0700,2023-05-15 13:05:00 -0700,4
MyNetDiary,g,2023-05-15 18:40:00 -0700,2023-05-15 18:40:00 -0700,22.7
MyNetDiary,g,2023-05-15 21:30:00 -0700,2023-05-15 21:30:00 -0700,80.1
MyNetDiary,g,2023-05-15 21:30:00 -0700,2023-05-15 21:30:00 -0700,31.9
MyNetDiary,g,2023-05-15 21:30:00 -0700,2023-05-15 21:30:00 -0700,0.4
MyNetDiary,g,2023-05-15 23:33:00 -0700,2023-05-15 23:33:00 -0700,6.5
MyNetDiary,g,2023-05-15 23:33:00 -0700,2023-05-15 23:33:00 -0700,8
MyNetDiary,g,2023-05-15 23:33:00 -0700,2023-05-15 23:33:00 -0700,35
MyNetDiary,g,2023-05-16 09:35:00 -0700,2023-05-16 09:35:00 -0700,10.9
MyNetDiary,g,2023-05-16 09:35:00 -0700,2023-05-16 09:35:00 -0700,50
MyNetDiary,g,2023-05-16 09:35:00 -0700,2023-05-16 09:35:00 -0700,2.6
MyNetDiary,g,2023-05-16 09:35:00 -0700,2023-05-16 09:35:00 -0700,9
MyNetDiary,g,2023-05-16 12:00:00 -0700,2023-05-16 12:00:00 -0700,52.3
MyNetDiary,g,2023-05-16 12:00:00 -0700,2023-05-16 12:00:00 -0700,27.3
MyNetDiary,g,2023-05-16 13:05:00 -0700,2023-05-16 13:05:00 -0700,12
MyNetDiary,g,2023-05-16 13:15:00 -0700,2023-05-16 13:15:00 -0700,0
MyNetDiary,g,2023-05-16 13:26:00 -0700,2023-05-16 13:26:00 -0700,24
MyNetDiary,g,2023-05-16 16:24:00 -0700,2023-05-16 16:24:00 -0700,6.5
MyNetDiary,g,2023-05-16 16:24:00 -0700,2023-05-16 16:24:00 -0700,3
MyNetDiary,g,2023-05-16 16:24:00 -0700,2023-05-16 16:24:00 -0700,28.4
MyNetDiary,g,2023-05-16 16:24:00 -0700,2023-05-16 16:24:00 -0700,16.1
MyNetDiary,g,2023-05-16 16:24:00 -0700,2023-05-16 16:24:00 -0700,4.7
MyNetDiary,g,2023-05-16 16:24:00 -0700,2023-05-16 16:24:00 -0700,35
MyNetDiary,g,2023-05-16 16:24:00 -0700,2023-05-16 16:24:00 -0700,84
MyNetDiary,g,2023-05-16 16:24:00 -0700,2023-05-16 16:24:00 -0700,0
MyNetDiary,g,2023-05-17 22:30:00 -0700,2023-05-17 22:30:00 -0700,26.2
MyNetDiary,g,2023-05-17 22:30:00 -0700,2023-05-17 22:30:00 -0700,52.3
MyNetDiary,g,2023-05-17 22:30:00 -0700,2023-05-17 22:30:00 -0700,27.3
MyNetDiary,g,2023-05-17 22:30:00 -0700,2023-05-17 22:30:00 -0700,1
MyNetDiary,g,2023-05-17 22:30:00 -0700,2023-05-17 22:30:00 -0700,2.7
MyNetDiary,g,2023-05-17 22:31:00 -0700,2023-05-17 22:31:00 -0700,0
MyNetDiary,g,2023-05-17 22:31:00 -0700,2023-05-17 22:31:00 -0700,45
MyNetDiary,g,2023-05-17 23:03:00 -0700,2023-05-17 23:03:00 -0700,3.3
MyNetDiary,g,2023-05-17 23:03:00 -0700,2023-05-17 23:03:00 -0700,20.7
MyNetDiary,g,2023-05-17 23:03:00 -0700,2023-05-17 23:03:00 -0700,25
MyNetDiary,g,2023-05-17 23:03:00 -0700,2023-05-17 23:03:00 -0700,16.5
MyNetDiary,g,2023-05-17 23:03:00 -0700,2023-05-17 23:03:00 -0700,7
MyNetDiary,g,2023-05-18 00:08:00 -0700,2023-05-18 00:08:00 -0700,10.1
MyNetDiary,g,2023-05-18 00:08:00 -0700,2023-05-18 00:08:00 -0700,7.8
MyNetDiary,g,2023-05-18 00:08:00 -0700,2023-05-18 00:08:00 -0700,4.1
MyNetDiary,g,2023-05-18 11:20:00 -0700,2023-05-18 11:20:00 -0700,54.7
MyNetDiary,g,2023-05-18 11:46:00 -0700,2023-05-18 11:46:00 -0700,15
MyNetDiary,g,2023-05-18 15:18:00 -0700,2023-05-18 15:18:00 -0700,52.3
MyNetDiary,g,2023-05-18 15:18:00 -0700,2023-05-18 15:18:00 -0700,27.3
MyNetDiary,g,2023-05-18 15:18:00 -0700,2023-05-18 15:18:00 -0700,2.7
MyNetDiary,g,2023-05-18 15:18:00 -0700,2023-05-18 15:18:00 -0700,9.4
MyNetDiary,g,2023-05-18 15:18:00 -0700,2023-05-18 15:18:00 -0700,12
MyNetDiary,g,2023-05-18 20:07:00 -0700,2023-05-18 20:07:00 -0700,21.8
MyNetDiary,g,2023-05-18 20:07:00 -0700,2023-05-18 20:07:00 -0700,1.1
MyNetDiary,g,2023-05-18 20:07:00 -0700,2023-05-18 20:07:00 -0700,1
MyNetDiary,g,2023-05-19 00:20:00 -0700,2023-05-19 00:20:00 -0700,59.8
MyNetDiary,g,2023-05-19 00:20:00 -0700,2023-05-19 00:20:00 -0700,31.7
MyNetDiary,g,2023-05-19 00:20:00 -0700,2023-05-19 00:20:00 -0700,0.7
MyNetDiary,g,2023-05-19 10:18:00 -0700,2023-05-19 10:18:00 -0700,26
MyNetDiary,g,2023-05-27 16:01:00 -0700,2023-05-27 16:01:00 -0700,14.7
MyNetDiary,g,2023-05-27 16:01:00 -0700,2023-05-27 16:01:00 -0700,16.2
MyNetDiary,g,2023-05-27 16:01:00 -0700,2023-05-27 16:01:00 -0700,15.1
MyNetDiary,g,2023-05-27 16:01:00 -0700,2023-05-27 16:01:00 -0700,11.9
MyNetDiary,g,2023-05-27 16:01:00 -0700,2023-05-27 16:01:00 -0700,4
MyNetDiary,g,2023-05-30 18:55:00 -0700,2023-05-30 18:55:00 -0700,24.3
MyNetDiary,g,2023-05-30 18:55:00 -0700,2023-05-30 18:55:00 -0700,1
MyNetDiary,g,2023-05-30 18:55:00 -0700,2023-05-30 18:55:00 -0700,1.1
MyNetDiary,g,2023-05-30 18:56:00 -0700,2023-05-30 18:56:00 -0700,27.3
MyNetDiary,g,2023-05-30 18:56:00 -0700,2023-05-30 18:56:00 -0700,1
MyNetDiary,g,2023-05-30 18:56:00 -0700,2023-05-30 18:56:00 -0700,35
MyNetDiary,g,2023-05-31 12:12:00 -0700,2023-05-31 12:12:00 -0700,11
MyNetDiary,g,2023-05-31 12:12:00 -0700,2023-05-31 12:12:00 -0700,20
MyNetDiary,g,2023-05-31 12:12:00 -0700,2023-05-31 12:12:00 -0700,20
MyNetDiary,g,2023-05-31 12:12:00 -0700,2023-05-31 12:12:00 -0700,13
MyNetDiary,g,2023-05-31 18:40:00 -0700,2023-05-31 18:40:00 -0700,14.7
MyNetDiary,g,2023-05-31 18:40:00 -0700,2023-05-31 18:40:00 -0700,0
MyNetDiary,g,2023-05-31 18:40:00 -0700,2023-05-31 18:40:00 -0700,2.8
MyNetDiary,g,2023-05-31 18:40:00 -0700,2023-05-31 18:40:00 -0700,44.2
MyNetDiary,g,2023-05-31 18:40:00 -0700,2023-05-31 18:40:00 -0700,1.3
MyNetDiary,g,2023-05-31 18:40:00 -0700,2023-05-31 18:40:00 -0700,0.4
MyNetDiary,g,2023-06-05 08:00:00 -0700,2023-06-05 08:00:00 -0700,50
MyNetDiary,g,2023-06-05 08:00:00 -0700,2023-06-05 08:00:00 -0700,1.6
MyNetDiary,g,2023-06-05 08:00:00 -0700,2023-06-05 08:00:00 -0700,15
MyNetDiary,g,2023-06-05 11:00:00 -0700,2023-06-05 11:00:00 -0700,4.4
MyNetDiary,g,2023-06-05 12:00:00 -0700,2023-06-05 12:00:00 -0700,0
MyNetDiary,g,2023-06-05 12:00:00 -0700,2023-06-05 12:00:00 -0700,74.6
MyNetDiary,g,2023-06-05 15:00:00 -0700,2023-06-05 15:00:00 -0700,18.3
MyNetDiary,g,2023-06-06 12:00:00 -0700,2023-06-06 12:00:00 -0700,4.2
MyNetDiary,g,2023-06-06 12:00:00 -0700,2023-06-06 12:00:00 -0700,0
MyNetDiary,g,2023-06-06 12:00:00 -0700,2023-06-06 12:00:00 -0700,72.9
MyNetDiary,g,2023-06-06 12:25:00 -0700,2023-06-06 12:25:00 -0700,50
MyNetDiary,g,2023-06-06 12:25:00 -0700,2023-06-06 12:25:00 -0700,1.6
MyNetDiary,g,2023-06-06 21:09:00 -0700,2023-06-06 21:09:00 -0700,5.1
MyNetDiary,g,2023-06-06 21:09:00 -0700,2023-06-06 21:09:00 -0700,4.8
MyNetDiary,g,2023-06-06 21:09:00 -0700,2023-06-06 21:09:00 -0700,0.7
MyNetDiary,g,2023-06-06 21:09:00 -0700,2023-06-06 21:09:00 -0700,1
MyNetDiary,g,2023-06-06 21:09:00 -0700,2023-06-06 21:09:00 -0700,1.1
MyNetDiary,g,2023-06-06 21:09:00 -0700,2023-06-06 21:09:00 -0700,7.2
MyNetDiary,g,2023-06-07 08:57:00 -0700,2023-06-07 08:57:00 -0700,3.8
MyNetDiary,g,2023-06-07 08:57:00 -0700,2023-06-07 08:57:00 -0700,50
MyNetDiary,g,2023-06-07 08:57:00 -0700,2023-06-07 08:57:00 -0700,1.6
MyNetDiary,g,2023-06-07 08:57:00 -0700,2023-06-07 08:57:00 -0700,0
MyNetDiary,g,2023-06-07 08:57:00 -0700,2023-06-07 08:57:00 -0700,68.3
MyNetDiary,g,2023-06-07 08:57:00 -0700,2023-06-07 08:57:00 -0700,41.6
MyNetDiary,g,2023-06-07 12:02:00 -0700,2023-06-07 12:02:00 -0700,14
MyNetDiary,g,2023-06-07 12:11:00 -0700,2023-06-07 12:11:00 -0700,16
MyNetDiary,g,2023-06-07 15:05:00 -0700,2023-06-07 15:05:00 -0700,13
MyNetDiary,g,2023-06-08 10:49:00 -0700,2023-06-08 10:49:00 -0700,14
MyNetDiary,g,2023-06-08 12:03:00 -0700,2023-06-08 12:03:00 -0700,13
MyNetDiary,g,2023-06-08 12:04:00 -0700,2023-06-08 12:04:00 -0700,50
MyNetDiary,g,2023-06-08 12:04:00 -0700,2023-06-08 12:04:00 -0700,1.8
MyNetDiary,g,2023-06-08 12:04:00 -0700,2023-06-08 12:04:00 -0700,15
MyNetDiary,g,2023-07-08 13:27:00 -0700,2023-07-08 13:27:00 -0700,14
MyNetDiary,g,2023-07-08 13:27:00 -0700,2023-07-08 13:27:00 -0700,24.2
MyNetDiary,g,2023-07-08 13:27:00 -0700,2023-07-08 13:27:00 -0700,24.9
MyNetDiary,g,2023-07-08 13:27:00 -0700,2023-07-08 13:27:00 -0700,6.3
MyNetDiary,g,2023-07-08 14:08:00 -0700,2023-07-08 14:08:00 -0700,32.4
MyNetDiary,g,2023-07-10 00:29:00 -0700,2023-07-10 00:29:00 -0700,12.9
MyNetDiary,g,2023-07-10 00:29:00 -0700,2023-07-10 00:29:00 -0700,62.6
MyNetDiary,g,2023-07-10 11:26:00 -0700,2023-07-10 11:26:00 -0700,14
MyNetDiary,g,2023-07-10 11:26:00 -0700,2023-07-10 11:26:00 -0700,9
MyNetDiary,g,2023-07-10 14:31:00 -0700,2023-07-10 14:31:00 -0700,13
MyNetDiary,g,2023-07-10 17:23:00 -0700,2023-07-10 17:23:00 -0700,43.5
MyNetDiary,g,2023-07-10 17:23:00 -0700,2023-07-10 17:23:00 -0700,2.3
MyNetDiary,g,2023-07-14 11:22:00 -0700,2023-07-14 11:22:00 -0700,27
MyNetDiary,g,2023-07-14 11:22:00 -0700,2023-07-14 11:22:00 -0700,36
MyNetDiary,g,2023-07-17 12:34:00 -0700,2023-07-17 12:34:00 -0700,39
MyNetDiary,g,2023-07-18 10:31:00 -0700,2023-07-18 10:31:00 -0700,36
MyNetDiary,g,2023-07-18 10:31:00 -0700,2023-07-18 10:31:00 -0700,35
MyNetDiary,g,2023-07-27 14:51:00 -0700,2023-07-27 14:51:00 -0700,0.6
MyNetDiary,g,2023-08-31 12:14:00 -0700,2023-08-31 12:14:00 -0700,0.8
MyNetDiary,g,2023-08-31 12:14:00 -0700,2023-08-31 12:14:00 -0700,2.4
MyNetDiary,g,2023-08-31 12:14:00 -0700,2023-08-31 12:14:00 -0700,40.5
MyNetDiary,g,2023-08-31 12:14:00 -0700,2023-08-31 12:14:00 -0700,0
MyNetDiary,g,2023-08-31 16:46:00 -0700,2023-08-31 16:46:00 -0700,1.5
MyNetDiary,g,2023-08-31 16:46:00 -0700,2023-08-31 16:46:00 -0700,3.4
MyNetDiary,g,2023-08-31 16:46:00 -0700,2023-08-31 16:46:00 -0700,2.2
MyNetDiary,g,2023-08-31 16:46:00 -0700,2023-08-31 16:46:00 -0700,4.6
MyNetDiary,g,2023-08-31 16:46:00 -0700,2023-08-31 16:46:00 -0700,15.7
MyNetDiary,g,2023-08-31 16:46:00 -0700,2023-08-31 16:46:00 -0700,10.7
MyNetDiary,g,2023-08-31 16:46:00 -0700,2023-08-31 16:46:00 -0700,1
MyNetDiary,g,2023-08-31 23:09:00 -0700,2023-08-31 23:09:00 -0700,48.6
MyNetDiary,g,2023-08-31 23:09:00 -0700,2023-08-31 23:09:00 -0700,2.2
MyNetDiary,g,2023-09-01 01:09:00 -0700,2023-09-01 01:09:00 -0700,18.7
MyNetDiary,g,2023-09-01 01:09:00 -0700,2023-09-01 01:09:00 -0700,16
MyNetDiary,g,2023-09-01 01:09:00 -0700,2023-09-01 01:09:00 -0700,21.6
MyNetDiary,g,2023-09-01 01:09:00 -0700,2023-09-01 01:09:00 -0700,9.6
MyNetDiary,g,2023-09-01 01:09:00 -0700,2023-09-01 01:09:00 -0700,22.2
MyNetDiary,g,2023-09-01 01:25:00 -0700,2023-09-01 01:25:00 -0700,38.2
MyNetDiary,g,2023-09-01 01:25:00 -0700,2023-09-01 01:25:00 -0700,47.5
MyNetDiary,g,2023-09-01 15:00:00 -0700,2023-09-01 15:00:00 -0700,7.4
MyNetDiary,g,2023-09-01 20:00:00 -0700,2023-09-01 20:00:00 -0700,1.9
MyNetDiary,g,2023-09-01 20:00:00 -0700,2023-09-01 20:00:00 -0700,3.8
MyNetDiary,g,2023-09-01 20:00:00 -0700,2023-09-01 20:00:00 -0700,7.4
MyNetDiary,g,2023-09-01 20:00:00 -0700,2023-09-01 20:00:00 -0700,1.3
MyNetDiary,g,2023-09-01 20:00:00 -0700,2023-09-01 20:00:00 -0700,1.4
MyNetDiary,g,2023-09-01 20:00:00 -0700,2023-09-01 20:00:00 -0700,2
MyNetDiary,g,2023-09-01 20:00:00 -0700,2023-09-01 20:00:00 -0700,2.5
MyNetDiary,g,2023-09-02 12:06:00 -0700,2023-09-02 12:06:00 -0700,4.4
MyNetDiary,g,2023-09-02 12:06:00 -0700,2023-09-02 12:06:00 -0700,5
MyNetDiary,g,2023-09-03 08:00:00 -0700,2023-09-03 08:00:00 -0700,37.3
MyNetDiary,g,2023-09-06 01:02:00 -0700,2023-09-06 01:02:00 -0700,58
MyNetDiary,g,2023-09-06 01:02:00 -0700,2023-09-06 01:02:00 -0700,44.7
MyNetDiary,g,2023-09-06 11:05:00 -0700,2023-09-06 11:05:00 -0700,8.2
MyNetDiary,g,2023-09-06 11:05:00 -0700,2023-09-06 11:05:00 -0700,1.1
MyNetDiary,g,2023-09-06 19:26:00 -0700,2023-09-06 19:26:00 -0700,53.3
MyNetDiary,g,2023-09-06 19:47:00 -0700,2023-09-06 19:47:00 -0700,3.4
MyNetDiary,g,2023-09-06 21:52:00 -0700,2023-09-06 21:52:00 -0700,31.3
MyNetDiary,g,2023-09-07 08:00:00 -0700,2023-09-07 08:00:00 -0700,4.3
MyNetDiary,g,2023-09-07 12:00:00 -0700,2023-09-07 12:00:00 -0700,58
MyNetDiary,g,2023-09-07 12:00:00 -0700,2023-09-07 12:00:00 -0700,52.7
MyNetDiary,g,2023-09-08 08:00:00 -0700,2023-09-08 08:00:00 -0700,3.7
MyNetDiary,g,2023-09-08 08:00:00 -0700,2023-09-08 08:00:00 -0700,6.2
MyNetDiary,g,2023-09-08 08:00:00 -0700,2023-09-08 08:00:00 -0700,1.1
MyNetDiary,g,2023-09-08 18:43:00 -0700,2023-09-08 18:43:00 -0700,39.8
MyNetDiary,g,2023-09-08 18:43:00 -0700,2023-09-08 18:43:00 -0700,16
MyNetDiary,g,2023-09-09 15:07:00 -0700,2023-09-09 15:07:00 -0700,2.3
MyNetDiary,g,2023-09-09 15:07:00 -0700,2023-09-09 15:07:00 -0700,18.9
MyNetDiary,g,2023-09-09 15:07:00 -0700,2023-09-09 15:07:00 -0700,24.2
MyNetDiary,g,2023-09-09 15:07:00 -0700,2023-09-09 15:07:00 -0700,11.1
MyNetDiary,g,2023-09-09 15:07:00 -0700,2023-09-09 15:07:00 -0700,18.1
MyNetDiary,g,2023-09-09 18:18:00 -0700,2023-09-09 18:18:00 -0700,72.3
MyNetDiary,g,2023-09-09 18:18:00 -0700,2023-09-09 18:18:00 -0700,39.6
MyNetDiary,g,2023-09-10 12:23:00 -0700,2023-09-10 12:23:00 -0700,2.1
MyNetDiary,g,2023-09-10 12:23:00 -0700,2023-09-10 12:23:00 -0700,72
MyNetDiary,g,2023-09-10 16:55:00 -0700,2023-09-10 16:55:00 -0700,2.3
MyNetDiary,g,2023-09-10 16:55:00 -0700,2023-09-10 16:55:00 -0700,18.9
MyNetDiary,g,2023-09-10 16:55:00 -0700,2023-09-10 16:55:00 -0700,24.2
MyNetDiary,g,2023-09-10 16:55:00 -0700,2023-09-10 16:55:00 -0700,11.1
MyNetDiary,g,2023-09-10 16:55:00 -0700,2023-09-10 16:55:00 -0700,18.1
MyNetDiary,g,2023-09-11 00:40:00 -0700,2023-09-11 00:40:00 -0700,0.8
MyNetDiary,g,2023-09-11 00:40:00 -0700,2023-09-11 00:40:00 -0700,86.8
MyNetDiary,g,2023-09-11 00:40:00 -0700,2023-09-11 00:40:00 -0700,40.5
MyNetDiary,g,2023-09-11 02:20:00 -0700,2023-09-11 02:20:00 -0700,23.2
MyNetDiary,g,2023-09-11 02:20:00 -0700,2023-09-11 02:20:00 -0700,58
MyNetDiary,g,2023-09-11 13:28:00 -0700,2023-09-11 13:28:00 -0700,12.2
MyNetDiary,g,2023-09-11 19:42:00 -0700,2023-09-11 19:42:00 -0700,1.4
MyNetDiary,g,2023-09-11 19:42:00 -0700,2023-09-11 19:42:00 -0700,26.5
MyNetDiary,g,2023-09-11 19:42:00 -0700,2023-09-11 19:42:00 -0700,1
MyNetDiary,g,2023-09-12 08:00:00 -0700,2023-09-12 08:00:00 -0700,86.8
MyNetDiary,g,2023-09-16 19:30:00 -0700,2023-09-16 19:30:00 -0700,7.4
MyNetDiary,g,2023-09-16 19:30:00 -0700,2023-09-16 19:30:00 -0700,6.8
MyNetDiary,g,2023-09-16 19:30:00 -0700,2023-09-16 19:30:00 -0700,3.5
MyNetDiary,g,2023-09-16 19:30:00 -0700,2023-09-16 19:30:00 -0700,1.4
MyNetDiary,g,2023-09-16 19:30:00 -0700,2023-09-16 19:30:00 -0700,0
MyNetDiary,g,2023-09-16 19:30:00 -0700,2023-09-16 19:30:00 -0700,4.4
MyNetDiary,g,2023-09-17 11:45:00 -0700,2023-09-17 11:45:00 -0700,0.5
MyNetDiary,g,2023-09-17 11:45:00 -0700,2023-09-17 11:45:00 -0700,0
MyNetDiary,g,2023-09-17 11:45:00 -0700,2023-09-17 11:45:00 -0700,1.2
MyNetDiary,g,2023-09-17 15:45:00 -0700,2023-09-17 15:45:00 -0700,54.9
MyNetDiary,g,2023-09-17 15:45:00 -0700,2023-09-17 15:45:00 -0700,36
MyNetDiary,g,2023-09-17 15:45:00 -0700,2023-09-17 15:45:00 -0700,6.5
MyNetDiary,g,2023-09-17 15:45:00 -0700,2023-09-17 15:45:00 -0700,2.5
MyNetDiary,g,2023-09-17 15:45:00 -0700,2023-09-17 15:45:00 -0700,2
MyNetDiary,g,2023-09-17 15:45:00 -0700,2023-09-17 15:45:00 -0700,14
MyNetDiary,g,2023-09-17 18:00:00 -0700,2023-09-17 18:00:00 -0700,23.2
MyNetDiary,g,2023-09-17 18:00:00 -0700,2023-09-17 18:00:00 -0700,34.3
MyNetDiary,g,2023-09-18 10:20:00 -0700,2023-09-18 10:20:00 -0700,0
MyNetDiary,g,2023-09-18 10:20:00 -0700,2023-09-18 10:20:00 -0700,28
MyNetDiary,g,2023-11-19 18:36:00 -0700,2023-11-19 18:36:00 -0700,17.1
MyNetDiary,g,2023-11-19 18:36:00 -0700,2023-11-19 18:36:00 -0700,9.6
MyNetDiary,g,2023-11-19 18:36:00 -0700,2023-11-19 18:36:00 -0700,0.7
MyNetDiary,g,2023-11-20 01:48:00 -0700,2023-11-20 01:48:00 -0700,0
MyNetDiary,g,2023-11-21 19:00:00 -0700,2023-11-21 19:00:00 -0700,5
MyNetDiary,g,2023-11-22 19:00:00 -0700,2023-11-22 19:00:00 -0700,35.4
MyNetDiary,g,2023-11-22 19:00:00 -0700,2023-11-22 19:00:00 -0700,252
MyNetDiary,g,2023-12-03 16:00:00 -0700,2023-12-03 16:00:00 -0700,26.9
MyNetDiary,g,2023-12-03 16:00:00 -0700,2023-12-03 16:00:00 -0700,0.9
MyNetDiary,g,2023-12-03 16:00:00 -0700,2023-12-03 16:00:00 -0700,0
MyNetDiary,g,2023-12-03 19:00:00 -0700,2023-12-03 19:00:00 -0700,3
MyNetDiary,g,2023-12-03 19:00:00 -0700,2023-12-03 19:00:00 -0700,11
MyNetDiary,g,2023-12-04 02:24:00 -0700,2023-12-04 02:24:00 -0700,38.4
MyNetDiary,g,2023-12-04 02:24:00 -0700,2023-12-04 02:24:00 -0700,0.9
MyNetDiary,g,2023-12-04 16:21:00 -0700,2023-12-04 16:21:00 -0700,0
MyNetDiary,g,2023-12-04 16:21:00 -0700,2023-12-04 16:21:00 -0700,44.2
MyNetDiary,g,2023-12-04 16:22:00 -0700,2023-12-04 16:22:00 -0700,6.7
MyNetDiary,g,2023-12-04 16:24:00 -0700,2023-12-04 16:24:00 -0700,1.1
MyNetDiary,g,2024-01-03 23:13:00 -0700,2024-01-03 23:13:00 -0700,0
MyNetDiary,g,2024-01-03 23:13:00 -0700,2024-01-03 23:13:00 -0700,25.2
MyNetDiary,g,2024-01-03 23:13:00 -0700,2024-01-03 23:13:00 -0700,5.6
MyNetDiary,g,2024-01-03 23:13:00 -0700,2024-01-03 23:13:00 -0700,3.9
MyNetDiary,g,2024-01-04 22:42:00 -0700,2024-01-04 22:42:00 -0700,0
MyNetDiary,g,2024-01-04 22:42:00 -0700,2024-01-04 22:42:00 -0700,28
MyNetDiary,g,2024-01-04 22:42:00 -0700,2024-01-04 22:42:00 -0700,1.1
MyNetDiary,g,2024-01-04 23:16:00 -0700,2024-01-04 23:16:00 -0700,0
MyNetDiary,g,2024-01-04 23:16:00 -0700,2024-01-04 23:16:00 -0700,33.2
MyNetDiary,g,2024-01-07 19:00:00 -0700,2024-01-07 19:00:00 -0700,82.9
MyNetDiary,g,2024-01-08 21:29:00 -0700,2024-01-08 21:29:00 -0700,1.9
MyNetDiary,g,2024-01-08 21:29:00 -0700,2024-01-08 21:29:00 -0700,0
MyNetDiary,g,2024-01-08 21:29:00 -0700,2024-01-08 21:29:00 -0700,5.8
MyNetDiary,g,2024-01-08 21:29:00 -0700,2024-01-08 21:29:00 -0700,25.5
MyNetDiary,g,2024-01-08 21:29:00 -0700,2024-01-08 21:29:00 -0700,12.3
MyNetDiary,g,2024-01-08 21:30:00 -0700,2024-01-08 21:30:00 -0700,65
MyNetDiary,g,2024-01-09 00:30:00 -0700,2024-01-09 00:30:00 -0700,22
MyNetDiary,g,2024-01-09 00:32:00 -0700,2024-01-09 00:32:00 -0700,36.2
MyNetDiary,g,2024-01-09 00:35:00 -0700,2024-01-09 00:35:00 -0700,5.8
MyNetDiary,g,2024-01-09 00:35:00 -0700,2024-01-09 00:35:00 -0700,0
MyNetDiary,g,2024-01-09 01:28:00 -0700,2024-01-09 01:28:00 -0700,16.8
MyNetDiary,g,2024-01-09 01:28:00 -0700,2024-01-09 01:28:00 -0700,0.2
MyNetDiary,g,2024-01-09 01:36:00 -0700,2024-01-09 01:36:00 -0700,11.5
MyNetDiary,g,2024-01-09 09:00:00 -0700,2024-01-09 09:00:00 -0700,23.3
MyNetDiary,g,2024-01-09 09:00:00 -0700,2024-01-09 09:00:00 -0700,0.8
MyNetDiary,g,2024-01-09 09:00:00 -0700,2024-01-09 09:00:00 -0700,30.9
MyNetDiary,g,2024-01-09 09:00:00 -0700,2024-01-09 09:00:00 -0700,0
MyNetDiary,g,2024-01-09 16:00:00 -0700,2024-01-09 16:00:00 -0700,22
MyNetDiary,g,2024-01-10 00:48:00 -0700,2024-01-10 00:48:00 -0700,5.9
MyNetDiary,g,2024-01-10 00:48:00 -0700,2024-01-10 00:48:00 -0700,0
MyNetDiary,g,2024-01-10 00:48:00 -0700,2024-01-10 00:48:00 -0700,3.5
MyNetDiary,g,2024-01-10 00:48:00 -0700,2024-01-10 00:48:00 -0700,0.5
MyNetDiary,g,2024-01-10 00:48:00 -0700,2024-01-10 00:48:00 -0700,5.6
MyNetDiary,g,2024-01-10 00:48:00 -0700,2024-01-10 00:48:00 -0700,2.2
MyNetDiary,g,2024-01-10 19:54:00 -0700,2024-01-10 19:54:00 -0700,37
MyNetDiary,g,2024-01-10 19:54:00 -0700,2024-01-10 19:54:00 -0700,5.9
MyNetDiary,g,2024-01-28 17:00:00 -0700,2024-01-28 17:00:00 -0700,18.4
MyNetDiary,g,2024-01-28 17:00:00 -0700,2024-01-28 17:00:00 -0700,58
MyNetDiary,g,2024-01-28 17:00:00 -0700,2024-01-28 17:00:00 -0700,3.5
MyNetDiary,g,2024-01-28 22:00:00 -0700,2024-01-28 22:00:00 -0700,71.6
MyNetDiary,g,2024-01-28 22:00:00 -0700,2024-01-28 22:00:00 -0700,8
MyNetDiary,g,2024-01-28 22:00:00 -0700,2024-01-28 22:00:00 -0700,31.1
MyNetDiary,g,2024-01-29 02:15:00 -0700,2024-01-29 02:15:00 -0700,0.8
MyNetDiary,g,2024-01-29 02:15:00 -0700,2024-01-29 02:15:00 -0700,76.3
MyNetDiary,g,2024-01-29 02:23:00 -0700,2024-01-29 02:23:00 -0700,12
MyNetDiary,g,2024-01-29 02:23:00 -0700,2024-01-29 02:23:00 -0700,13.3
MyNetDiary,g,2024-01-29 02:23:00 -0700,2024-01-29 02:23:00 -0700,1.1
MyNetDiary,g,2024-01-29 02:23:00 -0700,2024-01-29 02:23:00 -0700,4
MyNetDiary,g,2024-01-29 02:23:00 -0700,2024-01-29 02:23:00 -0700,0.1
MyNetDiary,g,2024-01-29 15:51:00 -0700,2024-01-29 15:51:00 -0700,30
MyNetDiary,g,2024-01-29 20:15:00 -0700,2024-01-29 20:15:00 -0700,59.2
MyNetDiary,g,2024-01-29 20:15:00 -0700,2024-01-29 20:15:00 -0700,13.3
MyNetDiary,g,2024-02-01 15:46:00 -0700,2024-02-01 15:46:00 -0700,24.1
MyNetDiary,g,2024-02-01 15:46:00 -0700,2024-02-01 15:46:00 -0700,7
MyNetDiary,g,2024-02-01 15:46:00 -0700,2024-02-01 15:46:00 -0700,15.6
MyNetDiary,g,2024-02-01 18:20:00 -0700,2024-02-01 18:20:00 -0700,50
MyNetDiary,g,2024-02-01 18:20:00 -0700,2024-02-01 18:20:00 -0700,0
MyNetDiary,g,2024-02-01 18:20:00 -0700,2024-02-01 18:20:00 -0700,1.2
MyNetDiary,g,2024-02-01 18:20:00 -0700,2024-02-01 18:20:00 -0700,2.3
MyNetDiary,g,2024-02-01 18:20:00 -0700,2024-02-01 18:20:00 -0700,14
MyNetDiary,g,2024-02-02 00:38:00 -0700,2024-02-02 00:38:00 -0700,22
MyNetDiary,g,2024-02-02 09:50:00 -0700,2024-02-02 09:50:00 -0700,8
MyNetDiary,g,2024-02-02 09:50:00 -0700,2024-02-02 09:50:00 -0700,13.1
MyNetDiary,g,2024-02-02 09:50:00 -0700,2024-02-02 09:50:00 -0700,13.4
MyNetDiary,g,2024-02-02 09:50:00 -0700,2024-02-02 09:50:00 -0700,4
MyNetDiary,g,2024-02-02 14:22:00 -0700,2024-02-02 14:22:00 -0700,16
MyNetDiary,g,2024-02-25 14:13:00 -0700,2024-02-25 14:13:00 -0700,0
MyNetDiary,g,2024-02-25 14:13:00 -0700,2024-02-25 14:13:00 -0700,13.5
MyNetDiary,g,2024-02-25 14:13:00 -0700,2024-02-25 14:13:00 -0700,1.5
MyNetDiary,g,2024-02-25 14:13:00 -0700,2024-02-25 14:13:00 -0700,5.5
MyNetDiary,g,2024-02-25 14:13:00 -0700,2024-02-25 14:13:00 -0700,8.1
MyNetDiary,g,2024-02-25 14:13:00 -0700,2024-02-25 14:13:00 -0700,12.1
MyNetDiary,g,2024-02-25 14:13:00 -0700,2024-02-25 14:13:00 -0700,46.9
MyNetDiary,g,2024-02-25 14:13:00 -0700,2024-02-25 14:13:00 -0700,4
MyNetDiary,g,2024-02-25 22:15:00 -0700,2024-02-25 22:15:00 -0700,8
MyNetDiary,g,2024-02-25 22:15:00 -0700,2024-02-25 22:15:00 -0700,10.8
MyNetDiary,g,2024-02-25 22:38:00 -0700,2024-02-25 22:38:00 -0700,32.9
MyNetDiary,g,2024-02-26 12:11:00 -0700,2024-02-26 12:11:00 -0700,17
MyNetDiary,g,2024-02-28 19:25:00 -0700,2024-02-28 19:25:00 -0700,8
MyNetDiary,g,2024-03-18 00:33:00 -0700,2024-03-18 00:33:00 -0700,38
MyNetDiary,g,2024-04-14 15:43:00 -0700,2024-04-14 15:43:00 -0700,9.3
MyNetDiary,g,2024-04-14 15:43:00 -0700,2024-04-14 15:43:00 -0700,2.2
MyNetDiary,g,2024-04-14 15:43:00 -0700,2024-04-14 15:43:00 -0700,13.5
MyNetDiary,g,2024-04-14 15:45:00 -0700,2024-04-14 15:45:00 -0700,4.1
MyNetDiary,g,2024-04-14 15:45:00 -0700,2024-04-14 15:45:00 -0700,6.9
MyNetDiary,g,2024-04-14 17:03:00 -0700,2024-04-14 17:03:00 -0700,3.2
MyNetDiary,g,2024-04-14 17:03:00 -0700,2024-04-14 17:03:00 -0700,0
MyNetDiary,g,2024-04-14 17:03:00 -0700,2024-04-14 17:03:00 -0700,4.1
MyNetDiary,g,2024-04-14 17:03:00 -0700,2024-04-14 17:03:00 -0700,40.7
MyNetDiary,g,2024-04-14 17:03:00 -0700,2024-04-14 17:03:00 -0700,2.8
MyNetDiary,g,2024-04-14 19:55:00 -0700,2024-04-14 19:55:00 -0700,0.2
MyNetDiary,g,2024-04-14 19:55:00 -0700,2024-04-14 19:55:00 -0700,44
MyNetDiary,g,2024-04-14 19:55:00 -0700,2024-04-14 19:55:00 -0700,0
MyNetDiary,g,2024-04-14 19:55:00 -0700,2024-04-14 19:55:00 -0700,2.8
MyNetDiary,g,2024-04-14 19:55:00 -0700,2024-04-14 19:55:00 -0700,0.8
MyNetDiary,g,2024-04-14 19:55:00 -0700,2024-04-14 19:55:00 -0700,0
MyNetDiary,g,2024-04-16 13:47:00 -0700,2024-04-16 13:47:00 -0700,61.8
MyNetDiary,g,2024-04-16 13:47:00 -0700,2024-04-16 13:47:00 -0700,0.7
MyNetDiary,g,2024-04-16 13:47:00 -0700,2024-04-16 13:47:00 -0700,0
MyNetDiary,g,2024-04-20 00:00:00 -0700,2024-04-20 00:00:00 -0700,27.6
MyNetDiary,g,2024-04-20 00:00:00 -0700,2024-04-20 00:00:00 -0700,1.1
MyNetDiary,g,2024-04-20 00:00:00 -0700,2024-04-20 00:00:00 -0700,42
MyNetDiary,g,2024-04-20 20:44:00 -0700,2024-04-20 20:44:00 -0700,54.7
MyNetDiary,g,2024-04-20 20:55:00 -0700,2024-04-20 20:55:00 -0700,0
MyNetDiary,g,2024-04-21 15:22:00 -0700,2024-04-21 15:22:00 -0700,18.2
MyNetDiary,g,2024-04-21 15:22:00 -0700,2024-04-21 15:22:00 -0700,1.1
MyNetDiary,g,2024-04-21 15:22:00 -0700,2024-04-21 15:22:00 -0700,0
MyNetDiary,g,2024-04-21 15:22:00 -0700,2024-04-21 15:22:00 -0700,62.8
MyNetDiary,g,2024-04-21 15:22:00 -0700,2024-04-21 15:22:00 -0700,4
MyNetDiary,g,2024-04-21 15:22:00 -0700,2024-04-21 15:22:00 -0700,2.8
MyNetDiary,g,2024-04-21 16:22:00 -0700,2024-04-21 16:22:00 -0700,6
MyNetDiary,g,2024-04-22 01:12:00 -0700,2024-04-22 01:12:00 -0700,0
MyNetDiary,g,2024-04-22 01:13:00 -0700,2024-04-22 01:13:00 -0700,20.8
MyNetDiary,g,2024-04-22 01:13:00 -0700,2024-04-22 01:13:00 -0700,1.5
MyNetDiary,g,2024-04-22 01:17:00 -0700,2024-04-22 01:17:00 -0700,6.3
MyNetDiary,g,2024-04-22 01:19:00 -0700,2024-04-22 01:19:00 -0700,5.2
MyNetDiary,g,2024-04-22 01:39:00 -0700,2024-04-22 01:39:00 -0700,0
MyNetDiary,g,2024-04-22 15:18:00 -0700,2024-04-22 15:18:00 -0700,0
MyNetDiary,g,2024-04-22 15:18:00 -0700,2024-04-22 15:18:00 -0700,3.1
MyNetDiary,g,2024-04-22 15:18:00 -0700,2024-04-22 15:18:00 -0700,4.1
MyNetDiary,g,2024-04-22 15:18:00 -0700,2024-04-22 15:18:00 -0700,24
MyNetDiary,g,2024-04-30 16:29:00 -0700,2024-04-30 16:29:00 -0700,1.6
MyNetDiary,g,2024-04-30 16:31:00 -0700,2024-04-30 16:31:00 -0700,22.1
MyNetDiary,g,2024-04-30 16:31:00 -0700,2024-04-30 16:31:00 -0700,21.7
MyNetDiary,g,2024-04-30 16:34:00 -0700,2024-04-30 16:34:00 -0700,12
MyNetDiary,g,2024-04-30 16:34:00 -0700,2024-04-30 16:34:00 -0700,11
MyNetDiary,g,2024-04-30 16:36:00 -0700,2024-04-30 16:36:00 -0700,19.7
MyNetDiary,g,2024-04-30 16:38:00 -0700,2024-04-30 16:38:00 -0700,27
MyNetDiary,g,2024-04-30 16:38:00 -0700,2024-04-30 16:38:00 -0700,4.8
MyNetDiary,g,2024-04-30 16:40:00 -0700,2024-04-30 16:40:00 -0700,0
MyNetDiary,g,2024-04-30 16:42:00 -0700,2024-04-30 16:42:00 -0700,2.3
MyNetDiary,g,2024-04-30 16:53:00 -0700,2024-04-30 16:53:00 -0700,1.1
MyNetDiary,g,2024-04-30 16:53:00 -0700,2024-04-30 16:53:00 -0700,34.9
MyNetDiary,g,2024-04-30 16:58:00 -0700,2024-04-30 16:58:00 -0700,2.9
MyNetDiary,g,2024-04-30 21:20:00 -0700,2024-04-30 21:20:00 -0700,47.5
MyNetDiary,g,2024-04-30 21:20:00 -0700,2024-04-30 21:20:00 -0700,4.5
MyNetDiary,g,2024-05-20 02:04:00 -0700,2024-05-20 02:04:00 -0700,2
MyNetDiary,g,2024-05-20 02:04:00 -0700,2024-05-20 02:04:00 -0700,0
MyNetDiary,g,2024-05-24 22:41:00 -0700,2024-05-24 22:41:00 -0700,2.3
MyNetDiary,g,2024-05-24 22:42:00 -0700,2024-05-24 22:42:00 -0700,9.6
MyNetDiary,g,2024-05-24 22:54:00 -0700,2024-05-24 22:54:00 -0700,6.1
MyNetDiary,g,2024-05-24 22:54:00 -0700,2024-05-24 22:54:00 -0700,1.6
MyNetDiary,g,2024-05-24 22:55:00 -0700,2024-05-24 22:55:00 -0700,0
MyNetDiary,g,2024-05-24 22:56:00 -0700,2024-05-24 22:56:00 -0700,0
MyNetDiary,g,2024-05-24 22:57:00 -0700,2024-05-24 22:57:00 -0700,40
MyNetDiary,g,2024-05-24 22:58:00 -0700,2024-05-24 22:58:00 -0700,0
MyNetDiary,g,2024-05-24 22:58:00 -0700,2024-05-24 22:58:00 -0700,0.4
MyNetDiary,g,2024-05-24 22:58:00 -0700,2024-05-24 22:58:00 -0700,2.5
MyNetDiary,g,2024-05-24 22:59:00 -0700,2024-05-24 22:59:00 -0700,11
MyNetDiary,g,2024-05-25 18:40:00 -0700,2024-05-25 18:40:00 -0700,47
MyNetDiary,g,2024-05-25 18:40:00 -0700,2024-05-25 18:40:00 -0700,8.9
MyNetDiary,g,2024-05-25 18:40:00 -0700,2024-05-25 18:40:00 -0700,6.4
MyNetDiary,g,2024-05-25 18:40:00 -0700,2024-05-25 18:40:00 -0700,40.5
MyNetDiary,g,2024-05-25 18:40:00 -0700,2024-05-25 18:40:00 -0700,0.7
MyNetDiary,g,2024-05-25 18:40:00 -0700,2024-05-25 18:40:00 -0700,1.5
MyNetDiary,g,2024-05-25 18:40:00 -0700,2024-05-25 18:40:00 -0700,11.1
MyNetDiary,g,2024-05-25 21:59:00 -0700,2024-05-25 21:59:00 -0700,6.1
MyNetDiary,g,2024-05-25 21:59:00 -0700,2024-05-25 21:59:00 -0700,1.6
MyNetDiary,g,2024-05-25 21:59:00 -0700,2024-05-25 21:59:00 -0700,3.1
MyNetDiary,g,2024-05-25 22:00:00 -0700,2024-05-25 22:00:00 -0700,1.4
MyNetDiary,g,2024-05-25 22:59:00 -0700,2024-05-25 22:59:00 -0700,42.2
MyNetDiary,g,2024-05-25 23:01:00 -0700,2024-05-25 23:01:00 -0700,1.6
MyNetDiary,g,2024-05-27 15:50:00 -0700,2024-05-27 15:50:00 -0700,1
MyNetDiary,g,2024-05-27 18:02:00 -0700,2024-05-27 18:02:00 -0700,0
MyNetDiary,g,2024-05-27 18:03:00 -0700,2024-05-27 18:03:00 -0700,31.5
MyNetDiary,g,2024-05-27 18:03:00 -0700,2024-05-27 18:03:00 -0700,3.3
MyNetDiary,g,2024-05-27 18:06:00 -0700,2024-05-27 18:06:00 -0700,2.1
MyNetDiary,g,2024-05-27 19:21:00 -0700,2024-05-27 19:21:00 -0700,19.1
MyNetDiary,g,2024-05-28 22:02:00 -0700,2024-05-28 22:02:00 -0700,0
MyNetDiary,g,2024-05-28 22:02:00 -0700,2024-05-28 22:02:00 -0700,3.3
MyNetDiary,g,2024-05-28 22:02:00 -0700,2024-05-28 22:02:00 -0700,21
MyNetDiary,g,2024-05-28 22:03:00 -0700,2024-05-28 22:03:00 -0700,7.2
MyNetDiary,g,2024-05-28 22:08:00 -0700,2024-05-28 22:08:00 -0700,4.1
MyNetDiary,g,2024-05-28 22:09:00 -0700,2024-05-28 22:09:00 -0700,6.3
MyNetDiary,g,2024-05-28 22:20:00 -0700,2024-05-28 22:20:00 -0700,5.7
MyNetDiary,g,2024-05-28 22:25:00 -0700,2024-05-28 22:25:00 -0700,0
MyNetDiary,g,2024-05-28 22:46:00 -0700,2024-05-28 22:46:00 -0700,4.8
MyNetDiary,g,2024-05-28 22:46:00 -0700,2024-05-28 22:46:00 -0700,1.2
MyNetDiary,g,2024-05-28 22:53:00 -0700,2024-05-28 22:53:00 -0700,42
MyNetDiary,g,2024-05-29 01:05:00 -0700,2024-05-29 01:05:00 -0700,20.9
MyNetDiary,g,2024-05-29 01:06:00 -0700,2024-05-29 01:06:00 -0700,2.9
MyNetDiary,g,2024-05-29 01:08:00 -0700,2024-05-29 01:08:00 -0700,11.2
MyNetDiary,g,2024-05-29 01:19:00 -0700,2024-05-29 01:19:00 -0700,52.9
MyNetDiary,g,2024-05-29 01:19:00 -0700,2024-05-29 01:19:00 -0700,36.8
MyNetDiary,g,2024-05-29 01:20:00 -0700,2024-05-29 01:20:00 -0700,2.2
MyNetDiary,g,2024-05-29 01:20:00 -0700,2024-05-29 01:20:00 -0700,0
MyNetDiary,g,2024-05-29 01:20:00 -0700,2024-05-29 01:20:00 -0700,2.3
MyNetDiary,g,2024-05-29 01:21:00 -0700,2024-05-29 01:21:00 -0700,7.7
MyNetDiary,g,2024-05-29 01:21:00 -0700,2024-05-29 01:21:00 -0700,9.1
MyNetDiary,g,2024-12-28 15:45:00 -0700,2024-12-28 15:45:00 -0700,6.6
MyNetDiary,g,2024-12-28 21:45:00 -0700,2024-12-28 21:45:00 -0700,25
MyNetDiary,g,2024-12-28 21:45:00 -0700,2024-12-28 21:45:00 -0700,9.4
MyNetDiary,g,2024-12-28 21:46:00 -0700,2024-12-28 21:46:00 -0700,3.5
MyNetDiary,g,2024-12-28 21:46:00 -0700,2024-12-28 21:46:00 -0700,43
MyNetDiary,g,2024-12-28 21:57:00 -0700,2024-12-28 21:57:00 -0700,0
MyNetDiary,g,2024-12-28 21:58:00 -0700,2024-12-28 21:58:00 -0700,2.2
MyNetDiary,g,2024-12-28 21:59:00 -0700,2024-12-28 21:59:00 -0700,3.7
MyNetDiary,g,2024-12-28 21:59:00 -0700,2024-12-28 21:59:00 -0700,1.1
MyNetDiary,g,2024-12-28 22:00:00 -0700,2024-12-28 22:00:00 -0700,0
MyNetDiary,g,2024-12-28 22:00:00 -0700,2024-12-28 22:00:00 -0700,0
MyNetDiary,g,2024-12-28 23:07:00 -0700,2024-12-28 23:07:00 -0700,17.8
MyNetDiary,g,2024-12-28 23:08:00 -0700,2024-12-28 23:08:00 -0700,8
MyNetDiary,g,2024-12-28 23:09:00 -0700,2024-12-28 23:09:00 -0700,1.1
MyNetDiary,g,2024-12-28 23:17:00 -0700,2024-12-28 23:17:00 -0700,5
MyNetDiary,g,2024-12-29 14:28:00 -0700,2024-12-29 14:28:00 -0700,0
MyNetDiary,g,2024-12-29 14:28:00 -0700,2024-12-29 14:28:00 -0700,27.1
MyNetDiary,g,2024-12-29 14:28:00 -0700,2024-12-29 14:28:00 -0700,6.4
MyNetDiary,g,2024-12-29 14:28:00 -0700,2024-12-29 14:28:00 -0700,3.1
MyNetDiary,g,2024-12-29 19:52:00 -0700,2024-12-29 19:52:00 -0700,27.5
MyNetDiary,g,2024-12-29 19:52:00 -0700,2024-12-29 19:52:00 -0700,5.6
MyNetDiary,g,2024-12-29 20:02:00 -0700,2024-12-29 20:02:00 -0700,1.2
MyNetDiary,g,2024-12-29 21:06:00 -0700,2024-12-29 21:06:00 -0700,0
MyNetDiary,g,2024-12-29 21:06:00 -0700,2024-12-29 21:06:00 -0700,17.1
MyNetDiary,g,2024-12-29 21:27:00 -0700,2024-12-29 21:27:00 -0700,17
MyNetDiary,g,2024-12-29 21:27:00 -0700,2024-12-29 21:27:00 -0700,8.1
MyNetDiary,g,2024-12-29 21:28:00 -0700,2024-12-29 21:28:00 -0700,2.8
MyNetDiary,g,2024-12-30 15:18:00 -0700,2024-12-30 15:18:00 -0700,3.7
MyNetDiary,g,2024-12-30 16:49:00 -0700,2024-12-30 16:49:00 -0700,3
MyNetDiary,g,2024-12-30 21:11:00 -0700,2024-12-30 21:11:00 -0700,15.7
MyNetDiary,g,2024-12-30 21:11:00 -0700,2024-12-30 21:11:00 -0700,5.3
MyNetDiary,g,2024-12-30 21:11:00 -0700,2024-12-30 21:11:00 -0700,13
MyNetDiary,g,2024-12-30 21:44:00 -0700,2024-12-30 21:44:00 -0700,0
MyNetDiary,g,2024-12-30 21:45:00 -0700,2024-12-30 21:45:00 -0700,8.8
MyNetDiary,g,2024-12-30 21:45:00 -0700,2024-12-30 21:45:00 -0700,9.9
MyNetDiary,g,2024-12-30 21:56:00 -0700,2024-12-30 21:56:00 -0700,24.7
MyNetDiary,g,2024-12-30 21:56:00 -0700,2024-12-30 21:56:00 -0700,1
MyNetDiary,g,2024-12-30 21:56:00 -0700,2024-12-30 21:56:00 -0700,5.1
MyNetDiary,g,2024-12-30 22:01:00 -0700,2024-12-30 22:01:00 -0700,0
MyNetDiary,g,2024-12-30 22:01:00 -0700,2024-12-30 22:01:00 -0700,8
MyNetDiary,g,2024-12-30 22:01:00 -0700,2024-12-30 22:01:00 -0700,7.7
MyNetDiary,g,2024-12-30 22:34:00 -0700,2024-12-30 22:34:00 -0700,0
MyNetDiary,g,2024-12-31 20:56:00 -0700,2024-12-31 20:56:00 -0700,0
MyNetDiary,g,2024-12-31 20:58:00 -0700,2024-12-31 20:58:00 -0700,0
MyNetDiary,g,2024-12-31 21:00:00 -0700,2024-12-31 21:00:00 -0700,15
MyNetDiary,g,2024-12-31 21:11:00 -0700,2024-12-31 21:11:00 -0700,1.7
MyNetDiary,g,2024-12-31 22:25:00 -0700,2024-12-31 22:25:00 -0700,3.9
MyNetDiary,g,2024-12-31 22:25:00 -0700,2024-12-31 22:25:00 -0700,0
MyNetDiary,g,2024-12-31 22:29:00 -0700,2024-12-31 22:29:00 -0700,0
MyNetDiary,g,2024-12-31 22:39:00 -0700,2024-12-31 22:39:00 -0700,52.3
MyNetDiary,g,2024-12-31 22:39:00 -0700,2024-12-31 22:39:00 -0700,5
MyNetDiary,g,2025-01-01 03:42:00 -0700,2025-01-01 03:42:00 -0700,14
MyNetDiary,g,2025-01-01 15:32:00 -0700,2025-01-01 15:32:00 -0700,0
MyNetDiary,g,2025-01-01 15:33:00 -0700,2025-01-01 15:33:00 -0700,10
MyNetDiary,g,2025-01-01 15:50:00 -0700,2025-01-01 15:50:00 -0700,14.1
MyNetDiary,g,2025-01-01 19:56:00 -0700,2025-01-01 19:56:00 -0700,52.6
MyNetDiary,g,2025-01-01 20:04:00 -0700,2025-01-01 20:04:00 -0700,0
MyNetDiary,g,2025-01-01 20:06:00 -0700,2025-01-01 20:06:00 -0700,0
MyNetDiary,g,2025-01-01 20:39:00 -0700,2025-01-01 20:39:00 -0700,14
MyNetDiary,g,2025-01-02 13:43:00 -0700,2025-01-02 13:43:00 -0700,3.9
MyNetDiary,g,2025-01-02 13:43:00 -0700,2025-01-02 13:43:00 -0700,0
MyNetDiary,g,2025-01-02 13:43:00 -0700,2025-01-02 13:43:00 -0700,54
MyNetDiary,g,2025-01-02 13:43:00 -0700,2025-01-02 13:43:00 -0700,0
MyNetDiary,g,2025-01-02 13:43:00 -0700,2025-01-02 13:43:00 -0700,14
MyNetDiary,g,2025-01-02 13:43:00 -0700,2025-01-02 13:43:00 -0700,13
MyNetDiary,g,2025-01-02 13:44:00 -0700,2025-01-02 13:44:00 -0700,20.7
MyNetDiary,g,2025-01-02 13:44:00 -0700,2025-01-02 13:44:00 -0700,0
MyNetDiary,g,2025-01-02 16:53:00 -0700,2025-01-02 16:53:00 -0700,13
MyNetDiary,g,2025-01-02 16:53:00 -0700,2025-01-02 16:53:00 -0700,5
MyNetDiary,g,2025-01-02 21:40:00 -0700,2025-01-02 21:40:00 -0700,0
MyNetDiary,g,2025-01-02 21:40:00 -0700,2025-01-02 21:40:00 -0700,3.7
MyNetDiary,g,2025-01-02 21:40:00 -0700,2025-01-02 21:40:00 -0700,1.5
MyNetDiary,g,2025-01-02 21:40:00 -0700,2025-01-02 21:40:00 -0700,6.6
MyNetDiary,g,2025-01-02 21:40:00 -0700,2025-01-02 21:40:00 -0700,2.1
MyNetDiary,g,2025-01-02 21:40:00 -0700,2025-01-02 21:40:00 -0700,27.5
MyNetDiary,g,2025-01-03 12:59:00 -0700,2025-01-03 12:59:00 -0700,14
MyNetDiary,g,2025-01-03 15:26:00 -0700,2025-01-03 15:26:00 -0700,16
MyNetDiary,g,2025-01-03 15:27:00 -0700,2025-01-03 15:27:00 -0700,0
MyNetDiary,g,2025-01-05 14:50:00 -0700,2025-01-05 14:50:00 -0700,0
MyNetDiary,g,2025-01-05 14:51:00 -0700,2025-01-05 14:51:00 -0700,3.9
MyNetDiary,g,2025-01-05 14:51:00 -0700,2025-01-05 14:51:00 -0700,0
MyNetDiary,g,2025-01-05 14:51:00 -0700,2025-01-05 14:51:00 -0700,14.3
MyNetDiary,g,2025-01-05 20:15:00 -0700,2025-01-05 20:15:00 -0700,0
MyNetDiary,g,2025-01-05 20:18:00 -0700,2025-01-05 20:18:00 -0700,1
MyNetDiary,g,2025-01-06 09:00:00 -0700,2025-01-06 09:00:00 -0700,0
MyNetDiary,g,2025-01-06 09:00:00 -0700,2025-01-06 09:00:00 -0700,16.5
MyNetDiary,g,2025-01-06 13:00:00 -0700,2025-01-06 13:00:00 -0700,0
MyNetDiary,g,2025-01-06 13:00:00 -0700,2025-01-06 13:00:00 -0700,132.1
MyNetDiary,g,2025-01-06 19:00:00 -0700,2025-01-06 19:00:00 -0700,14
MyNetDiary,g,2025-01-06 19:00:00 -0700,2025-01-06 19:00:00 -0700,27.5
MyNetDiary,g,2025-01-06 19:00:00 -0700,2025-01-06 19:00:00 -0700,6.6
MyNetDiary,g,2025-01-06 19:46:00 -0700,2025-01-06 19:46:00 -0700,10.6
MyNetDiary,g,2025-01-06 19:46:00 -0700,2025-01-06 19:46:00 -0700,3.5
MyNetDiary,g,2025-01-06 19:46:00 -0700,2025-01-06 19:46:00 -0700,6.1
MyNetDiary,g,2025-01-06 19:46:00 -0700,2025-01-06 19:46:00 -0700,19.3
MyNetDiary,g,2025-01-07 01:30:00 -0700,2025-01-07 01:30:00 -0700,1.9
MyNetDiary,g,2025-01-07 01:30:00 -0700,2025-01-07 01:30:00 -0700,0
MyNetDiary,g,2025-01-07 01:30:00 -0700,2025-01-07 01:30:00 -0700,0
MyNetDiary,g,2025-01-07 13:00:00 -0700,2025-01-07 13:00:00 -0700,0
MyNetDiary,g,2025-01-07 13:00:00 -0700,2025-01-07 13:00:00 -0700,71.2
MyNetDiary,g,2025-01-07 16:00:00 -0700,2025-01-07 16:00:00 -0700,14
MyNetDiary,g,2025-01-07 16:00:00 -0700,2025-01-07 16:00:00 -0700,0
MyNetDiary,g,2025-01-07 16:00:00 -0700,2025-01-07 16:00:00 -0700,0
MyNetDiary,g,2025-01-07 20:00:00 -0700,2025-01-07 20:00:00 -0700,15.5
MyNetDiary,g,2025-01-07 20:00:00 -0700,2025-01-07 20:00:00 -0700,6.1
MyNetDiary,g,2025-01-07 20:00:00 -0700,2025-01-07 20:00:00 -0700,23.8
MyNetDiary,g,2025-01-12 09:00:00 -0700,2025-01-12 09:00:00 -0700,25.5
MyNetDiary,g,2025-01-12 09:00:00 -0700,2025-01-12 09:00:00 -0700,0
MyNetDiary,g,2025-01-12 13:00:00 -0700,2025-01-12 13:00:00 -0700,0
MyNetDiary,g,2025-01-13 09:00:00 -0700,2025-01-13 09:00:00 -0700,26.3
MyNetDiary,g,2025-01-13 09:00:00 -0700,2025-01-13 09:00:00 -0700,0.8
MyNetDiary,g,2025-01-13 09:00:00 -0700,2025-01-13 09:00:00 -0700,4.6
MyNetDiary,g,2025-01-13 13:00:00 -0700,2025-01-13 13:00:00 -0700,0
MyNetDiary,g,2025-01-13 13:00:00 -0700,2025-01-13 13:00:00 -0700,2.1
MyNetDiary,g,2025-01-14 09:00:00 -0700,2025-01-14 09:00:00 -0700,24.3
MyNetDiary,g,2025-01-14 09:00:00 -0700,2025-01-14 09:00:00 -0700,0.8
MyNetDiary,g,2025-01-14 09:00:00 -0700,2025-01-14 09:00:00 -0700,3.9
MyNetDiary,g,2025-01-17 09:00:00 -0700,2025-01-17 09:00:00 -0700,21
MyNetDiary,g,2025-01-17 09:00:00 -0700,2025-01-17 09:00:00 -0700,0
MyNetDiary,g,2025-01-17 09:00:00 -0700,2025-01-17 09:00:00 -0700,6
MyNetDiary,g,2025-01-17 16:00:00 -0700,2025-01-17 16:00:00 -0700,34
MyNetDiary,g,2025-01-17 19:00:00 -0700,2025-01-17 19:00:00 -0700,63
MyNetDiary,g,2025-01-17 19:00:00 -0700,2025-01-17 19:00:00 -0700,0
MyNetDiary,g,2025-01-17 19:00:00 -0700,2025-01-17 19:00:00 -0700,2.2
MyNetDiary,g,2025-01-19 13:00:00 -0700,2025-01-19 13:00:00 -0700,0
MyNetDiary,g,2025-01-19 13:00:00 -0700,2025-01-19 13:00:00 -0700,12
MyNetDiary,g,2025-01-19 19:00:00 -0700,2025-01-19 19:00:00 -0700,0
MyNetDiary,g,2025-01-19 19:00:00 -0700,2025-01-19 19:00:00 -0700,0
MyNetDiary,g,2025-01-20 16:00:00 -0700,2025-01-20 16:00:00 -0700,58.5
MyNetDiary,g,2025-01-20 16:00:00 -0700,2025-01-20 16:00:00 -0700,0.6
MyNetDiary,g,2025-01-20 16:00:00 -0700,2025-01-20 16:00:00 -0700,9.1
MyNetDiary,g,2025-01-25 09:00:00 -0700,2025-01-25 09:00:00 -0700,5.1
MyNetDiary,g,2025-01-25 13:00:00 -0700,2025-01-25 13:00:00 -0700,8
MyNetDiary,g,2025-02-16 09:00:00 -0700,2025-02-16 09:00:00 -0700,10.5
MyNetDiary,g,2025-02-16 09:00:00 -0700,2025-02-16 09:00:00 -0700,7.4
MyNetDiary,g,2025-02-16 09:00:00 -0700,2025-02-16 09:00:00 -0700,9.7
MyNetDiary,g,2025-02-16 09:00:00 -0700,2025-02-16 09:00:00 -0700,17.2
MyNetDiary,g,2025-02-16 13:00:00 -0700,2025-02-16 13:00:00 -0700,0
MyNetDiary,g,2025-02-16 13:00:00 -0700,2025-02-16 13:00:00 -0700,0.4
MyNetDiary,g,2025-02-16 13:00:00 -0700,2025-02-16 13:00:00 -0700,6.9
MyNetDiary,g,2025-02-16 13:00:00 -0700,2025-02-16 13:00:00 -0700,0
MyNetDiary,g,2025-02-16 13:00:00 -0700,2025-02-16 13:00:00 -0700,1
MyNetDiary,g,2025-02-16 13:00:00 -0700,2025-02-16 13:00:00 -0700,3.7
MyNetDiary,g,2025-02-16 13:00:00 -0700,2025-02-16 13:00:00 -0700,8
MyNetDiary,g,2025-02-16 13:00:00 -0700,2025-02-16 13:00:00 -0700,18
MyNetDiary,g,2025-02-16 16:00:00 -0700,2025-02-16 16:00:00 -0700,14
