source_name,unit,start_date,end_date,value
La Melodía,count,2025-06-11 19:33:23 -0700,2025-06-11 19:42:20 -0700,3
La Melodía,count,2025-06-11 19:56:16 -0700,2025-06-11 19:58:34 -0700,4
La Melodía,count,2025-06-11 20:30:42 -0700,2025-06-11 20:31:10 -0700,2
La Melodía,count,2025-06-13 17:43:39 -0700,2025-06-13 17:43:42 -0700,1
La Melodía,count,2025-06-19 20:59:27 -0700,2025-06-19 20:59:45 -0700,2
La Melodía,count,2025-06-20 19:14:24 -0700,2025-06-20 19:14:27 -0700,1
La Melodía,count,2025-05-12 18:51:58 -0700,2025-05-12 19:01:56 -0700,5
La Melodía,count,2025-05-12 19:03:23 -0700,2025-05-12 19:09:11 -0700,7
La Melodía,count,2025-05-12 19:13:55 -0700,2025-05-12 19:14:23 -0700,2
La Melodía,count,2025-05-12 19:28:29 -0700,2025-05-12 19:29:41 -0700,4
La Melodía,count,2025-05-13 20:43:36 -0700,2025-05-13 20:43:38 -0700,1
La Melodía,count,2025-05-14 21:13:36 -0700,2025-05-14 21:13:44 -0700,1
La Melodía,count,2025-05-15 21:58:41 -0700,2025-05-15 21:58:43 -0700,1
La Melodía,count,2025-05-19 21:55:44 -0700,2025-05-19 21:55:47 -0700,1
La Melodía,count,2025-05-20 14:09:06 -0700,2025-05-20 14:11:32 -0700,2
La Melodía,count,2025-05-21 22:24:57 -0700,2025-05-21 22:25:00 -0700,1
La Melodía,count,2025-05-22 20:39:12 -0700,2025-05-22 20:39:18 -0700,1
La Melodía,count,2025-05-23 18:24:35 -0700,2025-05-23 18:24:43 -0700,1
La Melodía,count,2025-05-24 17:04:39 -0700,2025-05-24 17:04:42 -0700,1
La Melodía,count,2025-05-28 19:02:10 -0700,2025-05-28 19:08:29 -0700,7
La Melodía,count,2025-05-28 19:14:11 -0700,2025-05-28 19:14:47 -0700,3
La Melodía,count,2025-05-29 22:05:00 -0700,2025-05-29 22:05:02 -0700,1
La Melodía,count,2025-05-31 13:14:53 -0700,2025-05-31 13:14:55 -0700,1
La Melodía,count,2025-05-31 21:47:27 -0700,2025-05-31 21:47:40 -0700,3
La Melodía,count,2025-06-05 10:34:50 -0700,2025-06-05 10:34:53 -0700,1
La Melodía,count,2025-06-05 22:21:28 -0700,2025-06-05 22:21:31 -0700,1
La Melodía,count,2025-06-06 17:06:53 -0700,2025-06-06 17:06:55 -0700,1
La Melodía,count,2025-06-09 19:45:42 -0700,2025-06-09 19:51:47 -0700,2
La Melodía,count,2025-06-09 20:16:20 -0700,2025-06-09 20:24:02 -0700,5
La Melodía,count,2025-06-09 20:29:19 -0700,2025-06-09 20:39:12 -0700,4
La Melodía,count,2025-06-09 20:55:37 -0700,2025-06-09 20:56:00 -0700,2
La Melodía,count,2025-06-10 22:00:23 -0700,2025-06-10 22:07:53 -0700,2
La Melodía,count,2024-11-13 19:28:34 -0700,2024-11-13 19:28:37 -0700,1
La Melodía,count,2024-11-15 20:21:26 -0700,2024-11-15 20:24:38 -0700,4
La Melodía,count,2024-11-18 22:09:12 -0700,2024-11-18 22:09:15 -0700,1
La Melodía,count,2024-11-21 23:08:49 -0700,2024-11-21 23:08:57 -0700,1
La Melodía,count,2024-11-22 18:09:51 -0700,2024-11-22 18:09:53 -0700,1
La Melodía,count,2024-11-23 19:28:13 -0700,2024-11-23 19:28:15 -0700,1
La Melodía,count,2024-11-24 20:03:03 -0700,2024-11-24 20:03:06 -0700,1
La Melodía,count,2024-11-25 22:38:42 -0700,2024-11-25 22:38:45 -0700,1
La Melodía,count,2024-11-27 22:16:14 -0700,2024-11-27 22:16:16 -0700,1
La Melodía,count,2024-11-27 23:41:42 -0700,2024-11-27 23:45:37 -0700,1
La Melodía,count,2024-11-27 23:58:14 -0700,2024-11-27 23:58:17 -0700,1
La Melodía,count,2024-11-28 10:32:01 -0700,2024-11-28 10:32:03 -0700,1
La Melodía,count,2024-11-30 16:28:34 -0700,2024-11-30 16:28:36 -0700,1
La Melodía,count,2024-12-01 19:54:37 -0700,2024-12-01 19:54:45 -0700,1
La Melodía,count,2024-12-02 22:52:13 -0700,2024-12-02 22:52:15 -0700,1
La Melodía,count,2024-12-03 18:37:06 -0700,2024-12-03 18:37:09 -0700,1
La Melodía,count,2024-12-03 19:40:30 -0700,2024-12-03 19:40:32 -0700,1
La Melodía,count,2024-12-04 12:02:59 -0700,2024-12-04 12:03:02 -0700,1
La Melodía,count,2024-12-04 12:15:21 -0700,2024-12-04 12:15:57 -0700,3
La Melodía,count,2024-12-05 13:38:21 -0700,2024-12-05 13:38:44 -0700,2
La Melodía,count,2024-12-06 21:49:14 -0700,2024-12-06 21:49:19 -0700,1
La Melodía,count,2024-12-07 18:02:36 -0700,2024-12-07 18:06:18 -0700,2
La Melodía,count,2024-12-09 23:08:31 -0700,2024-12-09 23:08:34 -0700,1
La Melodía,count,2024-12-10 22:39:28 -0700,2024-12-10 22:39:31 -0700,1
La Melodía,count,2024-12-11 19:43:38 -0700,2024-12-11 19:45:15 -0700,2
La Melodía,count,2024-12-12 23:07:10 -0700,2024-12-12 23:07:12 -0700,1
La Melodía,count,2024-12-13 17:12:20 -0700,2024-12-13 17:16:48 -0700,2
La Melodía,count,2024-12-13 17:39:18 -0700,2024-12-13 17:47:21 -0700,7
La Melodía,count,2024-12-13 18:06:28 -0700,2024-12-13 18:07:35 -0700,4
La Melodía,count,2024-12-13 23:47:48 -0700,2024-12-13 23:47:55 -0700,1
La Melodía,count,2024-12-14 18:15:36 -0700,2024-12-14 18:15:38 -0700,1
La Melodía,count,2024-12-14 23:20:38 -0700,2024-12-14 23:20:41 -0700,1
La Melodía,count,2024-12-15 01:23:01 -0700,2024-12-15 01:23:03 -0700,1
La Melodía,count,2024-12-15 17:06:14 -0700,2024-12-15 17:06:16 -0700,1
La Melodía,count,2024-12-16 12:02:10 -0700,2024-12-16 12:02:54 -0700,3
La Melodía,count,2024-12-16 12:42:47 -0700,2024-12-16 12:43:04 -0700,2
La Melodía,count,2024-12-18 23:03:02 -0700,2024-12-18 23:03:04 -0700,1
La Melodía,count,2024-12-21 16:16:01 -0700,2024-12-21 16:16:04 -0700,1
La Melodía,count,2024-12-21 17:40:13 -0700,2024-12-21 17:40:15 -0700,1
La Melodía,count,2024-12-22 19:29:50 -0700,2024-12-22 19:29:58 -0700,1
La Melodía,count,2024-12-22 21:27:41 -0700,2024-12-22 21:27:44 -0700,1
La Melodía,count,2024-12-23 22:44:57 -0700,2024-12-23 22:48:42 -0700,2
La Melodía,count,2024-12-24 15:24:48 -0700,2024-12-24 15:24:51 -0700,1
La Melodía,count,2024-12-24 16:22:14 -0700,2024-12-24 16:22:16 -0700,1
La Melodía,count,2024-12-24 18:11:57 -0700,2024-12-24 18:17:06 -0700,2
La Melodía,count,2024-12-26 20:29:32 -0700,2024-12-26 20:29:35 -0700,1
La Melodía,count,2024-12-27 22:09:23 -0700,2024-12-27 22:09:25 -0700,1
La Melodía,count,2024-12-28 17:40:45 -0700,2024-12-28 17:40:56 -0700,2
La Melodía,count,2024-12-28 17:57:15 -0700,2024-12-28 18:03:05 -0700,3
La Melodía,count,2024-12-30 20:33:02 -0700,2024-12-30 20:33:04 -0700,1
La Melodía,count,2025-01-02 12:39:27 -0700,2025-01-02 12:39:37 -0700,2
La Melodía,count,2025-01-02 22:56:22 -0700,2025-01-02 22:56:25 -0700,1
La Melodía,count,2025-01-03 22:45:00 -0700,2025-01-03 22:45:03 -0700,1
La Melodía,count,2025-01-05 18:58:20 -0700,2025-01-05 18:58:22 -0700,1
La Melodía,count,2025-01-06 19:55:03 -0700,2025-01-06 19:55:06 -0700,1
La Melodía,count,2025-01-08 23:18:45 -0700,2025-01-08 23:18:48 -0700,1
La Melodía,count,2025-01-11 20:30:22 -0700,2025-01-11 20:30:30 -0700,1
La Melodía,count,2025-01-12 19:41:09 -0700,2025-01-12 19:41:12 -0700,1
La Melodía,count,2025-01-14 21:46:21 -0700,2025-01-14 21:46:24 -0700,1
La Melodía,count,2025-01-15 21:24:25 -0700,2025-01-15 21:24:28 -0700,1
La Melodía,count,2025-01-16 18:51:36 -0700,2025-01-16 18:51:39 -0700,1
La Melodía,count,2025-01-17 19:47:01 -0700,2025-01-17 19:47:09 -0700,1
La Melodía,count,2025-01-19 17:25:51 -0700,2025-01-19 17:25:53 -0700,1
La Melodía,count,2025-01-22 11:00:45 -0700,2025-01-22 11:00:47 -0700,1
La Melodía,count,2025-01-24 21:20:41 -0700,2025-01-24 21:20:44 -0700,1
La Melodía,count,2025-01-24 21:48:39 -0700,2025-01-24 21:48:41 -0700,1
La Melodía,count,2025-01-26 21:04:27 -0700,2025-01-26 21:04:35 -0700,1
La Melodía,count,2025-01-26 21:17:01 -0700,2025-01-26 21:17:09 -0700,1
La Melodía,count,2025-01-27 18:28:25 -0700,2025-01-27 18:33:49 -0700,2
La Melodía,count,2025-01-27 18:42:56 -0700,2025-01-27 18:42:59 -0700,1
La Melodía,count,2025-01-27 19:05:28 -0700,2025-01-27 19:06:29 -0700,4
La Melodía,count,2025-01-28 23:26:44 -0700,2025-01-28 23:26:47 -0700,1
La Melodía,count,2025-01-30 19:30:09 -0700,2025-01-30 19:30:11 -0700,1
La Melodía,count,2025-01-31 22:08:53 -0700,2025-01-31 22:08:56 -0700,1
La Melodía,count,2025-02-04 18:24:07 -0700,2025-02-04 18:24:10 -0700,1
La Melodía,count,2025-02-05 22:22:18 -0700,2025-02-05 22:22:26 -0700,1
La Melodía,count,2025-02-05 23:16:49 -0700,2025-02-05 23:16:52 -0700,1
La Melodía,count,2025-02-06 11:13:41 -0700,2025-02-06 11:13:43 -0700,1
La Melodía,count,2025-02-07 22:03:16 -0700,2025-02-07 22:03:19 -0700,1
La Melodía,count,2025-02-08 22:46:20 -0700,2025-02-08 22:46:22 -0700,1
La Melodía,count,2025-02-09 15:59:11 -0700,2025-02-09 16:08:25 -0700,3
La Melodía,count,2025-02-09 16:17:38 -0700,2025-02-09 16:27:20 -0700,2
La Melodía,count,2025-02-09 16:40:56 -0700,2025-02-09 16:42:18 -0700,4
La Melodía,count,2025-02-10 23:04:42 -0700,2025-02-10 23:04:45 -0700,1
La Melodía,count,2025-02-13 22:50:30 -0700,2025-02-13 22:50:33 -0700,1
La Melodía,count,2025-02-15 01:33:32 -0700,2025-02-15 01:33:34 -0700,1
La Melodía,count,2025-02-15 19:05:10 -0700,2025-02-15 19:05:12 -0700,1
La Melodía,count,2025-02-16 19:46:03 -0700,2025-02-16 19:46:06 -0700,1
La Melodía,count,2025-02-17 15:27:05 -0700,2025-02-17 15:27:07 -0700,1
La Melodía,count,2025-02-18 14:11:43 -0700,2025-02-18 14:11:46 -0700,1
La Melodía,count,2025-02-18 22:53:16 -0700,2025-02-18 22:53:19 -0700,1
La Melodía,count,2025-02-20 16:16:04 -0700,2025-02-20 16:16:06 -0700,1
La Melodía,count,2025-02-20 23:12:09 -0700,2025-02-20 23:12:12 -0700,1
La Melodía,count,2025-02-21 18:44:04 -0700,2025-02-21 18:49:49 -0700,2
La Melodía,count,2025-02-21 19:14:06 -0700,2025-02-21 19:17:49 -0700,4
La Melodía,count,2025-02-21 19:39:50 -0700,2025-02-21 19:39:53 -0700,1
La Melodía,count,2025-02-22 20:29:13 -0700,2025-02-22 20:29:15 -0700,1
La Melodía,count,2025-02-24 19:36:33 -0700,2025-02-24 19:36:36 -0700,1
La Melodía,count,2025-02-25 22:20:49 -0700,2025-02-25 22:20:52 -0700,1
La Melodía,count,2025-02-28 20:05:54 -0700,2025-02-28 20:05:56 -0700,1
La Melodía,count,2025-02-26 20:56:14 -0700,2025-02-26 20:56:17 -0700,1
La Melodía,count,2025-03-01 02:49:34 -0700,2025-03-01 02:49:37 -0700,1
La Melodía,count,2025-03-02 17:25:18 -0700,2025-03-02 17:25:21 -0700,1
La Melodía,count,2025-03-03 23:01:25 -0700,2025-03-03 23:01:28 -0700,1
La Melodía,count,2025-03-05 23:05:12 -0700,2025-03-05 23:05:14 -0700,1
La Melodía,count,2025-03-06 19:13:40 -0700,2025-03-06 19:13:42 -0700,1
La Melodía,count,2025-03-08 00:58:07 -0700,2025-03-08 00:59:08 -0700,4
La Melodía,count,2025-03-08 20:16:16 -0700,2025-03-08 20:16:19 -0700,1
La Melodía,count,2025-03-09 18:24:58 -0700,2025-03-09 18:32:38 -0700,2
La Melodía,count,2025-03-09 18:59:23 -0700,2025-03-09 19:05:08 -0700,6
La Melodía,count,2025-03-09 19:19:27 -0700,2025-03-09 19:20:23 -0700,3
La Melodía,count,2025-03-12 13:07:35 -0700,2025-03-12 13:07:38 -0700,1
La Melodía,count,2025-03-15 18:28:33 -0700,2025-03-15 18:28:45 -0700,2
La Melodía,count,2025-03-19 21:39:37 -0700,2025-03-19 21:39:40 -0700,1
La Melodía,count,2025-03-25 12:48:03 -0700,2025-03-25 12:48:06 -0700,1
La Melodía,count,2025-03-25 14:22:23 -0700,2025-03-25 14:22:25 -0700,1
La Melodía,count,2025-03-25 15:06:25 -0700,2025-03-25 15:06:27 -0700,1
La Melodía,count,2025-03-25 21:41:52 -0700,2025-03-25 21:41:54 -0700,1
La Melodía,count,2025-04-01 12:53:34 -0700,2025-04-01 12:53:36 -0700,1
La Melodía,count,2025-04-02 16:41:26 -0700,2025-04-02 16:41:28 -0700,1
La Melodía,count,2025-04-05 09:40:47 -0700,2025-04-05 09:40:49 -0700,1
La Melodía,count,2025-04-08 18:20:30 -0700,2025-04-08 18:21:26 -0700,4
La Melodía,count,2025-04-08 19:13:13 -0700,2025-04-08 19:13:15 -0700,1
La Melodía,count,2025-04-10 21:57:14 -0700,2025-04-10 21:57:17 -0700,1
La Melodía,count,2025-04-15 20:41:10 -0700,2025-04-15 20:41:12 -0700,1
La Melodía,count,2025-04-16 12:49:51 -0700,2025-04-16 12:50:12 -0700,2
La Melodía,count,2025-04-16 13:26:12 -0700,2025-04-16 13:27:09 -0700,1
La Melodía,count,2025-04-16 16:21:29 -0700,2025-04-16 16:22:03 -0700,3
La Melodía,count,2025-04-18 14:30:03 -0700,2025-04-18 14:30:06 -0700,1
La Melodía,count,2025-04-19 07:54:50 -0700,2025-04-19 07:55:20 -0700,3
La Melodía,count,2025-04-19 09:56:28 -0700,2025-04-19 09:57:01 -0700,3
La Melodía,count,2025-04-22 22:20:21 -0700,2025-04-22 22:20:24 -0700,1
La Melodía,count,2025-04-23 22:25:28 -0700,2025-04-23 22:25:31 -0700,1
La Melodía,count,2025-04-25 20:57:12 -0700,2025-04-25 21:02:04 -0700,2
La Melodía,count,2025-04-28 12:22:05 -0700,2025-04-28 12:22:08 -0700,1
La Melodía,count,2025-04-28 22:57:59 -0700,2025-04-28 22:58:02 -0700,1
La Melodía,count,2025-04-30 22:10:21 -0700,2025-04-30 22:10:29 -0700,1
La Melodía,count,2025-05-02 21:19:00 -0700,2025-05-02 21:19:08 -0700,1
La Melodía,count,2025-05-03 19:13:41 -0700,2025-05-03 19:13:44 -0700,1
La Melodía,count,2025-05-06 22:06:01 -0700,2025-05-06 22:06:03 -0700,1
La Melodía,count,2025-05-09 17:17:00 -0700,2025-05-09 17:17:03 -0700,1
La Melodía,count,2024-05-18 18:58:51 -0700,2024-05-18 18:58:54 -0700,1
La Melodía,count,2024-05-19 19:29:18 -0700,2024-05-19 19:29:25 -0700,1
La Melodía,count,2024-05-22 12:11:21 -0700,2024-05-22 12:11:39 -0700,2
La Melodía,count,2024-05-22 12:45:57 -0700,2024-05-22 12:46:00 -0700,1
La Melodía,count,2024-05-23 16:28:10 -0700,2024-05-23 16:28:12 -0700,1
La Melodía,count,2024-05-24 20:34:02 -0700,2024-05-24 20:34:04 -0700,1
La Melodía,count,2024-05-27 13:54:33 -0700,2024-05-27 14:03:35 -0700,7
La Melodía,count,2024-05-27 14:05:17 -0700,2024-05-27 14:14:37 -0700,13
La Melodía,count,2024-05-27 14:24:40 -0700,2024-05-27 14:32:18 -0700,3
La Melodía,count,2024-05-27 14:35:14 -0700,2024-05-27 14:41:53 -0700,5
La Melodía,count,2024-05-27 14:51:18 -0700,2024-05-27 14:51:33 -0700,2
La Melodía,count,2024-05-31 21:00:49 -0700,2024-05-31 21:00:51 -0700,1
La Melodía,count,2024-06-02 19:13:22 -0700,2024-06-02 19:13:24 -0700,1
La Melodía,count,2024-06-03 21:58:26 -0700,2024-06-03 21:58:28 -0700,1
La Melodía,count,2024-06-04 13:23:19 -0700,2024-06-04 13:23:45 -0700,2
La Melodía,count,2024-06-04 22:22:53 -0700,2024-06-04 22:22:55 -0700,1
La Melodía,count,2024-06-07 21:20:17 -0700,2024-06-07 21:20:20 -0700,1
La Melodía,count,2024-06-10 22:15:27 -0700,2024-06-10 22:15:30 -0700,1
La Melodía,count,2024-06-17 10:44:51 -0700,2024-06-17 10:46:31 -0700,1
La Melodía,count,2024-06-19 21:11:41 -0700,2024-06-19 21:11:44 -0700,1
La Melodía,count,2024-06-24 22:12:59 -0700,2024-06-24 22:13:02 -0700,1
La Melodía,count,2024-06-26 12:21:47 -0700,2024-06-26 12:21:50 -0700,1
La Melodía,count,2024-06-27 20:07:01 -0700,2024-06-27 20:07:04 -0700,1
La Melodía,count,2024-06-30 19:09:13 -0700,2024-06-30 19:09:16 -0700,1
La Melodía,count,2024-07-10 22:24:20 -0700,2024-07-10 22:24:23 -0700,1
La Melodía,count,2024-07-11 20:06:34 -0700,2024-07-11 20:06:36 -0700,1
La Melodía,count,2024-07-13 19:16:38 -0700,2024-07-13 19:16:40 -0700,1
La Melodía,count,2024-07-18 19:42:28 -0700,2024-07-18 19:42:31 -0700,1
La Melodía,count,2024-07-20 17:12:52 -0700,2024-07-20 17:20:47 -0700,7
La Melodía,count,2024-07-20 17:24:53 -0700,2024-07-20 17:24:55 -0700,1
La Melodía,count,2024-07-20 17:40:46 -0700,2024-07-20 17:42:10 -0700,2
La Melodía,count,2024-07-22 17:09:18 -0700,2024-07-22 17:09:20 -0700,1
La Melodía,count,2024-07-24 21:33:51 -0700,2024-07-24 21:33:53 -0700,1
La Melodía,count,2024-07-25 17:44:54 -0700,2024-07-25 17:44:56 -0700,1
La Melodía,count,2024-07-25 22:08:17 -0700,2024-07-25 22:08:19 -0700,1
La Melodía,count,2024-07-26 19:34:25 -0700,2024-07-26 19:34:27 -0700,1
La Melodía,count,2024-07-28 17:42:19 -0700,2024-07-28 17:48:21 -0700,3
La Melodía,count,2024-07-28 17:54:40 -0700,2024-07-28 17:54:42 -0700,1
La Melodía,count,2024-07-28 18:32:31 -0700,2024-07-28 18:37:58 -0700,8
La Melodía,count,2024-08-02 21:05:59 -0700,2024-08-02 21:06:02 -0700,1
La Melodía,count,2024-08-03 17:47:43 -0700,2024-08-03 17:57:29 -0700,5
La Melodía,count,2024-08-03 17:59:34 -0700,2024-08-03 18:04:38 -0700,6
La Melodía,count,2024-08-03 18:15:00 -0700,2024-08-03 18:15:02 -0700,1
La Melodía,count,2024-08-03 22:28:40 -0700,2024-08-03 22:28:43 -0700,4
La Melodía,count,2024-08-06 19:17:14 -0700,2024-08-06 19:22:11 -0700,5
La Melodía,count,2024-08-06 19:27:20 -0700,2024-08-06 19:33:49 -0700,5
La Melodía,count,2024-08-06 19:55:45 -0700,2024-08-06 19:56:13 -0700,2
La Melodía,count,2024-08-06 20:18:33 -0700,2024-08-06 20:19:29 -0700,3
La Melodía,count,2024-08-07 22:27:25 -0700,2024-08-07 22:27:28 -0700,1
La Melodía,count,2024-08-10 18:25:38 -0700,2024-08-10 18:25:40 -0700,1
La Melodía,count,2024-08-10 18:44:12 -0700,2024-08-10 18:51:50 -0700,5
La Melodía,count,2024-08-10 18:57:32 -0700,2024-08-10 19:05:15 -0700,4
La Melodía,count,2024-08-12 12:40:26 -0700,2024-08-12 12:40:29 -0700,1
La Melodía,count,2024-08-12 12:52:50 -0700,2024-08-12 12:53:06 -0700,2
La Melodía,count,2024-08-17 14:25:11 -0700,2024-08-17 14:25:14 -0700,1
La Melodía,count,2024-08-22 22:10:44 -0700,2024-08-22 22:10:46 -0700,1
La Melodía,count,2024-08-23 19:09:59 -0700,2024-08-23 19:10:02 -0700,1
La Melodía,count,2024-08-24 19:19:27 -0700,2024-08-24 19:19:29 -0700,1
La Melodía,count,2024-08-26 21:39:56 -0700,2024-08-26 21:39:59 -0700,1
La Melodía,count,2024-08-28 17:58:36 -0700,2024-08-28 17:58:38 -0700,1
La Melodía,count,2024-08-29 18:24:57 -0700,2024-08-29 18:24:59 -0700,1
La Melodía,count,2024-08-30 19:56:22 -0700,2024-08-30 19:56:24 -0700,1
La Melodía,count,2024-09-02 13:08:31 -0700,2024-09-02 13:08:33 -0700,1
La Melodía,count,2024-09-02 17:41:41 -0700,2024-09-02 17:41:43 -0700,1
La Melodía,count,2024-09-04 18:02:54 -0700,2024-09-04 18:05:43 -0700,8
La Melodía,count,2024-09-04 18:14:02 -0700,2024-09-04 18:22:00 -0700,10
La Melodía,count,2024-09-04 18:27:55 -0700,2024-09-04 18:31:25 -0700,3
La Melodía,count,2024-09-03 19:15:22 -0700,2024-09-03 19:15:27 -0700,1
La Melodía,count,2024-09-05 20:01:21 -0700,2024-09-05 20:01:28 -0700,1
La Melodía,count,2024-09-06 08:40:26 -0700,2024-09-06 08:40:29 -0700,1
La Melodía,count,2024-09-08 18:29:26 -0700,2024-09-08 18:29:29 -0700,1
La Melodía,count,2024-09-09 17:52:59 -0700,2024-09-09 17:53:01 -0700,1
La Melodía,count,2024-09-09 18:53:50 -0700,2024-09-09 19:00:46 -0700,2
La Melodía,count,2024-09-10 11:25:08 -0700,2024-09-10 11:25:23 -0700,2
La Melodía,count,2024-09-10 19:02:13 -0700,2024-09-10 19:02:21 -0700,1
La Melodía,count,2024-09-11 19:40:10 -0700,2024-09-11 19:40:13 -0700,1
La Melodía,count,2024-09-12 10:42:17 -0700,2024-09-12 10:42:19 -0700,1
La Melodía,count,2024-09-12 18:40:50 -0700,2024-09-12 18:40:53 -0700,1
La Melodía,count,2024-09-14 10:45:32 -0700,2024-09-14 10:46:13 -0700,3
La Melodía,count,2024-09-14 19:21:11 -0700,2024-09-14 19:21:13 -0700,1
La Melodía,count,2024-09-15 14:20:21 -0700,2024-09-15 14:20:29 -0700,1
La Melodía,count,2024-09-18 18:48:31 -0700,2024-09-18 18:48:33 -0700,1
La Melodía,count,2024-09-22 18:51:53 -0700,2024-09-22 18:52:44 -0700,3
La Melodía,count,2024-09-24 17:59:25 -0700,2024-09-24 17:59:28 -0700,1
La Melodía,count,2024-09-25 12:00:25 -0700,2024-09-25 12:00:27 -0700,1
La Melodía,count,2024-09-25 18:59:23 -0700,2024-09-25 19:03:21 -0700,5
La Melodía,count,2024-09-25 19:19:22 -0700,2024-09-25 19:19:50 -0700,2
La Melodía,count,2024-09-26 21:58:30 -0700,2024-09-26 21:58:32 -0700,1
La Melodía,count,2024-09-28 18:53:54 -0700,2024-09-28 18:59:52 -0700,2
La Melodía,count,2024-09-28 19:06:07 -0700,2024-09-28 19:06:36 -0700,2
La Melodía,count,2024-09-29 18:14:53 -0700,2024-09-29 18:14:56 -0700,1
La Melodía,count,2024-09-29 18:25:22 -0700,2024-09-29 18:25:53 -0700,3
La Melodía,count,2024-09-30 21:51:29 -0700,2024-09-30 21:51:32 -0700,1
La Melodía,count,2024-10-01 18:59:24 -0700,2024-10-01 19:00:31 -0700,4
La Melodía,count,2024-10-02 19:16:05 -0700,2024-10-02 19:16:23 -0700,2
La Melodía,count,2024-10-04 16:24:21 -0700,2024-10-04 16:24:24 -0700,1
La Melodía,count,2024-10-05 15:59:50 -0700,2024-10-05 15:59:53 -0700,1
La Melodía,count,2024-10-06 01:37:14 -0700,2024-10-06 02:16:01 -0700,1
La Melodía,count,2024-10-07 18:04:06 -0700,2024-10-07 18:07:46 -0700,4
La Melodía,count,2024-10-07 20:58:40 -0700,2024-10-07 20:58:42 -0700,1
La Melodía,count,2024-10-08 17:20:49 -0700,2024-10-08 17:20:52 -0700,1
La Melodía,count,2024-10-08 18:48:53 -0700,2024-10-08 18:48:59 -0700,1
La Melodía,count,2024-10-10 18:25:37 -0700,2024-10-10 18:25:40 -0700,1
La Melodía,count,2024-10-10 18:40:22 -0700,2024-10-10 18:41:08 -0700,3
La Melodía,count,2024-10-14 21:57:56 -0700,2024-10-14 21:57:59 -0700,1
La Melodía,count,2024-10-15 17:36:42 -0700,2024-10-15 17:36:45 -0700,1
La Melodía,count,2024-10-17 17:45:00 -0700,2024-10-17 17:51:03 -0700,2
La Melodía,count,2024-10-17 18:03:45 -0700,2024-10-17 18:04:31 -0700,3
La Melodía,count,2024-10-18 14:39:20 -0700,2024-10-18 14:39:22 -0700,1
La Melodía,count,2024-10-20 15:05:36 -0700,2024-10-20 15:05:41 -0700,1
La Melodía,count,2024-10-21 19:14:39 -0700,2024-10-21 19:14:42 -0700,1
La Melodía,count,2024-10-22 19:20:52 -0700,2024-10-22 19:27:11 -0700,2
La Melodía,count,2024-10-22 20:59:42 -0700,2024-10-22 20:59:45 -0700,1
La Melodía,count,2024-10-24 21:03:39 -0700,2024-10-24 21:03:41 -0700,1
La Melodía,count,2024-10-25 20:49:05 -0700,2024-10-25 20:49:07 -0700,1
La Melodía,count,2024-10-26 17:24:14 -0700,2024-10-26 17:29:54 -0700,2
La Melodía,count,2024-10-26 18:03:47 -0700,2024-10-26 18:04:30 -0700,3
La Melodía,count,2024-10-29 18:15:21 -0700,2024-10-29 18:15:24 -0700,1
La Melodía,count,2024-10-31 18:28:20 -0700,2024-10-31 18:37:24 -0700,2
La Melodía,count,2024-11-01 20:15:11 -0700,2024-11-01 20:15:14 -0700,1
La Melodía,count,2024-11-03 17:49:09 -0700,2024-11-03 17:49:11 -0700,1
La Melodía,count,2024-11-04 09:39:57 -0700,2024-11-04 09:49:55 -0700,19
La Melodía,count,2024-11-04 09:50:41 -0700,2024-11-04 10:00:32 -0700,8
La Melodía,count,2024-11-04 10:00:57 -0700,2024-11-04 10:09:29 -0700,9
La Melodía,count,2024-11-04 10:13:06 -0700,2024-11-04 10:16:05 -0700,6
La Melodía,count,2024-11-04 10:27:30 -0700,2024-11-04 10:27:53 -0700,2
La Melodía,count,2024-11-04 10:50:31 -0700,2024-11-04 10:54:03 -0700,2
La Melodía,count,2024-11-04 11:04:42 -0700,2024-11-04 11:04:45 -0700,1
La Melodía,count,2024-11-06 23:20:47 -0700,2024-11-06 23:20:49 -0700,1
La Melodía,count,2024-11-10 12:07:59 -0700,2024-11-10 12:08:02 -0700,1
La Melodía,count,2024-11-12 20:30:19 -0700,2024-11-12 20:34:14 -0700,2
La Melodía,count,2023-11-21 19:14:41 -0700,2023-11-21 19:14:48 -0700,2
La Melodía,count,2023-11-22 15:44:39 -0700,2023-11-22 15:44:41 -0700,1
La Melodía,count,2023-11-22 21:12:35 -0700,2023-11-22 21:12:37 -0700,1
Watch,count,2023-11-22 21:12:38 -0700,2023-11-22 21:12:40 -0700,1
La Melodía,count,2023-11-22 23:20:47 -0700,2023-11-22 23:21:15 -0700,2
La Melodía,count,2023-11-23 21:06:03 -0700,2023-11-23 21:06:05 -0700,1
La Melodía,count,2023-11-23 21:20:39 -0700,2023-11-23 21:20:42 -0700,1
La Melodía,count,2023-11-25 13:57:56 -0700,2023-11-25 13:58:03 -0700,1
Watch,count,2023-11-24 17:23:46 -0700,2023-11-24 17:23:48 -0700,1
Watch,count,2023-11-25 13:58:05 -0700,2023-11-25 13:58:08 -0700,1
La Melodía,count,2023-11-24 17:23:44 -0700,2023-11-24 17:23:47 -0700,1
Watch,count,2023-11-27 19:02:15 -0700,2023-11-27 19:02:18 -0700,1
La Melodía,count,2023-11-27 19:02:12 -0700,2023-11-27 19:02:15 -0700,1
Watch,count,2023-11-28 14:44:57 -0700,2023-11-28 14:50:55 -0700,6
Watch,count,2023-11-28 14:57:14 -0700,2023-11-28 14:57:17 -0700,1
La Melodía,count,2023-11-28 14:45:14 -0700,2023-11-28 14:48:06 -0700,3
La Melodía,count,2023-11-28 14:57:10 -0700,2023-11-28 14:57:13 -0700,1
Watch,count,2023-11-28 16:12:51 -0700,2023-11-28 16:13:24 -0700,2
Watch,count,2023-11-28 16:51:43 -0700,2023-11-28 16:53:10 -0700,2
Watch,count,2023-11-28 19:42:08 -0700,2023-11-28 19:49:32 -0700,2
La Melodía,count,2023-11-28 16:12:50 -0700,2023-11-28 16:12:52 -0700,1
La Melodía,count,2023-11-28 16:51:38 -0700,2023-11-28 16:53:07 -0700,2
La Melodía,count,2023-11-28 19:42:03 -0700,2023-11-28 19:49:30 -0700,2
La Melodía,count,2023-11-28 20:03:13 -0700,2023-11-28 20:03:16 -0700,1
La Melodía,count,2023-11-29 18:02:59 -0700,2023-11-29 18:03:01 -0700,1
La Melodía,count,2023-11-29 19:47:31 -0700,2023-11-29 19:47:34 -0700,1
La Melodía,count,2023-11-30 14:38:59 -0700,2023-11-30 14:39:27 -0700,2
La Melodía,count,2023-11-30 16:08:36 -0700,2023-11-30 16:08:39 -0700,1
Watch,count,2023-11-29 21:30:34 -0700,2023-11-29 21:30:37 -0700,1
La Melodía,count,2023-11-30 18:15:02 -0700,2023-11-30 18:20:47 -0700,3
La Melodía,count,2023-11-30 20:05:29 -0700,2023-11-30 20:05:32 -0700,1
La Melodía,count,2023-11-30 22:39:59 -0700,2023-11-30 22:40:01 -0700,1
La Melodía,count,2023-12-01 18:25:20 -0700,2023-12-01 18:25:23 -0700,1
La Melodía,count,2023-12-01 20:53:55 -0700,2023-12-01 20:53:57 -0700,1
La Melodía,count,2023-12-02 14:39:23 -0700,2023-12-02 14:39:26 -0700,1
Watch,count,2023-12-05 14:24:40 -0700,2023-12-05 14:24:42 -0700,1
Watch,count,2023-12-05 14:38:23 -0700,2023-12-05 14:38:26 -0700,1
La Melodía,count,2023-12-05 14:24:38 -0700,2023-12-05 14:24:40 -0700,1
La Melodía,count,2023-12-05 14:34:54 -0700,2023-12-05 14:38:24 -0700,2
La Melodía,count,2023-12-05 16:29:52 -0700,2023-12-05 16:29:55 -0700,1
La Melodía,count,2023-12-05 18:14:22 -0700,2023-12-05 18:14:45 -0700,2
La Melodía,count,2023-12-05 19:39:32 -0700,2023-12-05 19:47:32 -0700,2
Watch,count,2023-12-05 18:14:25 -0700,2023-12-05 18:14:45 -0700,2
Watch,count,2023-12-05 19:39:33 -0700,2023-12-05 19:39:36 -0700,1
Watch,count,2023-12-07 11:26:45 -0700,2023-12-07 11:26:47 -0700,1
La Melodía,count,2023-12-07 11:26:43 -0700,2023-12-07 11:26:46 -0700,1
Watch,count,2023-12-07 14:30:43 -0700,2023-12-07 14:30:46 -0700,1
Watch,count,2023-12-07 16:12:47 -0700,2023-12-07 16:12:50 -0700,1
La Melodía,count,2023-12-07 14:30:40 -0700,2023-12-07 14:30:43 -0700,1
La Melodía,count,2023-12-07 16:12:24 -0700,2023-12-07 16:12:47 -0700,2
La Melodía,count,2023-12-07 17:18:16 -0700,2023-12-07 17:18:18 -0700,1
La Melodía,count,2023-12-07 20:20:42 -0700,2023-12-07 20:20:45 -0700,1
La Melodía,count,2023-12-07 20:59:47 -0700,2023-12-07 20:59:49 -0700,1
La Melodía,count,2023-12-08 18:22:04 -0700,2023-12-08 18:22:17 -0700,2
La Melodía,count,2023-12-09 12:06:42 -0700,2023-12-09 12:06:44 -0700,1
La Melodía,count,2023-12-11 23:39:27 -0700,2023-12-11 23:39:29 -0700,1
La Melodía,count,2023-12-12 23:34:00 -0700,2023-12-12 23:34:03 -0700,1
La Melodía,count,2023-12-15 10:36:27 -0700,2023-12-15 10:36:58 -0700,3
La Melodía,count,2023-12-18 22:20:47 -0700,2023-12-18 22:20:50 -0700,1
La Melodía,count,2023-12-26 21:34:53 -0700,2023-12-26 21:34:55 -0700,1
La Melodía,count,2023-12-31 19:12:19 -0700,2023-12-31 19:12:24 -0700,1
La Melodía,count,2023-12-31 20:05:52 -0700,2023-12-31 20:05:54 -0700,1
La Melodía,count,2024-01-03 21:55:36 -0700,2024-01-03 21:55:39 -0700,1
La Melodía,count,2024-01-04 20:16:19 -0700,2024-01-04 20:16:22 -0700,1
Watch,count,2023-12-07 17:18:17 -0700,2023-12-07 17:18:20 -0700,1
La Melodía,count,2024-01-08 15:01:02 -0700,2024-01-08 15:01:04 -0700,1
La Melodía,count,2024-01-08 23:02:08 -0700,2024-01-08 23:02:10 -0700,1
La Melodía,count,2024-01-09 10:46:42 -0700,2024-01-09 10:46:45 -0700,1
La Melodía,count,2024-01-09 13:09:51 -0700,2024-01-09 13:11:51 -0700,2
La Melodía,count,2024-01-09 14:11:55 -0700,2024-01-09 14:14:14 -0700,3
La Melodía,count,2024-01-09 23:10:27 -0700,2024-01-09 23:10:30 -0700,1
La Melodía,count,2024-01-10 11:28:09 -0700,2024-01-10 11:29:28 -0700,1
La Melodía,count,2024-01-11 10:33:51 -0700,2024-01-11 10:34:08 -0700,2
La Melodía,count,2024-01-11 12:28:16 -0700,2024-01-11 12:30:18 -0700,2
La Melodía,count,2024-01-11 12:45:21 -0700,2024-01-11 12:45:23 -0700,1
La Melodía,count,2024-01-11 12:59:14 -0700,2024-01-11 12:59:50 -0700,2
La Melodía,count,2024-01-11 14:18:52 -0700,2024-01-11 14:19:20 -0700,2
La Melodía,count,2024-01-11 23:05:35 -0700,2024-01-11 23:05:38 -0700,1
La Melodía,count,2024-01-12 22:02:54 -0700,2024-01-12 22:02:56 -0700,1
La Melodía,count,2024-01-14 12:50:16 -0700,2024-01-14 12:50:18 -0700,1
La Melodía,count,2024-01-16 10:13:03 -0700,2024-01-16 10:13:05 -0700,1
La Melodía,count,2024-01-16 14:23:43 -0700,2024-01-16 14:26:52 -0700,4
La Melodía,count,2024-01-16 16:18:52 -0700,2024-01-16 16:18:54 -0700,1
La Melodía,count,2024-01-16 19:59:51 -0700,2024-01-16 19:59:54 -0700,1
La Melodía,count,2024-01-17 12:22:37 -0700,2024-01-17 12:25:10 -0700,1
La Melodía,count,2024-01-18 10:08:24 -0700,2024-01-18 10:08:27 -0700,1
La Melodía,count,2024-01-18 14:18:31 -0700,2024-01-18 14:18:49 -0700,2
La Melodía,count,2024-01-18 15:59:38 -0700,2024-01-18 15:59:41 -0700,1
La Melodía,count,2024-01-18 17:10:09 -0700,2024-01-18 17:10:11 -0700,1
La Melodía,count,2024-01-19 17:59:16 -0700,2024-01-19 17:59:28 -0700,2
La Melodía,count,2024-01-22 17:54:22 -0700,2024-01-22 18:02:18 -0700,5
La Melodía,count,2024-01-22 18:05:19 -0700,2024-01-22 18:13:02 -0700,12
La Melodía,count,2024-01-22 23:33:34 -0700,2024-01-22 23:33:50 -0700,2
La Melodía,count,2024-01-23 08:18:20 -0700,2024-01-23 08:18:36 -0700,2
La Melodía,count,2024-01-23 10:04:57 -0700,2024-01-23 10:04:59 -0700,1
La Melodía,count,2024-01-23 14:06:19 -0700,2024-01-23 14:06:42 -0700,2
La Melodía,count,2024-01-25 10:18:49 -0700,2024-01-25 10:19:12 -0700,2
La Melodía,count,2024-01-25 10:28:58 -0700,2024-01-25 10:30:37 -0700,4
La Melodía,count,2024-01-25 14:19:17 -0700,2024-01-25 14:19:38 -0700,2
La Melodía,count,2024-01-25 16:17:33 -0700,2024-01-25 16:17:35 -0700,1
La Melodía,count,2024-01-25 17:10:02 -0700,2024-01-25 17:10:05 -0700,1
La Melodía,count,2024-01-25 18:06:12 -0700,2024-01-25 18:06:24 -0700,2
La Melodía,count,2024-01-26 14:21:56 -0700,2024-01-26 14:29:59 -0700,2
La Melodía,count,2024-01-26 14:47:30 -0700,2024-01-26 14:47:32 -0700,1
La Melodía,count,2024-01-26 15:02:40 -0700,2024-01-26 15:08:02 -0700,2
La Melodía,count,2024-01-26 22:24:16 -0700,2024-01-26 22:24:18 -0700,1
La Melodía,count,2024-01-27 23:02:06 -0700,2024-01-27 23:02:09 -0700,1
La Melodía,count,2024-01-28 00:23:27 -0700,2024-01-28 00:29:35 -0700,2
La Melodía,count,2024-01-28 20:49:43 -0700,2024-01-28 20:49:51 -0700,1
La Melodía,count,2024-01-29 18:52:25 -0700,2024-01-29 18:53:34 -0700,4
La Melodía,count,2024-01-31 23:34:01 -0700,2024-01-31 23:34:03 -0700,1
La Melodía,count,2024-02-01 23:25:18 -0700,2024-02-01 23:25:21 -0700,1
La Melodía,count,2024-02-02 18:11:25 -0700,2024-02-02 18:12:13 -0700,3
La Melodía,count,2024-02-03 20:29:17 -0700,2024-02-03 20:29:19 -0700,1
La Melodía,count,2024-02-05 15:39:23 -0700,2024-02-05 15:39:26 -0700,1
La Melodía,count,2024-02-05 20:52:40 -0700,2024-02-05 20:52:42 -0700,1
La Melodía,count,2024-02-06 15:58:33 -0700,2024-02-06 15:58:36 -0700,1
La Melodía,count,2024-02-07 19:56:07 -0700,2024-02-07 19:56:10 -0700,1
La Melodía,count,2024-02-08 10:54:22 -0700,2024-02-08 10:56:09 -0700,5
La Melodía,count,2024-02-08 11:04:38 -0700,2024-02-08 11:13:04 -0700,6
La Melodía,count,2024-02-08 14:10:25 -0700,2024-02-08 14:10:28 -0700,1
La Melodía,count,2024-02-08 14:38:17 -0700,2024-02-08 14:38:42 -0700,2
La Melodía,count,2024-02-09 01:21:39 -0700,2024-02-09 01:56:20 -0700,1
La Melodía,count,2024-02-09 15:13:30 -0700,2024-02-09 15:13:33 -0700,1
La Melodía,count,2024-02-10 18:30:50 -0700,2024-02-10 18:30:52 -0700,1
La Melodía,count,2024-02-13 11:00:54 -0700,2024-02-13 11:00:57 -0700,1
La Melodía,count,2024-02-13 12:41:33 -0700,2024-02-13 12:41:56 -0700,2
La Melodía,count,2024-02-15 23:15:01 -0700,2024-02-15 23:15:04 -0700,1
La Melodía,count,2024-02-19 18:58:42 -0700,2024-02-19 18:58:45 -0700,1
La Melodía,count,2024-02-20 21:00:18 -0700,2024-02-20 21:00:31 -0700,2
La Melodía,count,2024-02-21 05:12:50 -0700,2024-02-21 05:13:03 -0700,2
La Melodía,count,2024-02-22 12:40:09 -0700,2024-02-22 12:40:11 -0700,1
La Melodía,count,2024-02-22 13:35:11 -0700,2024-02-22 13:37:11 -0700,2
La Melodía,count,2024-02-22 14:09:49 -0700,2024-02-22 14:10:07 -0700,2
La Melodía,count,2024-02-22 16:17:59 -0700,2024-02-22 16:18:38 -0700,2
La Melodía,count,2024-02-24 14:57:34 -0700,2024-02-24 14:57:37 -0700,1
La Melodía,count,2024-02-25 12:51:37 -0700,2024-02-25 12:51:40 -0700,1
La Melodía,count,2024-02-27 12:30:08 -0700,2024-02-27 12:32:24 -0700,4
La Melodía,count,2024-02-27 13:05:32 -0700,2024-02-27 13:06:39 -0700,2
La Melodía,count,2024-02-27 14:21:30 -0700,2024-02-27 14:28:26 -0700,3
La Melodía,count,2024-02-27 16:13:13 -0700,2024-02-27 16:13:16 -0700,1
La Melodía,count,2024-02-29 12:30:00 -0700,2024-02-29 12:30:31 -0700,3
La Melodía,count,2024-02-29 13:14:46 -0700,2024-02-29 13:14:49 -0700,1
La Melodía,count,2024-02-29 14:23:16 -0700,2024-02-29 14:28:02 -0700,3
La Melodía,count,2024-02-29 16:07:46 -0700,2024-02-29 16:07:48 -0700,1
La Melodía,count,2024-03-01 13:44:07 -0700,2024-03-01 13:44:09 -0700,1
La Melodía,count,2024-03-02 23:22:16 -0700,2024-03-02 23:22:27 -0700,2
La Melodía,count,2024-03-03 00:30:06 -0700,2024-03-03 00:30:24 -0700,2
La Melodía,count,2024-03-04 15:30:56 -0700,2024-03-04 15:30:58 -0700,1
La Melodía,count,2024-03-04 17:19:48 -0700,2024-03-04 17:20:44 -0700,7
La Melodía,count,2024-03-04 17:38:05 -0700,2024-03-04 17:47:51 -0700,2
La Melodía,count,2024-03-04 17:48:57 -0700,2024-03-04 17:49:00 -0700,1
La Melodía,count,2024-03-05 14:25:50 -0700,2024-03-05 14:25:53 -0700,1
La Melodía,count,2024-03-05 17:28:35 -0700,2024-03-05 17:34:45 -0700,2
La Melodía,count,2024-03-05 18:52:52 -0700,2024-03-05 18:54:39 -0700,2
La Melodía,count,2024-03-05 23:12:02 -0700,2024-03-05 23:12:05 -0700,1
La Melodía,count,2024-03-09 15:30:46 -0700,2024-03-09 15:32:56 -0700,2
La Melodía,count,2024-03-09 16:16:19 -0700,2024-03-09 16:26:12 -0700,2
La Melodía,count,2024-03-13 09:51:09 -0700,2024-03-13 09:51:12 -0700,1
La Melodía,count,2024-03-13 19:23:36 -0700,2024-03-13 19:23:38 -0700,1
La Melodía,count,2024-03-14 20:58:36 -0700,2024-03-14 20:58:39 -0700,1
La Melodía,count,2024-03-16 13:18:49 -0700,2024-03-16 13:19:10 -0700,2
La Melodía,count,2024-03-16 14:16:33 -0700,2024-03-16 14:16:35 -0700,1
La Melodía,count,2024-03-19 14:07:19 -0700,2024-03-19 14:07:22 -0700,1
La Melodía,count,2024-03-23 16:08:02 -0700,2024-03-23 16:08:09 -0700,1
La Melodía,count,2024-03-24 17:55:09 -0700,2024-03-24 17:55:12 -0700,1
La Melodía,count,2024-03-26 10:57:38 -0700,2024-03-26 10:57:41 -0700,1
La Melodía,count,2024-03-27 21:56:04 -0700,2024-03-27 21:56:07 -0700,1
La Melodía,count,2024-03-28 21:48:33 -0700,2024-03-28 21:48:38 -0700,1
La Melodía,count,2024-03-29 10:48:37 -0700,2024-03-29 10:48:40 -0700,1
La Melodía,count,2024-03-31 22:00:44 -0700,2024-03-31 22:00:47 -0700,1
La Melodía,count,2024-03-31 22:30:38 -0700,2024-03-31 22:30:45 -0700,1
La Melodía,count,2024-03-31 23:02:31 -0700,2024-03-31 23:02:34 -0700,1
La Melodía,count,2024-04-01 21:13:35 -0700,2024-04-01 21:13:37 -0700,1
La Melodía,count,2024-04-02 13:26:07 -0700,2024-04-02 13:26:10 -0700,1
La Melodía,count,2024-04-02 14:47:19 -0700,2024-04-02 14:49:32 -0700,2
La Melodía,count,2024-04-02 22:22:18 -0700,2024-04-02 22:22:21 -0700,1
La Melodía,count,2024-04-03 21:46:49 -0700,2024-04-03 21:46:51 -0700,1
La Melodía,count,2024-04-09 15:10:49 -0700,2024-04-09 15:11:19 -0700,2
La Melodía,count,2024-04-10 10:49:19 -0700,2024-04-10 10:49:22 -0700,1
La Melodía,count,2024-04-08 21:12:03 -0700,2024-04-08 21:12:05 -0700,1
La Melodía,count,2024-04-10 21:57:17 -0700,2024-04-10 21:57:20 -0700,1
La Melodía,count,2024-04-11 16:37:10 -0700,2024-04-11 16:37:13 -0700,1
La Melodía,count,2024-04-11 22:00:50 -0700,2024-04-11 22:00:52 -0700,1
La Melodía,count,2024-04-12 13:25:19 -0700,2024-04-12 13:25:21 -0700,1
La Melodía,count,2024-04-14 15:16:07 -0700,2024-04-14 15:16:10 -0700,1
La Melodía,count,2024-04-15 20:34:23 -0700,2024-04-15 20:34:26 -0700,1
La Melodía,count,2024-04-16 12:50:46 -0700,2024-04-16 12:50:49 -0700,2
La Melodía,count,2024-04-16 18:54:08 -0700,2024-04-16 19:01:38 -0700,3
La Melodía,count,2024-04-16 19:06:37 -0700,2024-04-16 19:06:47 -0700,2
La Melodía,count,2024-04-18 13:33:58 -0700,2024-04-18 13:34:34 -0700,3
La Melodía,count,2024-04-18 14:52:45 -0700,2024-04-18 14:52:47 -0700,1
La Melodía,count,2024-04-19 19:35:13 -0700,2024-04-19 19:35:15 -0700,1
La Melodía,count,2024-04-20 19:19:11 -0700,2024-04-20 19:19:14 -0700,1
La Melodía,count,2024-04-21 13:12:48 -0700,2024-04-21 13:21:42 -0700,6
La Melodía,count,2024-04-21 13:26:03 -0700,2024-04-21 13:36:04 -0700,11
La Melodía,count,2024-04-21 13:36:25 -0700,2024-04-21 13:45:04 -0700,13
La Melodía,count,2024-04-21 13:54:16 -0700,2024-04-21 14:01:39 -0700,13
La Melodía,count,2024-04-22 22:04:20 -0700,2024-04-22 22:04:22 -0700,1
La Melodía,count,2024-04-23 15:17:04 -0700,2024-04-23 15:20:26 -0700,5
La Melodía,count,2024-04-23 16:09:38 -0700,2024-04-23 16:09:41 -0700,1
La Melodía,count,2024-04-24 19:18:00 -0700,2024-04-24 19:18:02 -0700,1
La Melodía,count,2024-04-25 13:13:12 -0700,2024-04-25 13:13:15 -0700,1
La Melodía,count,2024-04-25 14:53:07 -0700,2024-04-25 14:59:40 -0700,2
La Melodía,count,2024-04-26 18:05:51 -0700,2024-04-26 18:05:54 -0700,1
La Melodía,count,2024-04-27 00:17:05 -0700,2024-04-27 00:17:53 -0700,2
La Melodía,count,2024-04-29 20:36:10 -0700,2024-04-29 20:36:12 -0700,1
La Melodía,count,2024-04-30 15:38:52 -0700,2024-04-30 15:38:55 -0700,1
La Melodía,count,2024-05-05 15:07:04 -0700,2024-05-05 15:07:06 -0700,1
La Melodía,count,2024-05-07 12:51:02 -0700,2024-05-07 12:51:04 -0700,1
La Melodía,count,2024-05-07 13:33:44 -0700,2024-05-07 13:33:46 -0700,1
La Melodía,count,2024-05-09 13:35:32 -0700,2024-05-09 13:35:35 -0700,1
La Melodía,count,2024-05-09 15:15:15 -0700,2024-05-09 15:19:51 -0700,3
La Melodía,count,2024-05-09 22:16:13 -0700,2024-05-09 22:16:16 -0700,1
La Melodía,count,2024-05-12 15:40:29 -0700,2024-05-12 15:40:42 -0700,2
La Melodía,count,2024-05-12 19:33:47 -0700,2024-05-12 19:33:49 -0700,1
La Melodía,count,2024-05-13 17:52:03 -0700,2024-05-13 17:52:05 -0700,1
La Melodía,count,2024-05-13 20:08:27 -0700,2024-05-13 20:08:29 -0700,1
La Melodía,count,2024-05-14 13:43:08 -0700,2024-05-14 13:48:53 -0700,7
La Melodía,count,2024-05-14 22:12:11 -0700,2024-05-14 22:12:14 -0700,1
La Melodía,count,2024-05-15 02:58:32 -0700,2024-05-15 02:59:05 -0700,2
La Melodía,count,2024-05-15 13:18:58 -0700,2024-05-15 13:19:26 -0700,1
La Melodía,count,2024-05-15 14:18:02 -0700,2024-05-15 14:26:03 -0700,2
La Melodía,count,2024-05-16 21:08:56 -0700,2024-05-16 21:08:58 -0700,1
Watch,count,2023-05-23 19:49:14 -0700,2023-05-23 19:49:16 -0700,1
La Melodía,count,2023-05-27 15:22:30 -0700,2023-05-27 15:22:35 -0700,2
La Melodía,count,2023-05-28 13:09:14 -0700,2023-05-28 13:14:34 -0700,2
Watch,count,2023-05-31 17:32:59 -0700,2023-05-31 17:38:45 -0700,3
Watch,count,2023-05-31 17:49:50 -0700,2023-05-31 17:51:14 -0700,4
Watch,count,2023-05-31 18:03:06 -0700,2023-05-31 18:07:14 -0700,5
Watch,count,2023-05-31 18:16:11 -0700,2023-05-31 18:25:09 -0700,8
La Melodía,count,2023-05-31 17:32:50 -0700,2023-05-31 17:38:53 -0700,4
La Melodía,count,2023-05-31 17:49:50 -0700,2023-05-31 17:51:12 -0700,4
La Melodía,count,2023-05-31 18:03:03 -0700,2023-05-31 18:07:13 -0700,5
La Melodía,count,2023-05-31 18:16:07 -0700,2023-05-31 18:20:13 -0700,7
Watch,count,2023-06-03 14:33:53 -0700,2023-06-03 14:33:56 -0700,1
La Melodía,count,2023-06-03 14:33:56 -0700,2023-06-03 14:33:58 -0700,1
La Melodía,count,2023-06-03 14:47:52 -0700,2023-06-03 14:52:41 -0700,6
La Melodía,count,2023-06-03 15:00:21 -0700,2023-06-03 15:00:23 -0700,1
Watch,count,2023-06-03 14:47:56 -0700,2023-06-03 14:54:19 -0700,6
Watch,count,2023-06-03 15:00:24 -0700,2023-06-03 15:00:27 -0700,1
Watch,count,2023-06-03 15:15:46 -0700,2023-06-03 15:15:48 -0700,1
La Melodía,count,2023-06-03 15:13:31 -0700,2023-06-03 15:15:46 -0700,2
La Melodía,count,2023-06-04 23:43:24 -0700,2023-06-04 23:43:27 -0700,2
Watch,count,2023-06-05 16:28:11 -0700,2023-06-05 16:28:13 -0700,1
Watch,count,2023-06-05 17:57:20 -0700,2023-06-05 17:57:23 -0700,1
La Melodía,count,2023-06-05 16:28:09 -0700,2023-06-05 16:28:12 -0700,1
La Melodía,count,2023-06-05 17:57:16 -0700,2023-06-05 17:57:19 -0700,1
Watch,count,2023-06-05 18:20:38 -0700,2023-06-05 18:20:41 -0700,1
Watch,count,2023-06-05 19:35:48 -0700,2023-06-05 19:35:51 -0700,1
La Melodía,count,2023-06-05 18:20:34 -0700,2023-06-05 18:20:37 -0700,1
La Melodía,count,2023-06-05 19:35:42 -0700,2023-06-05 19:35:47 -0700,1
La Melodía,count,2023-06-08 20:16:18 -0700,2023-06-08 20:16:21 -0700,1
La Melodía,count,2023-06-09 19:53:12 -0700,2023-06-09 19:53:20 -0700,1
La Melodía,count,2023-06-10 14:31:05 -0700,2023-06-10 14:31:12 -0700,1
La Melodía,count,2023-06-10 18:14:42 -0700,2023-06-10 18:14:44 -0700,1
Watch,count,2023-06-13 13:32:25 -0700,2023-06-13 13:32:27 -0700,1
Watch,count,2023-06-13 14:08:16 -0700,2023-06-13 14:08:18 -0700,1
Watch,count,2023-06-13 14:34:15 -0700,2023-06-13 14:34:18 -0700,1
Watch,count,2023-06-13 15:28:55 -0700,2023-06-13 15:28:58 -0700,1
Watch,count,2023-06-13 16:53:41 -0700,2023-06-13 16:53:43 -0700,1
La Melodía,count,2023-06-13 13:32:22 -0700,2023-06-13 13:32:24 -0700,1
La Melodía,count,2023-06-13 14:08:12 -0700,2023-06-13 14:08:14 -0700,1
La Melodía,count,2023-06-13 14:34:11 -0700,2023-06-13 14:34:13 -0700,1
La Melodía,count,2023-06-13 15:28:52 -0700,2023-06-13 15:28:54 -0700,1
La Melodía,count,2023-06-13 16:53:36 -0700,2023-06-13 16:53:38 -0700,1
La Melodía,count,2023-06-16 20:27:25 -0700,2023-06-16 20:27:28 -0700,1
La Melodía,count,2023-06-17 14:07:50 -0700,2023-06-17 14:07:52 -0700,1
Watch,count,2023-06-20 19:36:13 -0700,2023-06-20 19:42:50 -0700,3
Watch,count,2023-06-20 19:49:53 -0700,2023-06-20 19:49:55 -0700,1
La Melodía,count,2023-06-20 19:36:09 -0700,2023-06-20 19:42:48 -0700,3
La Melodía,count,2023-06-20 19:47:16 -0700,2023-06-20 19:50:05 -0700,2
La Melodía,count,2023-06-21 19:58:36 -0700,2023-06-21 19:58:38 -0700,1
Watch,count,2023-06-22 10:40:04 -0700,2023-06-22 10:40:06 -0700,1
Watch,count,2023-06-22 10:57:05 -0700,2023-06-22 10:57:07 -0700,1
La Melodía,count,2023-06-21 23:08:25 -0700,2023-06-21 23:08:27 -0700,1
La Melodía,count,2023-06-22 10:32:06 -0700,2023-06-22 10:39:59 -0700,2
La Melodía,count,2023-06-22 14:18:00 -0700,2023-06-22 14:19:48 -0700,2
La Melodía,count,2023-06-22 14:28:04 -0700,2023-06-22 14:33:16 -0700,2
La Melodía,count,2023-06-22 15:05:26 -0700,2023-06-22 15:05:28 -0700,1
Watch,count,2023-06-22 14:00:45 -0700,2023-06-22 14:00:47 -0700,1
Watch,count,2023-06-22 14:18:04 -0700,2023-06-22 14:19:54 -0700,2
Watch,count,2023-06-22 14:28:13 -0700,2023-06-22 14:33:15 -0700,2
Watch,count,2023-06-22 15:05:30 -0700,2023-06-22 15:05:33 -0700,1
La Melodía,count,2023-06-25 15:58:19 -0700,2023-06-25 15:58:22 -0700,1
La Melodía,count,2023-06-25 16:21:27 -0700,2023-06-25 16:21:30 -0700,1
La Melodía,count,2023-06-25 17:49:11 -0700,2023-06-25 17:49:14 -0700,1
Watch,count,2023-06-25 17:49:11 -0700,2023-06-25 17:49:14 -0700,1
Watch,count,2023-06-25 21:56:14 -0700,2023-06-25 21:56:17 -0700,1
La Melodía,count,2023-06-25 21:56:14 -0700,2023-06-25 21:56:17 -0700,1
La Melodía,count,2023-06-25 23:10:01 -0700,2023-06-25 23:10:03 -0700,1
La Melodía,count,2023-06-26 09:42:12 -0700,2023-06-26 09:42:14 -0700,1
Watch,count,2023-06-26 13:58:22 -0700,2023-06-26 13:58:25 -0700,1
La Melodía,count,2023-06-29 20:40:09 -0700,2023-06-29 20:40:12 -0700,1
La Melodía,count,2023-06-29 21:03:25 -0700,2023-06-29 21:03:28 -0700,1
La Melodía,count,2023-07-01 17:49:40 -0700,2023-07-01 17:53:30 -0700,6
Watch,count,2023-07-01 17:49:43 -0700,2023-07-01 17:53:25 -0700,6
Watch,count,2023-07-01 18:14:02 -0700,2023-07-01 18:14:05 -0700,1
La Melodía,count,2023-07-01 18:14:02 -0700,2023-07-01 18:14:05 -0700,1
Watch,count,2023-07-05 19:17:02 -0700,2023-07-05 19:17:04 -0700,1
Watch,count,2023-07-05 20:00:33 -0700,2023-07-05 20:00:35 -0700,1
La Melodía,count,2023-07-05 20:00:32 -0700,2023-07-05 20:00:34 -0700,1
Watch,count,2023-07-06 03:30:53 -0700,2023-07-06 03:30:56 -0700,1
La Melodía,count,2023-07-06 03:30:45 -0700,2023-07-06 03:31:00 -0700,1
Watch,count,2023-07-08 12:16:09 -0700,2023-07-08 12:16:11 -0700,1
Watch,count,2023-07-08 12:33:02 -0700,2023-07-08 12:34:05 -0700,4
Watch,count,2023-07-08 12:44:52 -0700,2023-07-08 12:44:55 -0700,1
La Melodía,count,2023-07-08 12:16:07 -0700,2023-07-08 12:18:25 -0700,2
La Melodía,count,2023-07-08 12:32:59 -0700,2023-07-08 12:34:06 -0700,4
Watch,count,2023-07-09 16:33:45 -0700,2023-07-09 16:33:48 -0700,1
La Melodía,count,2023-07-11 12:30:00 -0700,2023-07-11 12:30:03 -0700,2
La Melodía,count,2023-07-19 19:48:25 -0700,2023-07-19 19:50:33 -0700,3
La Melodía,count,2023-07-21 14:54:13 -0700,2023-07-21 14:54:16 -0700,1
La Melodía,count,2023-07-21 19:20:44 -0700,2023-07-21 19:20:47 -0700,1
La Melodía,count,2023-07-24 20:26:14 -0700,2023-07-24 20:30:53 -0700,2
La Melodía,count,2023-07-25 11:47:32 -0700,2023-07-25 11:55:30 -0700,9
La Melodía,count,2023-07-25 11:58:36 -0700,2023-07-25 12:08:32 -0700,9
La Melodía,count,2023-07-25 12:10:50 -0700,2023-07-25 12:12:58 -0700,5
La Melodía,count,2023-07-26 15:17:58 -0700,2023-07-26 15:18:13 -0700,3
La Melodía,count,2023-07-26 17:08:16 -0700,2023-07-26 17:08:18 -0700,3
Watch,count,2023-07-25 11:47:35 -0700,2023-07-25 11:55:35 -0700,10
Watch,count,2023-07-25 11:58:37 -0700,2023-07-25 12:04:05 -0700,6
Watch,count,2023-07-25 12:08:54 -0700,2023-07-25 12:13:23 -0700,5
La Melodía,count,2023-07-28 18:33:26 -0700,2023-07-28 18:33:29 -0700,2
La Melodía,count,2023-07-28 19:56:56 -0700,2023-07-28 19:56:59 -0700,1
Watch,count,2023-08-01 09:09:02 -0700,2023-08-01 09:09:04 -0700,1
La Melodía,count,2023-08-01 09:09:12 -0700,2023-08-01 09:09:15 -0700,1
Watch,count,2023-08-01 10:51:19 -0700,2023-08-01 10:51:21 -0700,1
Watch,count,2023-08-01 13:52:10 -0700,2023-08-01 13:52:12 -0700,1
La Melodía,count,2023-08-01 10:51:17 -0700,2023-08-01 10:51:20 -0700,1
La Melodía,count,2023-08-01 11:13:54 -0700,2023-08-01 11:13:57 -0700,1
La Melodía,count,2023-08-01 13:52:01 -0700,2023-08-01 13:52:03 -0700,1
Watch,count,2023-08-02 10:49:06 -0700,2023-08-02 10:51:34 -0700,1
La Melodía,count,2023-08-02 10:31:18 -0700,2023-08-02 10:31:20 -0700,1
La Melodía,count,2023-08-02 10:49:06 -0700,2023-08-02 10:49:09 -0700,1
Watch,count,2023-08-02 11:49:39 -0700,2023-08-02 11:54:15 -0700,2
Watch,count,2023-08-02 16:07:44 -0700,2023-08-02 16:07:46 -0700,1
La Melodía,count,2023-08-02 11:52:38 -0700,2023-08-02 11:52:40 -0700,1
La Melodía,count,2023-08-02 16:07:40 -0700,2023-08-02 16:07:43 -0700,1
La Melodía,count,2023-08-04 14:31:53 -0700,2023-08-04 14:31:56 -0700,1
La Melodía,count,2023-08-04 19:08:15 -0700,2023-08-04 19:08:18 -0700,1
Watch,count,2023-08-05 16:52:34 -0700,2023-08-05 16:52:37 -0700,1
Watch,count,2023-08-05 17:26:53 -0700,2023-08-05 17:26:55 -0700,1
Watch,count,2023-08-05 17:39:30 -0700,2023-08-05 17:44:55 -0700,4
Watch,count,2023-08-05 17:57:48 -0700,2023-08-05 18:05:49 -0700,3
La Melodía,count,2023-08-06 20:13:12 -0700,2023-08-06 20:13:14 -0700,1
Watch,count,2023-08-16 09:59:36 -0700,2023-08-16 10:08:41 -0700,7
Watch,count,2023-08-16 10:24:41 -0700,2023-08-16 10:24:44 -0700,1
Watch,count,2023-08-16 10:39:18 -0700,2023-08-16 10:48:49 -0700,3
Watch,count,2023-08-16 10:53:30 -0700,2023-08-16 10:53:33 -0700,1
Watch,count,2023-08-16 11:35:15 -0700,2023-08-16 11:37:41 -0700,2
Watch,count,2023-08-16 11:48:44 -0700,2023-08-16 11:56:17 -0700,3
La Melodía,count,2023-08-16 09:59:35 -0700,2023-08-16 10:04:21 -0700,6
La Melodía,count,2023-08-16 10:18:25 -0700,2023-08-16 10:24:46 -0700,2
La Melodía,count,2023-08-16 10:39:36 -0700,2023-08-16 10:48:40 -0700,5
La Melodía,count,2023-08-16 10:53:29 -0700,2023-08-16 10:53:32 -0700,1
La Melodía,count,2023-08-16 11:35:17 -0700,2023-08-16 11:37:38 -0700,2
La Melodía,count,2023-08-16 11:48:40 -0700,2023-08-16 11:56:20 -0700,3
La Melodía,count,2023-08-20 18:52:56 -0700,2023-08-20 18:52:59 -0700,1
La Melodía,count,2023-08-20 20:30:45 -0700,2023-08-20 22:06:32 -0700,1
Watch,count,2023-08-23 17:45:27 -0700,2023-08-23 17:51:11 -0700,2
Watch,count,2023-08-23 17:56:44 -0700,2023-08-23 18:06:32 -0700,4
La Melodía,count,2023-08-23 17:51:10 -0700,2023-08-23 17:57:00 -0700,4
La Melodía,count,2023-08-23 18:04:35 -0700,2023-08-23 18:06:22 -0700,2
La Melodía,count,2023-08-24 14:21:11 -0700,2023-08-24 14:22:20 -0700,2
Watch,count,2023-08-24 14:21:21 -0700,2023-08-24 14:21:36 -0700,2
La Melodía,count,2023-08-26 17:04:30 -0700,2023-08-26 17:04:33 -0700,1
La Melodía,count,2023-08-26 18:03:33 -0700,2023-08-26 18:03:36 -0700,1
La Melodía,count,2023-08-26 18:42:19 -0700,2023-08-26 18:42:22 -0700,1
La Melodía,count,2023-08-27 19:56:30 -0700,2023-08-27 19:56:32 -0700,2
La Melodía,count,2023-08-27 22:37:07 -0700,2023-08-27 22:37:15 -0700,2
La Melodía,count,2023-08-31 17:37:44 -0700,2023-08-31 17:37:47 -0700,1
Watch,count,2023-08-31 17:37:41 -0700,2023-08-31 17:40:50 -0700,1
La Melodía,count,2023-09-02 16:36:53 -0700,2023-09-02 16:46:41 -0700,5
La Melodía,count,2023-09-02 18:28:20 -0700,2023-09-02 18:28:22 -0700,1
La Melodía,count,2023-09-02 21:11:50 -0700,2023-09-02 21:17:15 -0700,2
La Melodía,count,2023-09-02 23:29:39 -0700,2023-09-02 23:29:41 -0700,1
La Melodía,count,2023-09-03 16:03:48 -0700,2023-09-03 16:03:50 -0700,1
Watch,count,2023-09-02 18:28:18 -0700,2023-09-02 18:28:21 -0700,1
La Melodía,count,2023-09-03 20:24:47 -0700,2023-09-03 20:24:50 -0700,1
La Melodía,count,2023-09-03 23:57:08 -0700,2023-09-03 23:57:11 -0700,1
La Melodía,count,2023-09-04 15:05:26 -0700,2023-09-04 15:05:28 -0700,1
La Melodía,count,2023-09-04 15:31:56 -0700,2023-09-04 15:31:59 -0700,1
La Melodía,count,2023-09-06 02:24:07 -0700,2023-09-06 02:24:14 -0700,2
La Melodía,count,2023-09-06 18:59:05 -0700,2023-09-06 18:59:07 -0700,1
La Melodía,count,2023-09-08 18:09:29 -0700,2023-09-08 18:09:31 -0700,3
Watch,count,2023-09-09 13:47:04 -0700,2023-09-09 13:47:07 -0700,1
Watch,count,2023-09-09 14:06:31 -0700,2023-09-09 14:14:24 -0700,2
Watch,count,2023-09-09 14:36:16 -0700,2023-09-09 14:36:18 -0700,1
La Melodía,count,2023-09-09 14:15:23 -0700,2023-09-09 14:15:26 -0700,1
La Melodía,count,2023-09-10 15:38:35 -0700,2023-09-10 15:39:21 -0700,3
La Melodía,count,2023-09-10 16:01:20 -0700,2023-09-10 16:01:22 -0700,1
Watch,count,2023-09-10 15:38:32 -0700,2023-09-10 15:38:47 -0700,2
Watch,count,2023-09-10 15:58:21 -0700,2023-09-10 15:58:34 -0700,2
La Melodía,count,2023-09-12 18:54:15 -0700,2023-09-12 18:54:18 -0700,1
Watch,count,2023-09-12 18:54:18 -0700,2023-09-12 18:54:21 -0700,1
La Melodía,count,2023-09-14 18:27:28 -0700,2023-09-14 18:30:47 -0700,7
La Melodía,count,2023-09-14 18:42:20 -0700,2023-09-14 18:47:40 -0700,7
La Melodía,count,2023-09-14 18:55:35 -0700,2023-09-14 18:55:50 -0700,2
La Melodía,count,2023-09-17 14:11:05 -0700,2023-09-17 14:12:07 -0700,3
La Melodía,count,2023-09-17 14:23:57 -0700,2023-09-17 14:26:41 -0700,9
La Melodía,count,2023-09-17 14:35:33 -0700,2023-09-17 14:44:25 -0700,5
La Melodía,count,2023-09-17 14:52:51 -0700,2023-09-17 14:53:22 -0700,2
Watch,count,2023-09-17 14:11:08 -0700,2023-09-17 14:12:07 -0700,3
Watch,count,2023-09-17 14:24:00 -0700,2023-09-17 14:32:57 -0700,10
Watch,count,2023-09-17 14:35:34 -0700,2023-09-17 14:44:34 -0700,8
Watch,count,2023-09-17 14:52:45 -0700,2023-09-17 14:56:38 -0700,3
Watch,count,2023-09-17 15:03:02 -0700,2023-09-17 15:03:05 -0700,1
La Melodía,count,2023-09-18 16:46:17 -0700,2023-09-18 16:56:13 -0700,13
La Melodía,count,2023-09-18 16:57:19 -0700,2023-09-18 17:02:36 -0700,9
La Melodía,count,2023-09-18 17:08:16 -0700,2023-09-18 17:18:07 -0700,6
La Melodía,count,2023-09-18 17:20:33 -0700,2023-09-18 17:30:15 -0700,7
La Melodía,count,2023-09-18 17:30:33 -0700,2023-09-18 17:30:51 -0700,2
Watch,count,2023-09-18 16:46:16 -0700,2023-09-18 16:56:15 -0700,14
Watch,count,2023-09-18 16:57:16 -0700,2023-09-18 17:02:44 -0700,11
Watch,count,2023-09-18 17:08:24 -0700,2023-09-18 17:18:05 -0700,5
Watch,count,2023-09-18 17:20:36 -0700,2023-09-18 17:30:23 -0700,8
Watch,count,2023-09-18 17:30:43 -0700,2023-09-18 17:31:04 -0700,2
Watch,count,2023-09-18 17:53:45 -0700,2023-09-18 17:53:48 -0700,1
La Melodía,count,2023-09-20 20:56:58 -0700,2023-09-20 20:57:00 -0700,1
La Melodía,count,2023-09-21 10:24:09 -0700,2023-09-21 10:24:12 -0700,1
Watch,count,2023-09-23 16:03:49 -0700,2023-09-23 16:08:41 -0700,8
Watch,count,2023-09-23 16:21:49 -0700,2023-09-23 16:31:41 -0700,6
Watch,count,2023-09-23 16:45:02 -0700,2023-09-23 16:45:25 -0700,2
La Melodía,count,2023-09-23 16:03:47 -0700,2023-09-23 16:08:41 -0700,7
La Melodía,count,2023-09-23 16:22:11 -0700,2023-09-23 16:31:47 -0700,5
La Melodía,count,2023-09-23 16:44:59 -0700,2023-09-23 16:45:27 -0700,2
Watch,count,2023-09-24 14:44:42 -0700,2023-09-24 14:49:03 -0700,8
Watch,count,2023-09-24 15:00:39 -0700,2023-09-24 15:10:18 -0700,5
Watch,count,2023-09-24 15:10:20 -0700,2023-09-24 15:15:10 -0700,3
Watch,count,2023-09-24 15:27:09 -0700,2023-09-24 15:27:37 -0700,2
La Melodía,count,2023-09-24 14:44:40 -0700,2023-09-24 14:49:03 -0700,8
La Melodía,count,2023-09-24 15:03:37 -0700,2023-09-24 15:12:19 -0700,6
La Melodía,count,2023-09-24 15:14:50 -0700,2023-09-24 15:14:52 -0700,1
La Melodía,count,2023-09-24 15:27:09 -0700,2023-09-24 15:27:32 -0700,2
La Melodía,count,2023-09-25 23:44:39 -0700,2023-09-25 23:44:42 -0700,1
La Melodía,count,2023-09-26 16:22:50 -0700,2023-09-26 16:22:52 -0700,1
Watch,count,2023-09-28 09:25:06 -0700,2023-09-28 09:26:20 -0700,4
Watch,count,2023-09-28 11:24:52 -0700,2023-09-28 11:32:23 -0700,6
La Melodía,count,2023-09-28 09:24:37 -0700,2023-09-28 09:26:06 -0700,5
Watch,count,2023-09-28 11:36:41 -0700,2023-09-28 11:42:06 -0700,8
Watch,count,2023-09-28 12:25:57 -0700,2023-09-28 12:30:54 -0700,4
Watch,count,2023-09-28 15:12:20 -0700,2023-09-28 15:16:08 -0700,2
La Melodía,count,2023-09-28 11:24:52 -0700,2023-09-28 11:32:19 -0700,5
La Melodía,count,2023-09-28 11:37:31 -0700,2023-09-28 11:42:02 -0700,8
La Melodía,count,2023-09-28 12:28:36 -0700,2023-09-28 12:30:51 -0700,2
La Melodía,count,2023-09-28 15:12:10 -0700,2023-09-28 15:16:08 -0700,2
La Melodía,count,2023-09-28 16:39:18 -0700,2023-09-28 16:39:21 -0700,1
La Melodía,count,2023-09-29 15:46:09 -0700,2023-09-29 15:46:15 -0700,1
Watch,count,2023-09-29 15:46:12 -0700,2023-09-29 15:46:14 -0700,1
Watch,count,2023-10-03 07:46:59 -0700,2023-10-03 07:51:48 -0700,3
La Melodía,count,2023-10-03 07:46:56 -0700,2023-10-03 07:51:45 -0700,3
La Melodía,count,2023-10-03 12:10:45 -0700,2023-10-03 12:10:48 -0700,1
Watch,count,2023-10-03 12:27:13 -0700,2023-10-03 12:27:16 -0700,1
Watch,count,2023-10-03 12:49:01 -0700,2023-10-03 12:57:05 -0700,5
Watch,count,2023-10-03 12:59:00 -0700,2023-10-03 13:08:23 -0700,9
Watch,count,2023-10-03 13:16:35 -0700,2023-10-03 13:16:37 -0700,1
Watch,count,2023-10-03 15:28:50 -0700,2023-10-03 15:28:53 -0700,1
Watch,count,2023-10-03 17:00:24 -0700,2023-10-03 17:02:24 -0700,2
Watch,count,2023-10-03 18:27:03 -0700,2023-10-03 18:27:05 -0700,1
La Melodía,count,2023-10-03 12:27:09 -0700,2023-10-03 12:27:12 -0700,1
La Melodía,count,2023-10-03 12:49:01 -0700,2023-10-03 12:58:54 -0700,6
La Melodía,count,2023-10-03 12:59:17 -0700,2023-10-03 13:08:24 -0700,8
La Melodía,count,2023-10-03 13:16:30 -0700,2023-10-03 13:16:45 -0700,2
La Melodía,count,2023-10-03 17:00:23 -0700,2023-10-03 17:02:28 -0700,2
La Melodía,count,2023-10-03 18:26:58 -0700,2023-10-03 18:27:00 -0700,1
Watch,count,2023-10-05 09:32:30 -0700,2023-10-05 09:32:32 -0700,1
La Melodía,count,2023-10-05 09:32:26 -0700,2023-10-05 09:32:28 -0700,1
La Melodía,count,2023-10-05 11:26:43 -0700,2023-10-05 11:33:16 -0700,4
La Melodía,count,2023-10-05 11:37:12 -0700,2023-10-05 11:41:17 -0700,7
La Melodía,count,2023-10-05 15:06:38 -0700,2023-10-05 15:08:20 -0700,2
La Melodía,count,2023-10-06 15:44:52 -0700,2023-10-06 15:44:55 -0700,1
La Melodía,count,2023-10-06 17:32:46 -0700,2023-10-06 17:38:38 -0700,3
La Melodía,count,2023-10-07 11:21:14 -0700,2023-10-07 11:21:55 -0700,3
Watch,count,2023-10-05 11:26:49 -0700,2023-10-05 11:33:34 -0700,4
Watch,count,2023-10-05 11:37:14 -0700,2023-10-05 11:41:20 -0700,8
Watch,count,2023-10-08 17:18:40 -0700,2023-10-08 17:18:42 -0700,1
La Melodía,count,2023-10-08 17:18:43 -0700,2023-10-08 17:18:45 -0700,1
La Melodía,count,2023-10-08 17:36:13 -0700,2023-10-08 17:37:15 -0700,3
La Melodía,count,2023-10-09 19:02:24 -0700,2023-10-09 19:02:26 -0700,1
La Melodía,count,2023-10-10 09:18:41 -0700,2023-10-10 09:19:58 -0700,3
La Melodía,count,2023-10-10 12:27:20 -0700,2023-10-10 12:37:13 -0700,6
Watch,count,2023-10-10 09:18:42 -0700,2023-10-10 09:20:09 -0700,3
Watch,count,2023-10-10 12:27:14 -0700,2023-10-10 12:37:00 -0700,5
Watch,count,2023-10-10 12:37:13 -0700,2023-10-10 12:46:39 -0700,8
Watch,count,2023-10-10 17:05:23 -0700,2023-10-10 17:05:25 -0700,1
Watch,count,2023-10-10 18:18:59 -0700,2023-10-10 18:28:05 -0700,2
Watch,count,2023-10-10 18:28:56 -0700,2023-10-10 18:28:59 -0700,1
La Melodía,count,2023-10-10 12:41:42 -0700,2023-10-10 12:46:38 -0700,7
La Melodía,count,2023-10-10 17:05:19 -0700,2023-10-10 17:05:22 -0700,1
La Melodía,count,2023-10-10 18:19:00 -0700,2023-10-10 18:28:50 -0700,2
La Melodía,count,2023-10-12 10:02:06 -0700,2023-10-12 10:02:08 -0700,1
La Melodía,count,2023-10-12 11:31:20 -0700,2023-10-12 11:38:12 -0700,5
La Melodía,count,2023-10-12 11:47:47 -0700,2023-10-12 11:51:37 -0700,5
La Melodía,count,2023-10-12 15:09:00 -0700,2023-10-12 15:11:31 -0700,3
La Melodía,count,2023-10-12 20:39:32 -0700,2023-10-12 20:44:10 -0700,3
La Melodía,count,2023-10-12 22:48:59 -0700,2023-10-12 22:49:17 -0700,2
La Melodía,count,2023-10-13 21:59:59 -0700,2023-10-13 22:00:56 -0700,2
Watch,count,2023-10-17 09:56:05 -0700,2023-10-17 10:03:06 -0700,3
Watch,count,2023-10-17 11:29:28 -0700,2023-10-17 11:35:57 -0700,4
Watch,count,2023-10-17 11:40:22 -0700,2023-10-17 11:43:29 -0700,7
Watch,count,2023-10-17 13:17:14 -0700,2023-10-17 13:17:17 -0700,1
La Melodía,count,2023-10-17 09:55:59 -0700,2023-10-17 10:03:09 -0700,5
La Melodía,count,2023-10-17 11:29:26 -0700,2023-10-17 11:36:08 -0700,4
La Melodía,count,2023-10-17 11:39:27 -0700,2023-10-17 11:43:27 -0700,8
La Melodía,count,2023-10-17 13:17:21 -0700,2023-10-17 13:17:23 -0700,1
La Melodía,count,2023-10-17 13:36:23 -0700,2023-10-17 13:41:28 -0700,3
Watch,count,2023-10-17 13:36:26 -0700,2023-10-17 13:41:31 -0700,6
La Melodía,count,2023-10-17 17:05:54 -0700,2023-10-17 17:05:56 -0700,1
La Melodía,count,2023-10-17 18:01:58 -0700,2023-10-17 18:02:01 -0700,1
La Melodía,count,2023-10-17 18:12:14 -0700,2023-10-17 18:12:17 -0700,1
Watch,count,2023-10-17 17:05:50 -0700,2023-10-17 17:05:53 -0700,1
Watch,count,2023-10-17 18:02:02 -0700,2023-10-17 18:02:05 -0700,1
Watch,count,2023-10-17 18:12:17 -0700,2023-10-17 18:12:19 -0700,1
Watch,count,2023-10-19 10:57:56 -0700,2023-10-19 10:57:58 -0700,1
La Melodía,count,2023-10-19 10:57:52 -0700,2023-10-19 10:57:54 -0700,1
Watch,count,2023-10-19 11:56:57 -0700,2023-10-19 11:57:00 -0700,1
La Melodía,count,2023-10-19 11:56:52 -0700,2023-10-19 11:56:54 -0700,1
La Melodía,count,2023-10-22 10:35:00 -0700,2023-10-22 10:35:08 -0700,1
La Melodía,count,2023-10-22 11:32:18 -0700,2023-10-22 11:32:20 -0700,1
Watch,count,2023-10-24 10:00:34 -0700,2023-10-24 10:00:37 -0700,1
Watch,count,2023-10-24 11:31:31 -0700,2023-10-24 11:31:34 -0700,1
La Melodía,count,2023-10-24 10:00:31 -0700,2023-10-24 10:00:34 -0700,1
La Melodía,count,2023-10-24 10:19:54 -0700,2023-10-24 10:19:57 -0700,1
La Melodía,count,2023-10-24 11:31:31 -0700,2023-10-24 11:31:33 -0700,1
La Melodía,count,2023-10-24 12:25:58 -0700,2023-10-24 12:26:00 -0700,1
Watch,count,2023-10-24 12:25:59 -0700,2023-10-24 12:26:02 -0700,1
Watch,count,2023-10-24 15:18:39 -0700,2023-10-24 15:22:34 -0700,2
Watch,count,2023-10-24 15:31:37 -0700,2023-10-24 15:31:40 -0700,1
La Melodía,count,2023-10-24 13:29:42 -0700,2023-10-24 13:29:44 -0700,1
La Melodía,count,2023-10-24 15:18:34 -0700,2023-10-24 15:22:32 -0700,2
La Melodía,count,2023-10-24 15:30:40 -0700,2023-10-24 15:31:36 -0700,2
La Melodía,count,2023-10-24 18:52:08 -0700,2023-10-24 18:54:05 -0700,2
La Melodía,count,2023-10-25 14:03:12 -0700,2023-10-25 14:11:31 -0700,6
La Melodía,count,2023-10-25 14:13:51 -0700,2023-10-25 14:16:04 -0700,4
Watch,count,2023-10-24 18:52:10 -0700,2023-10-24 18:54:10 -0700,2
Watch,count,2023-10-25 14:03:09 -0700,2023-10-25 14:04:44 -0700,5
Watch,count,2023-10-25 14:13:54 -0700,2023-10-25 14:16:02 -0700,5
Watch,count,2023-10-25 19:47:35 -0700,2023-10-25 19:48:21 -0700,3
Watch,count,2023-10-25 20:17:58 -0700,2023-10-25 20:24:30 -0700,12
La Melodía,count,2023-10-25 19:47:51 -0700,2023-10-25 19:48:19 -0700,2
La Melodía,count,2023-10-25 20:17:55 -0700,2023-10-25 20:24:26 -0700,10
Watch,count,2023-10-26 00:14:22 -0700,2023-10-26 00:14:24 -0700,1
La Melodía,count,2023-10-26 00:14:20 -0700,2023-10-26 00:14:23 -0700,1
La Melodía,count,2023-10-26 21:29:49 -0700,2023-10-26 21:29:51 -0700,1
La Melodía,count,2023-10-29 17:50:32 -0700,2023-10-29 17:50:34 -0700,1
La Melodía,count,2023-10-29 20:14:01 -0700,2023-10-29 20:22:04 -0700,2
Watch,count,2023-10-28 11:39:22 -0700,2023-10-28 11:45:59 -0700,2
La Melodía,count,2023-10-28 11:39:21 -0700,2023-10-28 11:45:57 -0700,2
La Melodía,count,2023-11-02 09:53:41 -0700,2023-11-02 10:03:18 -0700,9
La Melodía,count,2023-11-02 10:04:05 -0700,2023-11-02 10:04:48 -0700,3
La Melodía,count,2023-11-02 21:40:52 -0700,2023-11-02 21:40:54 -0700,1
La Melodía,count,2023-11-03 17:23:52 -0700,2023-11-03 17:23:55 -0700,1
La Melodía,count,2023-11-04 17:26:36 -0700,2023-11-04 17:26:39 -0700,1
Watch,count,2023-11-04 17:26:39 -0700,2023-11-04 17:26:41 -0700,1
La Melodía,count,2023-11-05 10:47:51 -0700,2023-11-05 10:47:54 -0700,1
La Melodía,count,2023-11-05 11:37:54 -0700,2023-11-05 11:37:57 -0700,1
Watch,count,2023-11-07 11:14:02 -0700,2023-11-07 11:14:04 -0700,1
Watch,count,2023-11-07 12:44:39 -0700,2023-11-07 12:52:53 -0700,5
Watch,count,2023-11-07 12:56:18 -0700,2023-11-07 13:01:17 -0700,10
La Melodía,count,2023-11-07 11:13:57 -0700,2023-11-07 11:14:00 -0700,1
La Melodía,count,2023-11-07 12:44:37 -0700,2023-11-07 12:52:51 -0700,7
La Melodía,count,2023-11-07 12:56:53 -0700,2023-11-07 13:01:12 -0700,9
Watch,count,2023-11-07 16:08:34 -0700,2023-11-07 16:10:39 -0700,2
Watch,count,2023-11-07 19:47:04 -0700,2023-11-07 19:47:07 -0700,1
La Melodía,count,2023-11-07 16:08:33 -0700,2023-11-07 16:10:28 -0700,2
La Melodía,count,2023-11-07 19:46:53 -0700,2023-11-07 19:46:56 -0700,1
La Melodía,count,2023-11-08 20:52:09 -0700,2023-11-08 20:52:11 -0700,1
Watch,count,2023-11-12 19:19:07 -0700,2023-11-12 19:19:09 -0700,1
La Melodía,count,2023-11-12 19:19:04 -0700,2023-11-12 19:19:07 -0700,1
La Melodía,count,2023-11-14 10:33:31 -0700,2023-11-14 10:40:27 -0700,4
La Melodía,count,2023-11-14 10:46:41 -0700,2023-11-14 10:48:38 -0700,4
La Melodía,count,2023-11-14 12:33:11 -0700,2023-11-14 12:33:13 -0700,1
La Melodía,count,2023-11-14 13:46:19 -0700,2023-11-14 13:47:41 -0700,2
La Melodía,count,2023-11-14 16:08:53 -0700,2023-11-14 16:08:56 -0700,1
La Melodía,count,2023-11-14 18:21:43 -0700,2023-11-14 18:21:53 -0700,2
La Melodía,count,2023-11-16 14:41:45 -0700,2023-11-16 14:41:48 -0700,1
La Melodía,count,2023-11-16 14:59:03 -0700,2023-11-16 14:59:06 -0700,1
La Melodía,count,2023-11-16 16:16:04 -0700,2023-11-16 16:19:16 -0700,2
La Melodía,count,2023-11-16 17:27:03 -0700,2023-11-16 17:27:06 -0700,1
La Melodía,count,2023-11-16 22:26:21 -0700,2023-11-16 22:26:23 -0700,1
Watch,count,2023-11-18 12:22:03 -0700,2023-11-18 12:22:05 -0700,1
La Melodía,count,2023-11-18 12:22:03 -0700,2023-11-18 12:22:05 -0700,1
La Melodía,count,2023-11-18 19:15:45 -0700,2023-11-18 19:16:00 -0700,2
La Melodía,count,2023-11-18 20:18:04 -0700,2023-11-18 20:19:59 -0700,3
La Melodía,count,2023-11-18 22:07:38 -0700,2023-11-18 22:07:49 -0700,2
La Melodía,count,2023-11-18 22:53:42 -0700,2023-11-18 22:53:44 -0700,1
Watch,count,2023-11-18 17:36:58 -0700,2023-11-18 17:37:00 -0700,1
Watch,count,2023-11-18 19:15:51 -0700,2023-11-18 19:15:53 -0700,1
Watch,count,2022-11-27 14:38:24 -0700,2022-11-27 14:47:24 -0700,6
Watch,count,2022-11-27 14:49:52 -0700,2022-11-27 14:59:18 -0700,6
Watch,count,2022-11-27 15:07:21 -0700,2022-11-27 15:07:24 -0700,1
Watch,count,2022-11-27 15:27:00 -0700,2022-11-27 15:29:00 -0700,4
La Melodía,count,2022-11-27 14:38:01 -0700,2022-11-27 14:47:23 -0700,6
La Melodía,count,2022-11-27 14:49:54 -0700,2022-11-27 14:59:19 -0700,7
La Melodía,count,2022-11-27 15:07:25 -0700,2022-11-27 15:07:28 -0700,1
La Melodía,count,2022-11-27 15:26:41 -0700,2022-11-27 15:27:55 -0700,4
Watch,count,2022-11-29 17:54:29 -0700,2022-11-29 18:01:51 -0700,5
Watch,count,2022-11-29 18:04:53 -0700,2022-11-29 18:07:18 -0700,3
Watch,count,2022-11-29 18:34:42 -0700,2022-11-29 18:36:06 -0700,4
La Melodía,count,2022-11-29 17:48:45 -0700,2022-11-29 17:57:34 -0700,4
La Melodía,count,2022-11-29 18:01:42 -0700,2022-11-29 18:07:14 -0700,6
La Melodía,count,2022-11-29 18:34:33 -0700,2022-11-29 18:36:05 -0700,4
La Melodía,count,2022-12-04 13:02:08 -0700,2022-12-04 13:07:46 -0700,1
La Melodía,count,2022-12-08 15:57:06 -0700,2022-12-08 15:57:08 -0700,1
La Melodía,count,2022-12-11 00:26:31 -0700,2022-12-11 00:26:34 -0700,1
La Melodía,count,2022-12-11 01:02:08 -0700,2022-12-11 01:02:11 -0700,1
Watch,count,2022-12-16 16:09:09 -0700,2022-12-16 16:09:11 -0700,1
Watch,count,2022-12-16 16:11:52 -0700,2022-12-16 16:11:54 -0700,1
Watch,count,2022-12-16 16:18:28 -0700,2022-12-16 16:18:30 -0700,1
Watch,count,2022-12-16 16:20:30 -0700,2022-12-16 16:20:33 -0700,1
La Melodía,count,2022-12-16 16:03:53 -0700,2022-12-16 16:11:56 -0700,3
La Melodía,count,2022-12-16 16:18:27 -0700,2022-12-16 16:20:30 -0700,2
La Melodía,count,2022-12-16 16:46:06 -0700,2022-12-16 16:46:52 -0700,3
Watch,count,2022-12-17 15:46:38 -0700,2022-12-17 15:46:41 -0700,1
Watch,count,2022-12-17 15:50:52 -0700,2022-12-17 15:50:54 -0700,1
Watch,count,2022-12-17 15:52:06 -0700,2022-12-17 15:52:08 -0700,1
Watch,count,2022-12-17 15:55:12 -0700,2022-12-17 15:55:14 -0700,1
Watch,count,2022-12-17 15:59:37 -0700,2022-12-17 16:00:00 -0700,1
Watch,count,2022-12-17 16:00:46 -0700,2022-12-17 16:00:48 -0700,1
Watch,count,2022-12-17 16:23:54 -0700,2022-12-17 16:24:43 -0700,3
La Melodía,count,2022-12-17 15:42:22 -0700,2022-12-17 15:52:05 -0700,4
La Melodía,count,2022-12-17 15:55:07 -0700,2022-12-17 16:00:52 -0700,2
La Melodía,count,2022-12-17 16:23:45 -0700,2022-12-17 16:24:38 -0700,3
Watch,count,2022-12-17 21:53:30 -0700,2022-12-17 21:53:32 -0700,1
La Melodía,count,2022-12-17 21:53:26 -0700,2022-12-17 21:53:28 -0700,1
Watch,count,2022-12-18 00:33:23 -0700,2022-12-18 00:33:46 -0700,1
Watch,count,2022-12-18 02:02:02 -0700,2022-12-18 02:02:05 -0700,1
La Melodía,count,2022-12-17 23:03:36 -0700,2022-12-17 23:03:38 -0700,1
La Melodía,count,2022-12-18 00:33:21 -0700,2022-12-18 00:33:24 -0700,1
La Melodía,count,2022-12-18 02:02:06 -0700,2022-12-18 02:02:09 -0700,1
La Melodía,count,2022-12-18 03:13:07 -0700,2022-12-18 03:13:10 -0700,1
Watch,count,2022-12-20 16:23:18 -0700,2022-12-20 16:23:20 -0700,1
La Melodía,count,2022-12-20 16:23:09 -0700,2022-12-20 16:23:11 -0700,1
La Melodía,count,2022-12-27 08:48:16 -0700,2022-12-27 08:48:19 -0700,1
Watch,count,2022-12-28 10:55:08 -0700,2022-12-28 11:01:27 -0700,3
Watch,count,2022-12-28 11:16:36 -0700,2022-12-28 11:16:39 -0700,1
La Melodía,count,2022-12-28 10:55:05 -0700,2022-12-28 11:01:28 -0700,3
La Melodía,count,2022-12-28 11:16:36 -0700,2022-12-28 11:16:38 -0700,1
La Melodía,count,2023-01-04 09:25:28 -0700,2023-01-04 09:25:30 -0700,1
La Melodía,count,2023-01-08 00:58:22 -0700,2023-01-08 00:58:24 -0700,1
Watch,count,2023-01-08 17:39:12 -0700,2023-01-08 17:39:35 -0700,2
La Melodía,count,2023-01-08 17:39:07 -0700,2023-01-08 17:39:40 -0700,3
Watch,count,2023-01-09 15:25:49 -0700,2023-01-09 15:25:51 -0700,1
La Melodía,count,2023-01-09 15:25:46 -0700,2023-01-09 15:25:49 -0700,1
La Melodía,count,2023-01-19 19:18:59 -0700,2023-01-19 19:19:02 -0700,1
Watch,count,2023-01-20 14:43:40 -0700,2023-01-20 14:43:43 -0700,1
Watch,count,2023-01-22 09:53:18 -0700,2023-01-22 09:53:20 -0700,1
Watch,count,2023-01-22 11:23:38 -0700,2023-01-22 11:23:40 -0700,1
La Melodía,count,2023-01-22 11:23:36 -0700,2023-01-22 11:23:39 -0700,1
La Melodía,count,2023-01-22 12:40:43 -0700,2023-01-22 12:40:46 -0700,1
Watch,count,2023-01-22 12:40:44 -0700,2023-01-22 12:40:47 -0700,1
La Melodía,count,2023-01-28 20:21:37 -0700,2023-01-28 20:26:11 -0700,5
La Melodía,count,2023-01-29 11:22:01 -0700,2023-01-29 11:31:49 -0700,9
La Melodía,count,2023-01-29 11:32:04 -0700,2023-01-29 11:40:20 -0700,17
La Melodía,count,2023-01-29 11:45:37 -0700,2023-01-29 11:52:44 -0700,6
La Melodía,count,2023-01-29 12:01:30 -0700,2023-01-29 12:01:56 -0700,2
Watch,count,2023-01-29 11:22:02 -0700,2023-01-29 11:31:51 -0700,12
Watch,count,2023-01-29 11:32:04 -0700,2023-01-29 11:40:18 -0700,17
Watch,count,2023-01-29 11:45:40 -0700,2023-01-29 11:52:19 -0700,4
Watch,count,2023-01-29 12:01:24 -0700,2023-01-29 12:01:40 -0700,2
Watch,count,2023-02-07 12:57:52 -0700,2023-02-07 12:58:08 -0700,2
Watch,count,2023-02-07 13:07:54 -0700,2023-02-07 13:08:04 -0700,2
La Melodía,count,2023-02-07 12:45:19 -0700,2023-02-07 12:45:32 -0700,2
La Melodía,count,2023-02-07 12:57:59 -0700,2023-02-07 13:07:52 -0700,3
La Melodía,count,2023-02-07 13:07:59 -0700,2023-02-07 13:08:02 -0700,1
La Melodía,count,2023-02-12 13:41:17 -0700,2023-02-12 13:41:20 -0700,1
Watch,count,2023-02-17 12:15:05 -0700,2023-02-17 12:15:08 -0700,1
La Melodía,count,2023-02-17 12:15:01 -0700,2023-02-17 12:15:03 -0700,1
La Melodía,count,2023-02-18 15:23:47 -0700,2023-02-18 15:33:46 -0700,8
La Melodía,count,2023-02-18 15:35:07 -0700,2023-02-18 15:44:15 -0700,9
Watch,count,2023-02-18 15:23:51 -0700,2023-02-18 15:33:48 -0700,11
Watch,count,2023-02-18 15:34:36 -0700,2023-02-18 15:44:30 -0700,11
Watch,count,2023-02-18 15:45:14 -0700,2023-02-18 15:46:33 -0700,5
La Melodía,count,2023-02-18 15:45:11 -0700,2023-02-18 15:46:30 -0700,5
La Melodía,count,2023-02-18 17:30:05 -0700,2023-02-18 17:30:07 -0700,1
La Melodía,count,2023-02-19 13:10:14 -0700,2023-02-19 13:10:16 -0700,1
La Melodía,count,2023-02-19 13:27:29 -0700,2023-02-19 13:27:37 -0700,2
Watch,count,2023-02-21 10:15:28 -0700,2023-02-21 10:15:30 -0700,1
Watch,count,2023-02-21 10:25:50 -0700,2023-02-21 10:25:53 -0700,1
Watch,count,2023-02-21 10:56:31 -0700,2023-02-21 11:00:11 -0700,2
La Melodía,count,2023-02-21 10:15:25 -0700,2023-02-21 10:15:27 -0700,1
La Melodía,count,2023-02-21 10:25:46 -0700,2023-02-21 10:25:48 -0700,1
La Melodía,count,2023-02-21 10:56:26 -0700,2023-02-21 11:00:08 -0700,2
Watch,count,2023-02-21 13:42:22 -0700,2023-02-21 13:42:25 -0700,1
Watch,count,2023-02-21 14:42:27 -0700,2023-02-21 14:47:50 -0700,3
La Melodía,count,2023-02-21 13:42:19 -0700,2023-02-21 13:42:22 -0700,1
La Melodía,count,2023-02-21 14:02:56 -0700,2023-02-21 14:02:59 -0700,1
La Melodía,count,2023-02-21 14:42:21 -0700,2023-02-21 14:47:56 -0700,3
Watch,count,2023-02-22 09:18:46 -0700,2023-02-22 09:18:48 -0700,1
La Melodía,count,2023-02-25 14:12:48 -0700,2023-02-25 14:12:51 -0700,1
La Melodía,count,2023-02-25 23:58:13 -0700,2023-02-25 23:58:16 -0700,1
Watch,count,2023-03-01 10:25:42 -0700,2023-03-01 10:30:57 -0700,5
Watch,count,2023-03-01 12:07:54 -0700,2023-03-01 12:16:57 -0700,4
Watch,count,2023-03-01 12:18:06 -0700,2023-03-01 12:18:09 -0700,1
La Melodía,count,2023-03-01 10:25:40 -0700,2023-03-01 10:30:57 -0700,5
La Melodía,count,2023-03-01 12:07:53 -0700,2023-03-01 12:14:57 -0700,4
Watch,count,2023-03-09 20:35:46 -0700,2023-03-09 20:35:49 -0700,1
La Melodía,count,2023-03-09 22:19:12 -0700,2023-03-09 22:19:14 -0700,1
La Melodía,count,2023-03-13 23:23:28 -0700,2023-03-13 23:23:30 -0700,1
La Melodía,count,2023-03-17 12:31:51 -0700,2023-03-17 12:37:03 -0700,2
La Melodía,count,2023-03-17 19:23:58 -0700,2023-03-17 19:24:00 -0700,1
Watch,count,2023-03-22 18:10:11 -0700,2023-03-22 18:10:21 -0700,2
La Melodía,count,2023-03-22 19:56:50 -0700,2023-03-22 19:57:05 -0700,2
Watch,count,2023-03-22 19:56:52 -0700,2023-03-22 19:57:10 -0700,2
La Melodía,count,2023-03-23 09:22:26 -0700,2023-03-23 09:22:29 -0700,1
La Melodía,count,2023-03-25 11:25:56 -0700,2023-03-25 11:25:59 -0700,1
Watch,count,2023-03-27 15:50:42 -0700,2023-03-27 15:51:21 -0700,1
La Melodía,count,2023-04-09 16:02:27 -0700,2023-04-09 16:02:35 -0700,1
La Melodía,count,2023-04-13 19:01:47 -0700,2023-04-13 19:07:40 -0700,3
La Melodía,count,2023-04-13 19:13:04 -0700,2023-04-13 19:22:55 -0700,6
La Melodía,count,2023-04-13 19:32:38 -0700,2023-04-13 19:32:40 -0700,1
La Melodía,count,2023-04-15 17:24:15 -0700,2023-04-15 17:26:10 -0700,2
La Melodía,count,2023-04-16 13:25:01 -0700,2023-04-16 13:25:04 -0700,1
Watch,count,2023-04-17 16:08:49 -0700,2023-04-17 16:12:25 -0700,3
La Melodía,count,2023-04-17 16:09:01 -0700,2023-04-17 16:12:25 -0700,3
La Melodía,count,2023-04-17 16:21:12 -0700,2023-04-17 16:27:38 -0700,6
Watch,count,2023-04-17 16:21:19 -0700,2023-04-17 16:27:45 -0700,6
Watch,count,2023-04-17 16:32:00 -0700,2023-04-17 16:40:46 -0700,6
Watch,count,2023-04-17 16:43:06 -0700,2023-04-17 16:43:09 -0700,1
La Melodía,count,2023-04-17 16:31:53 -0700,2023-04-17 16:40:37 -0700,6
Watch,count,2023-04-19 17:05:09 -0700,2023-04-19 17:10:56 -0700,3
La Melodía,count,2023-04-19 17:05:27 -0700,2023-04-19 17:10:47 -0700,2
Watch,count,2023-04-19 17:15:19 -0700,2023-04-19 17:15:22 -0700,1
La Melodía,count,2023-04-21 16:47:36 -0700,2023-04-21 16:48:43 -0700,2
Watch,count,2023-04-27 18:13:12 -0700,2023-04-27 18:13:15 -0700,1
Watch,count,2023-04-28 17:09:21 -0700,2023-04-28 17:09:23 -0700,1
La Melodía,count,2023-04-28 17:09:09 -0700,2023-04-28 17:09:12 -0700,1
Watch,count,2023-04-30 18:09:56 -0700,2023-04-30 18:19:49 -0700,21
Watch,count,2023-04-30 18:20:48 -0700,2023-04-30 18:25:22 -0700,9
La Melodía,count,2023-04-30 18:09:46 -0700,2023-04-30 18:19:42 -0700,19
La Melodía,count,2023-04-30 18:20:48 -0700,2023-04-30 18:25:14 -0700,7
Watch,count,2023-05-04 10:49:45 -0700,2023-05-04 10:49:48 -0700,1
Watch,count,2023-05-04 11:02:21 -0700,2023-05-04 11:08:04 -0700,2
Watch,count,2023-05-04 11:20:47 -0700,2023-05-04 11:21:18 -0700,1
Watch,count,2023-05-04 12:03:22 -0700,2023-05-04 12:03:25 -0700,1
Watch,count,2023-05-04 12:14:28 -0700,2023-05-04 12:20:24 -0700,2
Watch,count,2023-05-04 12:37:53 -0700,2023-05-04 12:37:56 -0700,1
Watch,count,2023-05-04 14:50:26 -0700,2023-05-04 14:50:29 -0700,1
Watch,count,2023-05-04 15:20:14 -0700,2023-05-04 15:20:16 -0700,1
Watch,count,2023-05-04 15:55:46 -0700,2023-05-04 15:56:20 -0700,1
Watch,count,2023-05-04 16:17:35 -0700,2023-05-04 16:17:45 -0700,2
Watch,count,2023-05-04 16:28:22 -0700,2023-05-04 16:28:25 -0700,1
La Melodía,count,2023-05-04 10:49:41 -0700,2023-05-04 10:49:43 -0700,1
La Melodía,count,2023-05-04 11:02:17 -0700,2023-05-04 11:03:14 -0700,2
La Melodía,count,2023-05-04 12:03:18 -0700,2023-05-04 12:03:21 -0700,1
La Melodía,count,2023-05-04 12:14:23 -0700,2023-05-04 12:14:25 -0700,1
La Melodía,count,2023-05-04 12:37:51 -0700,2023-05-04 12:37:54 -0700,1
La Melodía,count,2023-05-09 19:01:32 -0700,2023-05-09 19:01:35 -0700,1
La Melodía,count,2023-05-09 21:02:46 -0700,2023-05-09 21:03:02 -0700,2
La Melodía,count,2023-05-14 11:41:43 -0700,2023-05-14 11:41:46 -0700,1
Watch,count,2023-05-14 21:30:09 -0700,2023-05-14 21:30:47 -0700,2
Watch,count,2023-05-16 11:32:00 -0700,2023-05-16 11:32:02 -0700,1
La Melodía,count,2023-05-16 11:31:53 -0700,2023-05-16 11:31:56 -0700,1
Watch,count,2023-05-20 11:00:35 -0700,2023-05-20 11:08:41 -0700,25
Watch,count,2023-05-20 11:19:16 -0700,2023-05-20 11:28:36 -0700,21
La Melodía,count,2023-05-19 19:50:37 -0700,2023-05-19 19:50:40 -0700,1
La Melodía,count,2023-05-20 11:00:33 -0700,2023-05-20 11:08:36 -0700,25
La Melodía,count,2023-05-20 11:19:20 -0700,2023-05-20 11:28:22 -0700,21
La Melodía,count,2023-05-20 11:29:21 -0700,2023-05-20 11:29:23 -0700,2
Watch,count,2023-05-20 11:48:03 -0700,2023-05-20 11:48:05 -0700,1
La Melodía,count,2023-05-20 11:47:53 -0700,2023-05-20 11:47:55 -0700,1
Watch,count,2023-05-20 21:06:05 -0700,2023-05-20 21:07:12 -0700,1
La Melodía,count,2022-05-29 00:10:02 -0700,2022-05-29 00:10:05 -0700,1
La Melodía,count,2022-05-30 15:43:45 -0700,2022-05-30 15:50:06 -0700,9
Watch,count,2022-05-30 15:44:01 -0700,2022-05-30 15:50:13 -0700,7
La Melodía,count,2022-05-30 20:19:00 -0700,2022-05-30 20:19:02 -0700,1
Watch,count,2022-05-30 20:19:02 -0700,2022-05-30 20:19:05 -0700,1
Watch,count,2022-06-08 18:05:38 -0700,2022-06-08 18:05:40 -0700,1
La Melodía,count,2022-06-07 22:15:23 -0700,2022-06-07 22:15:26 -0700,1
La Melodía,count,2022-06-08 03:04:45 -0700,2022-06-08 03:04:48 -0700,1
La Melodía,count,2022-06-09 13:07:25 -0700,2022-06-09 13:16:04 -0700,10
La Melodía,count,2022-06-09 13:19:26 -0700,2022-06-09 13:27:44 -0700,10
La Melodía,count,2022-06-09 13:33:29 -0700,2022-06-09 13:43:05 -0700,3
Watch,count,2022-06-09 13:10:45 -0700,2022-06-09 13:11:03 -0700,2
Watch,count,2022-06-09 13:13:00 -0700,2022-06-09 13:13:03 -0700,1
Watch,count,2022-06-09 13:15:34 -0700,2022-06-09 13:16:07 -0700,4
Watch,count,2022-06-09 13:19:29 -0700,2022-06-09 13:19:39 -0700,2
Watch,count,2022-06-09 13:23:47 -0700,2022-06-09 13:23:57 -0700,2
Watch,count,2022-06-09 13:24:05 -0700,2022-06-09 13:33:39 -0700,7
Watch,count,2022-06-09 13:42:44 -0700,2022-06-09 13:43:07 -0700,2
La Melodía,count,2022-06-09 13:47:03 -0700,2022-06-09 13:48:09 -0700,2
Watch,count,2022-06-09 13:47:00 -0700,2022-06-09 13:48:06 -0700,2
La Melodía,count,2022-06-11 23:39:30 -0700,2022-06-11 23:39:33 -0700,1
Watch,count,2022-06-12 22:52:31 -0700,2022-06-12 22:52:33 -0700,1
La Melodía,count,2022-06-13 07:17:47 -0700,2022-06-13 07:17:49 -0700,1
Watch,count,2022-06-14 19:49:53 -0700,2022-06-14 19:56:39 -0700,8
Watch,count,2022-06-14 20:01:56 -0700,2022-06-14 20:02:50 -0700,4
La Melodía,count,2022-06-14 19:49:50 -0700,2022-06-14 19:56:36 -0700,8
La Melodía,count,2022-06-14 20:01:53 -0700,2022-06-14 20:02:50 -0700,4
La Melodía,count,2022-06-14 20:14:04 -0700,2022-06-14 20:15:31 -0700,2
Watch,count,2022-06-14 20:15:29 -0700,2022-06-14 20:15:31 -0700,1
Watch,count,2022-06-14 20:26:01 -0700,2022-06-14 20:26:03 -0700,1
La Melodía,count,2022-06-15 21:59:30 -0700,2022-06-15 21:59:33 -0700,1
La Melodía,count,2022-06-16 15:18:46 -0700,2022-06-16 15:26:01 -0700,2
La Melodía,count,2022-06-16 20:56:19 -0700,2022-06-16 20:56:22 -0700,2
La Melodía,count,2022-06-17 07:03:09 -0700,2022-06-17 07:03:11 -0700,1
La Melodía,count,2022-06-18 10:56:03 -0700,2022-06-18 11:05:49 -0700,21
La Melodía,count,2022-06-18 11:06:40 -0700,2022-06-18 11:15:55 -0700,9
La Melodía,count,2022-06-18 11:17:11 -0700,2022-06-18 11:26:03 -0700,12
La Melodía,count,2022-06-18 11:27:40 -0700,2022-06-18 11:29:58 -0700,7
La Melodía,count,2022-06-18 11:41:21 -0700,2022-06-18 11:41:36 -0700,2
La Melodía,count,2022-06-18 12:13:00 -0700,2022-06-18 12:13:03 -0700,1
La Melodía,count,2022-06-18 12:30:36 -0700,2022-06-18 12:33:58 -0700,2
Watch,count,2022-06-18 10:56:05 -0700,2022-06-18 11:05:54 -0700,22
Watch,count,2022-06-18 11:06:40 -0700,2022-06-18 11:15:48 -0700,11
Watch,count,2022-06-18 11:17:09 -0700,2022-06-18 11:26:14 -0700,11
Watch,count,2022-06-18 11:27:46 -0700,2022-06-18 11:29:45 -0700,7
Watch,count,2022-06-18 11:41:21 -0700,2022-06-18 11:41:31 -0700,2
Watch,count,2022-06-18 12:13:05 -0700,2022-06-18 12:18:43 -0700,3
Watch,count,2022-06-18 12:30:36 -0700,2022-06-18 12:30:39 -0700,1
La Melodía,count,2022-06-21 18:34:20 -0700,2022-06-21 18:34:23 -0700,1
La Melodía,count,2022-06-21 21:35:04 -0700,2022-06-21 21:35:06 -0700,1
Watch,count,2022-06-25 00:24:55 -0700,2022-06-25 00:24:58 -0700,1
La Melodía,count,2022-06-27 22:32:29 -0700,2022-06-27 22:32:39 -0700,2
La Melodía,count,2022-06-29 22:51:14 -0700,2022-06-29 22:51:16 -0700,1
Watch,count,2022-07-01 15:36:17 -0700,2022-07-01 15:36:20 -0700,1
La Melodía,count,2022-07-01 18:45:05 -0700,2022-07-01 18:45:18 -0700,2
Watch,count,2022-07-01 18:45:06 -0700,2022-07-01 18:45:21 -0700,2
La Melodía,count,2022-07-05 00:31:40 -0700,2022-07-05 00:31:43 -0700,1
La Melodía,count,2022-07-06 14:14:31 -0700,2022-07-06 14:14:59 -0700,3
Watch,count,2022-07-07 16:41:06 -0700,2022-07-07 16:49:33 -0700,8
Watch,count,2022-07-07 16:52:35 -0700,2022-07-07 17:02:15 -0700,7
Watch,count,2022-07-07 17:03:21 -0700,2022-07-07 17:12:23 -0700,10
La Melodía,count,2022-07-07 16:41:03 -0700,2022-07-07 16:49:32 -0700,8
La Melodía,count,2022-07-07 16:52:31 -0700,2022-07-07 17:02:11 -0700,6
La Melodía,count,2022-07-07 17:03:20 -0700,2022-07-07 17:12:30 -0700,9
La Melodía,count,2022-07-07 17:14:38 -0700,2022-07-07 17:14:40 -0700,1
La Melodía,count,2022-07-08 19:23:00 -0700,2022-07-08 19:23:03 -0700,1
La Melodía,count,2022-07-09 08:45:50 -0700,2022-07-09 08:45:53 -0700,1
Watch,count,2022-07-09 20:22:47 -0700,2022-07-09 20:22:58 -0700,2
La Melodía,count,2022-07-10 12:23:26 -0700,2022-07-10 12:33:19 -0700,9
La Melodía,count,2022-07-10 12:33:29 -0700,2022-07-10 12:41:58 -0700,7
La Melodía,count,2022-07-10 12:44:26 -0700,2022-07-10 12:54:14 -0700,10
La Melodía,count,2022-07-10 12:56:32 -0700,2022-07-10 13:06:33 -0700,8
La Melodía,count,2022-07-10 13:19:20 -0700,2022-07-10 13:25:54 -0700,5
Watch,count,2022-07-10 12:23:28 -0700,2022-07-10 12:33:23 -0700,9
Watch,count,2022-07-10 12:33:31 -0700,2022-07-10 12:41:59 -0700,6
Watch,count,2022-07-10 12:44:28 -0700,2022-07-10 12:54:18 -0700,10
Watch,count,2022-07-10 12:56:33 -0700,2022-07-10 13:06:24 -0700,7
Watch,count,2022-07-10 13:06:44 -0700,2022-07-10 13:06:47 -0700,1
Watch,count,2022-07-10 13:24:50 -0700,2022-07-10 13:25:56 -0700,4
La Melodía,count,2022-07-13 15:00:32 -0700,2022-07-13 15:00:34 -0700,1
La Melodía,count,2022-07-13 17:05:06 -0700,2022-07-13 17:15:00 -0700,10
La Melodía,count,2022-07-13 17:17:36 -0700,2022-07-13 17:25:16 -0700,4
La Melodía,count,2022-07-13 17:28:02 -0700,2022-07-13 17:36:59 -0700,10
La Melodía,count,2022-07-13 17:41:55 -0700,2022-07-13 17:49:31 -0700,7
La Melodía,count,2022-07-13 17:54:02 -0700,2022-07-13 18:02:28 -0700,6
La Melodía,count,2022-07-13 18:04:38 -0700,2022-07-13 18:14:36 -0700,10
La Melodía,count,2022-07-13 18:17:07 -0700,2022-07-13 18:26:14 -0700,8
La Melodía,count,2022-07-13 18:29:24 -0700,2022-07-13 18:36:10 -0700,6
Watch,count,2022-07-13 17:07:49 -0700,2022-07-13 17:17:40 -0700,9
Watch,count,2022-07-13 17:20:08 -0700,2022-07-13 17:28:08 -0700,4
Watch,count,2022-07-13 17:30:49 -0700,2022-07-13 17:37:22 -0700,9
Watch,count,2022-07-13 17:41:56 -0700,2022-07-13 17:49:36 -0700,7
Watch,count,2022-07-13 17:53:59 -0700,2022-07-13 18:02:33 -0700,6
Watch,count,2022-07-13 18:04:40 -0700,2022-07-13 18:14:35 -0700,9
Watch,count,2022-07-13 18:17:11 -0700,2022-07-13 18:26:18 -0700,8
Watch,count,2022-07-13 18:29:22 -0700,2022-07-13 18:34:44 -0700,5
La Melodía,count,2022-07-14 17:27:14 -0700,2022-07-14 17:36:14 -0700,10
La Melodía,count,2022-07-14 17:39:18 -0700,2022-07-14 17:49:16 -0700,8
La Melodía,count,2022-07-14 17:49:34 -0700,2022-07-14 17:58:23 -0700,6
Watch,count,2022-07-14 17:30:10 -0700,2022-07-14 17:39:40 -0700,10
Watch,count,2022-07-14 17:42:06 -0700,2022-07-14 17:50:13 -0700,9
La Melodía,count,2022-07-14 18:01:02 -0700,2022-07-14 18:08:09 -0700,6
La Melodía,count,2022-07-14 18:23:52 -0700,2022-07-14 18:23:55 -0700,1
La Melodía,count,2022-07-14 18:40:19 -0700,2022-07-14 18:41:26 -0700,4
La Melodía,count,2022-07-15 13:14:49 -0700,2022-07-15 13:21:48 -0700,2
Watch,count,2022-07-14 17:53:27 -0700,2022-07-14 18:01:38 -0700,7
Watch,count,2022-07-14 18:06:27 -0700,2022-07-14 18:08:09 -0700,3
Watch,count,2022-07-14 18:24:30 -0700,2022-07-14 18:24:33 -0700,1
Watch,count,2022-07-14 18:40:46 -0700,2022-07-14 18:41:29 -0700,3
Watch,count,2022-07-15 13:14:53 -0700,2022-07-15 13:21:40 -0700,2
La Melodía,count,2022-07-15 14:14:28 -0700,2022-07-15 14:14:30 -0700,1
La Melodía,count,2022-07-15 16:34:23 -0700,2022-07-15 16:34:25 -0700,1
La Melodía,count,2022-07-15 16:45:22 -0700,2022-07-15 16:45:25 -0700,1
La Melodía,count,2022-07-17 19:36:11 -0700,2022-07-17 19:36:14 -0700,1
La Melodía,count,2022-07-18 06:56:47 -0700,2022-07-18 07:00:26 -0700,1
Watch,count,2022-07-15 14:14:30 -0700,2022-07-15 14:14:32 -0700,1
Watch,count,2022-07-15 16:34:27 -0700,2022-07-15 16:34:29 -0700,1
Watch,count,2022-07-15 16:45:02 -0700,2022-07-15 16:45:22 -0700,3
Watch,count,2022-07-18 08:07:43 -0700,2022-07-18 08:08:01 -0700,2
Watch,count,2022-07-18 08:41:54 -0700,2022-07-18 08:42:32 -0700,3
Watch,count,2022-07-18 11:52:46 -0700,2022-07-18 11:52:48 -0700,1
Watch,count,2022-07-18 12:10:26 -0700,2022-07-18 12:10:28 -0700,1
La Melodía,count,2022-07-18 08:07:41 -0700,2022-07-18 08:08:19 -0700,3
La Melodía,count,2022-07-18 08:41:49 -0700,2022-07-18 08:42:29 -0700,3
La Melodía,count,2022-07-18 11:31:14 -0700,2022-07-18 11:31:16 -0700,1
La Melodía,count,2022-07-18 11:52:45 -0700,2022-07-18 11:52:48 -0700,1
La Melodía,count,2022-07-18 12:10:24 -0700,2022-07-18 12:10:26 -0700,1
Watch,count,2022-07-18 15:53:56 -0700,2022-07-18 15:53:58 -0700,1
Watch,count,2022-07-18 19:23:37 -0700,2022-07-18 19:30:36 -0700,7
Watch,count,2022-07-18 19:34:26 -0700,2022-07-18 19:42:56 -0700,7
Watch,count,2022-07-18 19:45:04 -0700,2022-07-18 19:53:20 -0700,5
Watch,count,2022-07-18 19:55:17 -0700,2022-07-18 20:04:36 -0700,9
Watch,count,2022-07-18 20:08:13 -0700,2022-07-18 20:17:39 -0700,6
La Melodía,count,2022-07-18 15:53:57 -0700,2022-07-18 15:53:59 -0700,1
La Melodía,count,2022-07-18 19:23:33 -0700,2022-07-18 19:30:40 -0700,8
La Melodía,count,2022-07-18 19:34:22 -0700,2022-07-18 19:42:51 -0700,6
La Melodía,count,2022-07-18 19:44:59 -0700,2022-07-18 19:53:17 -0700,5
La Melodía,count,2022-07-18 19:55:15 -0700,2022-07-18 20:04:32 -0700,7
La Melodía,count,2022-07-18 20:08:09 -0700,2022-07-18 20:17:34 -0700,5
Watch,count,2022-07-19 08:05:32 -0700,2022-07-19 08:05:50 -0700,2
Watch,count,2022-07-19 09:43:24 -0700,2022-07-19 09:43:41 -0700,1
La Melodía,count,2022-07-19 08:05:33 -0700,2022-07-19 08:05:50 -0700,2
La Melodía,count,2022-07-19 09:43:21 -0700,2022-07-19 09:43:34 -0700,1
Watch,count,2022-07-19 11:00:58 -0700,2022-07-19 11:01:37 -0700,3
La Melodía,count,2022-07-19 11:00:56 -0700,2022-07-19 11:01:37 -0700,3
La Melodía,count,2022-07-19 13:32:33 -0700,2022-07-19 13:32:35 -0700,1
La Melodía,count,2022-07-19 14:00:38 -0700,2022-07-19 14:02:33 -0700,3
Watch,count,2022-07-20 11:17:37 -0700,2022-07-20 11:17:39 -0700,1
Watch,count,2022-07-20 11:39:02 -0700,2022-07-20 11:46:02 -0700,2
Watch,count,2022-07-20 12:17:22 -0700,2022-07-20 12:17:25 -0700,1
La Melodía,count,2022-07-20 11:39:02 -0700,2022-07-20 11:45:59 -0700,2
La Melodía,count,2022-07-20 12:17:23 -0700,2022-07-20 12:17:25 -0700,1
Watch,count,2022-07-20 13:11:37 -0700,2022-07-20 13:12:18 -0700,1
Watch,count,2022-07-20 14:50:32 -0700,2022-07-20 14:55:39 -0700,2
Watch,count,2022-07-20 15:29:48 -0700,2022-07-20 15:30:21 -0700,4
Watch,count,2022-07-20 15:43:02 -0700,2022-07-20 15:43:04 -0700,1
Watch,count,2022-07-21 08:16:31 -0700,2022-07-21 08:16:36 -0700,1
Watch,count,2022-07-21 08:29:12 -0700,2022-07-21 08:29:14 -0700,1
La Melodía,count,2022-07-21 08:16:30 -0700,2022-07-21 08:16:32 -0700,1
La Melodía,count,2022-07-21 08:29:09 -0700,2022-07-21 08:29:11 -0700,1
La Melodía,count,2022-07-22 13:13:59 -0700,2022-07-22 13:14:01 -0700,1
Watch,count,2022-07-22 14:42:13 -0700,2022-07-22 14:47:05 -0700,2
Watch,count,2022-07-22 16:19:55 -0700,2022-07-22 16:20:11 -0700,2
Watch,count,2022-07-22 18:17:10 -0700,2022-07-22 18:17:38 -0700,2
Watch,count,2022-07-22 18:28:47 -0700,2022-07-22 18:35:30 -0700,6
Watch,count,2022-07-22 18:40:07 -0700,2022-07-22 18:50:02 -0700,8
Watch,count,2022-07-22 18:51:21 -0700,2022-07-22 19:01:09 -0700,9
Watch,count,2022-07-22 19:03:35 -0700,2022-07-22 19:13:05 -0700,8
La Melodía,count,2022-07-22 18:17:02 -0700,2022-07-22 18:24:39 -0700,4
La Melodía,count,2022-07-22 18:28:45 -0700,2022-07-22 18:35:31 -0700,6
La Melodía,count,2022-07-22 18:39:57 -0700,2022-07-22 18:49:48 -0700,8
La Melodía,count,2022-07-22 18:51:17 -0700,2022-07-22 19:01:08 -0700,9
La Melodía,count,2022-07-22 19:04:35 -0700,2022-07-22 19:13:01 -0700,6
Watch,count,2022-07-23 15:49:45 -0700,2022-07-23 15:57:17 -0700,3
Watch,count,2022-07-23 16:05:28 -0700,2022-07-23 16:14:05 -0700,7
La Melodía,count,2022-07-23 15:57:07 -0700,2022-07-23 16:06:14 -0700,5
La Melodía,count,2022-07-23 16:13:41 -0700,2022-07-23 16:22:12 -0700,9
La Melodía,count,2022-07-23 16:28:00 -0700,2022-07-23 16:37:50 -0700,8
La Melodía,count,2022-07-23 16:38:01 -0700,2022-07-23 16:41:05 -0700,3
Watch,count,2022-07-23 16:16:36 -0700,2022-07-23 16:22:13 -0700,4
Watch,count,2022-07-23 16:28:01 -0700,2022-07-23 16:37:55 -0700,9
Watch,count,2022-07-23 16:38:02 -0700,2022-07-23 16:41:01 -0700,3
Watch,count,2022-07-24 14:38:57 -0700,2022-07-24 14:39:09 -0700,2
La Melodía,count,2022-07-25 16:18:01 -0700,2022-07-25 16:27:20 -0700,2
La Melodía,count,2022-07-25 16:32:22 -0700,2022-07-25 16:39:54 -0700,7
La Melodía,count,2022-07-25 16:43:57 -0700,2022-07-25 16:49:09 -0700,3
Watch,count,2022-07-25 16:27:26 -0700,2022-07-25 16:33:24 -0700,5
Watch,count,2022-07-25 16:39:23 -0700,2022-07-25 16:49:11 -0700,7
Watch,count,2022-07-25 17:29:32 -0700,2022-07-25 17:36:49 -0700,4
Watch,count,2022-07-25 17:42:57 -0700,2022-07-25 17:52:30 -0700,10
Watch,count,2022-07-25 17:54:09 -0700,2022-07-25 17:59:32 -0700,3
Watch,count,2022-07-26 08:18:13 -0700,2022-07-26 08:18:51 -0700,3
La Melodía,count,2022-07-25 17:29:53 -0700,2022-07-25 17:36:50 -0700,3
La Melodía,count,2022-07-25 17:42:50 -0700,2022-07-25 17:52:15 -0700,8
La Melodía,count,2022-07-25 17:54:08 -0700,2022-07-25 17:59:22 -0700,3
La Melodía,count,2022-07-26 08:18:09 -0700,2022-07-26 08:18:47 -0700,3
Watch,count,2022-07-26 11:33:07 -0700,2022-07-26 11:33:38 -0700,3
Watch,count,2022-07-26 12:00:21 -0700,2022-07-26 12:00:44 -0700,2
Watch,count,2022-07-26 13:42:34 -0700,2022-07-26 13:42:36 -0700,1
Watch,count,2022-07-26 14:04:06 -0700,2022-07-26 14:04:09 -0700,1
La Melodía,count,2022-07-26 12:00:17 -0700,2022-07-26 12:00:40 -0700,2
La Melodía,count,2022-07-26 15:03:14 -0700,2022-07-26 15:03:17 -0700,1
Watch,count,2022-07-26 17:48:48 -0700,2022-07-26 17:52:00 -0700,2
La Melodía,count,2022-07-26 17:48:39 -0700,2022-07-26 17:52:01 -0700,2
Watch,count,2022-07-27 08:17:56 -0700,2022-07-27 08:18:32 -0700,3
Watch,count,2022-07-27 09:53:58 -0700,2022-07-27 09:54:00 -0700,1
Watch,count,2022-07-27 10:09:43 -0700,2022-07-27 10:09:45 -0700,1
Watch,count,2022-07-27 10:59:23 -0700,2022-07-27 11:05:09 -0700,4
Watch,count,2022-07-27 13:18:56 -0700,2022-07-27 13:25:47 -0700,3
La Melodía,count,2022-07-27 08:17:53 -0700,2022-07-27 08:18:16 -0700,2
La Melodía,count,2022-07-27 09:53:57 -0700,2022-07-27 09:54:00 -0700,1
La Melodía,count,2022-07-27 10:59:24 -0700,2022-07-27 11:05:09 -0700,4
La Melodía,count,2022-07-27 13:18:55 -0700,2022-07-27 13:25:50 -0700,3
Watch,count,2022-07-27 15:08:31 -0700,2022-07-27 15:09:07 -0700,3
Watch,count,2022-07-27 18:04:18 -0700,2022-07-27 18:04:20 -0700,1
La Melodía,count,2022-07-27 15:08:27 -0700,2022-07-27 15:08:45 -0700,2
La Melodía,count,2022-07-27 17:54:59 -0700,2022-07-27 18:04:16 -0700,2
La Melodía,count,2022-07-28 08:13:38 -0700,2022-07-28 08:14:19 -0700,3
La Melodía,count,2022-07-28 11:56:42 -0700,2022-07-28 11:57:10 -0700,2
La Melodía,count,2022-07-28 15:09:38 -0700,2022-07-28 15:09:46 -0700,1
Watch,count,2022-07-28 08:13:42 -0700,2022-07-28 08:14:21 -0700,3
Watch,count,2022-07-28 11:11:42 -0700,2022-07-28 11:11:45 -0700,1
Watch,count,2022-07-28 11:56:41 -0700,2022-07-28 11:57:07 -0700,2
Watch,count,2022-07-28 17:21:21 -0700,2022-07-28 17:29:09 -0700,10
Watch,count,2022-07-28 17:33:35 -0700,2022-07-28 17:41:56 -0700,8
Watch,count,2022-07-28 17:45:08 -0700,2022-07-28 17:54:20 -0700,6
Watch,count,2022-07-28 17:56:30 -0700,2022-07-28 17:56:33 -0700,1
La Melodía,count,2022-07-28 17:21:18 -0700,2022-07-28 17:29:11 -0700,8
La Melodía,count,2022-07-28 17:33:32 -0700,2022-07-28 17:39:58 -0700,7
La Melodía,count,2022-07-28 17:45:05 -0700,2022-07-28 17:54:22 -0700,6
La Melodía,count,2022-07-28 17:56:15 -0700,2022-07-28 18:00:59 -0700,2
Watch,count,2022-07-29 08:27:45 -0700,2022-07-29 08:36:56 -0700,7
Watch,count,2022-07-29 09:40:54 -0700,2022-07-29 09:46:45 -0700,3
Watch,count,2022-07-29 11:29:27 -0700,2022-07-29 11:29:29 -0700,1
La Melodía,count,2022-07-29 08:27:46 -0700,2022-07-29 08:36:56 -0700,6
La Melodía,count,2022-07-29 08:38:45 -0700,2022-07-29 08:38:48 -0700,1
La Melodía,count,2022-07-29 09:40:53 -0700,2022-07-29 09:41:16 -0700,2
La Melodía,count,2022-07-29 15:26:47 -0700,2022-07-29 15:26:49 -0700,1
La Melodía,count,2022-07-29 15:43:55 -0700,2022-07-29 15:43:57 -0700,1
La Melodía,count,2022-07-29 18:51:29 -0700,2022-07-29 18:58:48 -0700,5
Watch,count,2022-07-29 15:39:09 -0700,2022-07-29 15:44:06 -0700,3
Watch,count,2022-07-29 15:55:38 -0700,2022-07-29 15:55:40 -0700,1
Watch,count,2022-07-29 16:18:36 -0700,2022-07-29 16:18:59 -0700,1
Watch,count,2022-07-29 18:56:49 -0700,2022-07-29 19:05:25 -0700,9
Watch,count,2022-07-29 19:10:25 -0700,2022-07-29 19:19:24 -0700,8
Watch,count,2022-07-29 19:22:07 -0700,2022-07-29 19:31:17 -0700,7
La Melodía,count,2022-07-29 19:02:41 -0700,2022-07-29 19:11:28 -0700,7
La Melodía,count,2022-07-29 19:16:27 -0700,2022-07-29 19:22:09 -0700,5
La Melodía,count,2022-07-29 19:26:27 -0700,2022-07-29 19:29:31 -0700,5
La Melodía,count,2022-07-30 11:40:16 -0700,2022-07-30 11:40:19 -0700,1
La Melodía,count,2022-07-30 15:54:40 -0700,2022-07-30 15:54:43 -0700,1
Watch,count,2022-07-30 11:40:15 -0700,2022-07-30 11:40:17 -0700,1
Watch,count,2022-07-30 15:54:39 -0700,2022-07-30 15:54:42 -0700,1
Watch,count,2022-07-31 11:23:28 -0700,2022-07-31 11:31:46 -0700,7
Watch,count,2022-07-31 11:37:22 -0700,2022-07-31 11:45:24 -0700,8
Watch,count,2022-07-31 11:48:00 -0700,2022-07-31 11:56:52 -0700,7
Watch,count,2022-07-31 12:01:13 -0700,2022-07-31 12:09:44 -0700,6
Watch,count,2022-07-31 12:26:26 -0700,2022-07-31 12:27:32 -0700,4
La Melodía,count,2022-07-31 11:23:29 -0700,2022-07-31 11:31:42 -0700,7
La Melodía,count,2022-07-31 11:37:15 -0700,2022-07-31 11:45:23 -0700,8
La Melodía,count,2022-07-31 11:47:59 -0700,2022-07-31 11:57:01 -0700,7
La Melodía,count,2022-07-31 12:01:14 -0700,2022-07-31 12:09:15 -0700,5
La Melodía,count,2022-07-31 12:26:28 -0700,2022-07-31 12:27:26 -0700,4
La Melodía,count,2022-08-01 08:21:01 -0700,2022-08-01 08:21:21 -0700,2
Watch,count,2022-08-01 08:21:02 -0700,2022-08-01 08:21:28 -0700,2
La Melodía,count,2022-08-01 13:14:08 -0700,2022-08-01 13:14:10 -0700,1
Watch,count,2022-08-01 13:14:11 -0700,2022-08-01 13:14:14 -0700,1
La Melodía,count,2022-08-02 08:24:27 -0700,2022-08-02 08:24:50 -0700,2
Watch,count,2022-08-02 08:24:28 -0700,2022-08-02 08:24:54 -0700,2
Watch,count,2022-08-02 11:14:06 -0700,2022-08-02 11:14:26 -0700,2
Watch,count,2022-08-02 14:20:18 -0700,2022-08-02 14:20:21 -0700,1
Watch,count,2022-08-02 14:32:46 -0700,2022-08-02 14:32:48 -0700,1
La Melodía,count,2022-08-02 11:14:04 -0700,2022-08-02 11:14:22 -0700,2
La Melodía,count,2022-08-02 14:20:14 -0700,2022-08-02 14:20:16 -0700,1
La Melodía,count,2022-08-02 14:32:40 -0700,2022-08-02 14:32:43 -0700,1
Watch,count,2022-08-02 19:06:29 -0700,2022-08-02 19:16:07 -0700,8
Watch,count,2022-08-02 19:21:24 -0700,2022-08-02 19:31:13 -0700,8
Watch,count,2022-08-02 19:31:26 -0700,2022-08-02 19:39:29 -0700,7
Watch,count,2022-08-02 19:43:50 -0700,2022-08-02 19:51:43 -0700,6
Watch,count,2022-08-02 20:08:32 -0700,2022-08-02 20:09:10 -0700,3
La Melodía,count,2022-08-02 19:06:27 -0700,2022-08-02 19:16:08 -0700,7
La Melodía,count,2022-08-02 19:21:17 -0700,2022-08-02 19:31:10 -0700,8
La Melodía,count,2022-08-02 19:33:28 -0700,2022-08-02 19:39:26 -0700,6
La Melodía,count,2022-08-02 19:43:52 -0700,2022-08-02 19:51:37 -0700,6
La Melodía,count,2022-08-02 20:07:23 -0700,2022-08-02 20:09:08 -0700,4
Watch,count,2022-08-03 08:41:26 -0700,2022-08-03 08:41:52 -0700,2
Watch,count,2022-08-03 08:52:04 -0700,2022-08-03 08:54:55 -0700,2
Watch,count,2022-08-03 10:58:18 -0700,2022-08-03 10:58:20 -0700,1
Watch,count,2022-08-03 13:55:30 -0700,2022-08-03 13:55:33 -0700,1
La Melodía,count,2022-08-03 08:41:46 -0700,2022-08-03 08:41:52 -0700,1
La Melodía,count,2022-08-03 10:58:16 -0700,2022-08-03 10:58:19 -0700,1
La Melodía,count,2022-08-03 13:55:28 -0700,2022-08-03 13:55:31 -0700,1
La Melodía,count,2022-08-04 09:25:46 -0700,2022-08-04 09:32:12 -0700,1
La Melodía,count,2022-08-04 09:55:08 -0700,2022-08-04 09:55:31 -0700,3
La Melodía,count,2022-08-04 12:03:02 -0700,2022-08-04 12:03:05 -0700,1
Watch,count,2022-08-04 19:18:20 -0700,2022-08-04 19:27:37 -0700,7
Watch,count,2022-08-04 19:31:58 -0700,2022-08-04 19:39:53 -0700,7
Watch,count,2022-08-04 19:44:57 -0700,2022-08-04 19:50:04 -0700,3
Watch,count,2022-08-04 19:59:07 -0700,2022-08-04 20:08:22 -0700,9
Watch,count,2022-08-04 20:09:28 -0700,2022-08-04 20:09:31 -0700,1
La Melodía,count,2022-08-04 19:18:16 -0700,2022-08-04 19:27:34 -0700,9
La Melodía,count,2022-08-04 19:31:52 -0700,2022-08-04 19:39:42 -0700,7
La Melodía,count,2022-08-04 19:44:49 -0700,2022-08-04 19:50:04 -0700,3
La Melodía,count,2022-08-04 19:58:45 -0700,2022-08-04 20:08:20 -0700,12
La Melodía,count,2022-08-04 20:09:27 -0700,2022-08-04 20:09:29 -0700,1
La Melodía,count,2022-08-05 08:34:48 -0700,2022-08-05 08:43:37 -0700,3
La Melodía,count,2022-08-05 09:02:40 -0700,2022-08-05 09:03:28 -0700,1
La Melodía,count,2022-08-05 09:23:30 -0700,2022-08-05 09:30:29 -0700,2
La Melodía,count,2022-08-05 10:10:02 -0700,2022-08-05 10:20:18 -0700,1
La Melodía,count,2022-08-05 10:34:39 -0700,2022-08-05 10:34:42 -0700,1
La Melodía,count,2022-08-05 13:26:54 -0700,2022-08-05 13:26:57 -0700,1
La Melodía,count,2022-08-05 13:50:49 -0700,2022-08-05 13:54:51 -0700,2
Watch,count,2022-08-05 08:34:49 -0700,2022-08-05 08:34:51 -0700,1
Watch,count,2022-08-05 09:02:28 -0700,2022-08-05 09:16:53 -0700,1
Watch,count,2022-08-05 09:23:33 -0700,2022-08-05 09:33:08 -0700,2
Watch,count,2022-08-05 09:45:39 -0700,2022-08-05 09:45:41 -0700,1
Watch,count,2022-08-05 10:10:13 -0700,2022-08-05 10:10:16 -0700,1
Watch,count,2022-08-05 13:23:27 -0700,2022-08-05 13:26:59 -0700,2
Watch,count,2022-08-05 13:50:50 -0700,2022-08-05 13:54:54 -0700,2
Watch,count,2022-08-05 14:16:42 -0700,2022-08-05 14:16:44 -0700,1
La Melodía,count,2022-08-05 19:45:44 -0700,2022-08-05 19:47:59 -0700,4
La Melodía,count,2022-08-05 19:56:46 -0700,2022-08-05 19:59:58 -0700,2
Watch,count,2022-08-05 19:45:45 -0700,2022-08-05 19:48:19 -0700,6
Watch,count,2022-08-05 19:56:47 -0700,2022-08-05 19:59:59 -0700,2
La Melodía,count,2022-08-05 20:15:57 -0700,2022-08-05 20:18:53 -0700,4
La Melodía,count,2022-08-05 20:36:06 -0700,2022-08-05 20:36:11 -0700,1
Watch,count,2022-08-05 20:13:27 -0700,2022-08-05 20:18:44 -0700,4
Watch,count,2022-08-05 20:36:17 -0700,2022-08-05 20:37:54 -0700,2
La Melodía,count,2022-08-08 08:39:45 -0700,2022-08-08 08:44:23 -0700,3
La Melodía,count,2022-08-08 09:00:17 -0700,2022-08-08 09:00:19 -0700,1
La Melodía,count,2022-08-08 09:48:54 -0700,2022-08-08 09:48:56 -0700,1
La Melodía,count,2022-08-08 12:49:56 -0700,2022-08-08 12:49:58 -0700,1
La Melodía,count,2022-08-08 16:05:18 -0700,2022-08-08 16:05:21 -0700,1
La Melodía,count,2022-08-08 16:17:32 -0700,2022-08-08 16:19:19 -0700,2
La Melodía,count,2022-08-08 16:41:18 -0700,2022-08-08 16:41:21 -0700,1
La Melodía,count,2022-08-08 17:02:13 -0700,2022-08-08 17:08:42 -0700,4
La Melodía,count,2022-08-08 17:34:39 -0700,2022-08-08 17:34:59 -0700,1
La Melodía,count,2022-08-08 18:55:37 -0700,2022-08-08 19:01:45 -0700,5
La Melodía,count,2022-08-08 19:08:47 -0700,2022-08-08 19:15:18 -0700,5
La Melodía,count,2022-08-08 19:22:53 -0700,2022-08-08 19:29:54 -0700,2
La Melodía,count,2022-08-08 19:37:40 -0700,2022-08-08 19:45:10 -0700,7
La Melodía,count,2022-08-08 19:49:43 -0700,2022-08-08 19:59:29 -0700,4
La Melodía,count,2022-08-08 19:59:49 -0700,2022-08-08 19:59:52 -0700,1
Watch,count,2022-08-09 14:26:30 -0700,2022-08-09 14:26:33 -0700,1
Watch,count,2022-08-09 14:58:02 -0700,2022-08-09 14:58:18 -0700,2
Watch,count,2022-08-09 15:14:13 -0700,2022-08-09 15:14:15 -0700,1
La Melodía,count,2022-08-09 20:13:12 -0700,2022-08-09 20:21:18 -0700,7
La Melodía,count,2022-08-09 20:34:20 -0700,2022-08-09 20:35:22 -0700,4
La Melodía,count,2022-08-10 08:31:01 -0700,2022-08-10 08:38:13 -0700,3
Watch,count,2022-08-09 20:13:13 -0700,2022-08-09 20:21:21 -0700,6
Watch,count,2022-08-09 20:34:33 -0700,2022-08-09 20:35:24 -0700,3
Watch,count,2022-08-10 08:31:04 -0700,2022-08-10 08:38:17 -0700,3
Watch,count,2022-08-10 08:49:20 -0700,2022-08-10 08:49:22 -0700,1
Watch,count,2022-08-10 09:33:37 -0700,2022-08-10 09:42:47 -0700,3
Watch,count,2022-08-10 09:53:56 -0700,2022-08-10 09:53:58 -0700,1
Watch,count,2022-08-10 10:02:33 -0700,2022-08-10 10:08:08 -0700,1
Watch,count,2022-08-10 10:10:21 -0700,2022-08-10 10:15:24 -0700,1
Watch,count,2022-08-10 11:38:29 -0700,2022-08-10 11:38:31 -0700,1
Watch,count,2022-08-10 12:02:18 -0700,2022-08-10 12:02:20 -0700,1
Watch,count,2022-08-10 12:23:35 -0700,2022-08-10 12:23:38 -0700,1
Watch,count,2022-08-10 12:53:45 -0700,2022-08-10 12:53:48 -0700,1
Watch,count,2022-08-10 13:29:59 -0700,2022-08-10 13:30:02 -0700,1
La Melodía,count,2022-08-10 08:49:16 -0700,2022-08-10 08:49:18 -0700,1
La Melodía,count,2022-08-10 09:33:34 -0700,2022-08-10 09:41:37 -0700,3
La Melodía,count,2022-08-10 09:53:51 -0700,2022-08-10 10:02:37 -0700,2
La Melodía,count,2022-08-10 10:10:18 -0700,2022-08-10 10:11:37 -0700,1
La Melodía,count,2022-08-10 11:38:28 -0700,2022-08-10 11:38:30 -0700,1
La Melodía,count,2022-08-10 12:02:14 -0700,2022-08-10 12:02:17 -0700,1
La Melodía,count,2022-08-10 12:23:32 -0700,2022-08-10 12:23:35 -0700,1
La Melodía,count,2022-08-10 12:53:45 -0700,2022-08-10 12:53:47 -0700,1
La Melodía,count,2022-08-10 13:29:58 -0700,2022-08-10 13:30:00 -0700,1
La Melodía,count,2022-08-10 14:24:56 -0700,2022-08-10 14:24:58 -0700,1
La Melodía,count,2022-08-10 14:25:01 -0700,2022-08-10 15:00:53 -0700,1
La Melodía,count,2022-08-10 15:33:41 -0700,2022-08-10 15:33:44 -0700,1
La Melodía,count,2022-08-10 16:24:16 -0700,2022-08-10 16:24:18 -0700,1
La Melodía,count,2022-08-10 17:20:07 -0700,2022-08-10 17:29:42 -0700,3
La Melodía,count,2022-08-10 17:36:44 -0700,2022-08-10 17:44:01 -0700,3
La Melodía,count,2022-08-10 17:54:58 -0700,2022-08-10 18:00:00 -0700,2
La Melodía,count,2022-08-10 18:20:01 -0700,2022-08-10 18:20:04 -0700,1
La Melodía,count,2022-08-10 18:34:46 -0700,2022-08-10 18:42:51 -0700,2
La Melodía,count,2022-08-10 18:46:29 -0700,2022-08-10 18:46:31 -0700,1
La Melodía,count,2022-08-10 19:00:48 -0700,2022-08-10 19:03:52 -0700,2
La Melodía,count,2022-08-10 19:13:37 -0700,2022-08-10 19:20:59 -0700,2
La Melodía,count,2022-08-10 19:35:57 -0700,2022-08-10 19:43:29 -0700,3
La Melodía,count,2022-08-10 19:51:35 -0700,2022-08-10 19:53:40 -0700,2
Watch,count,2022-08-10 15:33:45 -0700,2022-08-10 15:33:48 -0700,1
Watch,count,2022-08-10 16:24:19 -0700,2022-08-10 16:24:22 -0700,1
Watch,count,2022-08-10 17:20:08 -0700,2022-08-10 17:29:42 -0700,3
Watch,count,2022-08-10 17:36:47 -0700,2022-08-10 17:44:05 -0700,3
Watch,count,2022-08-10 17:55:03 -0700,2022-08-10 18:00:02 -0700,2
Watch,count,2022-08-10 18:20:03 -0700,2022-08-10 18:20:05 -0700,1
Watch,count,2022-08-10 18:34:49 -0700,2022-08-10 18:42:53 -0700,2
Watch,count,2022-08-10 18:46:30 -0700,2022-08-10 18:46:33 -0700,1
Watch,count,2022-08-10 19:00:55 -0700,2022-08-10 19:03:52 -0700,2
Watch,count,2022-08-10 19:13:41 -0700,2022-08-10 19:21:14 -0700,2
Watch,count,2022-08-10 19:36:02 -0700,2022-08-10 19:43:33 -0700,3
Watch,count,2022-08-10 19:51:39 -0700,2022-08-10 19:53:42 -0700,2
La Melodía,count,2022-08-11 08:19:45 -0700,2022-08-11 08:20:05 -0700,2
La Melodía,count,2022-08-11 08:42:17 -0700,2022-08-11 08:43:44 -0700,3
Watch,count,2022-08-11 08:10:56 -0700,2022-08-11 08:20:06 -0700,3
Watch,count,2022-08-11 08:42:20 -0700,2022-08-11 08:42:58 -0700,3
La Melodía,count,2022-08-11 09:55:24 -0700,2022-08-11 10:02:28 -0700,3
La Melodía,count,2022-08-11 10:11:05 -0700,2022-08-11 10:17:00 -0700,2
La Melodía,count,2022-08-11 10:33:06 -0700,2022-08-11 10:33:17 -0700,1
La Melodía,count,2022-08-11 10:43:35 -0700,2022-08-11 10:43:38 -0700,1
La Melodía,count,2022-08-11 15:47:23 -0700,2022-08-11 15:47:26 -0700,1
Watch,count,2022-08-11 09:38:38 -0700,2022-08-11 09:38:40 -0700,1
Watch,count,2022-08-11 09:55:27 -0700,2022-08-11 10:02:32 -0700,3
Watch,count,2022-08-11 10:17:03 -0700,2022-08-11 10:17:05 -0700,1
Watch,count,2022-08-11 10:33:13 -0700,2022-08-11 10:33:37 -0700,1
Watch,count,2022-08-11 10:43:41 -0700,2022-08-11 10:45:13 -0700,1
Watch,count,2022-08-11 13:06:52 -0700,2022-08-11 13:06:55 -0700,1
Watch,count,2022-08-11 14:22:49 -0700,2022-08-11 14:22:51 -0700,1
Watch,count,2022-08-11 15:47:27 -0700,2022-08-11 15:47:29 -0700,1
La Melodía,count,2022-08-11 16:44:01 -0700,2022-08-11 16:44:03 -0700,1
La Melodía,count,2022-08-12 08:27:28 -0700,2022-08-12 08:36:22 -0700,4
La Melodía,count,2022-08-12 08:39:13 -0700,2022-08-12 08:39:16 -0700,1
La Melodía,count,2022-08-12 08:59:46 -0700,2022-08-12 09:05:00 -0700,2
Watch,count,2022-08-11 16:44:02 -0700,2022-08-11 16:44:05 -0700,1
Watch,count,2022-08-11 17:33:10 -0700,2022-08-11 17:38:12 -0700,2
Watch,count,2022-08-11 19:25:31 -0700,2022-08-11 19:25:41 -0700,3
Watch,count,2022-08-12 07:37:53 -0700,2022-08-12 07:43:57 -0700,6
Watch,count,2022-08-12 08:27:28 -0700,2022-08-12 08:36:24 -0700,4
Watch,count,2022-08-12 08:39:18 -0700,2022-08-12 08:39:20 -0700,1
La Melodía,count,2022-08-12 10:10:39 -0700,2022-08-12 10:12:19 -0700,1
La Melodía,count,2022-08-12 14:05:58 -0700,2022-08-12 14:06:19 -0700,2
La Melodía,count,2022-08-12 14:22:40 -0700,2022-08-12 14:22:43 -0700,1
La Melodía,count,2022-08-12 14:38:24 -0700,2022-08-12 14:38:26 -0700,1
Watch,count,2022-08-12 08:59:44 -0700,2022-08-12 09:01:59 -0700,1
Watch,count,2022-08-12 14:05:24 -0700,2022-08-12 14:06:23 -0700,2
Watch,count,2022-08-12 14:38:24 -0700,2022-08-12 14:38:26 -0700,1
La Melodía,count,2022-08-12 16:35:11 -0700,2022-08-12 16:35:14 -0700,1
La Melodía,count,2022-08-12 17:01:31 -0700,2022-08-12 17:01:34 -0700,1
La Melodía,count,2022-08-12 17:28:35 -0700,2022-08-12 17:28:37 -0700,1
La Melodía,count,2022-08-12 19:20:28 -0700,2022-08-12 19:30:21 -0700,5
La Melodía,count,2022-08-12 19:32:34 -0700,2022-08-12 19:39:59 -0700,7
La Melodía,count,2022-08-12 19:45:39 -0700,2022-08-12 19:52:38 -0700,6
La Melodía,count,2022-08-12 19:57:45 -0700,2022-08-12 20:01:30 -0700,4
Watch,count,2022-08-12 16:35:12 -0700,2022-08-12 16:35:15 -0700,1
Watch,count,2022-08-12 17:01:29 -0700,2022-08-12 17:01:32 -0700,1
Watch,count,2022-08-12 19:27:27 -0700,2022-08-12 19:35:25 -0700,10
Watch,count,2022-08-12 19:39:18 -0700,2022-08-12 19:46:17 -0700,7
Watch,count,2022-08-12 19:51:08 -0700,2022-08-12 19:59:06 -0700,7
Watch,count,2022-08-12 20:01:27 -0700,2022-08-12 20:01:30 -0700,1
La Melodía,count,2022-08-15 07:31:35 -0700,2022-08-15 07:31:37 -0700,1
La Melodía,count,2022-08-15 09:14:37 -0700,2022-08-15 09:15:31 -0700,3
Watch,count,2022-08-15 09:14:39 -0700,2022-08-15 09:15:32 -0700,3
Watch,count,2022-08-15 10:37:32 -0700,2022-08-15 10:37:48 -0700,2
Watch,count,2022-08-15 12:11:13 -0700,2022-08-15 12:11:16 -0700,1
Watch,count,2022-08-15 13:16:11 -0700,2022-08-15 13:16:13 -0700,1
Watch,count,2022-08-15 14:41:49 -0700,2022-08-15 14:44:25 -0700,1
Watch,count,2022-08-15 15:12:05 -0700,2022-08-15 15:12:07 -0700,1
Watch,count,2022-08-15 16:01:04 -0700,2022-08-15 16:01:07 -0700,1
La Melodía,count,2022-08-15 10:37:33 -0700,2022-08-15 10:37:53 -0700,2
La Melodía,count,2022-08-15 12:11:09 -0700,2022-08-15 12:11:12 -0700,1
La Melodía,count,2022-08-15 13:16:09 -0700,2022-08-15 13:16:12 -0700,1
La Melodía,count,2022-08-15 14:41:48 -0700,2022-08-15 14:41:50 -0700,1
La Melodía,count,2022-08-15 15:12:00 -0700,2022-08-15 15:12:03 -0700,1
La Melodía,count,2022-08-15 15:36:25 -0700,2022-08-15 15:37:47 -0700,1
La Melodía,count,2022-08-15 16:01:03 -0700,2022-08-15 16:01:05 -0700,1
La Melodía,count,2022-08-15 17:22:33 -0700,2022-08-15 17:31:12 -0700,15
La Melodía,count,2022-08-15 17:51:04 -0700,2022-08-15 17:51:06 -0700,1
La Melodía,count,2022-08-15 18:28:13 -0700,2022-08-15 18:37:33 -0700,16
La Melodía,count,2022-08-15 18:38:42 -0700,2022-08-15 18:48:40 -0700,15
La Melodía,count,2022-08-15 18:50:25 -0700,2022-08-15 18:57:58 -0700,11
La Melodía,count,2022-08-15 19:00:59 -0700,2022-08-15 19:03:30 -0700,7
La Melodía,count,2022-08-15 19:12:16 -0700,2022-08-15 19:12:34 -0700,2
La Melodía,count,2022-08-15 19:38:34 -0700,2022-08-15 19:38:36 -0700,1
Watch,count,2022-08-15 17:22:35 -0700,2022-08-15 17:31:09 -0700,14
Watch,count,2022-08-15 17:51:08 -0700,2022-08-15 17:51:11 -0700,1
Watch,count,2022-08-15 18:28:12 -0700,2022-08-15 18:37:35 -0700,17
Watch,count,2022-08-15 18:38:44 -0700,2022-08-15 18:48:42 -0700,14
Watch,count,2022-08-15 18:50:24 -0700,2022-08-15 18:58:27 -0700,11
Watch,count,2022-08-15 19:01:01 -0700,2022-08-15 19:05:11 -0700,7
Watch,count,2022-08-15 19:12:15 -0700,2022-08-15 19:12:38 -0700,2
Watch,count,2022-08-15 19:38:40 -0700,2022-08-15 19:38:42 -0700,1
Watch,count,2022-08-15 19:49:55 -0700,2022-08-15 19:49:57 -0700,1
Watch,count,2022-08-15 21:01:40 -0700,2022-08-15 21:01:42 -0700,1
La Melodía,count,2022-08-15 19:49:54 -0700,2022-08-15 19:49:56 -0700,1
La Melodía,count,2022-08-15 21:01:37 -0700,2022-08-15 21:01:39 -0700,1
Watch,count,2022-08-16 10:39:58 -0700,2022-08-16 10:40:00 -0700,1
Watch,count,2022-08-16 11:19:07 -0700,2022-08-16 11:19:32 -0700,2
Watch,count,2022-08-16 11:43:01 -0700,2022-08-16 11:47:50 -0700,2
Watch,count,2022-08-16 12:54:43 -0700,2022-08-16 12:57:27 -0700,1
Watch,count,2022-08-16 13:18:27 -0700,2022-08-16 13:18:29 -0700,1
Watch,count,2022-08-16 13:28:18 -0700,2022-08-16 13:32:21 -0700,2
La Melodía,count,2022-08-16 11:19:05 -0700,2022-08-16 11:19:33 -0700,2
La Melodía,count,2022-08-16 11:42:59 -0700,2022-08-16 11:47:45 -0700,2
La Melodía,count,2022-08-16 12:54:44 -0700,2022-08-16 12:54:46 -0700,1
La Melodía,count,2022-08-16 13:18:23 -0700,2022-08-16 13:28:18 -0700,2
La Melodía,count,2022-08-16 13:32:16 -0700,2022-08-16 13:32:19 -0700,1
La Melodía,count,2022-08-16 14:51:15 -0700,2022-08-16 14:53:28 -0700,2
La Melodía,count,2022-08-16 15:41:19 -0700,2022-08-16 15:51:05 -0700,2
La Melodía,count,2022-08-16 16:38:12 -0700,2022-08-16 16:47:04 -0700,2
La Melodía,count,2022-08-16 16:59:53 -0700,2022-08-16 16:59:56 -0700,1
Watch,count,2022-08-16 14:21:21 -0700,2022-08-16 14:21:44 -0700,3
Watch,count,2022-08-16 14:51:19 -0700,2022-08-16 14:53:34 -0700,2
Watch,count,2022-08-16 15:51:06 -0700,2022-08-16 15:51:09 -0700,1
Watch,count,2022-08-16 16:38:13 -0700,2022-08-16 16:38:16 -0700,1
La Melodía,count,2022-08-17 10:21:27 -0700,2022-08-17 10:21:30 -0700,1
La Melodía,count,2022-08-17 11:57:16 -0700,2022-08-17 12:00:30 -0700,1
La Melodía,count,2022-08-17 13:50:57 -0700,2022-08-17 14:00:42 -0700,2
Watch,count,2022-08-17 07:46:38 -0700,2022-08-17 07:46:53 -0700,2
Watch,count,2022-08-17 10:21:32 -0700,2022-08-17 10:21:34 -0700,1
Watch,count,2022-08-17 11:57:23 -0700,2022-08-17 11:57:25 -0700,1
La Melodía,count,2022-08-17 14:14:18 -0700,2022-08-17 14:19:58 -0700,1
La Melodía,count,2022-08-17 14:26:03 -0700,2022-08-17 14:26:06 -0700,1
La Melodía,count,2022-08-17 14:44:22 -0700,2022-08-17 14:44:25 -0700,1
La Melodía,count,2022-08-17 17:11:43 -0700,2022-08-17 17:11:45 -0700,1
Watch,count,2022-08-17 13:45:11 -0700,2022-08-17 13:47:35 -0700,2
Watch,count,2022-08-17 14:14:28 -0700,2022-08-17 14:14:30 -0700,1
Watch,count,2022-08-17 14:26:07 -0700,2022-08-17 14:26:09 -0700,1
Watch,count,2022-08-17 14:44:25 -0700,2022-08-17 14:44:28 -0700,1
Watch,count,2022-08-17 17:11:47 -0700,2022-08-17 17:11:50 -0700,1
Watch,count,2022-08-18 08:27:07 -0700,2022-08-18 08:34:53 -0700,2
Watch,count,2022-08-18 08:49:00 -0700,2022-08-18 08:50:48 -0700,2
Watch,count,2022-08-18 09:01:26 -0700,2022-08-18 09:01:28 -0700,1
Watch,count,2022-08-18 09:12:44 -0700,2022-08-18 09:19:57 -0700,2
Watch,count,2022-08-18 09:26:11 -0700,2022-08-18 09:26:13 -0700,1
Watch,count,2022-08-18 09:42:11 -0700,2022-08-18 09:42:13 -0700,1
Watch,count,2022-08-18 10:37:07 -0700,2022-08-18 10:37:09 -0700,1
Watch,count,2022-08-18 10:47:54 -0700,2022-08-18 10:47:57 -0700,1
Watch,count,2022-08-18 10:51:58 -0700,2022-08-18 10:52:00 -0700,1
Watch,count,2022-08-18 10:54:49 -0700,2022-08-18 10:56:55 -0700,1
Watch,count,2022-08-18 11:05:24 -0700,2022-08-18 11:05:27 -0700,1
Watch,count,2022-08-18 11:53:28 -0700,2022-08-18 11:53:30 -0700,1
La Melodía,count,2022-08-18 08:50:02 -0700,2022-08-18 08:50:04 -0700,1
La Melodía,count,2022-08-18 09:14:16 -0700,2022-08-18 09:14:19 -0700,1
La Melodía,count,2022-08-18 09:26:07 -0700,2022-08-18 09:26:10 -0700,1
La Melodía,count,2022-08-18 09:42:08 -0700,2022-08-18 09:42:11 -0700,1
La Melodía,count,2022-08-18 10:36:56 -0700,2022-08-18 10:38:02 -0700,1
La Melodía,count,2022-08-18 10:47:53 -0700,2022-08-18 10:54:57 -0700,3
La Melodía,count,2022-08-18 11:05:21 -0700,2022-08-18 11:05:23 -0700,1
La Melodía,count,2022-08-18 13:12:39 -0700,2022-08-18 13:20:06 -0700,5
Watch,count,2022-08-18 16:46:44 -0700,2022-08-18 16:46:46 -0700,1
Watch,count,2022-08-18 16:48:31 -0700,2022-08-18 16:48:34 -0700,1
Watch,count,2022-08-18 16:50:29 -0700,2022-08-18 16:50:31 -0700,1
Watch,count,2022-08-18 16:53:38 -0700,2022-08-18 16:55:08 -0700,1
Watch,count,2022-08-18 17:00:35 -0700,2022-08-18 17:00:38 -0700,1
Watch,count,2022-08-18 17:11:59 -0700,2022-08-18 17:12:02 -0700,1
La Melodía,count,2022-08-18 16:46:41 -0700,2022-08-18 16:50:29 -0700,3
La Melodía,count,2022-08-18 17:00:32 -0700,2022-08-18 17:00:35 -0700,1
La Melodía,count,2022-08-18 17:11:58 -0700,2022-08-18 17:12:00 -0700,1
Watch,count,2022-08-19 08:17:05 -0700,2022-08-19 08:24:30 -0700,3
Watch,count,2022-08-19 08:37:59 -0700,2022-08-19 08:38:02 -0700,1
Watch,count,2022-08-19 08:47:58 -0700,2022-08-19 08:48:04 -0700,1
Watch,count,2022-08-19 08:58:10 -0700,2022-08-19 08:58:13 -0700,1
Watch,count,2022-08-19 09:12:59 -0700,2022-08-19 09:20:40 -0700,3
Watch,count,2022-08-19 09:30:16 -0700,2022-08-19 09:30:18 -0700,1
Watch,count,2022-08-19 10:06:30 -0700,2022-08-19 10:06:32 -0700,1
Watch,count,2022-08-19 10:20:37 -0700,2022-08-19 10:20:40 -0700,1
Watch,count,2022-08-19 10:53:26 -0700,2022-08-19 10:53:29 -0700,1
Watch,count,2022-08-19 13:20:45 -0700,2022-08-19 13:20:48 -0700,1
La Melodía,count,2022-08-19 08:17:01 -0700,2022-08-19 08:24:28 -0700,3
La Melodía,count,2022-08-19 08:37:58 -0700,2022-08-19 08:38:01 -0700,1
La Melodía,count,2022-08-19 08:47:59 -0700,2022-08-19 08:48:02 -0700,1
La Melodía,count,2022-08-19 09:12:49 -0700,2022-08-19 09:20:40 -0700,4
La Melodía,count,2022-08-19 09:30:15 -0700,2022-08-19 09:30:17 -0700,1
La Melodía,count,2022-08-19 10:06:25 -0700,2022-08-19 10:10:56 -0700,2
La Melodía,count,2022-08-19 10:53:23 -0700,2022-08-19 10:53:25 -0700,1
La Melodía,count,2022-08-19 11:11:26 -0700,2022-08-19 11:11:29 -0700,1
La Melodía,count,2022-08-19 13:20:46 -0700,2022-08-19 13:20:48 -0700,1
Watch,count,2022-08-20 14:44:31 -0700,2022-08-20 14:44:33 -0700,1
Watch,count,2022-08-20 15:06:42 -0700,2022-08-20 15:06:45 -0700,1
La Melodía,count,2022-08-20 14:44:38 -0700,2022-08-20 14:44:40 -0700,2
Watch,count,2022-08-20 15:43:04 -0700,2022-08-20 15:43:07 -0700,1
Watch,count,2022-08-20 15:58:26 -0700,2022-08-20 15:59:40 -0700,4
Watch,count,2022-08-20 16:32:17 -0700,2022-08-20 16:38:56 -0700,7
Watch,count,2022-08-20 16:47:21 -0700,2022-08-20 16:54:28 -0700,5
Watch,count,2022-08-20 17:24:44 -0700,2022-08-20 17:25:02 -0700,2
Watch,count,2022-08-20 17:44:35 -0700,2022-08-20 17:45:26 -0700,4
Watch,count,2022-08-20 17:59:57 -0700,2022-08-20 18:00:00 -0700,1
La Melodía,count,2022-08-20 15:43:00 -0700,2022-08-20 15:43:03 -0700,1
La Melodía,count,2022-08-20 15:58:23 -0700,2022-08-20 15:59:38 -0700,4
La Melodía,count,2022-08-20 16:13:46 -0700,2022-08-20 16:13:49 -0700,1
La Melodía,count,2022-08-20 16:32:13 -0700,2022-08-20 16:39:00 -0700,8
La Melodía,count,2022-08-20 16:47:57 -0700,2022-08-20 16:54:28 -0700,4
La Melodía,count,2022-08-20 17:00:44 -0700,2022-08-20 17:00:46 -0700,1
La Melodía,count,2022-08-20 17:24:56 -0700,2022-08-20 17:24:59 -0700,1
La Melodía,count,2022-08-20 17:44:35 -0700,2022-08-20 17:45:23 -0700,4
La Melodía,count,2022-08-20 18:00:00 -0700,2022-08-20 18:00:03 -0700,1
Watch,count,2022-08-22 08:23:06 -0700,2022-08-22 08:23:21 -0700,1
Watch,count,2022-08-22 11:28:32 -0700,2022-08-22 11:29:03 -0700,3
La Melodía,count,2022-08-22 08:23:09 -0700,2022-08-22 08:24:00 -0700,1
La Melodía,count,2022-08-22 11:29:15 -0700,2022-08-22 11:29:17 -0700,1
La Melodía,count,2022-08-22 15:18:37 -0700,2022-08-22 15:18:39 -0700,1
La Melodía,count,2022-08-27 14:08:53 -0700,2022-08-27 14:08:56 -0700,1
La Melodía,count,2022-08-27 14:37:59 -0700,2022-08-27 14:38:02 -0700,1
Watch,count,2022-08-30 18:45:30 -0700,2022-08-30 18:51:20 -0700,7
Watch,count,2022-08-30 18:56:09 -0700,2022-08-30 19:04:32 -0700,4
Watch,count,2022-08-30 19:23:34 -0700,2022-08-30 19:24:37 -0700,4
La Melodía,count,2022-08-30 18:45:30 -0700,2022-08-30 18:51:02 -0700,6
La Melodía,count,2022-08-30 18:56:09 -0700,2022-08-30 19:04:35 -0700,3
La Melodía,count,2022-08-30 19:23:41 -0700,2022-08-30 19:24:29 -0700,3
La Melodía,count,2022-09-01 07:36:48 -0700,2022-09-01 07:36:51 -0700,1
La Melodía,count,2022-09-01 08:13:22 -0700,2022-09-01 08:13:24 -0700,1
La Melodía,count,2022-09-01 08:29:56 -0700,2022-09-01 08:38:33 -0700,3
La Melodía,count,2022-09-01 09:01:31 -0700,2022-09-01 09:01:33 -0700,1
La Melodía,count,2022-09-01 09:28:54 -0700,2022-09-01 09:34:47 -0700,3
La Melodía,count,2022-09-01 09:47:52 -0700,2022-09-01 09:49:21 -0700,1
La Melodía,count,2022-09-01 10:05:53 -0700,2022-09-01 10:05:56 -0700,1
La Melodía,count,2022-09-01 10:20:50 -0700,2022-09-01 10:30:03 -0700,2
La Melodía,count,2022-09-01 10:32:18 -0700,2022-09-01 10:32:21 -0700,1
La Melodía,count,2022-09-01 10:42:21 -0700,2022-09-01 10:45:28 -0700,2
Watch,count,2022-09-01 08:30:01 -0700,2022-09-01 08:30:04 -0700,1
Watch,count,2022-09-01 08:38:31 -0700,2022-09-01 08:43:05 -0700,1
Watch,count,2022-09-01 09:01:28 -0700,2022-09-01 09:01:31 -0700,1
Watch,count,2022-09-01 09:28:57 -0700,2022-09-01 09:34:48 -0700,3
Watch,count,2022-09-01 09:47:59 -0700,2022-09-01 09:48:02 -0700,1
Watch,count,2022-09-01 10:20:51 -0700,2022-09-01 10:30:04 -0700,2
Watch,count,2022-09-01 10:32:19 -0700,2022-09-01 10:32:22 -0700,1
Watch,count,2022-09-01 10:42:24 -0700,2022-09-01 10:45:31 -0700,2
La Melodía,count,2022-09-01 11:17:20 -0700,2022-09-01 11:17:23 -0700,1
La Melodía,count,2022-09-01 13:54:42 -0700,2022-09-01 14:03:19 -0700,2
La Melodía,count,2022-09-01 15:56:37 -0700,2022-09-01 15:56:39 -0700,1
La Melodía,count,2022-09-01 16:37:34 -0700,2022-09-01 16:37:36 -0700,2
La Melodía,count,2022-09-01 18:24:30 -0700,2022-09-01 18:24:32 -0700,1
La Melodía,count,2022-09-01 18:36:21 -0700,2022-09-01 18:36:23 -0700,1
La Melodía,count,2022-09-02 07:23:41 -0700,2022-09-02 07:23:44 -0700,1
La Melodía,count,2022-09-02 08:38:12 -0700,2022-09-02 08:47:43 -0700,2
La Melodía,count,2022-09-02 08:52:08 -0700,2022-09-02 08:52:11 -0700,1
La Melodía,count,2022-09-02 09:56:21 -0700,2022-09-02 09:56:23 -0700,1
La Melodía,count,2022-09-02 10:11:08 -0700,2022-09-02 10:18:53 -0700,3
La Melodía,count,2022-09-02 10:36:16 -0700,2022-09-02 10:36:19 -0700,1
Watch,count,2022-09-01 11:17:23 -0700,2022-09-01 11:19:24 -0700,2
Watch,count,2022-09-01 12:08:23 -0700,2022-09-01 12:08:44 -0700,3
Watch,count,2022-09-01 13:54:42 -0700,2022-09-01 13:54:45 -0700,1
Watch,count,2022-09-01 15:56:39 -0700,2022-09-01 15:56:41 -0700,1
Watch,count,2022-09-01 16:15:51 -0700,2022-09-01 16:15:54 -0700,1
La Melodía,count,2022-09-02 16:03:20 -0700,2022-09-02 16:03:38 -0700,1
Watch,count,2022-09-01 16:37:27 -0700,2022-09-01 16:37:30 -0700,1
La Melodía,count,2022-09-03 08:27:46 -0700,2022-09-03 08:36:20 -0700,4
La Melodía,count,2022-09-03 08:37:57 -0700,2022-09-03 08:37:59 -0700,1
La Melodía,count,2022-09-03 08:59:02 -0700,2022-09-03 08:59:05 -0700,1
La Melodía,count,2022-09-03 09:20:33 -0700,2022-09-03 09:20:36 -0700,1
Watch,count,2022-09-03 01:00:50 -0700,2022-09-03 01:00:55 -0700,2
Watch,count,2022-09-03 01:00:58 -0700,2022-09-03 01:26:57 -0700,1
Watch,count,2022-09-03 08:27:48 -0700,2022-09-03 08:36:15 -0700,4
Watch,count,2022-09-03 08:38:00 -0700,2022-09-03 08:38:02 -0700,1
Watch,count,2022-09-03 08:59:09 -0700,2022-09-03 08:59:12 -0700,1
Watch,count,2022-09-03 09:20:35 -0700,2022-09-03 09:20:37 -0700,1
La Melodía,count,2022-09-03 09:51:26 -0700,2022-09-03 09:54:28 -0700,2
La Melodía,count,2022-09-03 10:01:22 -0700,2022-09-03 10:06:57 -0700,3
La Melodía,count,2022-09-03 10:32:10 -0700,2022-09-03 10:32:13 -0700,1
La Melodía,count,2022-09-03 10:59:54 -0700,2022-09-03 11:08:13 -0700,3
La Melodía,count,2022-09-03 11:14:49 -0700,2022-09-03 11:17:53 -0700,1
La Melodía,count,2022-09-03 12:19:45 -0700,2022-09-03 12:19:48 -0700,1
La Melodía,count,2022-09-03 12:31:03 -0700,2022-09-03 12:37:31 -0700,3
La Melodía,count,2022-09-03 12:50:26 -0700,2022-09-03 12:50:28 -0700,1
La Melodía,count,2022-09-03 13:39:48 -0700,2022-09-03 13:40:06 -0700,1
Watch,count,2022-09-03 09:51:31 -0700,2022-09-03 09:54:31 -0700,2
Watch,count,2022-09-03 10:01:20 -0700,2022-09-03 10:06:58 -0700,3
Watch,count,2022-09-03 10:32:09 -0700,2022-09-03 10:38:41 -0700,1
Watch,count,2022-09-03 10:59:59 -0700,2022-09-03 11:01:47 -0700,2
Watch,count,2022-09-03 11:14:48 -0700,2022-09-03 11:14:50 -0700,1
Watch,count,2022-09-03 12:19:46 -0700,2022-09-03 12:19:48 -0700,1
Watch,count,2022-09-03 12:31:07 -0700,2022-09-03 12:37:33 -0700,3
Watch,count,2022-09-03 12:50:29 -0700,2022-09-03 12:50:32 -0700,1
Watch,count,2022-09-03 13:39:52 -0700,2022-09-03 13:40:05 -0700,1
La Melodía,count,2022-09-06 17:16:55 -0700,2022-09-06 17:16:57 -0700,1
La Melodía,count,2022-09-06 18:25:20 -0700,2022-09-06 18:25:23 -0700,1
La Melodía,count,2022-09-07 10:55:48 -0700,2022-09-07 10:55:51 -0700,1
La Melodía,count,2022-09-08 09:16:48 -0700,2022-09-08 09:22:46 -0700,3
Watch,count,2022-09-08 09:17:44 -0700,2022-09-08 09:17:47 -0700,1
Watch,count,2022-09-08 09:22:44 -0700,2022-09-08 09:22:46 -0700,1
La Melodía,count,2022-09-08 09:38:17 -0700,2022-09-08 09:39:20 -0700,1
La Melodía,count,2022-09-08 10:01:45 -0700,2022-09-08 10:09:33 -0700,2
La Melodía,count,2022-09-08 10:12:17 -0700,2022-09-08 10:12:19 -0700,1
La Melodía,count,2022-09-08 10:37:30 -0700,2022-09-08 10:40:22 -0700,1
La Melodía,count,2022-09-08 12:03:05 -0700,2022-09-08 12:08:07 -0700,2
La Melodía,count,2022-09-08 12:14:54 -0700,2022-09-08 12:14:56 -0700,1
La Melodía,count,2022-09-08 12:40:20 -0700,2022-09-08 12:46:31 -0700,2
La Melodía,count,2022-09-08 13:06:50 -0700,2022-09-08 13:06:53 -0700,1
La Melodía,count,2022-09-08 13:35:03 -0700,2022-09-08 13:35:05 -0700,1
Watch,count,2022-09-08 09:38:18 -0700,2022-09-08 09:38:21 -0700,1
Watch,count,2022-09-08 10:01:50 -0700,2022-09-08 10:01:52 -0700,1
Watch,count,2022-09-08 10:09:31 -0700,2022-09-08 10:09:36 -0700,1
Watch,count,2022-09-08 10:12:20 -0700,2022-09-08 10:12:22 -0700,1
Watch,count,2022-09-08 10:37:31 -0700,2022-09-08 10:40:15 -0700,1
Watch,count,2022-09-08 11:20:40 -0700,2022-09-08 11:20:42 -0700,1
Watch,count,2022-09-08 12:03:05 -0700,2022-09-08 12:03:36 -0700,1
Watch,count,2022-09-08 12:08:07 -0700,2022-09-08 12:08:10 -0700,1
Watch,count,2022-09-08 12:14:57 -0700,2022-09-08 12:15:00 -0700,1
Watch,count,2022-09-08 12:40:23 -0700,2022-09-08 12:40:26 -0700,1
Watch,count,2022-09-08 12:46:32 -0700,2022-09-08 12:51:06 -0700,1
Watch,count,2022-09-08 13:35:06 -0700,2022-09-08 13:35:09 -0700,1
Watch,count,2022-09-08 14:25:23 -0700,2022-09-08 14:25:25 -0700,1
La Melodía,count,2022-09-08 16:00:19 -0700,2022-09-08 16:00:21 -0700,1
La Melodía,count,2022-09-08 16:23:14 -0700,2022-09-08 16:23:17 -0700,1
La Melodía,count,2022-09-09 08:38:23 -0700,2022-09-09 08:38:46 -0700,2
La Melodía,count,2022-09-09 10:02:03 -0700,2022-09-09 10:02:06 -0700,1
La Melodía,count,2022-09-09 10:19:09 -0700,2022-09-09 10:19:16 -0700,1
La Melodía,count,2022-09-09 11:04:41 -0700,2022-09-09 11:04:44 -0700,1
La Melodía,count,2022-09-09 11:42:16 -0700,2022-09-09 11:42:19 -0700,1
La Melodía,count,2022-09-09 11:59:11 -0700,2022-09-09 11:59:14 -0700,1
La Melodía,count,2022-09-09 13:26:55 -0700,2022-09-09 13:26:58 -0700,1
La Melodía,count,2022-09-09 14:32:17 -0700,2022-09-09 14:38:20 -0700,3
La Melodía,count,2022-09-09 22:20:37 -0700,2022-09-09 22:20:40 -0700,1
Watch,count,2022-09-08 14:52:26 -0700,2022-09-08 14:52:29 -0700,1
Watch,count,2022-09-08 16:00:21 -0700,2022-09-08 16:00:24 -0700,1
Watch,count,2022-09-08 16:23:16 -0700,2022-09-08 16:23:19 -0700,1
Watch,count,2022-09-08 16:39:19 -0700,2022-09-08 16:39:37 -0700,2
La Melodía,count,2022-09-11 18:33:50 -0700,2022-09-11 18:38:00 -0700,2
La Melodía,count,2022-09-11 18:44:29 -0700,2022-09-11 18:44:31 -0700,1
Watch,count,2022-09-16 14:45:55 -0700,2022-09-16 14:53:58 -0700,8
Watch,count,2022-09-16 14:56:49 -0700,2022-09-16 15:00:06 -0700,4
Watch,count,2022-09-16 15:07:41 -0700,2022-09-16 15:14:35 -0700,7
Watch,count,2022-09-16 15:19:14 -0700,2022-09-16 15:19:16 -0700,1
La Melodía,count,2022-09-16 14:45:51 -0700,2022-09-16 14:53:29 -0700,7
La Melodía,count,2022-09-16 14:57:52 -0700,2022-09-16 15:07:43 -0700,4
La Melodía,count,2022-09-16 15:07:55 -0700,2022-09-16 15:14:34 -0700,6
La Melodía,count,2022-09-16 15:19:18 -0700,2022-09-16 15:24:38 -0700,2
Watch,count,2022-09-21 18:00:48 -0700,2022-09-21 18:00:51 -0700,1
Watch,count,2022-09-23 10:07:39 -0700,2022-09-23 10:17:03 -0700,4
Watch,count,2022-09-23 10:21:09 -0700,2022-09-23 10:29:15 -0700,6
Watch,count,2022-09-23 11:48:31 -0700,2022-09-23 11:49:20 -0700,3
La Melodía,count,2022-09-23 10:06:46 -0700,2022-09-23 10:10:41 -0700,5
La Melodía,count,2022-09-23 10:17:00 -0700,2022-09-23 10:26:25 -0700,5
La Melodía,count,2022-09-23 10:28:48 -0700,2022-09-23 10:29:11 -0700,2
La Melodía,count,2022-09-23 11:48:33 -0700,2022-09-23 11:49:16 -0700,3
La Melodía,count,2022-09-23 12:00:59 -0700,2022-09-23 12:01:02 -0700,1
La Melodía,count,2022-09-23 13:07:19 -0700,2022-09-23 13:07:34 -0700,2
La Melodía,count,2022-09-23 14:31:16 -0700,2022-09-23 14:31:18 -0700,1
Watch,count,2022-09-23 13:07:23 -0700,2022-09-23 13:07:38 -0700,2
Watch,count,2022-09-23 14:31:17 -0700,2022-09-23 14:31:20 -0700,1
Watch,count,2022-09-24 15:03:42 -0700,2022-09-24 15:10:46 -0700,7
Watch,count,2022-09-24 15:14:52 -0700,2022-09-24 15:24:50 -0700,4
La Melodía,count,2022-09-24 15:03:46 -0700,2022-09-24 15:10:45 -0700,7
La Melodía,count,2022-09-24 15:14:51 -0700,2022-09-24 15:24:44 -0700,4
La Melodía,count,2022-09-24 15:24:54 -0700,2022-09-24 15:27:56 -0700,3
Watch,count,2022-09-24 15:25:00 -0700,2022-09-24 15:27:59 -0700,3
Watch,count,2022-09-25 13:21:01 -0700,2022-09-25 13:21:04 -0700,1
La Melodía,count,2022-09-25 13:21:01 -0700,2022-09-25 13:21:03 -0700,1
La Melodía,count,2022-09-26 10:37:36 -0700,2022-09-26 10:38:35 -0700,4
La Melodía,count,2022-09-26 10:54:24 -0700,2022-09-26 10:57:48 -0700,5
Watch,count,2022-09-26 10:37:22 -0700,2022-09-26 10:38:36 -0700,5
Watch,count,2022-09-26 10:55:15 -0700,2022-09-26 10:57:48 -0700,3
Watch,count,2022-09-28 11:50:03 -0700,2022-09-28 11:59:27 -0700,10
Watch,count,2022-09-28 12:07:28 -0700,2022-09-28 12:07:31 -0700,1
Watch,count,2022-09-28 13:22:23 -0700,2022-09-28 13:24:56 -0700,3
La Melodía,count,2022-09-28 11:50:03 -0700,2022-09-28 11:59:18 -0700,9
La Melodía,count,2022-09-28 12:07:18 -0700,2022-09-28 12:07:57 -0700,2
La Melodía,count,2022-09-28 13:22:21 -0700,2022-09-28 13:24:55 -0700,3
La Melodía,count,2022-09-28 14:34:48 -0700,2022-09-28 14:40:20 -0700,2
La Melodía,count,2022-09-30 11:15:14 -0700,2022-09-30 11:23:37 -0700,7
La Melodía,count,2022-09-30 13:14:20 -0700,2022-09-30 13:18:53 -0700,2
Watch,count,2022-09-30 11:15:23 -0700,2022-09-30 11:23:39 -0700,6
Watch,count,2022-09-30 13:14:22 -0700,2022-09-30 13:14:24 -0700,1
Watch,count,2022-09-30 13:18:53 -0700,2022-09-30 13:18:56 -0700,1
La Melodía,count,2022-10-01 13:24:54 -0700,2022-10-01 13:32:52 -0700,6
La Melodía,count,2022-10-01 13:43:59 -0700,2022-10-01 13:45:03 -0700,4
Watch,count,2022-10-03 11:09:31 -0700,2022-10-03 11:17:02 -0700,6
Watch,count,2022-10-03 13:23:46 -0700,2022-10-03 13:30:00 -0700,11
La Melodía,count,2022-10-03 11:09:15 -0700,2022-10-03 11:16:58 -0700,6
La Melodía,count,2022-10-03 13:23:37 -0700,2022-10-03 13:29:58 -0700,11
La Melodía,count,2022-10-05 13:37:48 -0700,2022-10-05 13:47:41 -0700,12
La Melodía,count,2022-10-05 13:47:51 -0700,2022-10-05 13:56:51 -0700,11
La Melodía,count,2022-10-05 13:58:05 -0700,2022-10-05 13:58:08 -0700,1
Watch,count,2022-10-05 13:37:50 -0700,2022-10-05 13:47:42 -0700,9
Watch,count,2022-10-05 13:47:54 -0700,2022-10-05 13:56:47 -0700,11
Watch,count,2022-10-05 13:58:06 -0700,2022-10-05 13:58:09 -0700,1
Watch,count,2022-10-10 13:50:47 -0700,2022-10-10 13:51:51 -0700,4
La Melodía,count,2022-10-10 13:50:42 -0700,2022-10-10 13:51:49 -0700,4
La Melodía,count,2022-10-11 12:57:46 -0700,2022-10-11 12:57:48 -0700,1
La Melodía,count,2022-10-11 13:24:47 -0700,2022-10-11 13:28:37 -0700,2
Watch,count,2022-10-11 12:57:46 -0700,2022-10-11 12:57:48 -0700,1
La Melodía,count,2022-10-11 18:22:00 -0700,2022-10-11 18:22:18 -0700,2
La Melodía,count,2022-10-11 19:44:09 -0700,2022-10-11 19:44:12 -0700,1
La Melodía,count,2022-10-11 20:20:48 -0700,2022-10-11 20:30:41 -0700,9
La Melodía,count,2022-10-11 20:30:51 -0700,2022-10-11 20:30:54 -0700,1
Watch,count,2022-10-11 18:22:05 -0700,2022-10-11 18:22:21 -0700,2
Watch,count,2022-10-11 20:20:48 -0700,2022-10-11 20:30:44 -0700,8
Watch,count,2022-10-11 20:30:57 -0700,2022-10-11 20:30:59 -0700,1
Watch,count,2022-10-13 10:31:48 -0700,2022-10-13 10:35:53 -0700,4
Watch,count,2022-10-13 10:42:48 -0700,2022-10-13 10:42:51 -0700,1
La Melodía,count,2022-10-13 10:31:46 -0700,2022-10-13 10:35:23 -0700,4
La Melodía,count,2022-10-13 10:42:53 -0700,2022-10-13 10:42:55 -0700,1
La Melodía,count,2022-10-13 12:36:03 -0700,2022-10-13 12:36:06 -0700,1
La Melodía,count,2022-10-13 13:57:40 -0700,2022-10-13 13:58:05 -0700,2
La Melodía,count,2022-10-13 19:00:00 -0700,2022-10-13 19:00:02 -0700,1
Watch,count,2022-10-13 13:57:40 -0700,2022-10-13 13:58:08 -0700,2
Watch,count,2022-10-13 19:00:02 -0700,2022-10-13 19:00:04 -0700,1
Watch,count,2022-10-14 11:11:36 -0700,2022-10-14 11:11:38 -0700,1
Watch,count,2022-10-14 11:26:37 -0700,2022-10-14 11:26:40 -0700,1
Watch,count,2022-10-14 11:58:14 -0700,2022-10-14 12:00:37 -0700,5
La Melodía,count,2022-10-14 11:11:41 -0700,2022-10-14 11:11:43 -0700,1
La Melodía,count,2022-10-14 11:26:35 -0700,2022-10-14 11:26:38 -0700,1
La Melodía,count,2022-10-14 11:58:40 -0700,2022-10-14 12:00:35 -0700,4
La Melodía,count,2022-10-14 13:13:36 -0700,2022-10-14 13:14:22 -0700,4
La Melodía,count,2022-10-14 14:46:13 -0700,2022-10-14 15:46:00 -0700,1
Watch,count,2022-10-14 13:13:38 -0700,2022-10-14 13:14:25 -0700,4
Watch,count,2022-10-14 14:34:14 -0700,2022-10-14 14:34:17 -0700,1
Watch,count,2022-10-14 14:46:13 -0700,2022-10-14 14:46:16 -0700,1
La Melodía,count,2022-10-14 23:32:11 -0700,2022-10-14 23:32:31 -0700,3
La Melodía,count,2022-10-15 10:41:46 -0700,2022-10-15 10:41:49 -0700,1
Watch,count,2022-10-15 19:10:57 -0700,2022-10-15 19:10:59 -0700,1
La Melodía,count,2022-10-16 17:57:16 -0700,2022-10-16 17:57:18 -0700,2
Watch,count,2022-10-16 17:47:22 -0700,2022-10-16 17:47:24 -0700,2
La Melodía,count,2022-10-16 21:55:07 -0700,2022-10-16 21:55:09 -0700,1
La Melodía,count,2022-10-18 11:43:47 -0700,2022-10-18 11:43:49 -0700,1
La Melodía,count,2022-10-18 12:32:55 -0700,2022-10-18 12:32:57 -0700,1
Watch,count,2022-10-18 11:43:12 -0700,2022-10-18 11:43:50 -0700,2
La Melodía,count,2022-10-19 14:20:06 -0700,2022-10-19 14:20:09 -0700,1
La Melodía,count,2022-10-23 15:47:35 -0700,2022-10-23 15:55:51 -0700,5
La Melodía,count,2022-10-23 15:57:56 -0700,2022-10-23 16:04:47 -0700,6
La Melodía,count,2022-10-23 16:13:06 -0700,2022-10-23 16:15:34 -0700,3
Watch,count,2022-10-23 15:43:30 -0700,2022-10-23 15:50:34 -0700,5
Watch,count,2022-10-23 15:55:41 -0700,2022-10-23 16:05:01 -0700,8
Watch,count,2022-10-23 16:13:02 -0700,2022-10-23 16:15:33 -0700,3
Watch,count,2022-10-26 10:58:11 -0700,2022-10-26 10:58:14 -0700,1
Watch,count,2022-10-26 11:16:48 -0700,2022-10-26 11:16:50 -0700,1
Watch,count,2022-10-26 11:39:58 -0700,2022-10-26 11:42:52 -0700,5
Watch,count,2022-10-26 13:15:52 -0700,2022-10-26 13:24:46 -0700,3
Watch,count,2022-10-26 14:19:16 -0700,2022-10-26 14:19:19 -0700,1
Watch,count,2022-10-26 15:43:05 -0700,2022-10-26 15:43:08 -0700,1
La Melodía,count,2022-10-26 10:58:11 -0700,2022-10-26 10:58:14 -0700,1
La Melodía,count,2022-10-26 11:16:48 -0700,2022-10-26 11:16:51 -0700,1
La Melodía,count,2022-10-26 11:39:56 -0700,2022-10-26 11:42:50 -0700,5
La Melodía,count,2022-10-26 13:15:49 -0700,2022-10-26 13:24:48 -0700,3
La Melodía,count,2022-10-26 15:43:02 -0700,2022-10-26 15:43:04 -0700,1
La Melodía,count,2022-10-26 16:42:56 -0700,2022-10-26 16:42:59 -0700,1
La Melodía,count,2022-10-26 16:54:39 -0700,2022-10-26 16:57:48 -0700,2
Watch,count,2022-10-26 16:42:53 -0700,2022-10-26 16:42:55 -0700,1
Watch,count,2022-10-26 16:57:46 -0700,2022-10-26 16:57:49 -0700,1
Watch,count,2022-10-27 12:38:09 -0700,2022-10-27 12:48:06 -0700,6
Watch,count,2022-10-27 12:48:54 -0700,2022-10-27 12:58:51 -0700,15
Watch,count,2022-10-27 15:27:40 -0700,2022-10-27 15:27:43 -0700,1
La Melodía,count,2022-10-27 12:38:06 -0700,2022-10-27 12:47:54 -0700,5
La Melodía,count,2022-10-27 12:48:07 -0700,2022-10-27 12:57:27 -0700,14
La Melodía,count,2022-10-27 12:58:46 -0700,2022-10-27 12:58:48 -0700,1
La Melodía,count,2022-10-27 15:27:31 -0700,2022-10-27 15:27:34 -0700,1
La Melodía,count,2022-10-28 23:40:33 -0700,2022-10-28 23:40:35 -0700,1
La Melodía,count,2022-10-29 09:50:05 -0700,2022-10-29 09:59:17 -0700,20
La Melodía,count,2022-10-29 10:00:47 -0700,2022-10-29 10:10:35 -0700,11
La Melodía,count,2022-10-29 10:10:53 -0700,2022-10-29 10:11:21 -0700,3
Watch,count,2022-10-29 09:50:48 -0700,2022-10-29 09:59:14 -0700,20
Watch,count,2022-10-29 10:00:48 -0700,2022-10-29 10:10:47 -0700,12
Watch,count,2022-10-29 10:11:02 -0700,2022-10-29 10:11:17 -0700,2
Watch,count,2022-10-31 11:36:30 -0700,2022-10-31 11:44:29 -0700,11
Watch,count,2022-10-31 11:47:15 -0700,2022-10-31 11:55:04 -0700,7
Watch,count,2022-10-31 11:58:26 -0700,2022-10-31 11:59:25 -0700,2
Watch,count,2022-10-31 13:19:50 -0700,2022-10-31 13:20:25 -0700,2
La Melodía,count,2022-10-31 11:36:31 -0700,2022-10-31 11:44:24 -0700,10
La Melodía,count,2022-10-31 11:48:32 -0700,2022-10-31 11:49:15 -0700,3
La Melodía,count,2022-10-31 11:59:24 -0700,2022-10-31 11:59:26 -0700,1
La Melodía,count,2022-10-31 13:19:06 -0700,2022-10-31 13:20:25 -0700,3
La Melodía,count,2022-10-31 14:32:41 -0700,2022-10-31 14:42:06 -0700,3
Watch,count,2022-10-31 14:32:41 -0700,2022-10-31 14:42:15 -0700,3
La Melodía,count,2022-11-01 13:24:02 -0700,2022-11-01 13:24:05 -0700,1
Watch,count,2022-11-01 13:24:09 -0700,2022-11-01 13:24:14 -0700,1
Watch,count,2022-11-01 13:38:04 -0700,2022-11-01 13:38:06 -0700,1
La Melodía,count,2022-11-02 10:44:07 -0700,2022-11-02 10:44:10 -0700,1
La Melodía,count,2022-11-02 10:54:26 -0700,2022-11-02 10:54:28 -0700,1
La Melodía,count,2022-11-02 11:43:20 -0700,2022-11-02 11:47:38 -0700,3
Watch,count,2022-11-02 10:44:09 -0700,2022-11-02 10:44:12 -0700,1
Watch,count,2022-11-02 10:54:29 -0700,2022-11-02 10:54:31 -0700,1
Watch,count,2022-11-02 11:43:52 -0700,2022-11-02 11:47:39 -0700,2
La Melodía,count,2022-11-02 17:53:53 -0700,2022-11-02 17:53:56 -0700,1
Watch,count,2022-11-02 17:53:57 -0700,2022-11-02 17:53:59 -0700,1
La Melodía,count,2022-11-04 17:53:48 -0700,2022-11-04 18:01:25 -0700,3
La Melodía,count,2022-11-04 18:08:52 -0700,2022-11-04 18:16:17 -0700,2
La Melodía,count,2022-11-04 18:24:36 -0700,2022-11-04 18:25:47 -0700,4
Watch,count,2022-11-04 17:53:46 -0700,2022-11-04 18:01:20 -0700,3
Watch,count,2022-11-04 18:08:55 -0700,2022-11-04 18:16:23 -0700,2
Watch,count,2022-11-04 18:24:38 -0700,2022-11-04 18:25:50 -0700,4
Watch,count,2022-11-05 15:03:17 -0700,2022-11-05 15:10:03 -0700,3
Watch,count,2022-11-05 15:14:43 -0700,2022-11-05 15:14:46 -0700,1
Watch,count,2022-11-05 15:28:20 -0700,2022-11-05 15:29:23 -0700,4
La Melodía,count,2022-11-05 15:03:01 -0700,2022-11-05 15:10:01 -0700,3
La Melodía,count,2022-11-05 15:14:47 -0700,2022-11-05 15:14:49 -0700,1
La Melodía,count,2022-11-05 15:28:12 -0700,2022-11-05 15:29:26 -0700,4
Watch,count,2022-11-06 13:32:04 -0700,2022-11-06 13:39:23 -0700,4
Watch,count,2022-11-06 13:46:04 -0700,2022-11-06 13:46:06 -0700,1
Watch,count,2022-11-06 14:02:05 -0700,2022-11-06 14:03:14 -0700,4
La Melodía,count,2022-11-06 13:31:50 -0700,2022-11-06 13:39:22 -0700,3
La Melodía,count,2022-11-06 13:46:06 -0700,2022-11-06 13:54:32 -0700,2
La Melodía,count,2022-11-06 14:02:15 -0700,2022-11-06 14:03:21 -0700,4
La Melodía,count,2022-11-07 13:11:12 -0700,2022-11-07 13:12:49 -0700,6
Watch,count,2022-11-07 13:11:17 -0700,2022-11-07 13:12:49 -0700,6
La Melodía,count,2022-11-07 14:28:22 -0700,2022-11-07 14:28:24 -0700,1
Watch,count,2022-11-09 11:42:36 -0700,2022-11-09 11:44:26 -0700,6
La Melodía,count,2022-11-09 11:42:26 -0700,2022-11-09 11:44:26 -0700,6
La Melodía,count,2022-11-09 11:52:47 -0700,2022-11-09 11:57:05 -0700,8
La Melodía,count,2022-11-09 12:50:37 -0700,2022-11-09 12:54:22 -0700,2
La Melodía,count,2022-11-09 13:18:14 -0700,2022-11-09 13:18:29 -0700,2
Watch,count,2022-11-09 11:52:48 -0700,2022-11-09 11:57:07 -0700,8
Watch,count,2022-11-09 12:50:40 -0700,2022-11-09 12:54:23 -0700,2
Watch,count,2022-11-09 13:18:13 -0700,2022-11-09 13:18:31 -0700,2
Watch,count,2022-11-09 19:52:30 -0700,2022-11-09 19:58:39 -0700,12
Watch,count,2022-11-09 21:00:31 -0700,2022-11-09 21:00:34 -0700,1
La Melodía,count,2022-11-09 19:34:17 -0700,2022-11-09 19:34:32 -0700,2
La Melodía,count,2022-11-09 19:52:31 -0700,2022-11-09 19:58:37 -0700,12
La Melodía,count,2022-11-09 21:00:28 -0700,2022-11-09 21:00:31 -0700,1
La Melodía,count,2022-11-11 11:48:14 -0700,2022-11-11 11:48:16 -0700,1
La Melodía,count,2022-11-12 11:36:13 -0700,2022-11-12 11:40:39 -0700,3
Watch,count,2022-11-13 20:53:02 -0700,2022-11-13 20:53:05 -0700,1
Watch,count,2022-11-14 13:14:42 -0700,2022-11-14 13:14:44 -0700,1
La Melodía,count,2022-11-13 19:02:43 -0700,2022-11-13 19:02:45 -0700,1
La Melodía,count,2022-11-13 20:52:59 -0700,2022-11-13 20:53:02 -0700,1
La Melodía,count,2022-11-14 12:49:34 -0700,2022-11-14 12:49:37 -0700,1
La Melodía,count,2022-11-14 13:04:19 -0700,2022-11-14 13:04:21 -0700,1
La Melodía,count,2022-11-14 15:09:17 -0700,2022-11-14 15:09:20 -0700,1
La Melodía,count,2022-11-14 17:38:59 -0700,2022-11-14 17:39:01 -0700,1
Watch,count,2022-11-14 15:09:19 -0700,2022-11-14 15:09:21 -0700,1
Watch,count,2022-11-14 17:39:00 -0700,2022-11-14 17:39:03 -0700,1
Watch,count,2022-11-16 16:24:20 -0700,2022-11-16 16:31:41 -0700,3
La Melodía,count,2022-11-16 16:24:25 -0700,2022-11-16 16:31:40 -0700,3
Watch,count,2022-11-16 16:36:50 -0700,2022-11-16 16:45:43 -0700,3
Watch,count,2022-11-16 17:07:55 -0700,2022-11-16 17:15:37 -0700,5
La Melodía,count,2022-11-16 16:36:47 -0700,2022-11-16 16:45:41 -0700,3
La Melodía,count,2022-11-16 17:07:50 -0700,2022-11-16 17:09:02 -0700,4
Watch,count,2022-11-18 18:08:54 -0700,2022-11-18 18:12:02 -0700,4
Watch,count,2022-11-18 18:34:17 -0700,2022-11-18 18:35:26 -0700,4
La Melodía,count,2022-11-18 18:03:35 -0700,2022-11-18 18:11:59 -0700,5
La Melodía,count,2022-11-18 18:25:57 -0700,2022-11-18 18:35:17 -0700,5
Watch,count,2022-11-19 15:42:17 -0700,2022-11-19 15:51:28 -0700,6
Watch,count,2022-11-19 15:53:49 -0700,2022-11-19 15:57:08 -0700,3
Watch,count,2022-11-19 16:18:21 -0700,2022-11-19 16:19:22 -0700,3
La Melodía,count,2022-11-19 15:42:09 -0700,2022-11-19 15:51:26 -0700,6
La Melodía,count,2022-11-19 15:53:31 -0700,2022-11-19 15:55:01 -0700,2
La Melodía,count,2022-11-19 16:18:04 -0700,2022-11-19 16:19:26 -0700,4
Watch,count,2022-11-20 15:11:05 -0700,2022-11-20 15:19:13 -0700,19
La Melodía,count,2022-11-20 15:11:00 -0700,2022-11-20 15:19:06 -0700,20
Melody’s Apple Watch,count,2021-11-29 17:22:22 -0700,2021-11-29 17:22:25 -0700,1
Melody’s Apple Watch,count,2021-11-29 17:43:55 -0700,2021-11-29 17:47:22 -0700,3
La Melodía,count,2021-11-29 17:29:29 -0700,2021-11-29 17:29:32 -0700,1
La Melodía,count,2021-11-29 17:43:51 -0700,2021-11-29 17:47:21 -0700,3
Melody’s Apple Watch,count,2021-11-30 18:21:16 -0700,2021-11-30 18:21:44 -0700,2
Melody’s Apple Watch,count,2021-11-30 18:31:48 -0700,2021-11-30 18:31:51 -0700,1
La Melodía,count,2021-11-30 16:51:46 -0700,2021-11-30 16:51:48 -0700,1
La Melodía,count,2021-11-30 18:21:15 -0700,2021-11-30 18:29:41 -0700,3
La Melodía,count,2021-11-30 18:31:46 -0700,2021-11-30 18:31:49 -0700,1
Melody’s Apple Watch,count,2021-12-02 17:44:54 -0700,2021-12-02 17:51:40 -0700,6
La Melodía,count,2021-12-02 17:44:53 -0700,2021-12-02 17:51:37 -0700,5
La Melodía,count,2021-12-03 17:53:41 -0700,2021-12-03 17:53:43 -0700,1
Melody’s Apple Watch,count,2021-12-04 13:14:18 -0700,2021-12-04 13:21:46 -0700,13
Melody’s Apple Watch,count,2021-12-04 13:35:48 -0700,2021-12-04 13:41:31 -0700,4
Melody’s Apple Watch,count,2021-12-04 13:45:57 -0700,2021-12-04 13:53:53 -0700,8
Melody’s Apple Watch,count,2021-12-04 13:56:39 -0700,2021-12-04 13:56:42 -0700,1
La Melodía,count,2021-12-04 13:14:27 -0700,2021-12-04 13:21:42 -0700,12
La Melodía,count,2021-12-04 13:36:57 -0700,2021-12-04 13:46:47 -0700,9
La Melodía,count,2021-12-04 13:52:07 -0700,2021-12-04 13:56:48 -0700,7
Melody’s Apple Watch,count,2021-12-04 14:07:29 -0700,2021-12-04 14:07:32 -0700,1
Melody’s Apple Watch,count,2021-12-04 14:36:32 -0700,2021-12-04 14:36:34 -0700,1
Melody’s Apple Watch,count,2021-12-04 15:07:43 -0700,2021-12-04 15:07:46 -0700,1
La Melodía,count,2021-12-04 14:36:33 -0700,2021-12-04 14:36:36 -0700,1
La Melodía,count,2021-12-04 15:02:02 -0700,2021-12-04 15:07:42 -0700,2
La Melodía,count,2021-12-04 20:11:14 -0700,2021-12-04 20:11:17 -0700,1
La Melodía,count,2021-12-04 23:54:55 -0700,2021-12-04 23:54:57 -0700,1
Melody’s Apple Watch,count,2021-12-04 20:11:17 -0700,2021-12-04 20:11:19 -0700,1
Melody’s Apple Watch,count,2021-12-04 23:54:54 -0700,2021-12-04 23:54:57 -0700,1
La Melodía,count,2021-12-05 20:26:49 -0700,2021-12-05 20:26:51 -0700,1
La Melodía,count,2021-12-05 21:03:55 -0700,2021-12-05 21:03:58 -0700,1
La Melodía,count,2021-12-07 16:47:38 -0700,2021-12-07 16:47:40 -0700,1
Melody’s Apple Watch,count,2021-12-07 16:58:01 -0700,2021-12-07 17:07:56 -0700,5
Melody’s Apple Watch,count,2021-12-07 17:09:43 -0700,2021-12-07 17:10:34 -0700,2
La Melodía,count,2021-12-07 16:57:59 -0700,2021-12-07 16:58:22 -0700,3
La Melodía,count,2021-12-07 17:10:28 -0700,2021-12-07 17:10:31 -0700,1
Melody’s Apple Watch,count,2021-12-08 16:09:26 -0700,2021-12-08 16:19:11 -0700,8
La Melodía,count,2021-12-08 16:09:13 -0700,2021-12-08 16:19:09 -0700,7
Melody’s Apple Watch,count,2021-12-09 16:20:19 -0700,2021-12-09 16:27:59 -0700,6
Melody’s Apple Watch,count,2021-12-09 16:33:21 -0700,2021-12-09 16:33:41 -0700,2
La Melodía,count,2021-12-09 16:20:23 -0700,2021-12-09 16:24:38 -0700,5
La Melodía,count,2021-12-09 16:33:17 -0700,2021-12-09 16:33:35 -0700,2
Melody’s Apple Watch,count,2021-12-11 14:56:27 -0700,2021-12-11 15:01:52 -0700,4
La Melodía,count,2021-12-11 14:50:31 -0700,2021-12-11 14:50:33 -0700,1
La Melodía,count,2021-12-11 15:01:15 -0700,2021-12-11 15:09:31 -0700,4
Melody’s Apple Watch,count,2021-12-11 15:09:25 -0700,2021-12-11 15:09:28 -0700,1
Melody’s Apple Watch,count,2021-12-12 13:29:42 -0700,2021-12-12 13:30:36 -0700,3
Melody’s Apple Watch,count,2021-12-12 20:16:30 -0700,2021-12-12 20:16:32 -0700,1
La Melodía,count,2021-12-12 13:29:28 -0700,2021-12-12 13:30:37 -0700,4
La Melodía,count,2021-12-12 20:16:26 -0700,2021-12-12 20:16:29 -0700,1
La Melodía,count,2021-12-13 11:58:13 -0700,2021-12-13 11:58:15 -0700,1
La Melodía,count,2021-12-13 12:53:42 -0700,2021-12-13 12:53:45 -0700,1
La Melodía,count,2021-12-13 18:48:40 -0700,2021-12-13 18:48:45 -0700,1
Melody’s Apple Watch,count,2021-12-13 11:58:17 -0700,2021-12-13 11:58:19 -0700,1
Melody’s Apple Watch,count,2021-12-13 18:48:46 -0700,2021-12-13 18:48:48 -0700,1
Melody’s Apple Watch,count,2021-12-14 19:26:41 -0700,2021-12-14 19:26:43 -0700,1
Melody’s Apple Watch,count,2021-12-15 17:32:02 -0700,2021-12-15 17:33:03 -0700,4
La Melodía,count,2021-12-15 17:32:03 -0700,2021-12-15 17:33:10 -0700,4
La Melodía,count,2021-12-16 14:54:18 -0700,2021-12-16 14:54:21 -0700,1
Melody’s Apple Watch,count,2021-12-16 14:54:45 -0700,2021-12-16 14:54:47 -0700,1
La Melodía,count,2021-12-17 10:41:26 -0700,2021-12-17 10:51:07 -0700,15
La Melodía,count,2021-12-17 10:58:06 -0700,2021-12-17 11:00:27 -0700,3
La Melodía,count,2021-12-17 11:13:34 -0700,2021-12-17 11:23:14 -0700,9
La Melodía,count,2021-12-17 11:23:37 -0700,2021-12-17 11:25:50 -0700,6
La Melodía,count,2021-12-17 11:35:23 -0700,2021-12-17 11:35:25 -0700,1
La Melodía,count,2021-12-17 11:54:02 -0700,2021-12-17 12:01:40 -0700,9
La Melodía,count,2021-12-17 12:06:19 -0700,2021-12-17 12:15:56 -0700,15
La Melodía,count,2021-12-17 12:16:19 -0700,2021-12-17 12:21:01 -0700,3
La Melodía,count,2021-12-17 12:31:42 -0700,2021-12-17 12:32:36 -0700,2
La Melodía,count,2021-12-17 13:11:30 -0700,2021-12-17 13:12:59 -0700,2
La Melodía,count,2021-12-17 13:26:45 -0700,2021-12-17 13:26:48 -0700,1
La Melodía,count,2021-12-17 13:47:53 -0700,2021-12-17 13:47:56 -0700,1
Melody’s Apple Watch,count,2021-12-17 10:41:36 -0700,2021-12-17 10:51:04 -0700,14
Melody’s Apple Watch,count,2021-12-17 10:58:32 -0700,2021-12-17 10:58:34 -0700,1
Melody’s Apple Watch,count,2021-12-17 11:13:38 -0700,2021-12-17 11:23:31 -0700,10
Melody’s Apple Watch,count,2021-12-17 11:23:52 -0700,2021-12-17 11:24:43 -0700,3
Melody’s Apple Watch,count,2021-12-17 11:35:35 -0700,2021-12-17 11:35:38 -0700,1
Melody’s Apple Watch,count,2021-12-17 11:54:09 -0700,2021-12-17 12:01:41 -0700,10
Melody’s Apple Watch,count,2021-12-17 12:04:38 -0700,2021-12-17 12:13:18 -0700,14
Melody’s Apple Watch,count,2021-12-17 12:16:01 -0700,2021-12-17 12:21:06 -0700,5
Melody’s Apple Watch,count,2021-12-17 12:31:48 -0700,2021-12-17 12:31:51 -0700,1
Melody’s Apple Watch,count,2021-12-17 12:45:17 -0700,2021-12-17 12:45:19 -0700,1
Melody’s Apple Watch,count,2021-12-17 13:11:34 -0700,2021-12-17 13:12:58 -0700,2
Melody’s Apple Watch,count,2021-12-17 13:26:32 -0700,2021-12-17 13:26:50 -0700,2
Melody’s Apple Watch,count,2021-12-17 13:47:52 -0700,2021-12-17 13:48:10 -0700,2
Melody’s Apple Watch,count,2021-12-17 14:06:36 -0700,2021-12-17 14:09:02 -0700,3
Melody’s Apple Watch,count,2021-12-17 14:16:37 -0700,2021-12-17 14:18:32 -0700,2
Melody’s Apple Watch,count,2021-12-17 14:29:05 -0700,2021-12-17 14:31:23 -0700,2
Melody’s Apple Watch,count,2021-12-17 14:48:37 -0700,2021-12-17 14:57:49 -0700,11
Melody’s Apple Watch,count,2021-12-17 14:58:38 -0700,2021-12-17 15:04:49 -0700,5
Melody’s Apple Watch,count,2021-12-17 15:14:02 -0700,2021-12-17 15:22:03 -0700,3
Melody’s Apple Watch,count,2021-12-17 15:30:12 -0700,2021-12-17 15:30:27 -0700,2
La Melodía,count,2021-12-17 14:06:30 -0700,2021-12-17 14:09:04 -0700,3
La Melodía,count,2021-12-17 14:18:26 -0700,2021-12-17 14:18:29 -0700,1
La Melodía,count,2021-12-17 14:29:00 -0700,2021-12-17 14:35:39 -0700,4
La Melodía,count,2021-12-17 14:48:31 -0700,2021-12-17 14:57:38 -0700,10
La Melodía,count,2021-12-17 14:58:32 -0700,2021-12-17 15:04:48 -0700,6
La Melodía,count,2021-12-17 15:14:05 -0700,2021-12-17 15:22:01 -0700,3
La Melodía,count,2021-12-17 15:30:14 -0700,2021-12-17 15:30:17 -0700,1
La Melodía,count,2021-12-18 19:53:35 -0700,2021-12-18 19:53:38 -0700,1
Melody’s Apple Watch,count,2021-12-20 11:07:52 -0700,2021-12-20 11:15:25 -0700,3
Melody’s Apple Watch,count,2021-12-20 11:23:57 -0700,2021-12-20 11:30:31 -0700,6
Melody’s Apple Watch,count,2021-12-20 11:39:31 -0700,2021-12-20 11:49:24 -0700,6
Melody’s Apple Watch,count,2021-12-20 11:49:42 -0700,2021-12-20 11:57:50 -0700,8
Melody’s Apple Watch,count,2021-12-20 12:00:10 -0700,2021-12-20 12:08:55 -0700,7
Melody’s Apple Watch,count,2021-12-20 12:10:32 -0700,2021-12-20 12:13:10 -0700,2
Melody’s Apple Watch,count,2021-12-20 12:47:28 -0700,2021-12-20 12:48:13 -0700,3
Melody’s Apple Watch,count,2021-12-20 13:06:29 -0700,2021-12-20 13:15:21 -0700,2
Melody’s Apple Watch,count,2021-12-20 13:28:10 -0700,2021-12-20 13:28:12 -0700,1
La Melodía,count,2021-12-20 11:07:49 -0700,2021-12-20 11:08:10 -0700,2
La Melodía,count,2021-12-20 11:17:55 -0700,2021-12-20 11:27:25 -0700,4
La Melodía,count,2021-12-20 11:30:17 -0700,2021-12-20 11:39:31 -0700,3
La Melodía,count,2021-12-20 11:41:47 -0700,2021-12-20 11:49:42 -0700,6
La Melodía,count,2021-12-20 11:55:48 -0700,2021-12-20 12:03:36 -0700,13
La Melodía,count,2021-12-20 12:08:50 -0700,2021-12-20 12:13:08 -0700,3
La Melodía,count,2021-12-20 12:47:29 -0700,2021-12-20 12:48:02 -0700,2
La Melodía,count,2021-12-20 13:04:24 -0700,2021-12-20 13:06:32 -0700,2
La Melodía,count,2021-12-20 13:15:13 -0700,2021-12-20 13:15:16 -0700,1
La Melodía,count,2021-12-20 13:28:00 -0700,2021-12-20 13:28:03 -0700,1
La Melodía,count,2021-12-21 14:13:32 -0700,2021-12-21 14:13:34 -0700,1
La Melodía,count,2021-12-21 14:36:07 -0700,2021-12-21 14:37:08 -0700,2
La Melodía,count,2021-12-23 21:36:42 -0700,2021-12-23 21:36:44 -0700,1
Melody’s Apple Watch,count,2021-12-23 21:36:45 -0700,2021-12-23 21:36:47 -0700,1
La Melodía,count,2021-12-24 15:40:53 -0700,2021-12-24 15:43:16 -0700,5
La Melodía,count,2021-12-25 20:55:22 -0700,2021-12-25 20:55:25 -0700,1
La Melodía,count,2021-12-27 17:25:25 -0700,2021-12-27 17:26:16 -0700,3
La Melodía,count,2021-12-28 20:03:26 -0700,2021-12-28 20:03:29 -0700,1
Melody’s Apple Watch,count,2021-12-30 13:03:04 -0700,2021-12-30 13:03:07 -0700,1
Melody’s Apple Watch,count,2021-12-30 13:20:00 -0700,2021-12-30 13:29:56 -0700,7
Melody’s Apple Watch,count,2021-12-30 13:30:21 -0700,2021-12-30 13:30:24 -0700,1
La Melodía,count,2021-12-30 13:03:04 -0700,2021-12-30 13:03:06 -0700,1
La Melodía,count,2021-12-30 13:19:56 -0700,2021-12-30 13:29:41 -0700,7
La Melodía,count,2021-12-30 21:18:55 -0700,2021-12-30 21:19:29 -0700,2
La Melodía,count,2021-12-31 11:27:43 -0700,2021-12-31 11:27:45 -0700,1
La Melodía,count,2022-01-01 21:05:07 -0700,2022-01-01 21:05:09 -0700,1
La Melodía,count,2022-01-02 13:31:37 -0700,2022-01-02 13:31:40 -0700,1
La Melodía,count,2022-01-02 13:45:00 -0700,2022-01-02 13:45:28 -0700,2
La Melodía,count,2022-01-02 14:57:02 -0700,2022-01-02 14:57:38 -0700,2
Melody’s Apple Watch,count,2022-01-03 17:03:25 -0700,2022-01-03 17:04:21 -0700,3
La Melodía,count,2022-01-03 16:55:10 -0700,2022-01-03 17:04:24 -0700,5
La Melodía,count,2022-01-03 18:12:29 -0700,2022-01-03 18:12:31 -0700,1
Melody’s Apple Watch,count,2022-01-04 09:34:09 -0700,2022-01-04 09:34:37 -0700,2
La Melodía,count,2022-01-04 09:05:39 -0700,2022-01-04 09:05:41 -0700,1
La Melodía,count,2022-01-04 09:34:01 -0700,2022-01-04 09:34:37 -0700,2
La Melodía,count,2022-01-06 09:34:03 -0700,2022-01-06 09:34:05 -0700,1
Melody’s Apple Watch,count,2022-01-06 10:03:11 -0700,2022-01-06 10:03:14 -0700,1
La Melodía,count,2022-01-06 10:03:06 -0700,2022-01-06 10:04:25 -0700,3
Melody’s Apple Watch,count,2022-01-07 11:20:11 -0700,2022-01-07 11:28:56 -0700,10
Melody’s Apple Watch,count,2022-01-07 11:32:48 -0700,2022-01-07 11:39:07 -0700,11
La Melodía,count,2022-01-07 11:20:08 -0700,2022-01-07 11:28:52 -0700,10
La Melodía,count,2022-01-07 11:32:40 -0700,2022-01-07 11:39:06 -0700,11
La Melodía,count,2022-01-07 12:23:09 -0700,2022-01-07 12:23:11 -0700,1
La Melodía,count,2022-01-08 11:45:29 -0700,2022-01-08 11:45:32 -0700,1
La Melodía,count,2022-01-08 12:16:25 -0700,2022-01-08 12:17:42 -0700,4
Melody’s Apple Watch,count,2022-01-08 12:16:37 -0700,2022-01-08 12:17:26 -0700,3
La Melodía,count,2022-01-08 22:20:59 -0700,2022-01-08 22:21:02 -0700,1
La Melodía,count,2022-01-09 11:47:35 -0700,2022-01-09 11:48:32 -0700,3
Melody’s Apple Watch,count,2022-01-09 11:32:16 -0700,2022-01-09 11:32:19 -0700,1
Melody’s Apple Watch,count,2022-01-09 11:47:31 -0700,2022-01-09 11:48:22 -0700,3
Melody’s Apple Watch,count,2022-01-10 10:07:46 -0700,2022-01-10 10:08:58 -0700,4
La Melodía,count,2022-01-10 10:07:44 -0700,2022-01-10 10:09:03 -0700,4
Melody’s Apple Watch,count,2022-01-10 14:07:18 -0700,2022-01-10 14:11:29 -0700,3
La Melodía,count,2022-01-10 14:07:30 -0700,2022-01-10 14:11:28 -0700,3
Melody’s Apple Watch,count,2022-01-10 18:39:54 -0700,2022-01-10 18:41:11 -0700,4
La Melodía,count,2022-01-10 18:26:36 -0700,2022-01-10 18:27:02 -0700,2
La Melodía,count,2022-01-10 18:40:02 -0700,2022-01-10 18:40:55 -0700,3
Melody’s Apple Watch,count,2022-01-11 17:23:53 -0700,2022-01-11 17:24:11 -0700,2
Melody’s Apple Watch,count,2022-01-11 17:35:19 -0700,2022-01-11 17:35:45 -0700,2
La Melodía,count,2022-01-11 17:23:52 -0700,2022-01-11 17:24:40 -0700,2
La Melodía,count,2022-01-11 17:35:30 -0700,2022-01-11 17:35:32 -0700,1
La Melodía,count,2022-01-12 12:29:22 -0700,2022-01-12 12:35:22 -0700,2
La Melodía,count,2022-01-12 12:39:53 -0700,2022-01-12 12:40:08 -0700,2
La Melodía,count,2022-01-13 09:59:29 -0700,2022-01-13 09:59:31 -0700,1
La Melodía,count,2022-01-13 10:10:00 -0700,2022-01-13 10:10:03 -0700,1
La Melodía,count,2022-01-13 10:37:42 -0700,2022-01-13 10:39:03 -0700,4
La Melodía,count,2022-01-14 21:49:23 -0700,2022-01-14 21:49:43 -0700,2
La Melodía,count,2022-01-15 14:01:37 -0700,2022-01-15 14:08:52 -0700,2
Melody’s Apple Watch,count,2022-01-15 14:08:52 -0700,2022-01-15 14:08:54 -0700,1
Melody’s Apple Watch,count,2022-01-15 14:27:18 -0700,2022-01-15 14:28:16 -0700,4
La Melodía,count,2022-01-15 14:27:13 -0700,2022-01-15 14:28:20 -0700,4
Melody’s Apple Watch,count,2022-01-16 10:09:09 -0700,2022-01-16 10:15:41 -0700,3
Melody’s Apple Watch,count,2022-01-16 10:20:57 -0700,2022-01-16 10:29:59 -0700,5
La Melodía,count,2022-01-16 10:09:25 -0700,2022-01-16 10:15:38 -0700,2
La Melodía,count,2022-01-16 10:20:53 -0700,2022-01-16 10:29:57 -0700,4
La Melodía,count,2022-01-16 16:40:16 -0700,2022-01-16 16:40:18 -0700,1
Melody’s Apple Watch,count,2022-01-16 16:40:14 -0700,2022-01-16 16:40:16 -0700,1
La Melodía,count,2022-01-16 22:04:32 -0700,2022-01-16 22:04:35 -0700,1
Melody’s Apple Watch,count,2022-01-17 17:10:52 -0700,2022-01-17 17:14:21 -0700,4
Melody’s Apple Watch,count,2022-01-17 17:32:20 -0700,2022-01-17 17:42:21 -0700,6
La Melodía,count,2022-01-17 17:03:40 -0700,2022-01-17 17:13:00 -0700,5
La Melodía,count,2022-01-17 17:14:17 -0700,2022-01-17 17:14:19 -0700,1
La Melodía,count,2022-01-17 17:32:31 -0700,2022-01-17 17:42:21 -0700,5
La Melodía,count,2022-01-19 17:59:28 -0700,2022-01-19 18:07:31 -0700,3
La Melodía,count,2022-01-19 18:10:40 -0700,2022-01-19 18:12:17 -0700,2
Watch,count,2022-01-19 18:07:25 -0700,2022-01-19 18:12:18 -0700,3
Watch,count,2022-01-20 17:53:32 -0700,2022-01-20 18:02:40 -0700,3
La Melodía,count,2022-01-20 17:53:30 -0700,2022-01-20 18:03:18 -0700,4
La Melodía,count,2022-01-21 15:39:32 -0700,2022-01-21 15:39:35 -0700,1
La Melodía,count,2022-01-21 15:54:58 -0700,2022-01-21 15:55:00 -0700,1
La Melodía,count,2022-01-21 16:12:59 -0700,2022-01-21 16:13:40 -0700,3
La Melodía,count,2022-01-22 08:56:53 -0700,2022-01-22 09:06:46 -0700,21
Watch,count,2022-01-22 08:56:59 -0700,2022-01-22 08:57:37 -0700,3
Watch,count,2022-01-22 08:58:54 -0700,2022-01-22 08:59:37 -0700,3
Watch,count,2022-01-22 08:59:53 -0700,2022-01-22 08:59:55 -0700,1
Watch,count,2022-01-22 09:00:54 -0700,2022-01-22 09:00:57 -0700,1
Watch,count,2022-01-22 09:02:16 -0700,2022-01-22 09:02:59 -0700,3
Watch,count,2022-01-22 09:03:15 -0700,2022-01-22 09:03:28 -0700,2
Watch,count,2022-01-22 09:03:38 -0700,2022-01-22 09:13:36 -0700,17
Watch,count,2022-01-22 09:15:05 -0700,2022-01-22 09:25:03 -0700,15
Watch,count,2022-01-22 09:25:16 -0700,2022-01-22 09:34:20 -0700,6
Watch,count,2022-01-22 09:50:29 -0700,2022-01-22 09:54:50 -0700,2
Watch,count,2022-01-22 10:02:13 -0700,2022-01-22 10:02:16 -0700,1
La Melodía,count,2022-01-22 09:07:01 -0700,2022-01-22 09:15:32 -0700,12
La Melodía,count,2022-01-22 09:18:41 -0700,2022-01-22 09:27:18 -0700,15
La Melodía,count,2022-01-22 09:34:04 -0700,2022-01-22 09:34:06 -0700,1
La Melodía,count,2022-01-22 09:54:44 -0700,2022-01-22 10:02:21 -0700,2
La Melodía,count,2022-01-23 16:33:03 -0700,2022-01-23 16:37:19 -0700,3
La Melodía,count,2022-01-23 16:55:46 -0700,2022-01-23 16:58:42 -0700,4
Watch,count,2022-01-23 16:33:07 -0700,2022-01-23 16:37:22 -0700,3
Watch,count,2022-01-23 16:55:47 -0700,2022-01-23 17:00:18 -0700,4
La Melodía,count,2022-01-25 00:23:32 -0700,2022-01-25 00:23:34 -0700,1
Watch,count,2022-01-25 18:33:50 -0700,2022-01-25 18:33:52 -0700,1
Watch,count,2022-01-25 18:54:12 -0700,2022-01-25 18:55:20 -0700,4
La Melodía,count,2022-01-25 18:33:36 -0700,2022-01-25 18:33:59 -0700,2
La Melodía,count,2022-01-25 18:54:06 -0700,2022-01-25 18:55:20 -0700,4
La Melodía,count,2022-01-25 20:25:08 -0700,2022-01-25 20:25:11 -0700,1
Watch,count,2022-01-26 16:24:15 -0700,2022-01-26 16:24:31 -0700,2
Watch,count,2022-01-26 16:36:29 -0700,2022-01-26 16:46:16 -0700,3
Watch,count,2022-01-26 16:59:37 -0700,2022-01-26 17:04:10 -0700,4
La Melodía,count,2022-01-26 16:24:30 -0700,2022-01-26 16:24:33 -0700,2
La Melodía,count,2022-01-26 16:36:21 -0700,2022-01-26 16:46:14 -0700,3
La Melodía,count,2022-01-26 16:59:34 -0700,2022-01-26 17:02:41 -0700,4
La Melodía,count,2022-01-27 14:55:39 -0700,2022-01-27 14:55:41 -0700,1
La Melodía,count,2022-01-27 15:08:59 -0700,2022-01-27 15:09:02 -0700,1
La Melodía,count,2022-01-27 15:23:56 -0700,2022-01-27 15:24:22 -0700,2
La Melodía,count,2022-01-27 15:35:01 -0700,2022-01-27 15:44:11 -0700,5
Watch,count,2022-01-27 15:09:01 -0700,2022-01-27 15:09:04 -0700,1
Watch,count,2022-01-27 15:23:56 -0700,2022-01-27 15:24:21 -0700,2
Watch,count,2022-01-27 15:35:03 -0700,2022-01-27 15:44:08 -0700,5
Watch,count,2022-01-28 12:12:26 -0700,2022-01-28 12:12:28 -0700,1
Watch,count,2022-01-28 12:22:38 -0700,2022-01-28 12:22:41 -0700,1
Watch,count,2022-01-28 12:34:42 -0700,2022-01-28 12:38:47 -0700,6
La Melodía,count,2022-01-28 12:12:23 -0700,2022-01-28 12:12:26 -0700,1
La Melodía,count,2022-01-28 12:22:32 -0700,2022-01-28 12:22:34 -0700,1
La Melodía,count,2022-01-28 12:34:40 -0700,2022-01-28 12:38:38 -0700,5
La Melodía,count,2022-01-29 17:59:22 -0700,2022-01-29 18:05:40 -0700,3
Watch,count,2022-01-29 17:59:37 -0700,2022-01-29 18:05:42 -0700,3
Watch,count,2022-01-29 18:15:01 -0700,2022-01-29 18:21:11 -0700,4
La Melodía,count,2022-01-29 18:14:58 -0700,2022-01-29 18:21:03 -0700,4
La Melodía,count,2022-01-30 14:18:53 -0700,2022-01-30 14:25:19 -0700,3
La Melodía,count,2022-01-30 14:29:40 -0700,2022-01-30 14:38:50 -0700,6
La Melodía,count,2022-01-30 14:40:01 -0700,2022-01-30 14:47:57 -0700,2
La Melodía,count,2022-01-31 13:50:24 -0700,2022-01-31 13:50:37 -0700,2
Watch,count,2022-02-03 17:46:58 -0700,2022-02-03 17:47:01 -0700,1
Watch,count,2022-02-05 15:13:50 -0700,2022-02-05 15:15:53 -0700,2
La Melodía,count,2022-02-04 18:15:45 -0700,2022-02-04 18:15:47 -0700,1
La Melodía,count,2022-02-05 15:15:46 -0700,2022-02-05 15:15:49 -0700,1
La Melodía,count,2022-02-05 18:43:28 -0700,2022-02-05 18:43:31 -0700,1
La Melodía,count,2022-02-05 19:17:36 -0700,2022-02-05 19:26:07 -0700,7
La Melodía,count,2022-02-05 19:29:01 -0700,2022-02-05 19:29:03 -0700,1
La Melodía,count,2022-02-05 22:32:19 -0700,2022-02-05 22:32:22 -0700,1
La Melodía,count,2022-02-06 01:15:58 -0700,2022-02-06 01:16:00 -0700,1
Watch,count,2022-02-05 19:25:05 -0700,2022-02-05 19:29:08 -0700,4
Watch,count,2022-02-06 14:30:23 -0700,2022-02-06 14:35:50 -0700,4
Watch,count,2022-02-06 14:42:36 -0700,2022-02-06 14:46:48 -0700,4
La Melodía,count,2022-02-06 14:30:29 -0700,2022-02-06 14:35:43 -0700,3
La Melodía,count,2022-02-06 14:42:35 -0700,2022-02-06 14:45:08 -0700,4
Watch,count,2022-02-07 16:37:04 -0700,2022-02-07 16:44:19 -0700,2
Watch,count,2022-02-07 16:49:43 -0700,2022-02-07 16:57:26 -0700,4
La Melodía,count,2022-02-07 16:36:59 -0700,2022-02-07 16:44:17 -0700,2
La Melodía,count,2022-02-07 16:49:41 -0700,2022-02-07 16:57:24 -0700,4
Watch,count,2022-02-09 11:04:05 -0700,2022-02-09 11:04:08 -0700,1
Watch,count,2022-02-09 14:56:43 -0700,2022-02-09 14:56:46 -0700,1
La Melodía,count,2022-02-08 17:45:33 -0700,2022-02-08 17:51:49 -0700,2
La Melodía,count,2022-02-08 17:58:43 -0700,2022-02-08 18:01:19 -0700,3
La Melodía,count,2022-02-09 11:04:07 -0700,2022-02-09 11:04:09 -0700,1
La Melodía,count,2022-02-09 12:51:55 -0700,2022-02-09 12:51:57 -0700,1
La Melodía,count,2022-02-09 13:19:44 -0700,2022-02-09 13:19:47 -0700,1
La Melodía,count,2022-02-09 14:56:43 -0700,2022-02-09 14:56:46 -0700,1
Watch,count,2022-02-09 22:31:58 -0700,2022-02-09 22:32:00 -0700,1
La Melodía,count,2022-02-10 17:43:51 -0700,2022-02-10 17:53:26 -0700,3
La Melodía,count,2022-02-10 18:06:41 -0700,2022-02-10 18:08:26 -0700,2
La Melodía,count,2022-02-11 14:14:18 -0700,2022-02-11 14:14:21 -0700,1
Watch,count,2022-02-11 14:14:24 -0700,2022-02-11 14:14:27 -0700,1
Watch,count,2022-02-11 15:41:00 -0700,2022-02-11 15:41:40 -0700,3
Watch,count,2022-02-11 15:56:16 -0700,2022-02-11 15:56:18 -0700,1
Watch,count,2022-02-11 18:04:46 -0700,2022-02-11 18:04:49 -0700,1
Watch,count,2022-02-11 22:13:36 -0700,2022-02-11 22:13:38 -0700,1
La Melodía,count,2022-02-11 15:41:01 -0700,2022-02-11 15:41:37 -0700,3
La Melodía,count,2022-02-11 15:56:11 -0700,2022-02-11 15:56:14 -0700,1
La Melodía,count,2022-02-11 18:04:44 -0700,2022-02-11 18:04:46 -0700,1
La Melodía,count,2022-02-11 22:13:39 -0700,2022-02-11 22:13:42 -0700,1
Watch,count,2022-02-12 11:24:38 -0700,2022-02-12 11:24:41 -0700,1
Watch,count,2022-02-12 11:42:51 -0700,2022-02-12 11:42:53 -0700,1
Watch,count,2022-02-12 12:01:37 -0700,2022-02-12 12:01:39 -0700,1
La Melodía,count,2022-02-12 10:52:45 -0700,2022-02-12 10:59:17 -0700,2
La Melodía,count,2022-02-12 11:24:35 -0700,2022-02-12 11:24:38 -0700,1
La Melodía,count,2022-02-12 11:42:49 -0700,2022-02-12 11:42:52 -0700,1
La Melodía,count,2022-02-12 12:01:34 -0700,2022-02-12 12:01:36 -0700,1
Watch,count,2022-02-12 18:53:13 -0700,2022-02-12 19:00:01 -0700,4
Watch,count,2022-02-13 12:56:35 -0700,2022-02-13 13:05:03 -0700,7
La Melodía,count,2022-02-12 18:53:15 -0700,2022-02-12 19:01:54 -0700,6
La Melodía,count,2022-02-13 12:52:28 -0700,2022-02-13 13:02:29 -0700,6
La Melodía,count,2022-02-14 01:09:20 -0700,2022-02-14 01:09:43 -0700,2
La Melodía,count,2022-02-14 01:42:32 -0700,2022-02-14 01:43:41 -0700,4
La Melodía,count,2022-02-14 15:25:39 -0700,2022-02-14 15:31:52 -0700,4
La Melodía,count,2022-02-14 16:44:02 -0700,2022-02-14 16:53:55 -0700,3
La Melodía,count,2022-02-14 19:18:22 -0700,2022-02-14 19:18:25 -0700,1
Watch,count,2022-02-14 01:43:03 -0700,2022-02-14 01:43:49 -0700,3
Watch,count,2022-02-15 13:38:57 -0700,2022-02-15 13:39:00 -0700,1
Watch,count,2022-02-15 17:40:14 -0700,2022-02-15 17:45:29 -0700,6
La Melodía,count,2022-02-15 13:38:54 -0700,2022-02-15 13:38:57 -0700,1
La Melodía,count,2022-02-15 13:51:31 -0700,2022-02-15 13:51:33 -0700,1
La Melodía,count,2022-02-15 17:40:36 -0700,2022-02-15 17:45:25 -0700,6
La Melodía,count,2022-02-16 18:32:11 -0700,2022-02-16 18:32:13 -0700,1
Watch,count,2022-02-16 17:15:10 -0700,2022-02-16 17:15:12 -0700,1
Watch,count,2022-02-17 01:19:31 -0700,2022-02-17 01:20:01 -0700,2
Watch,count,2022-02-17 01:33:56 -0700,2022-02-17 01:34:19 -0700,2
La Melodía,count,2022-02-17 01:19:23 -0700,2022-02-17 01:19:49 -0700,2
La Melodía,count,2022-02-17 01:33:52 -0700,2022-02-17 01:34:18 -0700,2
Watch,count,2022-02-17 18:38:54 -0700,2022-02-17 18:46:23 -0700,5
La Melodía,count,2022-02-17 18:38:53 -0700,2022-02-17 18:46:20 -0700,5
Watch,count,2022-02-17 19:04:54 -0700,2022-02-17 19:13:40 -0700,5
La Melodía,count,2022-02-17 19:04:47 -0700,2022-02-17 19:13:36 -0700,5
Watch,count,2022-02-18 12:15:14 -0700,2022-02-18 12:21:28 -0700,2
Watch,count,2022-02-18 20:01:33 -0700,2022-02-18 20:01:35 -0700,1
La Melodía,count,2022-02-18 12:15:16 -0700,2022-02-18 12:21:24 -0700,2
La Melodía,count,2022-02-18 19:57:31 -0700,2022-02-18 19:57:34 -0700,1
La Melodía,count,2022-02-18 23:55:57 -0700,2022-02-18 23:56:00 -0700,1
La Melodía,count,2022-02-19 11:14:15 -0700,2022-02-19 11:14:18 -0700,1
Watch,count,2022-02-19 13:58:39 -0700,2022-02-19 14:02:44 -0700,4
Watch,count,2022-02-19 14:14:16 -0700,2022-02-19 14:20:42 -0700,5
Watch,count,2022-02-19 14:32:45 -0700,2022-02-19 14:32:48 -0700,1
Watch,count,2022-02-19 14:45:04 -0700,2022-02-19 14:46:18 -0700,4
La Melodía,count,2022-02-19 14:02:24 -0700,2022-02-19 14:02:44 -0700,2
La Melodía,count,2022-02-19 14:14:17 -0700,2022-02-19 14:17:49 -0700,5
La Melodía,count,2022-02-19 14:32:51 -0700,2022-02-19 14:33:40 -0700,2
La Melodía,count,2022-02-19 14:44:57 -0700,2022-02-19 14:45:51 -0700,4
La Melodía,count,2022-02-19 14:55:52 -0700,2022-02-19 14:55:54 -0700,1
La Melodía,count,2022-02-20 15:40:12 -0700,2022-02-20 15:40:30 -0700,2
La Melodía,count,2022-02-20 15:52:33 -0700,2022-02-20 15:56:49 -0700,6
La Melodía,count,2022-02-20 16:26:43 -0700,2022-02-20 16:28:02 -0700,4
Watch,count,2022-02-20 15:37:25 -0700,2022-02-20 15:40:29 -0700,3
Watch,count,2022-02-20 15:52:36 -0700,2022-02-20 15:56:54 -0700,5
Watch,count,2022-02-20 16:08:18 -0700,2022-02-20 16:08:21 -0700,1
Watch,count,2022-02-20 16:26:47 -0700,2022-02-20 16:28:01 -0700,4
La Melodía,count,2022-02-21 13:32:35 -0700,2022-02-21 13:40:43 -0700,8
La Melodía,count,2022-02-21 13:52:08 -0700,2022-02-21 13:52:10 -0700,1
La Melodía,count,2022-02-21 14:04:52 -0700,2022-02-21 14:06:27 -0700,5
Watch,count,2022-02-21 13:30:26 -0700,2022-02-21 13:38:36 -0700,8
Watch,count,2022-02-21 13:40:52 -0700,2022-02-21 13:40:54 -0700,1
Watch,count,2022-02-21 13:51:46 -0700,2022-02-21 13:51:48 -0700,1
Watch,count,2022-02-21 14:05:05 -0700,2022-02-21 14:06:29 -0700,4
La Melodía,count,2022-02-22 15:53:51 -0700,2022-02-22 15:55:51 -0700,2
Watch,count,2022-02-22 15:53:56 -0700,2022-02-22 15:55:53 -0700,3
Watch,count,2022-02-23 20:38:33 -0700,2022-02-23 20:38:35 -0700,1
Watch,count,2022-02-23 21:51:45 -0700,2022-02-23 21:51:48 -0700,1
La Melodía,count,2022-02-23 20:38:29 -0700,2022-02-23 20:38:31 -0700,1
La Melodía,count,2022-02-23 21:51:43 -0700,2022-02-23 21:51:45 -0700,1
Watch,count,2022-02-24 17:47:31 -0700,2022-02-24 17:54:32 -0700,8
Watch,count,2022-02-24 18:05:56 -0700,2022-02-24 18:05:59 -0700,1
Watch,count,2022-02-24 18:17:36 -0700,2022-02-24 18:18:47 -0700,4
La Melodía,count,2022-02-24 17:47:29 -0700,2022-02-24 17:52:38 -0700,8
La Melodía,count,2022-02-24 18:05:55 -0700,2022-02-24 18:11:30 -0700,2
La Melodía,count,2022-02-24 18:17:33 -0700,2022-02-24 18:18:42 -0700,4
La Melodía,count,2022-02-25 12:12:08 -0700,2022-02-25 12:21:59 -0700,5
La Melodía,count,2022-02-25 12:22:09 -0700,2022-02-25 12:26:53 -0700,4
Watch,count,2022-02-25 12:12:07 -0700,2022-02-25 12:22:03 -0700,5
Watch,count,2022-02-25 12:22:10 -0700,2022-02-25 12:28:47 -0700,5
La Melodía,count,2022-02-25 12:50:45 -0700,2022-02-25 12:52:37 -0700,3
Watch,count,2022-02-25 12:50:43 -0700,2022-02-25 12:52:35 -0700,4
Watch,count,2022-02-26 10:11:27 -0700,2022-02-26 10:21:07 -0700,22
Watch,count,2022-02-26 10:21:30 -0700,2022-02-26 10:29:16 -0700,12
Watch,count,2022-02-26 10:32:55 -0700,2022-02-26 10:40:05 -0700,12
La Melodía,count,2022-02-26 10:11:32 -0700,2022-02-26 10:21:33 -0700,24
La Melodía,count,2022-02-26 10:21:54 -0700,2022-02-26 10:29:26 -0700,12
La Melodía,count,2022-02-26 10:32:53 -0700,2022-02-26 10:41:27 -0700,15
La Melodía,count,2022-02-26 10:46:36 -0700,2022-02-26 10:46:54 -0700,2
Watch,count,2022-02-26 10:46:40 -0700,2022-02-26 10:46:57 -0700,2
Watch,count,2022-02-26 11:04:26 -0700,2022-02-26 11:08:16 -0700,2
La Melodía,count,2022-02-26 11:04:22 -0700,2022-02-26 11:08:15 -0700,2
La Melodía,count,2022-02-26 11:15:52 -0700,2022-02-26 11:15:55 -0700,1
Watch,count,2022-02-26 11:15:55 -0700,2022-02-26 11:15:57 -0700,1
La Melodía,count,2022-02-26 21:29:56 -0700,2022-02-26 21:29:58 -0700,1
La Melodía,count,2022-02-27 15:17:04 -0700,2022-02-27 15:26:24 -0700,6
Watch,count,2022-02-27 15:17:02 -0700,2022-02-27 15:26:24 -0700,6
Watch,count,2022-02-28 15:50:52 -0700,2022-02-28 15:59:32 -0700,2
Watch,count,2022-02-28 16:00:53 -0700,2022-02-28 16:02:51 -0700,4
Watch,count,2022-02-28 16:14:59 -0700,2022-02-28 16:16:00 -0700,4
La Melodía,count,2022-02-28 15:47:27 -0700,2022-02-28 15:51:19 -0700,3
La Melodía,count,2022-02-28 15:59:23 -0700,2022-02-28 16:02:29 -0700,3
La Melodía,count,2022-02-28 16:14:56 -0700,2022-02-28 16:16:02 -0700,4
Watch,count,2022-02-28 18:52:01 -0700,2022-02-28 18:52:31 -0700,2
Watch,count,2022-02-28 19:07:52 -0700,2022-02-28 19:07:55 -0700,1
La Melodía,count,2022-02-28 18:52:00 -0700,2022-02-28 18:52:28 -0700,2
La Melodía,count,2022-03-01 09:26:28 -0700,2022-03-01 09:35:22 -0700,6
La Melodía,count,2022-03-01 09:36:47 -0700,2022-03-01 09:36:49 -0700,1
Watch,count,2022-03-01 09:26:28 -0700,2022-03-01 09:35:25 -0700,6
Watch,count,2022-03-01 09:36:38 -0700,2022-03-01 09:36:41 -0700,1
Watch,count,2022-03-01 09:55:12 -0700,2022-03-01 09:55:55 -0700,3
Watch,count,2022-03-01 16:12:38 -0700,2022-03-01 16:13:21 -0700,2
La Melodía,count,2022-03-01 09:55:01 -0700,2022-03-01 09:56:05 -0700,4
La Melodía,count,2022-03-01 14:50:43 -0700,2022-03-01 14:50:46 -0700,1
La Melodía,count,2022-03-01 16:13:21 -0700,2022-03-01 16:13:24 -0700,1
Watch,count,2022-03-01 18:40:37 -0700,2022-03-01 18:41:03 -0700,2
Watch,count,2022-03-01 19:25:56 -0700,2022-03-01 19:25:58 -0700,1
Watch,count,2022-03-01 20:55:42 -0700,2022-03-01 20:55:45 -0700,1
Watch,count,2022-03-02 18:14:44 -0700,2022-03-02 18:14:46 -0700,1
La Melodía,count,2022-03-01 18:40:35 -0700,2022-03-01 18:41:01 -0700,2
La Melodía,count,2022-03-01 19:25:53 -0700,2022-03-01 19:25:55 -0700,1
La Melodía,count,2022-03-01 20:55:43 -0700,2022-03-01 20:55:45 -0700,1
La Melodía,count,2022-03-02 21:04:44 -0700,2022-03-02 21:04:49 -0700,1
Watch,count,2022-03-02 21:04:49 -0700,2022-03-02 21:04:51 -0700,1
Watch,count,2022-03-02 22:58:28 -0700,2022-03-02 22:58:31 -0700,1
La Melodía,count,2022-03-02 22:43:54 -0700,2022-03-02 22:43:57 -0700,1
La Melodía,count,2022-03-02 22:58:26 -0700,2022-03-02 22:58:28 -0700,1
La Melodía,count,2022-03-03 16:45:31 -0700,2022-03-03 16:55:11 -0700,4
La Melodía,count,2022-03-03 16:59:22 -0700,2022-03-03 17:09:12 -0700,4
La Melodía,count,2022-03-03 17:09:25 -0700,2022-03-03 17:15:18 -0700,2
La Melodía,count,2022-03-04 18:51:31 -0700,2022-03-04 18:57:19 -0700,5
La Melodía,count,2022-03-05 11:44:15 -0700,2022-03-05 11:48:00 -0700,5
La Melodía,count,2022-03-05 12:02:11 -0700,2022-03-05 12:11:24 -0700,6
La Melodía,count,2022-03-05 18:03:06 -0700,2022-03-05 18:03:08 -0700,2
La Melodía,count,2022-03-06 14:08:34 -0700,2022-03-06 14:17:06 -0700,9
La Melodía,count,2022-03-06 14:20:23 -0700,2022-03-06 14:22:56 -0700,5
La Melodía,count,2022-03-06 14:34:52 -0700,2022-03-06 14:35:56 -0700,4
La Melodía,count,2022-03-07 08:59:32 -0700,2022-03-07 09:08:08 -0700,8
La Melodía,count,2022-03-07 19:11:21 -0700,2022-03-07 19:15:29 -0700,7
La Melodía,count,2022-03-08 12:51:23 -0700,2022-03-08 13:00:17 -0700,11
La Melodía,count,2022-03-08 13:21:10 -0700,2022-03-08 13:22:04 -0700,4
Watch,count,2022-03-07 19:11:26 -0700,2022-03-07 19:15:29 -0700,7
Watch,count,2022-03-08 12:51:27 -0700,2022-03-08 13:00:17 -0700,11
Watch,count,2022-03-08 13:07:24 -0700,2022-03-08 13:07:26 -0700,1
Watch,count,2022-03-08 13:21:12 -0700,2022-03-08 13:21:50 -0700,3
Watch,count,2022-03-09 10:00:52 -0700,2022-03-09 10:10:32 -0700,8
Watch,count,2022-03-09 10:13:03 -0700,2022-03-09 10:18:48 -0700,5
La Melodía,count,2022-03-09 10:00:49 -0700,2022-03-09 10:10:16 -0700,7
La Melodía,count,2022-03-09 10:13:00 -0700,2022-03-09 10:18:45 -0700,5
Watch,count,2022-03-09 15:58:05 -0700,2022-03-09 15:58:07 -0700,1
Watch,count,2022-03-09 17:50:03 -0700,2022-03-09 17:50:05 -0700,1
Watch,count,2022-03-09 18:13:20 -0700,2022-03-09 18:13:23 -0700,1
Watch,count,2022-03-09 20:32:25 -0700,2022-03-09 20:32:58 -0700,3
Watch,count,2022-03-09 22:17:02 -0700,2022-03-09 22:17:04 -0700,1
La Melodía,count,2022-03-09 15:58:05 -0700,2022-03-09 15:58:08 -0700,1
La Melodía,count,2022-03-09 17:49:59 -0700,2022-03-09 17:50:02 -0700,1
La Melodía,count,2022-03-09 20:32:21 -0700,2022-03-09 20:33:30 -0700,3
La Melodía,count,2022-03-09 22:16:57 -0700,2022-03-09 22:16:59 -0700,1
La Melodía,count,2022-03-10 13:17:22 -0700,2022-03-10 13:17:24 -0700,1
Watch,count,2022-03-10 16:42:35 -0700,2022-03-10 16:49:49 -0700,6
Watch,count,2022-03-10 16:53:52 -0700,2022-03-10 16:53:55 -0700,1
Watch,count,2022-03-10 20:47:38 -0700,2022-03-10 20:47:41 -0700,1
Watch,count,2022-03-10 21:49:49 -0700,2022-03-10 21:50:56 -0700,4
La Melodía,count,2022-03-10 16:42:34 -0700,2022-03-10 16:49:39 -0700,7
La Melodía,count,2022-03-10 16:53:49 -0700,2022-03-10 16:53:52 -0700,1
La Melodía,count,2022-03-10 20:47:36 -0700,2022-03-10 20:47:38 -0700,1
La Melodía,count,2022-03-10 21:49:45 -0700,2022-03-10 21:50:56 -0700,4
Watch,count,2022-03-10 22:50:38 -0700,2022-03-10 22:50:58 -0700,1
Watch,count,2022-03-11 02:22:29 -0700,2022-03-11 02:32:05 -0700,10
Watch,count,2022-03-11 02:45:59 -0700,2022-03-11 02:46:02 -0700,1
Watch,count,2022-03-11 03:06:51 -0700,2022-03-11 03:07:21 -0700,3
Watch,count,2022-03-11 03:17:46 -0700,2022-03-11 03:17:48 -0700,1
Watch,count,2022-03-11 04:24:36 -0700,2022-03-11 04:24:38 -0700,1
La Melodía,count,2022-03-10 22:50:31 -0700,2022-03-10 22:50:33 -0700,1
La Melodía,count,2022-03-11 02:22:29 -0700,2022-03-11 02:32:02 -0700,10
La Melodía,count,2022-03-11 02:45:55 -0700,2022-03-11 02:45:58 -0700,1
La Melodía,count,2022-03-11 03:06:53 -0700,2022-03-11 03:07:08 -0700,2
La Melodía,count,2022-03-11 03:17:42 -0700,2022-03-11 03:17:45 -0700,1
La Melodía,count,2022-03-11 04:24:32 -0700,2022-03-11 04:24:34 -0700,1
Watch,count,2022-03-11 17:54:06 -0700,2022-03-11 17:54:09 -0700,1
Watch,count,2022-03-11 20:25:12 -0700,2022-03-11 20:25:14 -0700,1
Watch,count,2022-03-11 21:23:16 -0700,2022-03-11 21:23:18 -0700,1
La Melodía,count,2022-03-11 17:54:06 -0700,2022-03-11 17:54:08 -0700,1
La Melodía,count,2022-03-11 20:25:08 -0700,2022-03-11 20:25:11 -0700,1
La Melodía,count,2022-03-11 20:43:05 -0700,2022-03-11 20:47:13 -0700,1
La Melodía,count,2022-03-11 21:23:15 -0700,2022-03-11 21:23:18 -0700,1
La Melodía,count,2022-03-12 14:18:37 -0700,2022-03-12 14:21:26 -0700,1
La Melodía,count,2022-03-12 15:27:48 -0700,2022-03-12 15:30:32 -0700,3
La Melodía,count,2022-03-12 15:38:30 -0700,2022-03-12 15:43:21 -0700,5
La Melodía,count,2022-03-12 15:51:22 -0700,2022-03-12 15:54:51 -0700,3
La Melodía,count,2022-03-13 17:17:12 -0700,2022-03-13 17:26:38 -0700,9
La Melodía,count,2022-03-13 17:29:39 -0700,2022-03-13 17:29:54 -0700,2
La Melodía,count,2022-03-13 17:42:18 -0700,2022-03-13 17:42:21 -0700,1
La Melodía,count,2022-03-13 17:59:16 -0700,2022-03-13 18:09:17 -0700,9
La Melodía,count,2022-03-13 18:09:27 -0700,2022-03-13 18:10:18 -0700,2
La Melodía,count,2022-03-14 15:03:29 -0700,2022-03-14 15:12:03 -0700,11
La Melodía,count,2022-03-14 15:24:40 -0700,2022-03-14 15:33:57 -0700,8
La Melodía,count,2022-03-14 15:35:42 -0700,2022-03-14 15:37:34 -0700,3
La Melodía,count,2022-03-15 12:56:57 -0700,2022-03-15 13:06:09 -0700,9
La Melodía,count,2022-03-15 13:11:21 -0700,2022-03-15 13:18:56 -0700,8
La Melodía,count,2022-03-15 13:21:29 -0700,2022-03-15 13:28:49 -0700,4
La Melodía,count,2022-03-15 18:34:21 -0700,2022-03-15 18:34:39 -0700,1
La Melodía,count,2022-03-15 18:46:53 -0700,2022-03-15 18:49:24 -0700,2
La Melodía,count,2022-03-15 19:01:04 -0700,2022-03-15 19:01:07 -0700,1
La Melodía,count,2022-03-15 19:29:22 -0700,2022-03-15 19:29:24 -0700,1
La Melodía,count,2022-03-15 23:15:42 -0700,2022-03-15 23:24:21 -0700,3
La Melodía,count,2022-03-16 00:45:19 -0700,2022-03-16 00:45:22 -0700,1
La Melodía,count,2022-03-16 18:23:21 -0700,2022-03-16 18:32:18 -0700,12
La Melodía,count,2022-03-16 18:34:13 -0700,2022-03-16 18:34:16 -0700,1
La Melodía,count,2022-03-16 18:45:25 -0700,2022-03-16 18:54:48 -0700,4
La Melodía,count,2022-03-16 18:58:25 -0700,2022-03-16 18:59:08 -0700,2
La Melodía,count,2022-03-17 11:09:47 -0700,2022-03-17 11:15:01 -0700,3
La Melodía,count,2022-03-18 10:10:18 -0700,2022-03-18 10:19:20 -0700,3
La Melodía,count,2022-03-18 10:20:52 -0700,2022-03-18 10:29:33 -0700,7
La Melodía,count,2022-03-18 10:32:45 -0700,2022-03-18 10:40:48 -0700,10
La Melodía,count,2022-03-18 18:05:45 -0700,2022-03-18 18:05:50 -0700,1
La Melodía,count,2022-03-18 18:36:13 -0700,2022-03-18 18:36:15 -0700,1
La Melodía,count,2022-03-18 20:38:05 -0700,2022-03-18 20:38:08 -0700,1
La Melodía,count,2022-03-18 21:30:17 -0700,2022-03-18 21:30:19 -0700,1
La Melodía,count,2022-03-19 14:51:07 -0700,2022-03-19 15:12:48 -0700,1
La Melodía,count,2022-03-19 15:15:06 -0700,2022-03-19 15:15:09 -0700,1
La Melodía,count,2022-03-19 15:46:02 -0700,2022-03-19 15:46:05 -0700,1
La Melodía,count,2022-03-19 20:54:46 -0700,2022-03-19 20:54:48 -0700,1
La Melodía,count,2022-03-21 12:04:07 -0700,2022-03-21 12:13:12 -0700,7
La Melodía,count,2022-03-21 12:22:42 -0700,2022-03-21 12:23:10 -0700,4
La Melodía,count,2022-03-21 12:32:45 -0700,2022-03-21 12:39:42 -0700,9
Watch,count,2022-03-22 07:11:31 -0700,2022-03-22 07:12:17 -0700,3
La Melodía,count,2022-03-21 12:53:02 -0700,2022-03-21 13:01:51 -0700,5
La Melodía,count,2022-03-21 13:12:48 -0700,2022-03-21 13:15:45 -0700,4
La Melodía,count,2022-03-22 07:11:28 -0700,2022-03-22 07:12:14 -0700,4
Watch,count,2022-03-22 13:25:50 -0700,2022-03-22 13:27:43 -0700,3
Watch,count,2022-03-22 13:58:49 -0700,2022-03-22 13:58:52 -0700,1
Watch,count,2022-03-22 14:20:20 -0700,2022-03-22 14:20:22 -0700,1
La Melodía,count,2022-03-22 13:19:22 -0700,2022-03-22 13:26:16 -0700,3
La Melodía,count,2022-03-22 13:58:47 -0700,2022-03-22 13:58:49 -0700,1
La Melodía,count,2022-03-22 14:20:15 -0700,2022-03-22 14:20:17 -0700,1
La Melodía,count,2022-03-22 17:30:44 -0700,2022-03-22 17:30:47 -0700,1
La Melodía,count,2022-03-23 18:22:38 -0700,2022-03-23 18:30:18 -0700,4
La Melodía,count,2022-03-23 18:35:12 -0700,2022-03-23 18:36:03 -0700,2
La Melodía,count,2022-03-23 20:08:39 -0700,2022-03-23 20:08:42 -0700,1
La Melodía,count,2022-03-25 11:48:15 -0700,2022-03-25 11:48:17 -0700,1
La Melodía,count,2022-03-25 12:01:40 -0700,2022-03-25 12:08:24 -0700,2
La Melodía,count,2022-03-25 12:12:32 -0700,2022-03-25 12:19:11 -0700,2
La Melodía,count,2022-03-25 12:25:37 -0700,2022-03-25 12:25:39 -0700,1
La Melodía,count,2022-03-25 13:06:59 -0700,2022-03-25 13:07:33 -0700,3
La Melodía,count,2022-03-26 12:51:11 -0700,2022-03-26 12:57:17 -0700,10
La Melodía,count,2022-03-26 13:24:02 -0700,2022-03-26 13:32:54 -0700,6
La Melodía,count,2022-03-26 14:00:59 -0700,2022-03-26 14:03:58 -0700,2
La Melodía,count,2022-03-27 16:12:18 -0700,2022-03-27 16:17:22 -0700,5
La Melodía,count,2022-03-27 16:23:43 -0700,2022-03-27 16:28:45 -0700,3
La Melodía,count,2022-03-27 16:58:39 -0700,2022-03-27 16:59:41 -0700,4
Watch,count,2022-03-22 17:30:49 -0700,2022-03-22 17:30:52 -0700,1
Watch,count,2022-03-29 13:08:17 -0700,2022-03-29 13:15:22 -0700,6
Watch,count,2022-03-29 13:22:04 -0700,2022-03-29 13:25:39 -0700,8
La Melodía,count,2022-03-29 13:08:12 -0700,2022-03-29 13:15:17 -0700,7
La Melodía,count,2022-03-29 13:22:00 -0700,2022-03-29 13:25:33 -0700,8
Watch,count,2022-03-29 16:18:39 -0700,2022-03-29 16:18:55 -0700,1
Watch,count,2022-03-29 19:15:41 -0700,2022-03-29 19:15:44 -0700,1
Watch,count,2022-03-29 21:46:43 -0700,2022-03-29 21:46:45 -0700,1
Watch,count,2022-03-29 22:47:04 -0700,2022-03-29 22:47:06 -0700,1
Watch,count,2022-03-30 00:54:13 -0700,2022-03-30 00:54:16 -0700,1
La Melodía,count,2022-03-29 16:18:35 -0700,2022-03-29 16:18:38 -0700,1
La Melodía,count,2022-03-29 19:15:38 -0700,2022-03-29 19:15:41 -0700,1
La Melodía,count,2022-03-29 21:46:39 -0700,2022-03-29 21:46:41 -0700,1
La Melodía,count,2022-03-29 22:46:58 -0700,2022-03-29 22:47:01 -0700,1
La Melodía,count,2022-03-30 00:54:10 -0700,2022-03-30 00:54:13 -0700,1
La Melodía,count,2022-03-30 19:38:59 -0700,2022-03-30 19:39:01 -0700,1
La Melodía,count,2022-03-30 20:30:45 -0700,2022-03-30 20:36:19 -0700,4
Watch,count,2022-03-30 19:38:55 -0700,2022-03-30 19:38:58 -0700,1
Watch,count,2022-03-30 20:30:51 -0700,2022-03-30 20:36:23 -0700,3
Watch,count,2022-03-30 22:14:31 -0700,2022-03-30 22:17:25 -0700,2
La Melodía,count,2022-03-30 22:14:31 -0700,2022-03-30 22:14:33 -0700,1
La Melodía,count,2022-03-31 01:45:24 -0700,2022-03-31 01:45:27 -0700,1
Watch,count,2022-03-31 01:45:28 -0700,2022-03-31 01:45:31 -0700,1
Watch,count,2022-03-31 07:35:13 -0700,2022-03-31 07:35:16 -0700,1
Watch,count,2022-03-31 13:24:58 -0700,2022-03-31 13:30:59 -0700,4
Watch,count,2022-03-31 18:17:32 -0700,2022-03-31 18:17:34 -0700,1
La Melodía,count,2022-03-31 13:24:57 -0700,2022-03-31 13:30:57 -0700,4
La Melodía,count,2022-03-31 18:17:29 -0700,2022-03-31 18:17:32 -0700,1
La Melodía,count,2022-03-31 20:16:58 -0700,2022-03-31 20:17:00 -0700,1
Watch,count,2022-03-31 20:17:00 -0700,2022-03-31 20:17:02 -0700,1
La Melodía,count,2022-04-01 00:38:06 -0700,2022-04-01 00:38:08 -0700,1
La Melodía,count,2022-04-01 02:36:16 -0700,2022-04-01 02:36:19 -0700,1
Watch,count,2022-04-01 02:36:20 -0700,2022-04-01 03:03:38 -0700,1
Watch,count,2022-04-02 16:19:01 -0700,2022-04-02 16:19:04 -0700,1
Watch,count,2022-04-02 16:22:47 -0700,2022-04-02 16:23:22 -0700,3
La Melodía,count,2022-04-02 16:19:00 -0700,2022-04-02 16:27:57 -0700,8
Watch,count,2022-04-02 16:26:55 -0700,2022-04-02 16:27:41 -0700,3
Watch,count,2022-04-02 16:27:59 -0700,2022-04-02 16:28:02 -0700,1
La Melodía,count,2022-04-04 13:18:59 -0700,2022-04-04 13:19:02 -0700,1
La Melodía,count,2022-04-04 14:10:30 -0700,2022-04-04 14:19:01 -0700,5
Watch,count,2022-04-04 14:05:27 -0700,2022-04-04 14:11:28 -0700,3
Watch,count,2022-04-04 14:18:28 -0700,2022-04-04 14:19:11 -0700,2
Watch,count,2022-04-04 15:01:16 -0700,2022-04-04 15:01:18 -0700,1
Watch,count,2022-04-04 21:00:51 -0700,2022-04-04 21:00:54 -0700,1
Watch,count,2022-04-04 23:17:09 -0700,2022-04-04 23:17:12 -0700,1
Watch,count,2022-04-04 23:30:47 -0700,2022-04-04 23:39:49 -0700,3
Watch,count,2022-04-04 23:42:33 -0700,2022-04-04 23:42:49 -0700,2
Watch,count,2022-04-05 00:03:05 -0700,2022-04-05 00:03:36 -0700,3
La Melodía,count,2022-04-04 15:01:13 -0700,2022-04-04 15:01:16 -0700,1
La Melodía,count,2022-04-04 23:17:09 -0700,2022-04-04 23:17:11 -0700,1
La Melodía,count,2022-04-04 23:30:42 -0700,2022-04-04 23:38:22 -0700,3
La Melodía,count,2022-04-04 23:42:30 -0700,2022-04-04 23:43:06 -0700,2
La Melodía,count,2022-04-05 00:03:02 -0700,2022-04-05 00:03:35 -0700,3
Watch,count,2022-04-05 09:28:03 -0700,2022-04-05 09:33:07 -0700,5
Watch,count,2022-04-05 10:18:20 -0700,2022-04-05 10:18:23 -0700,1
Watch,count,2022-04-05 11:19:52 -0700,2022-04-05 11:19:55 -0700,1
Watch,count,2022-04-05 11:36:48 -0700,2022-04-05 11:36:51 -0700,1
Watch,count,2022-04-05 12:42:37 -0700,2022-04-05 12:42:39 -0700,1
Watch,count,2022-04-05 15:22:38 -0700,2022-04-05 15:28:36 -0700,6
La Melodía,count,2022-04-05 09:28:16 -0700,2022-04-05 09:33:08 -0700,3
La Melodía,count,2022-04-05 10:18:17 -0700,2022-04-05 10:18:20 -0700,1
La Melodía,count,2022-04-05 11:19:42 -0700,2022-04-05 11:19:50 -0700,1
La Melodía,count,2022-04-05 11:36:47 -0700,2022-04-05 11:36:49 -0700,1
La Melodía,count,2022-04-05 12:13:59 -0700,2022-04-05 12:14:01 -0700,1
La Melodía,count,2022-04-05 12:42:34 -0700,2022-04-05 12:42:37 -0700,1
La Melodía,count,2022-04-05 15:22:35 -0700,2022-04-05 15:28:49 -0700,6
La Melodía,count,2022-04-05 15:33:20 -0700,2022-04-05 15:33:22 -0700,1
La Melodía,count,2022-04-05 22:26:50 -0700,2022-04-05 22:26:53 -0700,1
La Melodía,count,2022-04-05 23:01:28 -0700,2022-04-05 23:01:31 -0700,1
La Melodía,count,2022-04-06 11:12:53 -0700,2022-04-06 11:12:55 -0700,1
La Melodía,count,2022-04-06 13:13:39 -0700,2022-04-06 13:13:41 -0700,1
Watch,count,2022-04-05 23:01:24 -0700,2022-04-05 23:01:30 -0700,1
La Melodía,count,2022-04-07 13:59:33 -0700,2022-04-07 13:59:43 -0700,2
Watch,count,2022-04-08 17:21:02 -0700,2022-04-08 17:28:29 -0700,2
Watch,count,2022-04-08 18:48:20 -0700,2022-04-08 18:51:35 -0700,3
La Melodía,count,2022-04-08 16:06:06 -0700,2022-04-08 16:07:20 -0700,2
La Melodía,count,2022-04-08 16:18:43 -0700,2022-04-08 16:25:34 -0700,7
La Melodía,count,2022-04-08 17:28:25 -0700,2022-04-08 17:28:27 -0700,1
La Melodía,count,2022-04-08 18:48:18 -0700,2022-04-08 18:51:30 -0700,3
Watch,count,2022-04-08 20:25:51 -0700,2022-04-08 20:25:54 -0700,1
Watch,count,2022-04-08 22:17:09 -0700,2022-04-08 22:17:12 -0700,1
Watch,count,2022-04-08 22:37:51 -0700,2022-04-08 22:37:53 -0700,1
La Melodía,count,2022-04-08 22:17:06 -0700,2022-04-08 22:17:11 -0700,1
La Melodía,count,2022-04-08 22:37:50 -0700,2022-04-08 22:37:53 -0700,1
La Melodía,count,2022-04-08 23:54:13 -0700,2022-04-08 23:54:15 -0700,1
La Melodía,count,2022-04-09 00:11:00 -0700,2022-04-09 00:11:02 -0700,1
La Melodía,count,2022-04-09 03:27:40 -0700,2022-04-09 03:27:43 -0700,1
Watch,count,2022-04-11 13:07:09 -0700,2022-04-11 13:07:12 -0700,1
La Melodía,count,2022-04-11 12:38:17 -0700,2022-04-11 12:38:25 -0700,2
La Melodía,count,2022-04-11 13:07:06 -0700,2022-04-11 13:07:08 -0700,1
La Melodía,count,2022-04-11 18:51:06 -0700,2022-04-11 18:51:09 -0700,1
Watch,count,2022-04-11 18:51:03 -0700,2022-04-11 18:51:05 -0700,1
Watch,count,2022-04-11 19:56:28 -0700,2022-04-11 19:57:46 -0700,2
La Melodía,count,2022-04-11 19:56:28 -0700,2022-04-11 19:57:44 -0700,2
Watch,count,2022-04-12 13:59:39 -0700,2022-04-12 13:59:41 -0700,1
La Melodía,count,2022-04-12 11:50:43 -0700,2022-04-12 11:50:45 -0700,1
La Melodía,count,2022-04-12 13:59:34 -0700,2022-04-12 13:59:37 -0700,1
Watch,count,2022-04-13 19:36:33 -0700,2022-04-13 19:41:45 -0700,4
Watch,count,2022-04-13 20:04:09 -0700,2022-04-13 20:04:12 -0700,1
La Melodía,count,2022-04-13 19:39:32 -0700,2022-04-13 19:39:52 -0700,2
La Melodía,count,2022-04-13 20:04:17 -0700,2022-04-13 20:04:19 -0700,1
La Melodía,count,2022-04-15 16:32:52 -0700,2022-04-15 16:33:18 -0700,2
Watch,count,2022-04-15 16:32:50 -0700,2022-04-15 16:33:20 -0700,2
Watch,count,2022-04-15 17:04:16 -0700,2022-04-15 17:04:18 -0700,1
La Melodía,count,2022-04-15 17:04:13 -0700,2022-04-15 17:04:16 -0700,1
La Melodía,count,2022-04-15 17:22:48 -0700,2022-04-15 17:22:50 -0700,1
La Melodía,count,2022-04-15 17:43:58 -0700,2022-04-15 17:52:52 -0700,3
Watch,count,2022-04-15 17:44:02 -0700,2022-04-15 17:52:56 -0700,3
Watch,count,2022-04-18 13:16:52 -0700,2022-04-18 13:24:20 -0700,9
La Melodía,count,2022-04-18 13:16:46 -0700,2022-04-18 13:24:13 -0700,9
La Melodía,count,2022-04-18 14:06:57 -0700,2022-04-18 14:09:07 -0700,2
Watch,count,2022-04-18 14:09:05 -0700,2022-04-18 14:09:08 -0700,1
Watch,count,2022-04-18 16:17:37 -0700,2022-04-18 16:17:40 -0700,1
Watch,count,2022-04-18 21:03:54 -0700,2022-04-18 21:03:56 -0700,1
La Melodía,count,2022-04-18 16:17:34 -0700,2022-04-18 16:17:37 -0700,1
La Melodía,count,2022-04-18 21:03:50 -0700,2022-04-18 21:03:52 -0700,1
La Melodía,count,2022-04-18 22:18:24 -0700,2022-04-18 22:18:37 -0700,2
Watch,count,2022-04-18 22:18:25 -0700,2022-04-18 22:18:38 -0700,2
Watch,count,2022-04-19 16:36:30 -0700,2022-04-19 16:44:41 -0700,8
La Melodía,count,2022-04-19 16:36:23 -0700,2022-04-19 16:44:34 -0700,8
Watch,count,2022-04-19 21:07:47 -0700,2022-04-19 21:12:18 -0700,5
Watch,count,2022-04-19 21:18:17 -0700,2022-04-19 21:22:36 -0700,3
La Melodía,count,2022-04-19 21:11:42 -0700,2022-04-19 21:18:18 -0700,5
La Melodía,count,2022-04-20 12:26:22 -0700,2022-04-20 12:26:24 -0700,3
La Melodía,count,2022-04-20 13:02:43 -0700,2022-04-20 13:11:02 -0700,8
La Melodía,count,2022-04-20 14:00:42 -0700,2022-04-20 14:00:45 -0700,1
La Melodía,count,2022-04-20 17:44:34 -0700,2022-04-20 17:49:33 -0700,2
La Melodía,count,2022-04-20 18:28:32 -0700,2022-04-20 18:28:35 -0700,1
La Melodía,count,2022-04-20 18:53:25 -0700,2022-04-20 19:00:47 -0700,2
Watch,count,2022-04-20 13:03:58 -0700,2022-04-20 13:11:05 -0700,6
Watch,count,2022-04-20 14:00:42 -0700,2022-04-20 14:00:45 -0700,1
Watch,count,2022-04-20 17:49:35 -0700,2022-04-20 17:49:38 -0700,1
Watch,count,2022-04-20 18:28:34 -0700,2022-04-20 18:28:37 -0700,1
Watch,count,2022-04-20 18:53:30 -0700,2022-04-20 19:00:47 -0700,2
Watch,count,2022-04-21 11:30:31 -0700,2022-04-21 11:38:47 -0700,1
Watch,count,2022-04-21 11:51:07 -0700,2022-04-21 11:56:42 -0700,7
Watch,count,2022-04-21 12:58:57 -0700,2022-04-21 12:59:15 -0700,2
Watch,count,2022-04-21 13:10:43 -0700,2022-04-21 13:14:59 -0700,5
Watch,count,2022-04-21 15:20:37 -0700,2022-04-21 15:20:39 -0700,1
Watch,count,2022-04-21 17:14:21 -0700,2022-04-21 17:14:57 -0700,3
La Melodía,count,2022-04-21 11:50:28 -0700,2022-04-21 11:56:57 -0700,9
La Melodía,count,2022-04-21 12:58:55 -0700,2022-04-21 12:59:10 -0700,2
La Melodía,count,2022-04-21 13:10:48 -0700,2022-04-21 13:14:56 -0700,5
La Melodía,count,2022-04-21 15:20:36 -0700,2022-04-21 15:20:39 -0700,1
La Melodía,count,2022-04-21 17:14:23 -0700,2022-04-21 17:14:53 -0700,3
Watch,count,2022-04-22 14:22:51 -0700,2022-04-22 14:31:08 -0700,11
Watch,count,2022-04-22 15:16:34 -0700,2022-04-22 15:16:37 -0700,1
Watch,count,2022-04-22 18:40:17 -0700,2022-04-22 18:40:35 -0700,2
La Melodía,count,2022-04-22 14:23:33 -0700,2022-04-22 14:31:18 -0700,9
La Melodía,count,2022-04-22 15:16:35 -0700,2022-04-22 15:16:38 -0700,1
La Melodía,count,2022-04-22 18:40:15 -0700,2022-04-22 18:40:40 -0700,2
La Melodía,count,2022-04-22 19:38:50 -0700,2022-04-22 19:38:52 -0700,1
La Melodía,count,2022-04-22 22:43:35 -0700,2022-04-22 22:43:37 -0700,1
La Melodía,count,2022-04-23 12:08:08 -0700,2022-04-23 12:08:28 -0700,2
La Melodía,count,2022-04-23 12:41:20 -0700,2022-04-23 12:49:41 -0700,8
La Melodía,count,2022-04-23 18:37:40 -0700,2022-04-23 18:38:00 -0700,2
La Melodía,count,2022-04-23 19:15:50 -0700,2022-04-23 19:15:55 -0700,1
La Melodía,count,2022-04-23 19:49:19 -0700,2022-04-23 19:51:37 -0700,3
Watch,count,2022-04-25 12:54:58 -0700,2022-04-25 13:02:42 -0700,9
La Melodía,count,2022-04-24 14:09:20 -0700,2022-04-24 14:18:32 -0700,10
La Melodía,count,2022-04-24 18:40:42 -0700,2022-04-24 18:40:45 -0700,1
La Melodía,count,2022-04-25 12:54:56 -0700,2022-04-25 13:02:44 -0700,9
Watch,count,2022-04-25 13:07:14 -0700,2022-04-25 13:07:29 -0700,2
Watch,count,2022-04-25 13:35:12 -0700,2022-04-25 13:35:15 -0700,1
La Melodía,count,2022-04-25 13:07:10 -0700,2022-04-25 13:07:25 -0700,2
La Melodía,count,2022-04-25 13:35:09 -0700,2022-04-25 13:35:17 -0700,1
La Melodía,count,2022-04-25 18:29:04 -0700,2022-04-25 18:29:27 -0700,2
La Melodía,count,2022-04-25 18:55:57 -0700,2022-04-25 18:56:00 -0700,1
Watch,count,2022-04-26 12:00:25 -0700,2022-04-26 12:07:40 -0700,7
Watch,count,2022-04-26 17:34:51 -0700,2022-04-26 17:34:54 -0700,1
Watch,count,2022-04-26 18:07:55 -0700,2022-04-26 18:14:40 -0700,9
La Melodía,count,2022-04-26 11:58:02 -0700,2022-04-26 12:07:40 -0700,9
La Melodía,count,2022-04-26 18:07:32 -0700,2022-04-26 18:14:41 -0700,9
La Melodía,count,2022-04-26 21:07:49 -0700,2022-04-26 21:07:52 -0700,1
La Melodía,count,2022-04-27 00:54:32 -0700,2022-04-27 00:54:35 -0700,1
La Melodía,count,2022-04-27 11:50:09 -0700,2022-04-27 11:50:11 -0700,1
La Melodía,count,2022-04-27 21:38:37 -0700,2022-04-27 21:43:38 -0700,7
La Melodía,count,2022-04-27 21:48:50 -0700,2022-04-27 21:48:53 -0700,1
La Melodía,count,2022-04-28 00:38:49 -0700,2022-04-28 00:38:51 -0700,1
La Melodía,count,2022-04-28 16:31:01 -0700,2022-04-28 16:31:04 -0700,1
Watch,count,2022-04-26 21:07:49 -0700,2022-04-26 21:07:52 -0700,1
Watch,count,2022-04-29 02:06:53 -0700,2022-04-29 02:06:56 -0700,1
La Melodía,count,2022-04-29 02:06:56 -0700,2022-04-29 02:06:58 -0700,1
La Melodía,count,2022-04-30 00:48:26 -0700,2022-04-30 00:48:51 -0700,3
La Melodía,count,2022-04-30 10:51:05 -0700,2022-04-30 10:51:08 -0700,1
La Melodía,count,2022-04-30 11:23:59 -0700,2022-04-30 11:31:32 -0700,9
La Melodía,count,2022-04-30 12:58:15 -0700,2022-04-30 12:58:38 -0700,2
Watch,count,2022-04-30 11:24:05 -0700,2022-04-30 11:31:33 -0700,7
Watch,count,2022-04-30 12:58:19 -0700,2022-04-30 12:58:45 -0700,2
La Melodía,count,2022-04-30 13:30:07 -0700,2022-04-30 13:30:09 -0700,1
Watch,count,2022-04-30 13:30:10 -0700,2022-04-30 13:30:12 -0700,1
Watch,count,2022-04-30 19:18:20 -0700,2022-04-30 19:18:43 -0700,2
Watch,count,2022-04-30 19:44:53 -0700,2022-04-30 19:44:56 -0700,1
Watch,count,2022-04-30 20:27:30 -0700,2022-04-30 20:34:55 -0700,4
La Melodía,count,2022-04-30 19:18:15 -0700,2022-04-30 19:18:51 -0700,3
La Melodía,count,2022-04-30 19:44:51 -0700,2022-04-30 19:44:53 -0700,1
La Melodía,count,2022-04-30 20:27:32 -0700,2022-04-30 20:34:54 -0700,4
Watch,count,2022-05-01 14:15:05 -0700,2022-05-01 14:20:49 -0700,7
La Melodía,count,2022-05-01 14:14:56 -0700,2022-05-01 14:19:50 -0700,6
La Melodía,count,2022-05-03 09:47:27 -0700,2022-05-03 09:56:29 -0700,11
Watch,count,2022-05-03 09:47:49 -0700,2022-05-03 09:56:40 -0700,8
Watch,count,2022-05-03 11:32:07 -0700,2022-05-03 11:32:10 -0700,1
La Melodía,count,2022-05-03 11:32:08 -0700,2022-05-03 11:32:10 -0700,1
La Melodía,count,2022-05-03 19:38:52 -0700,2022-05-03 19:38:54 -0700,1
La Melodía,count,2022-05-03 21:50:29 -0700,2022-05-03 21:50:41 -0700,2
La Melodía,count,2022-05-03 23:52:43 -0700,2022-05-03 23:58:00 -0700,2
La Melodía,count,2022-05-04 00:15:00 -0700,2022-05-04 00:22:04 -0700,7
La Melodía,count,2022-05-04 00:27:47 -0700,2022-05-04 00:27:49 -0700,1
Watch,count,2022-05-04 12:30:06 -0700,2022-05-04 12:34:55 -0700,6
Watch,count,2022-05-04 12:41:36 -0700,2022-05-04 12:41:39 -0700,1
Watch,count,2022-05-04 17:54:10 -0700,2022-05-04 17:54:12 -0700,1
Watch,count,2022-05-04 18:19:05 -0700,2022-05-04 18:45:40 -0700,1
La Melodía,count,2022-05-04 12:29:51 -0700,2022-05-04 12:34:52 -0700,7
La Melodía,count,2022-05-04 12:41:34 -0700,2022-05-04 12:41:36 -0700,1
La Melodía,count,2022-05-04 17:54:15 -0700,2022-05-04 17:54:18 -0700,1
La Melodía,count,2022-05-04 18:19:05 -0700,2022-05-04 18:19:08 -0700,1
La Melodía,count,2022-05-05 13:49:14 -0700,2022-05-05 13:49:16 -0700,1
La Melodía,count,2022-05-05 15:16:31 -0700,2022-05-05 15:22:44 -0700,4
Watch,count,2022-05-05 13:49:10 -0700,2022-05-05 13:49:13 -0700,1
Watch,count,2022-05-05 15:16:36 -0700,2022-05-05 15:22:50 -0700,3
La Melodía,count,2022-05-06 00:24:49 -0700,2022-05-06 00:24:52 -0700,1
La Melodía,count,2022-05-06 00:53:24 -0700,2022-05-06 00:53:27 -0700,1
La Melodía,count,2022-05-06 18:52:55 -0700,2022-05-06 18:52:57 -0700,1
Watch,count,2022-05-07 22:18:57 -0700,2022-05-07 22:19:02 -0700,1
La Melodía,count,2022-05-07 22:18:55 -0700,2022-05-07 22:18:58 -0700,1
La Melodía,count,2022-05-08 00:26:44 -0700,2022-05-08 00:26:47 -0700,1
Watch,count,2022-05-07 23:55:05 -0700,2022-05-07 23:55:08 -0700,1
Watch,count,2022-05-08 00:26:48 -0700,2022-05-08 00:26:50 -0700,1
Watch,count,2022-05-08 11:23:47 -0700,2022-05-08 11:23:50 -0700,1
Watch,count,2022-05-08 12:04:48 -0700,2022-05-08 12:11:28 -0700,7
Watch,count,2022-05-08 15:46:58 -0700,2022-05-08 15:56:13 -0700,9
Watch,count,2022-05-08 16:02:26 -0700,2022-05-08 16:02:28 -0700,1
La Melodía,count,2022-05-08 11:23:50 -0700,2022-05-08 11:23:52 -0700,1
La Melodía,count,2022-05-08 12:05:28 -0700,2022-05-08 12:13:31 -0700,7
La Melodía,count,2022-05-08 15:46:52 -0700,2022-05-08 15:54:53 -0700,8
La Melodía,count,2022-05-08 16:01:21 -0700,2022-05-08 16:02:43 -0700,2
Watch,count,2022-05-08 16:30:35 -0700,2022-05-08 16:32:09 -0700,3
La Melodía,count,2022-05-08 16:17:02 -0700,2022-05-08 16:21:20 -0700,2
La Melodía,count,2022-05-08 16:30:35 -0700,2022-05-08 16:32:15 -0700,3
La Melodía,count,2022-05-08 20:25:32 -0700,2022-05-08 20:25:35 -0700,1
La Melodía,count,2022-05-09 01:09:33 -0700,2022-05-09 01:12:29 -0700,6
La Melodía,count,2022-05-09 01:21:33 -0700,2022-05-09 01:22:02 -0700,3
La Melodía,count,2022-05-09 16:01:56 -0700,2022-05-09 16:01:58 -0700,1
La Melodía,count,2022-05-09 23:56:58 -0700,2022-05-09 23:57:01 -0700,1
Watch,count,2022-05-10 17:50:14 -0700,2022-05-10 17:57:35 -0700,7
La Melodía,count,2022-05-10 17:50:11 -0700,2022-05-10 17:57:31 -0700,7
La Melodía,count,2022-05-11 02:27:46 -0700,2022-05-11 02:37:11 -0700,10
La Melodía,count,2022-05-11 08:28:13 -0700,2022-05-11 08:28:15 -0700,1
La Melodía,count,2022-05-11 12:38:48 -0700,2022-05-11 12:38:51 -0700,1
La Melodía,count,2022-05-11 14:19:40 -0700,2022-05-11 14:29:28 -0700,2
La Melodía,count,2022-05-11 17:33:05 -0700,2022-05-11 17:33:08 -0700,1
Watch,count,2022-05-12 15:28:51 -0700,2022-05-12 15:36:56 -0700,6
Watch,count,2022-05-12 15:43:48 -0700,2022-05-12 15:43:51 -0700,1
Watch,count,2022-05-12 16:10:53 -0700,2022-05-12 16:15:11 -0700,4
La Melodía,count,2022-05-12 15:28:45 -0700,2022-05-12 15:37:06 -0700,6
La Melodía,count,2022-05-12 16:10:53 -0700,2022-05-12 16:15:11 -0700,3
La Melodía,count,2022-05-12 20:02:34 -0700,2022-05-12 20:11:11 -0700,5
Watch,count,2022-05-14 18:26:21 -0700,2022-05-14 18:33:14 -0700,3
Watch,count,2022-05-14 18:36:54 -0700,2022-05-14 18:41:22 -0700,4
Watch,count,2022-05-14 18:48:33 -0700,2022-05-14 18:50:20 -0700,2
La Melodía,count,2022-05-14 18:26:22 -0700,2022-05-14 18:33:19 -0700,3
La Melodía,count,2022-05-14 18:36:54 -0700,2022-05-14 18:41:20 -0700,4
La Melodía,count,2022-05-14 18:48:29 -0700,2022-05-14 18:50:16 -0700,2
La Melodía,count,2022-05-16 11:36:00 -0700,2022-05-16 11:44:14 -0700,9
La Melodía,count,2022-05-16 11:52:22 -0700,2022-05-16 11:52:25 -0700,1
Watch,count,2022-05-16 11:36:37 -0700,2022-05-16 11:37:00 -0700,2
Watch,count,2022-05-16 11:37:18 -0700,2022-05-16 11:44:17 -0700,4
Watch,count,2022-05-16 11:52:21 -0700,2022-05-16 11:52:24 -0700,1
La Melodía,count,2022-05-17 12:44:10 -0700,2022-05-17 12:51:29 -0700,10
Watch,count,2022-05-17 12:43:58 -0700,2022-05-17 12:50:38 -0700,10
La Melodía,count,2022-05-17 13:18:58 -0700,2022-05-17 13:23:08 -0700,5
La Melodía,count,2022-05-17 15:18:22 -0700,2022-05-17 15:18:24 -0700,1
Watch,count,2022-05-17 13:18:58 -0700,2022-05-17 13:23:12 -0700,6
Watch,count,2022-05-17 15:18:26 -0700,2022-05-17 15:18:28 -0700,1
Watch,count,2022-05-17 23:10:55 -0700,2022-05-17 23:10:57 -0700,1
La Melodía,count,2022-05-17 23:10:56 -0700,2022-05-17 23:10:58 -0700,1
La Melodía,count,2022-05-18 19:09:59 -0700,2022-05-18 19:13:18 -0700,5
La Melodía,count,2022-05-18 19:20:02 -0700,2022-05-18 19:27:50 -0700,11
Watch,count,2022-05-18 19:09:59 -0700,2022-05-18 19:13:20 -0700,5
Watch,count,2022-05-18 19:20:04 -0700,2022-05-18 19:27:54 -0700,11
Watch,count,2022-05-19 10:57:07 -0700,2022-05-19 11:03:36 -0700,8
La Melodía,count,2022-05-19 10:57:25 -0700,2022-05-19 11:03:33 -0700,8
Watch,count,2022-05-19 13:15:53 -0700,2022-05-19 13:19:36 -0700,5
Watch,count,2022-05-19 15:17:12 -0700,2022-05-19 15:22:37 -0700,3
Watch,count,2022-05-19 16:26:14 -0700,2022-05-19 16:26:16 -0700,1
La Melodía,count,2022-05-19 13:15:48 -0700,2022-05-19 13:19:36 -0700,5
La Melodía,count,2022-05-19 15:17:09 -0700,2022-05-19 15:22:34 -0700,3
La Melodía,count,2022-05-19 16:26:15 -0700,2022-05-19 16:26:17 -0700,1
La Melodía,count,2022-05-19 18:56:34 -0700,2022-05-19 18:56:36 -0700,1
Watch,count,2022-05-19 18:56:36 -0700,2022-05-19 18:56:39 -0700,1
La Melodía,count,2022-05-20 00:05:24 -0700,2022-05-20 00:05:26 -0700,1
Watch,count,2022-05-20 00:05:25 -0700,2022-05-20 00:05:27 -0700,1
La Melodía,count,2022-05-20 18:01:00 -0700,2022-05-20 18:01:02 -0700,1
La Melodía,count,2022-05-22 21:27:30 -0700,2022-05-22 21:27:33 -0700,1
La Melodía,count,2022-05-24 12:59:58 -0700,2022-05-24 13:05:18 -0700,7
La Melodía,count,2022-05-24 15:39:57 -0700,2022-05-24 15:40:00 -0700,1
La Melodía,count,2022-05-24 20:36:43 -0700,2022-05-24 20:36:45 -0700,1
La Melodía,count,2022-05-24 20:56:21 -0700,2022-05-24 20:58:55 -0700,1
La Melodía,count,2022-05-25 01:56:24 -0700,2022-05-25 01:56:26 -0700,1
La Melodía,count,2022-05-25 11:10:40 -0700,2022-05-25 11:10:42 -0700,1
La Melodía,count,2022-05-25 14:46:51 -0700,2022-05-25 14:46:54 -0700,1
La Melodía,count,2022-05-25 23:08:50 -0700,2022-05-25 23:09:15 -0700,2
Watch,count,2022-05-27 19:39:00 -0700,2022-05-27 19:39:03 -0700,1
La Melodía,count,2022-05-27 19:38:58 -0700,2022-05-27 19:39:00 -0700,1
La Melodía,count,2022-05-28 15:03:17 -0700,2022-05-28 15:09:28 -0700,7
Watch,count,2022-05-28 15:02:56 -0700,2022-05-28 15:10:52 -0700,9
Melody’s iPhone,count,2021-06-02 18:50:56 -0700,2021-06-02 18:50:58 -0700,1
Melody’s iPhone,count,2021-06-03 13:28:13 -0700,2021-06-03 13:28:15 -0700,1
Melody’s Apple Watch,count,2021-06-03 14:46:28 -0700,2021-06-03 14:46:30 -0700,1
Melody’s Apple Watch,count,2021-06-03 15:32:05 -0700,2021-06-03 15:32:07 -0700,1
Melody’s Apple Watch,count,2021-06-03 15:55:40 -0700,2021-06-03 15:55:43 -0700,1
Melody’s Apple Watch,count,2021-06-03 16:08:07 -0700,2021-06-03 16:08:10 -0700,1
Melody’s Apple Watch,count,2021-06-03 16:21:16 -0700,2021-06-03 16:21:42 -0700,1
Melody’s Apple Watch,count,2021-06-03 16:56:25 -0700,2021-06-03 16:56:28 -0700,1
Melody’s Apple Watch,count,2021-06-03 17:08:04 -0700,2021-06-03 17:08:07 -0700,1
Melody’s Apple Watch,count,2021-06-03 18:15:51 -0700,2021-06-03 18:50:25 -0700,1
Melody’s Apple Watch,count,2021-06-03 20:22:53 -0700,2021-06-03 20:22:56 -0700,1
Melody’s Apple Watch,count,2021-06-03 20:38:07 -0700,2021-06-03 20:38:10 -0700,1
Melody’s Apple Watch,count,2021-06-04 07:29:07 -0700,2021-06-04 07:29:10 -0700,1
Melody’s Apple Watch,count,2021-06-04 10:38:06 -0700,2021-06-04 10:48:30 -0700,1
Melody’s iPhone,count,2021-06-03 20:22:49 -0700,2021-06-03 20:22:52 -0700,1
Melody’s iPhone,count,2021-06-04 08:10:12 -0700,2021-06-04 08:10:17 -0700,1
Melody’s Apple Watch,count,2021-06-04 15:41:51 -0700,2021-06-04 15:41:54 -0700,1
Melody’s Apple Watch,count,2021-06-04 20:57:21 -0700,2021-06-04 20:57:23 -0700,1
Melody’s iPhone,count,2021-06-04 12:54:37 -0700,2021-06-04 12:55:39 -0700,2
Melody’s Apple Watch,count,2021-06-04 22:23:37 -0700,2021-06-04 22:23:40 -0700,1
Melody’s Apple Watch,count,2021-06-05 11:50:39 -0700,2021-06-05 11:50:41 -0700,1
Melody’s iPhone,count,2021-06-04 20:57:16 -0700,2021-06-04 20:57:19 -0700,1
Melody’s iPhone,count,2021-06-05 11:50:42 -0700,2021-06-05 11:50:45 -0700,1
Melody’s Apple Watch,count,2021-06-05 16:51:38 -0700,2021-06-05 16:51:41 -0700,1
Melody’s Apple Watch,count,2021-06-05 23:31:47 -0700,2021-06-05 23:31:50 -0700,1
Melody’s Apple Watch,count,2021-06-07 16:21:38 -0700,2021-06-07 16:21:41 -0700,1
Melody’s iPhone,count,2021-06-05 23:31:43 -0700,2021-06-05 23:31:48 -0700,1
Melody’s iPhone,count,2021-06-06 20:56:59 -0700,2021-06-06 20:57:01 -0700,1
Melody’s Apple Watch,count,2021-06-08 11:30:57 -0700,2021-06-08 11:31:00 -0700,1
Melody’s Apple Watch,count,2021-06-08 13:20:40 -0700,2021-06-08 13:20:42 -0700,1
Melody’s Apple Watch,count,2021-06-08 14:33:45 -0700,2021-06-08 14:33:48 -0700,1
Melody’s iPhone,count,2021-06-07 16:21:37 -0700,2021-06-07 16:21:39 -0700,1
Melody’s Apple Watch,count,2021-06-08 16:32:50 -0700,2021-06-08 16:32:52 -0700,1
Melody’s Apple Watch,count,2021-06-08 17:22:09 -0700,2021-06-08 17:22:11 -0700,1
Melody’s Apple Watch,count,2021-06-08 19:00:18 -0700,2021-06-08 19:00:21 -0700,1
Melody’s Apple Watch,count,2021-06-08 19:16:26 -0700,2021-06-08 19:16:28 -0700,1
Melody’s Apple Watch,count,2021-06-08 20:24:04 -0700,2021-06-08 20:24:06 -0700,1
Melody’s Apple Watch,count,2021-06-08 22:26:34 -0700,2021-06-08 22:26:37 -0700,1
Melody’s iPhone,count,2021-06-08 14:33:44 -0700,2021-06-08 14:33:46 -0700,1
Melody’s iPhone,count,2021-06-08 19:16:22 -0700,2021-06-08 19:16:24 -0700,1
Melody’s iPhone,count,2021-06-08 22:26:31 -0700,2021-06-08 22:26:33 -0700,1
Melody’s Apple Watch,count,2021-06-09 13:21:45 -0700,2021-06-09 13:21:47 -0700,1
Melody’s iPhone,count,2021-06-09 14:49:38 -0700,2021-06-09 14:49:41 -0700,1
Melody’s iPhone,count,2021-06-10 10:33:37 -0700,2021-06-10 10:33:44 -0700,1
Melody’s iPhone,count,2021-06-10 11:23:57 -0700,2021-06-10 11:25:26 -0700,1
Melody’s Apple Watch,count,2021-06-09 20:54:05 -0700,2021-06-09 21:02:09 -0700,1
Melody’s Apple Watch,count,2021-06-10 07:51:18 -0700,2021-06-10 07:51:21 -0700,1
Melody’s Apple Watch,count,2021-06-10 10:05:58 -0700,2021-06-10 10:06:50 -0700,1
Melody’s Apple Watch,count,2021-06-10 11:23:56 -0700,2021-06-10 11:25:25 -0700,1
Melody’s Apple Watch,count,2021-06-10 15:00:39 -0700,2021-06-10 15:00:42 -0700,1
Melody’s iPhone,count,2021-06-10 14:31:25 -0700,2021-06-10 14:31:27 -0700,1
Melody’s iPhone,count,2021-06-10 16:38:34 -0700,2021-06-10 16:38:37 -0700,1
Melody’s iPhone,count,2021-06-11 13:58:52 -0700,2021-06-11 13:58:54 -0700,1
Melody’s Apple Watch,count,2021-06-11 20:54:45 -0700,2021-06-11 20:54:47 -0700,1
Melody’s iPhone,count,2021-06-11 20:54:41 -0700,2021-06-11 20:54:44 -0700,1
Melody’s iPhone,count,2021-06-12 00:04:09 -0700,2021-06-12 00:07:51 -0700,2
Melody’s iPhone,count,2021-06-12 12:13:00 -0700,2021-06-12 12:22:55 -0700,2
Melody’s Apple Watch,count,2021-06-12 16:11:22 -0700,2021-06-12 16:11:24 -0700,1
Melody’s Apple Watch,count,2021-06-13 10:13:10 -0700,2021-06-13 10:22:21 -0700,2
Melody’s Apple Watch,count,2021-06-13 11:27:10 -0700,2021-06-13 11:27:13 -0700,1
Melody’s iPhone,count,2021-06-12 16:11:22 -0700,2021-06-12 16:11:24 -0700,1
Melody’s iPhone,count,2021-06-12 20:15:13 -0700,2021-06-12 20:15:16 -0700,1
Melody’s iPhone,count,2021-06-12 21:10:36 -0700,2021-06-12 21:13:45 -0700,2
Melody’s iPhone,count,2021-06-12 23:43:06 -0700,2021-06-12 23:43:08 -0700,1
Melody’s iPhone,count,2021-06-13 15:32:21 -0700,2021-06-13 15:32:23 -0700,1
Melody’s iPhone,count,2021-06-13 20:02:26 -0700,2021-06-13 20:02:29 -0700,1
Melody’s Apple Watch,count,2021-06-13 12:39:03 -0700,2021-06-13 12:39:05 -0700,1
Melody’s iPhone,count,2021-06-14 13:51:58 -0700,2021-06-14 13:52:01 -0700,1
Melody’s Apple Watch,count,2021-06-14 15:34:44 -0700,2021-06-14 15:34:46 -0700,1
Melody’s iPhone,count,2021-06-14 17:58:22 -0700,2021-06-14 17:58:25 -0700,1
Melody’s iPhone,count,2021-06-14 22:19:57 -0700,2021-06-14 22:19:59 -0700,1
Melody’s iPhone,count,2021-06-14 23:11:05 -0700,2021-06-14 23:11:08 -0700,1
Melody’s iPhone,count,2021-06-15 12:11:43 -0700,2021-06-15 12:11:45 -0700,1
Melody’s Apple Watch,count,2021-06-14 19:18:37 -0700,2021-06-14 19:18:39 -0700,1
Melody’s Apple Watch,count,2021-06-14 19:25:57 -0700,2021-06-14 19:37:54 -0700,1
Melody’s Apple Watch,count,2021-06-14 20:15:57 -0700,2021-06-14 20:25:56 -0700,2
Melody’s Apple Watch,count,2021-06-14 21:26:45 -0700,2021-06-14 21:26:47 -0700,1
Melody’s Apple Watch,count,2021-06-14 22:19:58 -0700,2021-06-14 22:45:42 -0700,1
Melody’s Apple Watch,count,2021-06-14 23:11:10 -0700,2021-06-14 23:11:13 -0700,1
Melody’s Apple Watch,count,2021-06-15 13:39:19 -0700,2021-06-15 13:39:22 -0700,1
Melody’s iPhone,count,2021-06-15 13:39:16 -0700,2021-06-15 13:39:19 -0700,1
Melody’s Apple Watch,count,2021-06-15 18:29:10 -0700,2021-06-15 18:38:15 -0700,1
Melody’s iPhone,count,2021-06-15 14:07:38 -0700,2021-06-15 14:07:40 -0700,1
Melody’s iPhone,count,2021-06-15 18:29:09 -0700,2021-06-15 18:37:30 -0700,1
Melody’s iPhone,count,2021-06-15 20:24:53 -0700,2021-06-15 20:24:56 -0700,1
Melody’s Apple Watch,count,2021-06-16 07:02:11 -0700,2021-06-16 07:02:14 -0700,1
Melody’s Apple Watch,count,2021-06-16 10:40:10 -0700,2021-06-16 10:40:12 -0700,1
Melody’s Apple Watch,count,2021-06-16 11:31:32 -0700,2021-06-16 11:35:02 -0700,1
Melody’s iPhone,count,2021-06-16 07:02:15 -0700,2021-06-16 07:02:17 -0700,1
Melody’s iPhone,count,2021-06-16 10:40:07 -0700,2021-06-16 10:40:09 -0700,1
Melody’s Apple Watch,count,2021-06-16 19:35:39 -0700,2021-06-16 19:36:12 -0700,1
Melody’s iPhone,count,2021-06-17 15:54:04 -0700,2021-06-17 15:54:07 -0700,1
Melody’s iPhone,count,2021-06-17 21:08:50 -0700,2021-06-17 21:08:53 -0700,1
Melody’s iPhone,count,2021-06-18 18:50:13 -0700,2021-06-18 18:50:16 -0700,1
Melody’s Apple Watch,count,2021-06-18 23:19:41 -0700,2021-06-18 23:19:44 -0700,1
Melody’s iPhone,count,2021-06-18 23:19:45 -0700,2021-06-18 23:19:48 -0700,1
Melody’s Apple Watch,count,2021-06-19 19:06:29 -0700,2021-06-19 19:06:31 -0700,1
Melody’s Apple Watch,count,2021-06-19 20:03:49 -0700,2021-06-19 20:03:51 -0700,1
Melody’s Apple Watch,count,2021-06-19 20:16:24 -0700,2021-06-19 20:16:26 -0700,1
Melody’s iPhone,count,2021-06-19 20:16:22 -0700,2021-06-19 20:16:24 -0700,1
Melody’s iPhone,count,2021-06-20 21:27:40 -0700,2021-06-20 21:30:13 -0700,1
Melody’s iPhone,count,2021-06-21 06:13:24 -0700,2021-06-21 06:13:27 -0700,1
Melody’s iPhone,count,2021-06-21 08:42:49 -0700,2021-06-21 08:42:52 -0700,1
Melody’s iPhone,count,2021-06-21 16:52:04 -0700,2021-06-21 16:52:07 -0700,1
Melody’s iPhone,count,2021-06-21 19:06:39 -0700,2021-06-21 19:06:41 -0700,1
Melody’s iPhone,count,2021-06-22 12:46:40 -0700,2021-06-22 12:46:43 -0700,1
Melody’s iPhone,count,2021-06-22 19:36:32 -0700,2021-06-22 19:39:08 -0700,2
Melody’s iPhone,count,2021-06-23 19:31:46 -0700,2021-06-23 19:31:49 -0700,1
Melody’s Apple Watch,count,2021-06-23 19:31:46 -0700,2021-06-23 19:31:48 -0700,1
Melody’s Apple Watch,count,2021-06-24 13:18:09 -0700,2021-06-24 13:18:11 -0700,1
Melody’s iPhone,count,2021-06-24 13:30:13 -0700,2021-06-24 13:30:15 -0700,1
Melody’s Apple Watch,count,2021-06-24 23:31:26 -0700,2021-06-24 23:31:28 -0700,1
Melody’s Apple Watch,count,2021-06-25 06:58:23 -0700,2021-06-25 06:58:25 -0700,1
Melody’s Apple Watch,count,2021-06-25 08:07:50 -0700,2021-06-25 08:07:53 -0700,1
Melody’s iPhone,count,2021-06-24 23:31:22 -0700,2021-06-24 23:31:25 -0700,1
Melody’s Apple Watch,count,2021-06-25 13:05:31 -0700,2021-06-25 13:13:27 -0700,2
Melody’s Apple Watch,count,2021-06-25 16:38:30 -0700,2021-06-25 16:38:33 -0700,1
Melody’s iPhone,count,2021-06-25 06:58:20 -0700,2021-06-25 06:58:22 -0700,1
Melody’s Apple Watch,count,2021-06-25 19:09:44 -0700,2021-06-25 19:11:52 -0700,2
Melody’s iPhone,count,2021-06-25 19:09:39 -0700,2021-06-25 19:09:42 -0700,1
Melody’s Apple Watch,count,2021-06-26 16:03:01 -0700,2021-06-26 16:04:00 -0700,1
Melody’s Apple Watch,count,2021-06-26 17:53:29 -0700,2021-06-26 17:53:32 -0700,1
Melody’s iPhone,count,2021-06-26 23:12:11 -0700,2021-06-26 23:12:13 -0700,1
Melody’s iPhone,count,2021-06-27 11:53:53 -0700,2021-06-27 11:53:56 -0700,1
Melody’s iPhone,count,2021-06-27 19:00:04 -0700,2021-06-27 19:00:07 -0700,1
Melody’s iPhone,count,2021-06-28 06:22:53 -0700,2021-06-28 06:23:01 -0700,1
Melody’s Apple Watch,count,2021-06-27 17:43:18 -0700,2021-06-27 17:43:20 -0700,1
Melody’s Apple Watch,count,2021-06-28 19:27:11 -0700,2021-06-28 19:27:13 -0700,1
Melody’s Apple Watch,count,2021-06-28 22:25:42 -0700,2021-06-28 22:25:44 -0700,1
Melody’s Apple Watch,count,2021-06-29 08:09:46 -0700,2021-06-29 08:09:48 -0700,1
Melody’s Apple Watch,count,2021-06-29 08:32:10 -0700,2021-06-29 08:32:54 -0700,1
Melody’s Apple Watch,count,2021-06-30 09:45:20 -0700,2021-06-30 09:45:23 -0700,1
Melody’s iPhone,count,2021-06-28 22:25:37 -0700,2021-06-28 22:25:45 -0700,1
Melody’s iPhone,count,2021-06-29 08:09:41 -0700,2021-06-29 08:09:44 -0700,1
Melody’s iPhone,count,2021-06-29 18:22:35 -0700,2021-06-29 18:22:38 -0700,1
Melody’s Apple Watch,count,2021-06-29 10:01:37 -0700,2021-06-29 10:01:39 -0700,1
Melody’s Apple Watch,count,2021-06-29 10:06:03 -0700,2021-06-29 10:06:05 -0700,1
Melody’s iPhone,count,2021-06-30 09:45:17 -0700,2021-06-30 09:45:20 -0700,1
Melody’s Apple Watch,count,2021-06-30 22:22:24 -0700,2021-06-30 22:22:27 -0700,1
Melody’s Apple Watch,count,2021-07-01 14:18:16 -0700,2021-07-01 14:18:19 -0700,1
Melody’s iPhone,count,2021-06-30 17:31:33 -0700,2021-06-30 17:31:41 -0700,1
Melody’s iPhone,count,2021-06-30 19:05:32 -0700,2021-06-30 19:05:34 -0700,1
Melody’s iPhone,count,2021-07-01 19:52:21 -0700,2021-07-01 19:52:24 -0700,1
Melody’s Apple Watch,count,2021-07-01 19:52:25 -0700,2021-07-01 19:52:27 -0700,1
Melody’s Apple Watch,count,2021-07-02 17:35:22 -0700,2021-07-02 17:35:25 -0700,1
Melody’s iPhone,count,2021-07-02 13:02:59 -0700,2021-07-02 13:03:02 -0700,1
Melody’s iPhone,count,2021-07-02 18:13:27 -0700,2021-07-02 18:13:29 -0700,1
Melody’s iPhone,count,2021-07-02 21:12:38 -0700,2021-07-02 21:12:41 -0700,1
Melody’s iPhone,count,2021-07-03 20:09:33 -0700,2021-07-03 20:09:36 -0700,1
Melody’s iPhone,count,2021-07-04 07:25:58 -0700,2021-07-04 07:26:00 -0700,1
Melody’s Apple Watch,count,2021-07-04 13:19:04 -0700,2021-07-04 13:19:06 -0700,1
Melody’s Apple Watch,count,2021-07-04 15:03:19 -0700,2021-07-04 15:03:21 -0700,1
Melody’s iPhone,count,2021-07-04 08:55:11 -0700,2021-07-04 08:55:13 -0700,1
Melody’s iPhone,count,2021-07-04 15:03:15 -0700,2021-07-04 15:03:17 -0700,1
Melody’s Apple Watch,count,2021-07-04 21:25:50 -0700,2021-07-04 21:25:52 -0700,1
Melody’s Apple Watch,count,2021-07-06 07:15:16 -0700,2021-07-06 07:15:19 -0700,1
Melody’s Apple Watch,count,2021-07-06 08:38:39 -0700,2021-07-06 08:38:42 -0700,1
Melody’s iPhone,count,2021-07-04 21:25:48 -0700,2021-07-04 21:25:50 -0700,1
Melody’s iPhone,count,2021-07-05 10:08:47 -0700,2021-07-05 10:08:49 -0700,1
Melody’s iPhone,count,2021-07-05 15:47:42 -0700,2021-07-05 15:47:45 -0700,1
Melody’s iPhone,count,2021-07-05 22:09:09 -0700,2021-07-05 22:11:37 -0700,1
Melody’s iPhone,count,2021-07-06 07:15:13 -0700,2021-07-06 07:15:15 -0700,1
Melody’s Apple Watch,count,2021-07-06 15:01:33 -0700,2021-07-06 15:02:35 -0700,1
Melody’s iPhone,count,2021-07-06 12:23:58 -0700,2021-07-06 12:24:00 -0700,1
Melody’s iPhone,count,2021-07-06 15:01:35 -0700,2021-07-06 15:01:38 -0700,1
Melody’s iPhone,count,2021-07-06 15:35:06 -0700,2021-07-06 15:35:08 -0700,1
Melody’s Apple Watch,count,2021-07-06 21:38:24 -0700,2021-07-06 21:38:26 -0700,1
Melody’s Apple Watch,count,2021-07-08 10:57:44 -0700,2021-07-08 10:57:46 -0700,1
Melody’s Apple Watch,count,2021-07-08 12:49:40 -0700,2021-07-08 12:49:43 -0700,1
Melody’s iPhone,count,2021-07-06 21:38:19 -0700,2021-07-06 21:38:21 -0700,1
Melody’s Apple Watch,count,2021-07-08 18:00:40 -0700,2021-07-08 18:05:32 -0700,2
Melody’s Apple Watch,count,2021-07-08 21:55:47 -0700,2021-07-08 21:55:50 -0700,1
Melody’s iPhone,count,2021-07-08 18:00:38 -0700,2021-07-08 18:00:40 -0700,1
Melody’s Apple Watch,count,2021-07-10 10:54:21 -0700,2021-07-10 10:54:24 -0700,1
Melody’s Apple Watch,count,2021-07-10 12:11:44 -0700,2021-07-10 12:11:46 -0700,1
Melody’s iPhone,count,2021-07-09 09:12:53 -0700,2021-07-09 09:12:56 -0700,1
Melody’s iPhone,count,2021-07-09 14:28:41 -0700,2021-07-09 14:29:09 -0700,1
Melody’s Apple Watch,count,2021-07-10 17:29:04 -0700,2021-07-10 17:29:07 -0700,1
Melody’s iPhone,count,2021-07-10 17:29:03 -0700,2021-07-10 17:29:05 -0700,1
Melody’s Apple Watch,count,2021-07-11 09:33:21 -0700,2021-07-11 09:33:24 -0700,1
Melody’s Apple Watch,count,2021-07-11 14:16:02 -0700,2021-07-11 14:16:05 -0700,1
Melody’s Apple Watch,count,2021-07-11 15:41:03 -0700,2021-07-11 15:42:07 -0700,1
Melody’s iPhone,count,2021-07-11 09:33:18 -0700,2021-07-11 09:33:21 -0700,1
Melody’s Apple Watch,count,2021-07-11 19:38:22 -0700,2021-07-11 19:38:24 -0700,1
Melody’s Apple Watch,count,2021-07-11 19:53:26 -0700,2021-07-11 19:53:28 -0700,1
Melody’s iPhone,count,2021-07-11 15:41:03 -0700,2021-07-11 15:41:09 -0700,1
Melody’s iPhone,count,2021-07-11 19:53:24 -0700,2021-07-11 19:53:27 -0700,1
Melody’s Apple Watch,count,2021-07-11 22:18:42 -0700,2021-07-11 22:18:45 -0700,1
Melody’s Apple Watch,count,2021-07-12 10:53:29 -0700,2021-07-12 10:53:32 -0700,1
Melody’s iPhone,count,2021-07-12 10:53:27 -0700,2021-07-12 10:53:29 -0700,1
Melody’s iPhone,count,2021-07-12 11:19:56 -0700,2021-07-12 11:19:59 -0700,1
Melody’s Apple Watch,count,2021-07-12 16:05:03 -0700,2021-07-12 16:05:05 -0700,1
Melody’s iPhone,count,2021-07-12 13:47:34 -0700,2021-07-12 13:47:36 -0700,1
Melody’s iPhone,count,2021-07-13 07:51:58 -0700,2021-07-13 07:52:01 -0700,1
Melody’s iPhone,count,2021-07-13 09:26:36 -0700,2021-07-13 09:26:44 -0700,1
Melody’s iPhone,count,2021-07-13 13:08:06 -0700,2021-07-13 13:08:09 -0700,1
Melody’s Apple Watch,count,2021-07-14 08:29:58 -0700,2021-07-14 08:30:00 -0700,1
Melody’s Apple Watch,count,2021-07-14 12:01:37 -0700,2021-07-14 12:01:40 -0700,1
Melody’s Apple Watch,count,2021-07-14 14:51:25 -0700,2021-07-14 14:51:28 -0700,1
Melody’s iPhone,count,2021-07-14 08:29:55 -0700,2021-07-14 08:29:57 -0700,1
Melody’s iPhone,count,2021-07-14 12:01:35 -0700,2021-07-14 12:01:38 -0700,1
Melody’s Apple Watch,count,2021-07-14 17:20:56 -0700,2021-07-14 17:20:59 -0700,1
Melody’s Apple Watch,count,2021-07-14 18:49:01 -0700,2021-07-14 18:49:03 -0700,1
Melody’s Apple Watch,count,2021-07-15 22:47:02 -0700,2021-07-15 22:47:05 -0700,1
Melody’s Apple Watch,count,2021-07-16 08:46:05 -0700,2021-07-16 08:46:07 -0700,1
Melody’s iPhone,count,2021-07-16 08:46:03 -0700,2021-07-16 08:46:05 -0700,1
Melody’s Apple Watch,count,2021-07-17 13:56:42 -0700,2021-07-17 14:01:21 -0700,2
Melody’s iPhone,count,2021-07-16 19:53:13 -0700,2021-07-16 19:53:16 -0700,1
Melody’s iPhone,count,2021-07-17 13:56:43 -0700,2021-07-17 14:01:19 -0700,2
Melody’s iPhone,count,2021-07-17 14:45:01 -0700,2021-07-17 14:45:03 -0700,1
Melody’s Apple Watch,count,2021-07-18 17:50:31 -0700,2021-07-18 17:50:34 -0700,1
Melody’s iPhone,count,2021-07-17 15:27:15 -0700,2021-07-17 15:29:05 -0700,1
Melody’s iPhone,count,2021-07-18 12:26:49 -0700,2021-07-18 12:26:51 -0700,1
Melody’s Apple Watch,count,2021-07-18 21:58:59 -0700,2021-07-18 21:59:02 -0700,1
Melody’s Apple Watch,count,2021-07-19 11:50:52 -0700,2021-07-19 11:50:55 -0700,1
Melody’s Apple Watch,count,2021-07-19 13:11:46 -0700,2021-07-19 13:11:49 -0700,1
Melody’s iPhone,count,2021-07-18 17:50:28 -0700,2021-07-18 17:50:30 -0700,1
Melody’s iPhone,count,2021-07-18 21:58:54 -0700,2021-07-18 21:58:57 -0700,1
Melody’s Apple Watch,count,2021-07-19 14:35:45 -0700,2021-07-19 14:44:09 -0700,2
Melody’s Apple Watch,count,2021-07-19 14:54:26 -0700,2021-07-19 14:54:28 -0700,1
Melody’s Apple Watch,count,2021-07-19 15:59:37 -0700,2021-07-19 15:59:40 -0700,1
Melody’s iPhone,count,2021-07-19 13:26:34 -0700,2021-07-19 13:26:37 -0700,1
Melody’s iPhone,count,2021-07-19 14:44:04 -0700,2021-07-19 14:44:06 -0700,1
Melody’s Apple Watch,count,2021-07-19 20:10:32 -0700,2021-07-19 20:10:35 -0700,1
Melody’s iPhone,count,2021-07-19 20:10:32 -0700,2021-07-19 20:10:35 -0700,1
Melody’s iPhone,count,2021-07-20 08:46:49 -0700,2021-07-20 08:46:52 -0700,1
Melody’s Apple Watch,count,2021-07-20 14:18:00 -0700,2021-07-20 14:18:02 -0700,1
Melody’s iPhone,count,2021-07-20 14:17:58 -0700,2021-07-20 14:18:01 -0700,1
Melody’s Apple Watch,count,2021-07-20 20:53:26 -0700,2021-07-20 20:53:29 -0700,1
Melody’s Apple Watch,count,2021-07-21 13:56:03 -0700,2021-07-21 13:56:06 -0700,1
Melody’s iPhone,count,2021-07-20 22:46:37 -0700,2021-07-20 22:46:39 -0700,1
Melody’s iPhone,count,2021-07-21 13:56:00 -0700,2021-07-21 13:56:02 -0700,1
Melody’s Apple Watch,count,2021-07-21 17:59:18 -0700,2021-07-21 17:59:20 -0700,1
Melody’s Apple Watch,count,2021-07-23 15:05:10 -0700,2021-07-23 15:05:12 -0700,1
Melody’s iPhone,count,2021-07-21 18:32:19 -0700,2021-07-21 18:32:21 -0700,1
Melody’s iPhone,count,2021-07-21 20:18:37 -0700,2021-07-21 20:26:17 -0700,2
Melody’s Apple Watch,count,2021-07-23 17:41:47 -0700,2021-07-23 17:41:50 -0700,1
Melody’s Apple Watch,count,2021-07-23 17:50:27 -0700,2021-07-23 17:50:29 -0700,1
Melody’s Apple Watch,count,2021-07-23 20:37:25 -0700,2021-07-23 20:37:28 -0700,1
Melody’s Apple Watch,count,2021-07-23 20:57:43 -0700,2021-07-23 20:57:46 -0700,1
Melody’s iPhone,count,2021-07-21 21:35:34 -0700,2021-07-21 21:35:36 -0700,1
Melody’s iPhone,count,2021-07-21 22:20:55 -0700,2021-07-21 22:22:14 -0700,1
Melody’s iPhone,count,2021-07-22 10:07:14 -0700,2021-07-22 10:07:16 -0700,1
Melody’s iPhone,count,2021-07-22 22:45:27 -0700,2021-07-22 22:45:30 -0700,1
Melody’s iPhone,count,2021-07-23 14:18:39 -0700,2021-07-23 14:34:48 -0700,1
Melody’s iPhone,count,2021-07-23 17:41:45 -0700,2021-07-23 17:41:47 -0700,1
Melody’s iPhone,count,2021-07-23 18:05:33 -0700,2021-07-23 18:05:36 -0700,1
Melody’s iPhone,count,2021-07-23 18:44:59 -0700,2021-07-23 18:45:02 -0700,1
Melody’s iPhone,count,2021-07-23 20:34:53 -0700,2021-07-23 20:34:56 -0700,1
Melody’s iPhone,count,2021-07-23 20:57:40 -0700,2021-07-23 20:57:43 -0700,1
Melody’s Apple Watch,count,2021-07-23 22:32:11 -0700,2021-07-23 22:32:13 -0700,1
Melody’s Apple Watch,count,2021-07-24 16:37:46 -0700,2021-07-24 16:37:49 -0700,1
Melody’s Apple Watch,count,2021-07-25 19:22:08 -0700,2021-07-25 19:22:11 -0700,1
Melody’s iPhone,count,2021-07-24 16:37:52 -0700,2021-07-24 16:38:10 -0700,1
Melody’s iPhone,count,2021-07-24 18:30:58 -0700,2021-07-24 18:31:00 -0700,1
Melody’s iPhone,count,2021-07-24 23:44:05 -0700,2021-07-24 23:44:07 -0700,1
Melody’s iPhone,count,2021-07-25 19:22:06 -0700,2021-07-25 19:22:09 -0700,1
Melody’s Apple Watch,count,2021-07-25 21:52:59 -0700,2021-07-25 21:53:02 -0700,1
Melody’s Apple Watch,count,2021-07-26 20:23:37 -0700,2021-07-26 20:23:39 -0700,1
Melody’s iPhone,count,2021-07-25 21:52:58 -0700,2021-07-25 21:53:01 -0700,1
Melody’s iPhone,count,2021-07-26 19:50:19 -0700,2021-07-26 19:50:22 -0700,1
Melody’s iPhone,count,2021-07-26 20:23:32 -0700,2021-07-26 20:23:35 -0700,1
Melody’s Apple Watch,count,2021-07-26 22:37:06 -0700,2021-07-26 22:37:14 -0700,1
Melody’s iPhone,count,2021-07-26 22:37:04 -0700,2021-07-26 22:37:12 -0700,1
Melody’s Apple Watch,count,2021-07-27 19:13:14 -0700,2021-07-27 19:13:16 -0700,1
Melody’s iPhone,count,2021-07-27 19:13:11 -0700,2021-07-27 19:13:14 -0700,1
Melody’s Apple Watch,count,2021-07-27 21:16:51 -0700,2021-07-27 21:17:43 -0700,1
Melody’s Apple Watch,count,2021-07-28 00:08:53 -0700,2021-07-28 00:08:56 -0700,1
Melody’s iPhone,count,2021-07-27 21:16:58 -0700,2021-07-27 21:44:11 -0700,1
Melody’s iPhone,count,2021-07-28 16:27:19 -0700,2021-07-28 16:27:21 -0700,1
Melody’s iPhone,count,2021-07-28 20:04:26 -0700,2021-07-28 20:04:29 -0700,1
Melody’s Apple Watch,count,2021-07-28 16:27:22 -0700,2021-07-28 16:27:25 -0700,1
Melody’s Apple Watch,count,2021-07-28 19:28:36 -0700,2021-07-28 19:28:59 -0700,1
Melody’s Apple Watch,count,2021-07-28 20:04:30 -0700,2021-07-28 20:04:33 -0700,1
Melody’s Apple Watch,count,2021-07-28 23:54:40 -0700,2021-07-28 23:54:43 -0700,1
Melody’s iPhone,count,2021-07-28 23:54:37 -0700,2021-07-28 23:54:39 -0700,1
Melody’s Apple Watch,count,2021-07-29 21:48:04 -0700,2021-07-29 21:48:06 -0700,1
Melody’s iPhone,count,2021-07-29 21:48:00 -0700,2021-07-29 21:48:03 -0700,1
Melody’s Apple Watch,count,2021-07-30 15:53:43 -0700,2021-07-30 15:53:59 -0700,1
Melody’s iPhone,count,2021-07-30 16:39:44 -0700,2021-07-30 16:40:12 -0700,1
Melody’s Apple Watch,count,2021-08-01 17:08:46 -0700,2021-08-01 17:09:42 -0700,1
Melody’s Apple Watch,count,2021-08-01 17:51:06 -0700,2021-08-01 17:51:08 -0700,1
Melody’s Apple Watch,count,2021-08-01 22:18:52 -0700,2021-08-01 22:18:55 -0700,1
Melody’s Apple Watch,count,2021-08-02 10:18:30 -0700,2021-08-02 10:18:32 -0700,1
Melody’s iPhone,count,2021-08-01 22:18:52 -0700,2021-08-01 22:18:59 -0700,1
Melody’s Apple Watch,count,2021-08-02 21:37:00 -0700,2021-08-02 21:37:03 -0700,1
Melody’s Apple Watch,count,2021-08-02 21:47:15 -0700,2021-08-02 21:47:17 -0700,1
Melody’s Apple Watch,count,2021-08-02 21:59:06 -0700,2021-08-02 21:59:09 -0700,1
Melody’s Apple Watch,count,2021-08-03 10:13:13 -0700,2021-08-03 10:13:15 -0700,1
Melody’s iPhone,count,2021-08-02 10:18:27 -0700,2021-08-02 10:18:29 -0700,1
Melody’s iPhone,count,2021-08-02 16:19:00 -0700,2021-08-02 16:19:03 -0700,1
Melody’s iPhone,count,2021-08-02 17:11:21 -0700,2021-08-02 17:11:24 -0700,1
Melody’s iPhone,count,2021-08-02 21:37:00 -0700,2021-08-02 21:37:23 -0700,1
Melody’s Apple Watch,count,2021-08-03 13:37:58 -0700,2021-08-03 13:38:01 -0700,1
Melody’s Apple Watch,count,2021-08-03 13:54:49 -0700,2021-08-03 13:54:52 -0700,1
Melody’s iPhone,count,2021-08-03 13:37:55 -0700,2021-08-03 13:37:57 -0700,1
Melody’s iPhone,count,2021-08-03 15:57:11 -0700,2021-08-03 15:57:13 -0700,1
Melody’s Apple Watch,count,2021-08-04 01:48:33 -0700,2021-08-04 01:48:35 -0700,1
Melody’s iPhone,count,2021-08-03 17:53:41 -0700,2021-08-03 18:35:48 -0700,1
Melody’s iPhone,count,2021-08-03 19:48:17 -0700,2021-08-03 19:48:20 -0700,1
Melody’s iPhone,count,2021-08-04 01:48:30 -0700,2021-08-04 01:48:32 -0700,1
Melody’s iPhone,count,2021-08-04 18:10:04 -0700,2021-08-04 18:10:07 -0700,1
Melody’s iPhone,count,2021-08-04 22:31:18 -0700,2021-08-04 22:31:21 -0700,1
Melody’s iPhone,count,2021-08-04 23:37:25 -0700,2021-08-04 23:37:28 -0700,1
Melody’s iPhone,count,2021-08-05 00:07:47 -0700,2021-08-05 00:07:50 -0700,1
Melody’s Apple Watch,count,2021-08-05 15:35:28 -0700,2021-08-05 15:35:31 -0700,1
Melody’s Apple Watch,count,2021-08-05 16:25:44 -0700,2021-08-05 16:25:47 -0700,1
Melody’s iPhone,count,2021-08-05 14:48:52 -0700,2021-08-05 14:50:55 -0700,2
Melody’s iPhone,count,2021-08-05 15:35:27 -0700,2021-08-05 15:35:30 -0700,1
Melody’s iPhone,count,2021-08-05 16:25:39 -0700,2021-08-05 16:25:42 -0700,1
Melody’s Apple Watch,count,2021-08-05 22:23:12 -0700,2021-08-05 22:23:15 -0700,1
Melody’s iPhone,count,2021-08-05 20:20:41 -0700,2021-08-05 20:20:44 -0700,1
Melody’s iPhone,count,2021-08-05 22:23:02 -0700,2021-08-05 22:23:10 -0700,1
Melody’s iPhone,count,2021-08-06 23:09:41 -0700,2021-08-06 23:09:44 -0700,1
Melody’s iPhone,count,2021-08-07 16:03:02 -0700,2021-08-07 16:07:12 -0700,2
Melody’s iPhone,count,2021-08-07 21:15:27 -0700,2021-08-07 21:15:30 -0700,1
Melody’s iPhone,count,2021-08-08 14:53:26 -0700,2021-08-08 14:53:31 -0700,1
Melody’s iPhone,count,2021-08-08 18:52:31 -0700,2021-08-08 18:57:27 -0700,1
Melody’s iPhone,count,2021-08-09 12:38:47 -0700,2021-08-09 12:38:50 -0700,1
Melody’s iPhone,count,2021-08-09 14:48:09 -0700,2021-08-09 14:48:12 -0700,1
Melody’s Apple Watch,count,2021-08-09 16:37:22 -0700,2021-08-09 16:37:25 -0700,1
Melody’s Apple Watch,count,2021-08-10 13:47:25 -0700,2021-08-10 13:47:27 -0700,1
Melody’s iPhone,count,2021-08-09 16:37:17 -0700,2021-08-09 17:15:57 -0700,1
Melody’s iPhone,count,2021-08-10 11:32:55 -0700,2021-08-10 11:32:58 -0700,1
Melody’s Apple Watch,count,2021-08-10 22:36:10 -0700,2021-08-10 22:36:13 -0700,1
Melody’s Apple Watch,count,2021-08-11 00:07:32 -0700,2021-08-11 00:07:34 -0700,1
Melody’s iPhone,count,2021-08-11 00:07:30 -0700,2021-08-11 00:07:32 -0700,1
Melody’s iPhone,count,2021-08-11 10:45:55 -0700,2021-08-11 10:45:58 -0700,1
Melody’s iPhone,count,2021-08-11 16:38:29 -0700,2021-08-11 16:38:32 -0700,1
Melody’s Apple Watch,count,2021-08-11 15:41:51 -0700,2021-08-11 15:41:54 -0700,1
Melody’s Apple Watch,count,2021-08-11 18:07:11 -0700,2021-08-11 18:07:14 -0700,1
Melody’s Apple Watch,count,2021-08-11 20:24:16 -0700,2021-08-11 20:24:18 -0700,1
Melody’s Apple Watch,count,2021-08-11 20:54:16 -0700,2021-08-11 21:02:40 -0700,2
Melody’s Apple Watch,count,2021-08-11 21:12:13 -0700,2021-08-11 21:17:33 -0700,2
Melody’s Apple Watch,count,2021-08-11 21:38:51 -0700,2021-08-11 21:38:53 -0700,1
Melody’s Apple Watch,count,2021-08-11 23:28:20 -0700,2021-08-11 23:28:23 -0700,1
Melody’s iPhone,count,2021-08-11 21:11:58 -0700,2021-08-11 21:14:01 -0700,1
Melody’s iPhone,count,2021-08-11 21:38:40 -0700,2021-08-11 22:23:06 -0700,1
Melody’s Apple Watch,count,2021-08-12 12:59:38 -0700,2021-08-12 12:59:41 -0700,1
Melody’s Apple Watch,count,2021-08-12 13:34:55 -0700,2021-08-12 13:34:58 -0700,1
Melody’s Apple Watch,count,2021-08-12 17:02:44 -0700,2021-08-12 17:02:47 -0700,1
Melody’s iPhone,count,2021-08-13 07:37:10 -0700,2021-08-13 07:37:12 -0700,1
Melody’s iPhone,count,2021-08-13 08:16:28 -0700,2021-08-13 08:16:31 -0700,1
Melody’s iPhone,count,2021-08-13 13:26:34 -0700,2021-08-13 13:26:37 -0700,1
Melody’s Apple Watch,count,2021-08-13 13:26:38 -0700,2021-08-13 13:26:40 -0700,1
Melody’s Apple Watch,count,2021-08-13 17:38:41 -0700,2021-08-13 17:38:44 -0700,1
Melody’s Apple Watch,count,2021-08-14 08:12:24 -0700,2021-08-14 08:12:27 -0700,1
Melody’s Apple Watch,count,2021-08-14 14:00:51 -0700,2021-08-14 14:00:54 -0700,1
Melody’s iPhone,count,2021-08-13 19:27:43 -0700,2021-08-13 19:27:46 -0700,1
Melody’s iPhone,count,2021-08-14 14:00:53 -0700,2021-08-14 14:00:56 -0700,1
Melody’s Apple Watch,count,2021-08-14 20:59:56 -0700,2021-08-14 20:59:58 -0700,1
Melody’s Apple Watch,count,2021-08-15 16:34:11 -0700,2021-08-15 16:34:14 -0700,1
Melody’s Apple Watch,count,2021-08-15 17:34:27 -0700,2021-08-15 17:34:29 -0700,1
Melody’s iPhone,count,2021-08-14 20:55:18 -0700,2021-08-14 20:55:21 -0700,1
Melody’s iPhone,count,2021-08-15 12:38:11 -0700,2021-08-15 12:38:14 -0700,1
Melody’s iPhone,count,2021-08-15 18:51:00 -0700,2021-08-15 18:51:03 -0700,1
Melody’s iPhone,count,2021-08-15 21:25:50 -0700,2021-08-15 21:25:52 -0700,1
Melody’s Apple Watch,count,2021-08-15 18:51:02 -0700,2021-08-15 18:51:05 -0700,1
Melody’s Apple Watch,count,2021-08-15 21:25:49 -0700,2021-08-15 21:25:51 -0700,1
Melody’s iPhone,count,2021-08-16 22:35:20 -0700,2021-08-16 22:35:22 -0700,1
Melody’s Apple Watch,count,2021-08-16 22:35:21 -0700,2021-08-16 22:35:23 -0700,1
Melody’s Apple Watch,count,2021-08-17 17:05:56 -0700,2021-08-17 17:05:58 -0700,1
Melody’s Apple Watch,count,2021-08-17 17:15:06 -0700,2021-08-17 17:15:09 -0700,1
Melody’s Apple Watch,count,2021-08-17 18:53:41 -0700,2021-08-17 18:53:44 -0700,1
Melody’s Apple Watch,count,2021-08-17 19:47:22 -0700,2021-08-17 19:47:25 -0700,1
Melody’s Apple Watch,count,2021-08-17 21:22:42 -0700,2021-08-17 21:22:44 -0700,1
Melody’s iPhone,count,2021-08-17 17:05:53 -0700,2021-08-17 17:05:55 -0700,1
Melody’s iPhone,count,2021-08-18 13:05:12 -0700,2021-08-18 13:06:39 -0700,1
Melody’s iPhone,count,2021-08-18 16:02:07 -0700,2021-08-18 16:02:10 -0700,1
Melody’s iPhone,count,2021-08-18 16:58:53 -0700,2021-08-18 16:58:56 -0700,1
Melody’s Apple Watch,count,2021-08-18 14:32:26 -0700,2021-08-18 14:32:29 -0700,1
Melody’s Apple Watch,count,2021-08-18 16:02:08 -0700,2021-08-18 16:02:11 -0700,1
Melody’s Apple Watch,count,2021-08-18 22:39:57 -0700,2021-08-18 22:39:59 -0700,1
Melody’s Apple Watch,count,2021-08-18 23:24:09 -0700,2021-08-18 23:24:12 -0700,1
Melody’s Apple Watch,count,2021-08-19 13:04:28 -0700,2021-08-19 13:04:30 -0700,1
Melody’s iPhone,count,2021-08-18 18:06:10 -0700,2021-08-18 18:06:13 -0700,1
Melody’s iPhone,count,2021-08-18 22:39:55 -0700,2021-08-18 22:39:58 -0700,1
Melody’s iPhone,count,2021-08-18 23:24:07 -0700,2021-08-18 23:24:10 -0700,1
Melody’s iPhone,count,2021-08-19 18:24:04 -0700,2021-08-19 18:24:06 -0700,1
Melody’s Apple Watch,count,2021-08-19 18:29:38 -0700,2021-08-19 18:29:40 -0700,1
Melody’s Apple Watch,count,2021-08-20 18:05:09 -0700,2021-08-20 18:06:20 -0700,1
Melody’s iPhone,count,2021-08-20 16:56:05 -0700,2021-08-20 16:56:20 -0700,1
Melody’s iPhone,count,2021-08-20 18:05:07 -0700,2021-08-20 18:05:10 -0700,1
Melody’s iPhone,count,2021-08-21 01:23:20 -0700,2021-08-21 01:23:23 -0700,1
Melody’s Apple Watch,count,2021-08-21 01:23:23 -0700,2021-08-21 01:23:26 -0700,1
Melody’s Apple Watch,count,2021-08-21 11:58:19 -0700,2021-08-21 11:58:21 -0700,1
Melody’s iPhone,count,2021-08-21 13:27:25 -0700,2021-08-21 13:27:27 -0700,1
Melody’s iPhone,count,2021-08-21 16:22:33 -0700,2021-08-21 16:22:35 -0700,1
Melody’s iPhone,count,2021-08-22 08:30:26 -0700,2021-08-22 08:30:29 -0700,1
Melody’s iPhone,count,2021-08-22 11:01:33 -0700,2021-08-22 11:01:56 -0700,2
Melody’s iPhone,count,2021-08-22 12:32:56 -0700,2021-08-22 12:33:04 -0700,1
Melody’s iPhone,count,2021-08-22 16:09:34 -0700,2021-08-22 16:09:37 -0700,1
Melody’s Apple Watch,count,2021-08-21 14:04:10 -0700,2021-08-21 14:09:37 -0700,3
Melody’s Apple Watch,count,2021-08-21 14:27:30 -0700,2021-08-21 14:29:45 -0700,2
Melody’s Apple Watch,count,2021-08-21 14:36:07 -0700,2021-08-21 14:36:10 -0700,1
Melody’s Apple Watch,count,2021-08-22 14:17:51 -0700,2021-08-22 14:17:54 -0700,1
Melody’s Apple Watch,count,2021-08-22 16:09:37 -0700,2021-08-22 16:09:40 -0700,1
Melody’s Apple Watch,count,2021-08-22 17:36:19 -0700,2021-08-22 17:36:21 -0700,1
Melody’s iPhone,count,2021-08-23 08:22:58 -0700,2021-08-23 08:23:34 -0700,1
Melody’s Apple Watch,count,2021-08-23 08:22:58 -0700,2021-08-23 08:23:00 -0700,1
Melody’s iPhone,count,2021-08-24 07:55:55 -0700,2021-08-24 07:55:58 -0700,1
Melody’s iPhone,count,2021-08-24 08:39:21 -0700,2021-08-24 08:40:07 -0700,2
Melody’s iPhone,count,2021-08-24 23:16:51 -0700,2021-08-24 23:17:09 -0700,2
Melody’s iPhone,count,2021-08-24 23:59:16 -0700,2021-08-24 23:59:18 -0700,1
Melody’s iPhone,count,2021-08-25 19:47:55 -0700,2021-08-25 19:47:58 -0700,1
Melody’s iPhone,count,2021-08-26 23:28:59 -0700,2021-08-26 23:29:01 -0700,1
Melody’s iPhone,count,2021-08-27 10:14:17 -0700,2021-08-27 10:24:15 -0700,5
Melody’s Apple Watch,count,2021-08-28 11:48:05 -0700,2021-08-28 11:55:55 -0700,4
Melody’s Apple Watch,count,2021-08-28 12:07:59 -0700,2021-08-28 12:08:01 -0700,1
Melody’s iPhone,count,2021-08-28 11:50:15 -0700,2021-08-28 11:55:44 -0700,4
Melody’s iPhone,count,2021-08-28 12:08:00 -0700,2021-08-28 12:08:03 -0700,1
Melody’s iPhone,count,2021-08-28 12:20:23 -0700,2021-08-28 12:20:26 -0700,1
Melody’s iPhone,count,2021-08-28 14:32:07 -0700,2021-08-28 14:32:09 -0700,1
Melody’s iPhone,count,2021-08-29 13:24:39 -0700,2021-08-29 13:24:41 -0700,1
Melody’s iPhone,count,2021-08-29 13:38:34 -0700,2021-08-29 13:46:27 -0700,5
Melody’s iPhone,count,2021-08-29 13:53:52 -0700,2021-08-29 13:54:20 -0700,3
Melody’s iPhone,count,2021-08-29 14:04:43 -0700,2021-08-29 14:04:46 -0700,1
Melody’s Apple Watch,count,2021-08-29 13:24:40 -0700,2021-08-29 13:24:42 -0700,1
Melody’s Apple Watch,count,2021-08-29 13:38:34 -0700,2021-08-29 13:46:30 -0700,6
Melody’s Apple Watch,count,2021-08-29 13:53:55 -0700,2021-08-29 13:54:23 -0700,3
Melody’s Apple Watch,count,2021-08-29 14:04:45 -0700,2021-08-29 14:05:15 -0700,2
Melody’s iPhone,count,2021-08-29 16:05:22 -0700,2021-08-29 16:06:10 -0700,2
Melody’s iPhone,count,2021-08-29 16:50:43 -0700,2021-08-29 16:50:46 -0700,1
Melody’s iPhone,count,2021-08-29 18:08:36 -0700,2021-08-29 18:08:39 -0700,1
Melody’s iPhone,count,2021-08-30 12:09:27 -0700,2021-08-30 12:13:35 -0700,4
Melody’s iPhone,count,2021-08-30 12:22:34 -0700,2021-08-30 12:26:13 -0700,2
Melody’s iPhone,count,2021-08-30 12:32:11 -0700,2021-08-30 12:32:14 -0700,1
Melody’s Apple Watch,count,2021-08-30 12:09:31 -0700,2021-08-30 12:13:39 -0700,4
Melody’s Apple Watch,count,2021-08-30 12:22:41 -0700,2021-08-30 12:32:24 -0700,3
Melody’s iPhone,count,2021-08-30 12:43:10 -0700,2021-08-30 12:51:49 -0700,6
Melody’s Apple Watch,count,2021-08-30 12:43:09 -0700,2021-08-30 12:51:47 -0700,7
Melody’s Apple Watch,count,2021-08-30 13:20:44 -0700,2021-08-30 13:20:47 -0700,1
Melody’s Apple Watch,count,2021-08-30 15:42:56 -0700,2021-08-30 15:42:59 -0700,1
Melody’s Apple Watch,count,2021-08-31 17:42:41 -0700,2021-08-31 17:48:34 -0700,4
Melody’s Apple Watch,count,2021-08-31 17:59:17 -0700,2021-08-31 18:01:17 -0700,4
Melody’s iPhone,count,2021-08-31 17:42:46 -0700,2021-08-31 17:48:30 -0700,4
Melody’s iPhone,count,2021-08-31 17:59:14 -0700,2021-08-31 18:00:51 -0700,2
Melody’s iPhone,count,2021-09-01 14:13:44 -0700,2021-09-01 14:20:10 -0700,4
Melody’s Apple Watch,count,2021-09-01 14:13:48 -0700,2021-09-01 14:20:16 -0700,4
Melody’s Apple Watch,count,2021-09-02 11:13:17 -0700,2021-09-02 11:14:36 -0700,2
Melody’s iPhone,count,2021-09-02 11:13:07 -0700,2021-09-02 11:14:34 -0700,2
Melody’s iPhone,count,2021-09-02 11:46:19 -0700,2021-09-02 11:50:53 -0700,3
Melody’s iPhone,count,2021-09-02 12:06:27 -0700,2021-09-02 12:14:02 -0700,2
Melody’s Apple Watch,count,2021-09-02 11:46:20 -0700,2021-09-02 11:50:59 -0700,3
Melody’s Apple Watch,count,2021-09-03 16:52:06 -0700,2021-09-03 16:52:08 -0700,1
Melody’s iPhone,count,2021-09-04 16:38:40 -0700,2021-09-04 16:43:55 -0700,4
Melody’s iPhone,count,2021-09-04 16:53:32 -0700,2021-09-04 16:53:34 -0700,1
Melody’s Apple Watch,count,2021-09-04 16:43:16 -0700,2021-09-04 16:44:05 -0700,4
Melody’s Apple Watch,count,2021-09-04 16:53:32 -0700,2021-09-04 16:53:35 -0700,1
Melody’s iPhone,count,2021-09-05 15:38:43 -0700,2021-09-05 15:44:48 -0700,4
Melody’s Apple Watch,count,2021-09-05 15:38:52 -0700,2021-09-05 15:45:06 -0700,5
Melody’s Apple Watch,count,2021-09-05 15:50:54 -0700,2021-09-05 15:50:56 -0700,1
Melody’s Apple Watch,count,2021-09-06 18:35:07 -0700,2021-09-06 18:35:38 -0700,2
Melody’s Apple Watch,count,2021-09-06 19:25:47 -0700,2021-09-06 19:25:50 -0700,1
Melody’s iPhone,count,2021-09-06 18:35:06 -0700,2021-09-06 18:35:34 -0700,2
Melody’s iPhone,count,2021-09-06 19:25:38 -0700,2021-09-06 19:25:41 -0700,1
Melody’s Apple Watch,count,2021-10-07 09:13:31 -0700,2021-10-07 09:13:33 -0700,1
Melody’s Apple Watch,count,2021-10-07 13:50:54 -0700,2021-10-07 13:50:56 -0700,1
Melody’s Apple Watch,count,2021-10-08 11:08:52 -0700,2021-10-08 11:13:43 -0700,4
Melody’s Apple Watch,count,2021-10-08 11:21:16 -0700,2021-10-08 11:24:25 -0700,4
Melody’s Apple Watch,count,2021-10-08 20:42:23 -0700,2021-10-08 20:42:26 -0700,1
Melody’s Apple Watch,count,2021-10-08 23:43:29 -0700,2021-10-08 23:43:31 -0700,1
Melody’s Apple Watch,count,2021-10-09 22:10:10 -0700,2021-10-09 22:19:00 -0700,4
Melody’s Apple Watch,count,2021-10-10 10:51:50 -0700,2021-10-10 10:59:24 -0700,5
Melody’s Apple Watch,count,2021-10-10 11:03:35 -0700,2021-10-10 11:03:53 -0700,2
Melody’s Apple Watch,count,2021-10-11 01:07:46 -0700,2021-10-11 01:16:36 -0700,5
Melody’s Apple Watch,count,2021-10-11 11:46:05 -0700,2021-10-11 11:55:04 -0700,10
Melody’s Apple Watch,count,2021-10-11 11:57:56 -0700,2021-10-11 11:57:58 -0700,1
Melody’s Apple Watch,count,2021-10-11 19:32:16 -0700,2021-10-11 19:41:29 -0700,3
Melody’s Apple Watch,count,2021-10-12 12:26:51 -0700,2021-10-12 12:26:54 -0700,1
Melody’s iPhone,count,2021-09-09 13:11:51 -0700,2021-09-09 13:11:53 -0700,1
Melody’s iPhone,count,2021-09-09 13:17:31 -0700,2021-09-09 13:25:08 -0700,4
Melody’s iPhone,count,2021-09-09 13:38:53 -0700,2021-09-09 13:39:57 -0700,3
Melody’s Apple Watch,count,2021-09-09 13:11:50 -0700,2021-09-09 13:18:01 -0700,4
Melody’s Apple Watch,count,2021-09-09 13:25:08 -0700,2021-09-09 13:25:10 -0700,1
Melody’s Apple Watch,count,2021-09-09 13:39:41 -0700,2021-09-09 13:40:07 -0700,2
Melody’s iPhone,count,2021-09-09 17:41:58 -0700,2021-09-09 17:42:00 -0700,1
Melody’s Apple Watch,count,2021-09-09 17:41:42 -0700,2021-09-09 17:41:45 -0700,1
Melody’s iPhone,count,2021-09-11 08:27:42 -0700,2021-09-11 08:32:51 -0700,6
Melody’s iPhone,count,2021-09-11 12:30:10 -0700,2021-09-11 12:30:12 -0700,1
Melody’s Apple Watch,count,2021-09-11 08:28:05 -0700,2021-09-11 08:32:49 -0700,5
Melody’s iPhone,count,2021-09-12 16:55:57 -0700,2021-09-12 17:04:41 -0700,5
Melody’s iPhone,count,2021-09-12 17:06:13 -0700,2021-09-12 17:06:16 -0700,1
Melody’s Apple Watch,count,2021-09-12 16:56:02 -0700,2021-09-12 17:04:48 -0700,5
Melody’s Apple Watch,count,2021-09-12 17:06:15 -0700,2021-09-12 17:06:18 -0700,1
Melody’s Apple Watch,count,2021-09-12 17:33:46 -0700,2021-09-12 17:33:49 -0700,1
Melody’s Apple Watch,count,2021-09-12 23:58:14 -0700,2021-09-12 23:58:17 -0700,1
Melody’s iPhone,count,2021-09-12 23:58:12 -0700,2021-09-13 02:18:00 -0700,1
Melody’s Apple Watch,count,2021-09-13 14:05:56 -0700,2021-09-13 14:09:53 -0700,4
Melody’s Apple Watch,count,2021-09-13 14:17:11 -0700,2021-09-13 14:17:14 -0700,1
Melody’s iPhone,count,2021-09-13 14:05:53 -0700,2021-09-13 14:15:36 -0700,5
Melody’s iPhone,count,2021-09-13 14:17:10 -0700,2021-09-13 14:17:13 -0700,1
Melody’s iPhone,count,2021-09-13 16:39:42 -0700,2021-09-13 16:39:45 -0700,1
Melody’s iPhone,count,2021-09-13 20:25:11 -0700,2021-09-13 20:25:13 -0700,1
Melody’s iPhone,count,2021-09-13 21:29:44 -0700,2021-09-13 21:35:13 -0700,1
Melody’s Apple Watch,count,2021-09-13 21:29:52 -0700,2021-09-13 21:29:55 -0700,1
Melody’s iPhone,count,2021-09-14 00:11:47 -0700,2021-09-14 00:11:50 -0700,1
Melody’s Apple Watch,count,2021-09-14 10:16:00 -0700,2021-09-14 10:16:03 -0700,1
Melody’s iPhone,count,2021-09-15 15:11:01 -0700,2021-09-15 15:20:59 -0700,5
Melody’s Apple Watch,count,2021-09-15 15:11:06 -0700,2021-09-15 15:21:00 -0700,5
Melody’s Apple Watch,count,2021-09-15 15:22:58 -0700,2021-09-15 15:23:00 -0700,1
Melody’s iPhone,count,2021-09-15 15:22:31 -0700,2021-09-15 15:22:44 -0700,2
Melody’s iPhone,count,2021-09-16 14:01:21 -0700,2021-09-16 14:11:21 -0700,7
Melody’s iPhone,count,2021-09-16 14:31:09 -0700,2021-09-16 14:31:12 -0700,1
Melody’s Apple Watch,count,2021-09-16 14:01:26 -0700,2021-09-16 14:11:23 -0700,8
Melody’s iPhone,count,2021-09-17 20:39:15 -0700,2021-09-17 20:39:17 -0700,1
Melody’s Apple Watch,count,2021-09-17 20:39:14 -0700,2021-09-17 20:39:30 -0700,2
Melody’s iPhone,count,2021-09-18 06:32:40 -0700,2021-09-18 06:32:42 -0700,1
Melody’s iPhone,count,2021-09-18 06:50:17 -0700,2021-09-18 06:50:20 -0700,1
Melody’s Apple Watch,count,2021-09-18 06:32:42 -0700,2021-09-18 06:32:44 -0700,1
Melody’s iPhone,count,2021-09-19 10:49:58 -0700,2021-09-19 10:50:01 -0700,1
Melody’s Apple Watch,count,2021-09-19 16:36:23 -0700,2021-09-19 16:36:25 -0700,1
Melody’s Apple Watch,count,2021-09-19 16:49:46 -0700,2021-09-19 16:55:54 -0700,5
Melody’s Apple Watch,count,2021-09-19 17:09:43 -0700,2021-09-19 17:19:19 -0700,4
Melody’s iPhone,count,2021-09-19 16:36:20 -0700,2021-09-19 16:36:48 -0700,2
Melody’s iPhone,count,2021-09-19 16:49:42 -0700,2021-09-19 16:55:43 -0700,6
Melody’s iPhone,count,2021-09-19 17:09:40 -0700,2021-09-19 17:09:43 -0700,1
Melody’s Apple Watch,count,2021-09-20 14:35:32 -0700,2021-09-20 14:35:34 -0700,1
Melody’s Apple Watch,count,2021-09-20 16:57:05 -0700,2021-09-20 16:57:07 -0700,1
Melody’s iPhone,count,2021-09-20 16:57:04 -0700,2021-09-20 16:57:06 -0700,1
Melody’s iPhone,count,2021-09-21 08:49:51 -0700,2021-09-21 08:50:19 -0700,2
Melody’s Apple Watch,count,2021-09-21 08:49:55 -0700,2021-09-21 08:50:21 -0700,2
Melody’s Apple Watch,count,2021-09-22 11:48:39 -0700,2021-09-22 11:52:39 -0700,6
Melody’s Apple Watch,count,2021-09-22 11:58:40 -0700,2021-09-22 12:08:38 -0700,12
Melody’s iPhone,count,2021-09-22 11:48:37 -0700,2021-09-22 11:52:37 -0700,6
Melody’s iPhone,count,2021-09-22 11:58:50 -0700,2021-09-22 12:08:35 -0700,12
Melody’s Apple Watch,count,2021-09-22 17:19:04 -0700,2021-09-22 17:19:06 -0700,1
Melody’s Apple Watch,count,2021-09-22 18:18:39 -0700,2021-09-22 18:18:42 -0700,1
Melody’s iPhone,count,2021-09-22 17:19:00 -0700,2021-09-22 17:19:03 -0700,1
Melody’s iPhone,count,2021-09-22 18:18:08 -0700,2021-09-22 18:18:11 -0700,1
Melody’s Apple Watch,count,2021-09-24 09:09:40 -0700,2021-09-24 09:19:11 -0700,6
Melody’s Apple Watch,count,2021-09-24 09:19:57 -0700,2021-09-24 09:21:27 -0700,3
Melody’s iPhone,count,2021-09-24 09:09:51 -0700,2021-09-24 09:19:08 -0700,6
Melody’s iPhone,count,2021-09-24 09:20:01 -0700,2021-09-24 09:20:04 -0700,1
Melody’s Apple Watch,count,2021-09-24 19:11:12 -0700,2021-09-24 19:14:41 -0700,4
Melody’s Apple Watch,count,2021-09-24 19:22:11 -0700,2021-09-24 19:22:29 -0700,2
Melody’s iPhone,count,2021-09-24 19:10:56 -0700,2021-09-24 19:14:35 -0700,4
Melody’s iPhone,count,2021-09-24 19:22:07 -0700,2021-09-24 19:22:25 -0700,2
Melody’s Apple Watch,count,2021-09-25 13:18:30 -0700,2021-09-25 13:18:33 -0700,1
Melody’s Apple Watch,count,2021-09-25 18:24:03 -0700,2021-09-25 18:24:06 -0700,1
Melody’s iPhone,count,2021-09-25 18:24:00 -0700,2021-09-25 18:24:02 -0700,1
Melody’s iPhone,count,2021-09-26 18:45:44 -0700,2021-09-26 18:45:46 -0700,1
Melody’s iPhone,count,2021-09-26 20:05:57 -0700,2021-09-26 20:12:46 -0700,1
Melody’s Apple Watch,count,2021-09-26 18:45:46 -0700,2021-09-26 18:45:49 -0700,1
Melody’s iPhone,count,2021-09-27 08:47:18 -0700,2021-09-27 08:48:20 -0700,3
Melody’s Apple Watch,count,2021-09-27 08:49:23 -0700,2021-09-27 08:59:14 -0700,2
Melody’s Apple Watch,count,2021-09-27 10:28:44 -0700,2021-09-27 10:28:47 -0700,1
Melody’s iPhone,count,2021-09-27 08:59:08 -0700,2021-09-27 08:59:11 -0700,1
Melody’s iPhone,count,2021-09-27 10:28:45 -0700,2021-09-27 10:28:47 -0700,1
Melody’s Apple Watch,count,2021-09-27 15:41:23 -0700,2021-09-27 15:41:25 -0700,1
Melody’s iPhone,count,2021-09-28 09:43:40 -0700,2021-09-28 09:46:41 -0700,5
Melody’s iPhone,count,2021-09-28 18:45:55 -0700,2021-09-28 18:54:03 -0700,4
Melody’s iPhone,count,2021-09-28 19:01:07 -0700,2021-09-28 19:01:42 -0700,3
Melody’s Apple Watch,count,2021-09-28 09:43:41 -0700,2021-09-28 09:46:43 -0700,5
Melody’s Apple Watch,count,2021-09-28 18:23:30 -0700,2021-09-28 18:23:33 -0700,1
Melody’s Apple Watch,count,2021-09-28 18:46:01 -0700,2021-09-28 18:54:05 -0700,3
Melody’s Apple Watch,count,2021-09-28 19:01:12 -0700,2021-09-28 19:01:22 -0700,2
Melody’s Apple Watch,count,2021-09-28 19:12:56 -0700,2021-09-28 19:12:58 -0700,1
Melody’s iPhone,count,2021-09-28 19:12:54 -0700,2021-09-28 19:12:57 -0700,1
Melody’s iPhone,count,2021-09-29 18:39:52 -0700,2021-09-29 18:47:14 -0700,4
Melody’s iPhone,count,2021-09-29 18:54:05 -0700,2021-09-29 18:54:38 -0700,3
Melody’s Apple Watch,count,2021-09-29 18:39:52 -0700,2021-09-29 18:47:17 -0700,4
Melody’s Apple Watch,count,2021-09-29 18:54:09 -0700,2021-09-29 18:54:42 -0700,3
Melody’s Apple Watch,count,2021-09-30 09:32:45 -0700,2021-09-30 09:32:48 -0700,1
Melody’s iPhone,count,2021-09-30 08:34:34 -0700,2021-09-30 08:34:37 -0700,1
Melody’s iPhone,count,2021-09-30 11:29:31 -0700,2021-09-30 11:29:33 -0700,1
Melody’s iPhone,count,2021-09-30 18:38:20 -0700,2021-09-30 18:45:16 -0700,5
Melody’s iPhone,count,2021-09-30 18:52:07 -0700,2021-09-30 18:58:33 -0700,4
Melody’s Apple Watch,count,2021-09-30 18:38:20 -0700,2021-09-30 18:45:14 -0700,3
Melody’s Apple Watch,count,2021-09-30 18:52:01 -0700,2021-09-30 19:00:05 -0700,4
Melody’s iPhone,count,2021-10-03 18:31:26 -0700,2021-10-03 18:31:51 -0700,3
Melody’s iPhone,count,2021-10-03 18:45:46 -0700,2021-10-03 18:46:22 -0700,3
Melody’s iPhone,count,2021-10-03 18:58:12 -0700,2021-10-03 18:58:15 -0700,1
Melody’s Apple Watch,count,2021-10-03 18:31:24 -0700,2021-10-03 18:40:34 -0700,4
Melody’s Apple Watch,count,2021-10-03 18:45:59 -0700,2021-10-03 18:46:43 -0700,3
Melody’s Apple Watch,count,2021-10-03 18:58:17 -0700,2021-10-03 18:58:19 -0700,1
Melody’s Apple Watch,count,2021-10-05 11:30:30 -0700,2021-10-05 11:30:33 -0700,1
Melody’s iPhone,count,2021-10-05 11:30:26 -0700,2021-10-05 11:30:29 -0700,1
Melody’s iPhone,count,2021-10-05 18:21:01 -0700,2021-10-05 18:27:01 -0700,5
Melody’s iPhone,count,2021-10-05 18:31:34 -0700,2021-10-05 18:36:18 -0700,6
Melody’s iPhone,count,2021-10-06 10:06:02 -0700,2021-10-06 10:06:05 -0700,1
Melody’s iPhone,count,2021-10-06 15:48:29 -0700,2021-10-06 15:48:41 -0700,2
Melody’s iPhone,count,2021-10-07 09:13:26 -0700,2021-10-07 09:13:31 -0700,1
Melody’s iPhone,count,2021-10-07 13:50:51 -0700,2021-10-07 13:50:53 -0700,1
Melody’s Apple Watch,count,2021-10-05 18:15:49 -0700,2021-10-05 18:25:40 -0700,5
Melody’s Apple Watch,count,2021-10-05 18:25:51 -0700,2021-10-05 18:35:15 -0700,8
Melody’s Apple Watch,count,2021-10-05 18:36:24 -0700,2021-10-05 18:36:27 -0700,1
Melody’s iPhone,count,2021-10-08 11:00:32 -0700,2021-10-08 11:00:35 -0700,1
Melody’s iPhone,count,2021-10-08 11:08:50 -0700,2021-10-08 11:13:41 -0700,4
Melody’s iPhone,count,2021-10-08 11:21:06 -0700,2021-10-08 11:22:43 -0700,2
Melody’s iPhone,count,2021-10-08 20:42:21 -0700,2021-10-08 20:42:24 -0700,1
Melody’s iPhone,count,2021-10-08 23:43:22 -0700,2021-10-08 23:43:25 -0700,1
Melody’s iPhone,count,2021-10-09 22:10:07 -0700,2021-10-09 22:18:58 -0700,4
Melody’s iPhone,count,2021-10-10 10:51:47 -0700,2021-10-10 10:59:37 -0700,6
Melody’s iPhone,count,2021-10-10 11:03:29 -0700,2021-10-10 11:03:45 -0700,2
Melody’s iPhone,count,2021-10-11 01:07:41 -0700,2021-10-11 01:16:35 -0700,6
Melody’s iPhone,count,2021-10-11 11:37:46 -0700,2021-10-11 11:37:48 -0700,1
Melody’s iPhone,count,2021-10-11 11:46:09 -0700,2021-10-11 11:54:47 -0700,8
Melody’s iPhone,count,2021-10-11 11:59:11 -0700,2021-10-11 11:59:13 -0700,1
Melody’s iPhone,count,2021-10-11 19:32:12 -0700,2021-10-11 19:32:47 -0700,3
Melody’s Apple Watch,count,2021-10-14 10:48:50 -0700,2021-10-14 10:48:53 -0700,1
La Melodía,count,2021-10-14 09:41:44 -0700,2021-10-14 09:41:47 -0700,1
La Melodía,count,2021-10-14 10:24:21 -0700,2021-10-14 10:24:29 -0700,1
Melody’s Apple Watch,count,2021-10-14 18:45:30 -0700,2021-10-14 18:46:03 -0700,3
Melody’s Apple Watch,count,2021-10-15 16:25:48 -0700,2021-10-15 16:31:16 -0700,3
La Melodía,count,2021-10-15 16:25:44 -0700,2021-10-15 16:31:12 -0700,3
Melody’s Apple Watch,count,2021-10-16 11:38:53 -0700,2021-10-16 11:46:17 -0700,4
Melody’s Apple Watch,count,2021-10-16 11:52:00 -0700,2021-10-16 11:52:28 -0700,2
La Melodía,count,2021-10-16 00:06:29 -0700,2021-10-16 00:06:55 -0700,2
La Melodía,count,2021-10-16 11:45:35 -0700,2021-10-16 11:52:02 -0700,5
La Melodía,count,2021-10-17 17:24:13 -0700,2021-10-17 17:24:15 -0700,1
La Melodía,count,2021-10-17 17:39:33 -0700,2021-10-17 17:39:38 -0700,1
Melody’s Apple Watch,count,2021-10-18 11:02:59 -0700,2021-10-18 11:06:15 -0700,6
Melody’s Apple Watch,count,2021-10-18 14:53:41 -0700,2021-10-18 14:53:44 -0700,1
La Melodía,count,2021-10-18 11:02:55 -0700,2021-10-18 11:06:14 -0700,6
La Melodía,count,2021-10-18 14:53:46 -0700,2021-10-18 14:53:48 -0700,1
Melody’s Apple Watch,count,2021-10-18 15:12:55 -0700,2021-10-18 15:21:39 -0700,13
Melody’s Apple Watch,count,2021-10-18 17:45:04 -0700,2021-10-18 17:45:07 -0700,1
La Melodía,count,2021-10-18 15:14:46 -0700,2021-10-18 15:18:44 -0700,11
La Melodía,count,2021-10-18 15:25:20 -0700,2021-10-18 15:25:22 -0700,1
La Melodía,count,2021-10-18 17:45:07 -0700,2021-10-18 17:45:12 -0700,1
La Melodía,count,2021-10-18 23:02:00 -0700,2021-10-18 23:02:02 -0700,1
Melody’s Apple Watch,count,2021-10-19 15:05:44 -0700,2021-10-19 15:05:46 -0700,1
La Melodía,count,2021-10-19 14:49:32 -0700,2021-10-19 14:49:34 -0700,1
La Melodía,count,2021-10-19 15:05:41 -0700,2021-10-19 15:05:43 -0700,1
La Melodía,count,2021-10-19 21:15:53 -0700,2021-10-19 21:15:56 -0700,1
La Melodía,count,2021-10-20 00:37:58 -0700,2021-10-20 00:38:06 -0700,1
La Melodía,count,2021-10-20 09:12:29 -0700,2021-10-20 09:13:00 -0700,2
La Melodía,count,2021-10-20 12:08:51 -0700,2021-10-20 12:08:54 -0700,1
La Melodía,count,2021-10-21 12:37:12 -0700,2021-10-21 12:42:54 -0700,6
Melody’s Apple Watch,count,2021-10-19 21:15:54 -0700,2021-10-19 21:15:57 -0700,1
Melody’s Apple Watch,count,2021-10-20 12:08:52 -0700,2021-10-20 12:08:54 -0700,1
Melody’s Apple Watch,count,2021-10-21 12:37:17 -0700,2021-10-21 12:42:54 -0700,6
La Melodía,count,2021-10-21 15:09:15 -0700,2021-10-21 15:09:17 -0700,1
La Melodía,count,2021-10-21 16:36:37 -0700,2021-10-21 16:38:35 -0700,3
La Melodía,count,2021-10-21 17:25:29 -0700,2021-10-21 17:25:31 -0700,1
Melody’s Apple Watch,count,2021-10-21 15:09:17 -0700,2021-10-21 15:09:20 -0700,1
Melody’s Apple Watch,count,2021-10-21 16:36:38 -0700,2021-10-21 16:38:36 -0700,3
Melody’s Apple Watch,count,2021-10-21 17:08:32 -0700,2021-10-21 17:08:35 -0700,1
Melody’s Apple Watch,count,2021-10-21 17:25:31 -0700,2021-10-21 17:25:34 -0700,1
Melody’s Apple Watch,count,2021-10-21 18:22:43 -0700,2021-10-21 18:22:46 -0700,1
La Melodía,count,2021-10-22 13:55:43 -0700,2021-10-22 13:55:46 -0700,1
Melody’s Apple Watch,count,2021-10-23 13:56:16 -0700,2021-10-23 13:57:33 -0700,4
La Melodía,count,2021-10-23 13:56:15 -0700,2021-10-23 13:57:30 -0700,4
Melody’s Apple Watch,count,2021-10-25 13:24:24 -0700,2021-10-25 13:24:27 -0700,1
La Melodía,count,2021-10-25 11:12:55 -0700,2021-10-25 11:12:57 -0700,1
La Melodía,count,2021-10-25 13:24:15 -0700,2021-10-25 13:24:22 -0700,1
La Melodía,count,2021-10-25 18:45:06 -0700,2021-10-25 18:45:09 -0700,1
La Melodía,count,2021-10-26 13:53:36 -0700,2021-10-26 13:54:27 -0700,3
La Melodía,count,2021-10-26 19:06:22 -0700,2021-10-26 19:06:24 -0700,1
La Melodía,count,2021-10-26 20:18:50 -0700,2021-10-26 20:18:52 -0700,1
La Melodía,count,2021-10-27 10:02:37 -0700,2021-10-27 10:02:40 -0700,1
La Melodía,count,2021-10-27 11:28:40 -0700,2021-10-27 11:28:42 -0700,1
La Melodía,count,2021-10-27 14:07:24 -0700,2021-10-27 14:12:10 -0700,2
La Melodía,count,2021-10-27 16:39:22 -0700,2021-10-27 16:39:25 -0700,1
La Melodía,count,2021-10-27 19:15:03 -0700,2021-10-27 19:15:05 -0700,1
La Melodía,count,2021-10-28 17:18:05 -0700,2021-10-28 17:23:58 -0700,5
Melody’s Apple Watch,count,2021-10-26 20:18:51 -0700,2021-10-26 20:18:54 -0700,1
Melody’s Apple Watch,count,2021-10-27 16:39:25 -0700,2021-10-27 16:39:28 -0700,1
La Melodía,count,2021-10-29 16:57:56 -0700,2021-10-29 17:06:55 -0700,5
La Melodía,count,2021-10-29 17:08:45 -0700,2021-10-29 17:09:03 -0700,2
La Melodía,count,2021-10-30 12:47:59 -0700,2021-10-30 12:48:02 -0700,1
La Melodía,count,2021-10-30 13:14:22 -0700,2021-10-30 13:20:09 -0700,13
La Melodía,count,2021-10-30 13:24:56 -0700,2021-10-30 13:29:21 -0700,5
La Melodía,count,2021-10-31 18:10:50 -0700,2021-10-31 18:19:52 -0700,5
La Melodía,count,2021-10-31 18:21:09 -0700,2021-10-31 18:21:11 -0700,1
La Melodía,count,2021-11-02 11:56:25 -0700,2021-11-02 12:04:10 -0700,5
La Melodía,count,2021-11-02 12:06:51 -0700,2021-11-02 12:15:48 -0700,7
La Melodía,count,2021-11-02 12:17:15 -0700,2021-11-02 12:17:18 -0700,1
La Melodía,count,2021-11-02 15:22:52 -0700,2021-11-02 15:22:54 -0700,1
La Melodía,count,2021-11-02 16:21:13 -0700,2021-11-02 16:21:16 -0700,1
La Melodía,count,2021-11-03 17:53:05 -0700,2021-11-03 17:57:06 -0700,4
La Melodía,count,2021-11-03 18:03:34 -0700,2021-11-03 18:03:37 -0700,1
La Melodía,count,2021-11-05 14:32:06 -0700,2021-11-05 14:39:21 -0700,2
La Melodía,count,2021-11-05 14:43:26 -0700,2021-11-05 14:50:51 -0700,7
La Melodía,count,2021-11-09 19:04:39 -0700,2021-11-09 19:05:28 -0700,3
La Melodía,count,2021-11-10 11:03:05 -0700,2021-11-10 11:03:08 -0700,1
La Melodía,count,2021-11-10 14:01:32 -0700,2021-11-10 14:01:34 -0700,1
La Melodía,count,2021-11-10 15:34:36 -0700,2021-11-10 15:34:39 -0700,1
La Melodía,count,2021-11-10 16:56:23 -0700,2021-11-10 16:56:25 -0700,1
La Melodía,count,2021-11-10 17:41:29 -0700,2021-11-10 17:44:26 -0700,6
La Melodía,count,2021-11-10 20:27:42 -0700,2021-11-10 20:28:41 -0700,4
La Melodía,count,2021-11-11 11:23:38 -0700,2021-11-11 11:30:27 -0700,2
La Melodía,count,2021-11-11 11:35:44 -0700,2021-11-11 11:41:08 -0700,5
Melody’s Apple Watch,count,2021-11-11 11:35:43 -0700,2021-11-11 11:41:12 -0700,7
Melody’s Apple Watch,count,2021-11-11 12:24:11 -0700,2021-11-11 12:24:14 -0700,2
Melody’s Apple Watch,count,2021-11-13 17:28:45 -0700,2021-11-13 17:36:48 -0700,6
La Melodía,count,2021-11-13 17:17:03 -0700,2021-11-13 17:17:06 -0700,1
La Melodía,count,2021-11-13 17:28:44 -0700,2021-11-13 17:29:07 -0700,3
La Melodía,count,2021-11-14 21:05:25 -0700,2021-11-14 21:06:26 -0700,3
La Melodía,count,2021-11-15 10:50:24 -0700,2021-11-15 10:50:26 -0700,1
La Melodía,count,2021-11-15 13:02:25 -0700,2021-11-15 13:08:13 -0700,6
Melody’s Apple Watch,count,2021-11-15 13:03:46 -0700,2021-11-15 13:06:58 -0700,4
Melody’s Apple Watch,count,2021-11-15 13:13:45 -0700,2021-11-15 13:21:00 -0700,6
Melody’s Apple Watch,count,2021-11-15 13:27:55 -0700,2021-11-15 13:30:21 -0700,4
Melody’s Apple Watch,count,2021-11-15 14:17:24 -0700,2021-11-15 14:17:26 -0700,1
Melody’s Apple Watch,count,2021-11-15 15:31:48 -0700,2021-11-15 15:31:50 -0700,1
La Melodía,count,2021-11-15 13:13:46 -0700,2021-11-15 13:20:58 -0700,6
La Melodía,count,2021-11-15 13:27:54 -0700,2021-11-15 13:30:18 -0700,4
La Melodía,count,2021-11-15 14:17:21 -0700,2021-11-15 14:17:23 -0700,1
La Melodía,count,2021-11-15 15:31:46 -0700,2021-11-15 15:31:48 -0700,1
Melody’s Apple Watch,count,2021-11-16 16:49:42 -0700,2021-11-16 16:49:45 -0700,1
La Melodía,count,2021-11-16 16:49:38 -0700,2021-11-16 16:49:40 -0700,1
La Melodía,count,2021-11-16 22:48:08 -0700,2021-11-16 22:48:54 -0700,3
Melody’s Apple Watch,count,2021-11-16 22:48:10 -0700,2021-11-16 22:48:58 -0700,3
Melody’s Apple Watch,count,2021-11-18 01:33:10 -0700,2021-11-18 01:34:32 -0700,4
La Melodía,count,2021-11-18 01:33:09 -0700,2021-11-18 01:34:29 -0700,4
Melody’s Apple Watch,count,2021-11-19 19:46:00 -0700,2021-11-19 19:46:03 -0700,1
La Melodía,count,2021-11-19 19:45:56 -0700,2021-11-19 19:45:59 -0700,1
Melody’s Apple Watch,count,2021-11-20 19:16:40 -0700,2021-11-20 19:16:42 -0700,1
La Melodía,count,2021-11-20 19:16:42 -0700,2021-11-20 19:16:45 -0700,1
La Melodía,count,2021-11-20 21:55:48 -0700,2021-11-20 21:55:51 -0700,1
La Melodía,count,2021-11-21 00:34:51 -0700,2021-11-21 00:34:54 -0700,1
La Melodía,count,2021-11-21 00:52:12 -0700,2021-11-21 00:53:18 -0700,4
Melody’s Apple Watch,count,2021-11-21 00:52:19 -0700,2021-11-21 00:53:23 -0700,4
Melody’s Apple Watch,count,2021-11-22 02:52:15 -0700,2021-11-22 02:53:03 -0700,3
La Melodía,count,2021-11-22 02:25:11 -0700,2021-11-22 02:25:13 -0700,1
La Melodía,count,2021-11-22 02:52:04 -0700,2021-11-22 02:52:47 -0700,3
La Melodía,count,2021-11-23 15:38:20 -0700,2021-11-23 15:42:41 -0700,5
La Melodía,count,2021-11-23 15:58:11 -0700,2021-11-23 16:04:55 -0700,6
La Melodía,count,2021-11-23 16:14:38 -0700,2021-11-23 16:22:00 -0700,2
La Melodía,count,2021-11-23 16:28:06 -0700,2021-11-23 16:31:20 -0700,2
Melody’s Apple Watch,count,2021-11-23 15:39:48 -0700,2021-11-23 15:44:12 -0700,7
Melody’s Apple Watch,count,2021-11-23 15:58:16 -0700,2021-11-23 16:04:57 -0700,8
Melody’s Apple Watch,count,2021-11-23 16:14:38 -0700,2021-11-23 16:21:59 -0700,2
Melody’s Apple Watch,count,2021-11-23 16:27:44 -0700,2021-11-23 16:31:22 -0700,3
La Melodía,count,2021-11-24 08:43:26 -0700,2021-11-24 08:43:28 -0700,1
Melody’s Apple Watch,count,2021-11-24 09:13:14 -0700,2021-11-24 09:13:16 -0700,1
La Melodía,count,2021-11-25 14:37:40 -0700,2021-11-25 14:37:42 -0700,1
Melody’s Apple Watch,count,2021-11-25 14:37:38 -0700,2021-11-25 14:37:41 -0700,1
La Melodía,count,2021-11-25 15:58:13 -0700,2021-11-25 15:58:18 -0700,1
Melody’s Apple Watch,count,2021-11-25 15:58:18 -0700,2021-11-25 15:58:21 -0700,1
La Melodía,count,2021-11-26 17:42:57 -0700,2021-11-26 17:51:46 -0700,5
La Melodía,count,2021-11-26 17:52:58 -0700,2021-11-26 17:53:00 -0700,1
Melody’s Apple Watch,count,2021-11-26 17:46:13 -0700,2021-11-26 17:53:01 -0700,6
La Melodía,count,2021-11-26 23:20:04 -0700,2021-11-26 23:20:32 -0700,2
La Melodía,count,2021-11-26 23:37:04 -0700,2021-11-26 23:37:47 -0700,3
Melody’s Apple Watch,count,2021-11-26 23:20:13 -0700,2021-11-26 23:20:41 -0700,2
Melody’s Apple Watch,count,2021-11-26 23:37:06 -0700,2021-11-26 23:37:47 -0700,3
La Melodía,count,2021-11-28 15:17:58 -0700,2021-11-28 15:18:01 -0700,1
La Melodía,count,2021-11-28 15:34:38 -0700,2021-11-28 15:40:00 -0700,5
Melody’s Apple Watch,count,2021-11-28 15:34:42 -0700,2021-11-28 15:40:10 -0700,5
Melody’s iPhone,count,2020-12-04 17:07:31 -0700,2020-12-04 17:07:33 -0700,1
Melody’s Apple Watch,count,2020-12-04 17:07:35 -0700,2020-12-04 17:07:38 -0700,1
Melody’s Apple Watch,count,2020-12-04 19:34:29 -0700,2020-12-04 19:34:32 -0700,1
Melody’s Apple Watch,count,2020-12-04 19:45:15 -0700,2020-12-04 19:45:17 -0700,1
Melody’s Apple Watch,count,2020-12-04 21:05:26 -0700,2020-12-04 21:05:28 -0700,1
Melody’s Apple Watch,count,2020-12-04 23:49:54 -0700,2020-12-04 23:49:57 -0700,1
Melody’s Apple Watch,count,2020-12-05 00:01:12 -0700,2020-12-05 00:01:15 -0700,1
Melody’s iPhone,count,2020-12-04 23:49:49 -0700,2020-12-04 23:49:54 -0700,1
Melody’s Apple Watch,count,2020-12-05 12:50:03 -0700,2020-12-05 12:54:30 -0700,3
Melody’s Apple Watch,count,2020-12-05 16:09:24 -0700,2020-12-05 16:09:26 -0700,1
Melody’s Apple Watch,count,2020-12-05 18:48:04 -0700,2020-12-05 18:48:07 -0700,1
Melody’s iPhone,count,2020-12-05 12:50:00 -0700,2020-12-05 12:59:20 -0700,2
Melody’s iPhone,count,2020-12-05 21:20:12 -0700,2020-12-05 21:20:15 -0700,1
Melody’s Apple Watch,count,2020-12-05 20:17:38 -0700,2020-12-05 20:17:41 -0700,1
Melody’s iPhone,count,2020-12-06 11:58:41 -0700,2020-12-06 11:58:43 -0700,1
Melody’s iPhone,count,2020-12-06 15:13:32 -0700,2020-12-06 15:13:34 -0700,1
Melody’s Apple Watch,count,2020-12-06 11:58:43 -0700,2020-12-06 11:58:45 -0700,1
Melody’s Apple Watch,count,2020-12-06 15:13:36 -0700,2020-12-06 15:13:38 -0700,1
Melody’s Apple Watch,count,2020-12-06 21:13:41 -0700,2020-12-06 21:13:44 -0700,1
Melody’s iPhone,count,2020-12-06 17:19:26 -0700,2020-12-06 17:19:28 -0700,1
Melody’s iPhone,count,2020-12-06 21:13:37 -0700,2020-12-06 21:13:39 -0700,1
Melody’s Apple Watch,count,2020-12-07 00:41:34 -0700,2020-12-07 00:41:37 -0700,1
Melody’s Apple Watch,count,2020-12-07 08:51:03 -0700,2020-12-07 08:51:21 -0700,1
Melody’s Apple Watch,count,2020-12-07 09:29:53 -0700,2020-12-07 09:31:02 -0700,2
Melody’s Apple Watch,count,2020-12-07 11:06:08 -0700,2020-12-07 11:06:10 -0700,1
Melody’s Apple Watch,count,2020-12-07 11:18:22 -0700,2020-12-07 11:18:25 -0700,1
Melody’s Apple Watch,count,2020-12-07 11:56:52 -0700,2020-12-07 11:56:54 -0700,1
Melody’s iPhone,count,2020-12-07 08:51:13 -0700,2020-12-07 08:51:16 -0700,1
Melody’s iPhone,count,2020-12-07 09:29:22 -0700,2020-12-07 09:31:15 -0700,4
Melody’s iPhone,count,2020-12-07 11:06:10 -0700,2020-12-07 11:06:12 -0700,1
Melody’s iPhone,count,2020-12-07 11:18:23 -0700,2020-12-07 11:18:25 -0700,1
Melody’s iPhone,count,2020-12-07 11:29:29 -0700,2020-12-07 11:29:50 -0700,1
Melody’s Apple Watch,count,2020-12-07 16:55:31 -0700,2020-12-07 16:55:34 -0700,1
Melody’s Apple Watch,count,2020-12-07 18:05:50 -0700,2020-12-07 18:05:52 -0700,1
Melody’s iPhone,count,2020-12-07 16:55:24 -0700,2020-12-07 16:55:26 -0700,1
Melody’s Apple Watch,count,2020-12-07 23:54:46 -0700,2020-12-07 23:54:49 -0700,1
Melody’s Apple Watch,count,2020-12-08 11:25:58 -0700,2020-12-08 11:26:01 -0700,1
Melody’s Apple Watch,count,2020-12-08 12:28:06 -0700,2020-12-08 12:28:08 -0700,1
Melody’s Apple Watch,count,2020-12-08 14:25:21 -0700,2020-12-08 14:25:23 -0700,1
Melody’s iPhone,count,2020-12-08 12:27:59 -0700,2020-12-08 12:28:02 -0700,1
Melody’s Apple Watch,count,2020-12-08 19:49:07 -0700,2020-12-08 19:49:09 -0700,1
Melody’s Apple Watch,count,2020-12-08 20:03:45 -0700,2020-12-08 20:03:47 -0700,1
Melody’s iPhone,count,2020-12-08 22:10:13 -0700,2020-12-08 22:22:11 -0700,1
Melody’s Apple Watch,count,2020-12-09 09:53:06 -0700,2020-12-09 09:53:13 -0700,3
Melody’s Apple Watch,count,2020-12-09 11:40:35 -0700,2020-12-09 11:40:38 -0700,1
Melody’s Apple Watch,count,2020-12-09 11:53:34 -0700,2020-12-09 11:55:21 -0700,1
Melody’s Apple Watch,count,2020-12-09 14:32:55 -0700,2020-12-09 14:32:58 -0700,1
Melody’s iPhone,count,2020-12-09 11:53:33 -0700,2020-12-09 11:53:36 -0700,1
Melody’s iPhone,count,2020-12-09 20:05:39 -0700,2020-12-09 20:08:13 -0700,2
Melody’s Apple Watch,count,2020-12-09 20:05:41 -0700,2020-12-09 20:05:43 -0700,1
Melody’s Apple Watch,count,2020-12-09 20:08:14 -0700,2020-12-09 20:08:17 -0700,1
Melody’s Apple Watch,count,2020-12-09 22:49:06 -0700,2020-12-09 22:49:42 -0700,2
Melody’s iPhone,count,2020-12-10 10:55:24 -0700,2020-12-10 10:55:27 -0700,1
Melody’s Apple Watch,count,2020-12-10 15:48:23 -0700,2020-12-10 15:48:26 -0700,1
Melody’s Apple Watch,count,2020-12-10 16:05:43 -0700,2020-12-10 16:05:45 -0700,1
Melody’s Apple Watch,count,2020-12-10 17:53:32 -0700,2020-12-10 17:53:34 -0700,1
Melody’s Apple Watch,count,2020-12-10 18:41:47 -0700,2020-12-10 18:41:49 -0700,1
Melody’s Apple Watch,count,2020-12-10 19:49:14 -0700,2020-12-10 19:49:16 -0700,1
Melody’s Apple Watch,count,2020-12-10 22:25:17 -0700,2020-12-10 22:25:20 -0700,1
Melody’s Apple Watch,count,2020-12-10 23:29:45 -0700,2020-12-10 23:33:23 -0700,1
Melody’s Apple Watch,count,2020-12-11 12:19:13 -0700,2020-12-11 12:19:16 -0700,1
Melody’s iPhone,count,2020-12-11 12:19:11 -0700,2020-12-11 12:19:13 -0700,1
Melody’s iPhone,count,2020-12-11 14:48:05 -0700,2020-12-11 14:48:07 -0700,1
Melody’s Apple Watch,count,2020-12-11 14:20:57 -0700,2020-12-11 14:20:59 -0700,1
Melody’s Apple Watch,count,2020-12-11 14:48:07 -0700,2020-12-11 14:48:10 -0700,1
Melody’s Apple Watch,count,2020-12-11 15:51:42 -0700,2020-12-11 15:51:44 -0700,1
Melody’s Apple Watch,count,2020-12-11 15:54:25 -0700,2020-12-11 15:54:28 -0700,1
Melody’s Apple Watch,count,2020-12-11 16:02:45 -0700,2020-12-11 16:02:47 -0700,1
Melody’s Apple Watch,count,2020-12-11 17:50:51 -0700,2020-12-11 17:50:54 -0700,1
Melody’s Apple Watch,count,2020-12-11 18:51:16 -0700,2020-12-11 18:51:19 -0700,1
Melody’s Apple Watch,count,2020-12-11 19:02:29 -0700,2020-12-11 19:02:36 -0700,1
Melody’s iPhone,count,2020-12-11 18:51:17 -0700,2020-12-11 18:51:19 -0700,1
Melody’s iPhone,count,2020-12-11 21:50:59 -0700,2020-12-11 21:52:49 -0700,2
Melody’s iPhone,count,2020-12-12 10:19:49 -0700,2020-12-12 10:23:55 -0700,1
Melody’s iPhone,count,2020-12-12 12:41:36 -0700,2020-12-12 13:07:09 -0700,1
Melody’s iPhone,count,2020-12-12 13:32:06 -0700,2020-12-12 13:32:09 -0700,1
Melody’s iPhone,count,2020-12-13 20:08:36 -0700,2020-12-13 20:08:39 -0700,1
Melody’s iPhone,count,2020-12-13 23:29:08 -0700,2020-12-13 23:29:11 -0700,1
Melody’s Apple Watch,count,2020-12-14 13:42:56 -0700,2020-12-14 13:45:22 -0700,2
Melody’s Apple Watch,count,2020-12-14 16:32:46 -0700,2020-12-14 16:39:15 -0700,5
Melody’s Apple Watch,count,2020-12-14 16:52:22 -0700,2020-12-14 16:52:25 -0700,1
Melody’s iPhone,count,2020-12-14 16:32:34 -0700,2020-12-14 16:38:52 -0700,6
Melody’s iPhone,count,2020-12-14 16:50:07 -0700,2020-12-14 16:52:22 -0700,2
Melody’s Apple Watch,count,2020-12-15 01:44:49 -0700,2020-12-15 01:44:51 -0700,1
Melody’s Apple Watch,count,2020-12-15 14:23:27 -0700,2020-12-15 14:23:30 -0700,1
Melody’s iPhone,count,2020-12-15 14:23:25 -0700,2020-12-15 14:23:27 -0700,1
Melody’s iPhone,count,2020-12-15 15:48:57 -0700,2020-12-15 15:49:02 -0700,1
Melody’s Apple Watch,count,2020-12-15 20:20:56 -0700,2020-12-15 20:20:58 -0700,1
Melody’s Apple Watch,count,2020-12-15 23:34:59 -0700,2020-12-15 23:35:02 -0700,1
Melody’s Apple Watch,count,2020-12-15 23:54:36 -0700,2020-12-15 23:56:21 -0700,1
Melody’s Apple Watch,count,2020-12-16 00:00:53 -0700,2020-12-16 00:00:55 -0700,1
Melody’s Apple Watch,count,2020-12-16 00:04:12 -0700,2020-12-16 00:04:38 -0700,2
Melody’s iPhone,count,2020-12-16 00:47:27 -0700,2020-12-16 00:47:37 -0700,2
Melody’s Apple Watch,count,2020-12-16 11:22:34 -0700,2020-12-16 11:22:36 -0700,1
Melody’s Apple Watch,count,2020-12-16 15:28:53 -0700,2020-12-16 15:28:56 -0700,1
Melody’s iPhone,count,2020-12-16 12:51:18 -0700,2020-12-16 12:51:21 -0700,1
Melody’s iPhone,count,2020-12-16 17:34:46 -0700,2020-12-16 17:34:49 -0700,1
Melody’s Apple Watch,count,2020-12-16 17:34:47 -0700,2020-12-16 17:34:49 -0700,1
Melody’s Apple Watch,count,2020-12-16 20:24:53 -0700,2020-12-16 20:32:39 -0700,2
Melody’s Apple Watch,count,2020-12-16 21:24:17 -0700,2020-12-16 21:24:25 -0700,1
Melody’s Apple Watch,count,2020-12-16 22:25:46 -0700,2020-12-16 22:25:49 -0700,1
Melody’s Apple Watch,count,2020-12-17 00:29:08 -0700,2020-12-17 00:29:10 -0700,1
Melody’s iPhone,count,2020-12-16 22:25:37 -0700,2020-12-16 22:25:44 -0700,1
Melody’s iPhone,count,2020-12-17 00:29:03 -0700,2020-12-17 00:29:06 -0700,1
Melody’s Apple Watch,count,2020-12-17 11:06:19 -0700,2020-12-17 11:06:22 -0700,1
Melody’s Apple Watch,count,2020-12-17 12:52:14 -0700,2020-12-17 12:52:17 -0700,1
Melody’s Apple Watch,count,2020-12-17 16:24:04 -0700,2020-12-17 16:24:07 -0700,1
Melody’s iPhone,count,2020-12-17 17:45:54 -0700,2020-12-17 17:45:57 -0700,1
Melody’s iPhone,count,2020-12-17 20:11:09 -0700,2020-12-17 20:12:11 -0700,2
Melody’s iPhone,count,2020-12-18 15:14:42 -0700,2020-12-18 15:14:45 -0700,1
Melody’s iPhone,count,2020-12-18 16:31:00 -0700,2020-12-18 16:32:27 -0700,2
Melody’s iPhone,count,2020-12-18 16:46:45 -0700,2020-12-18 16:56:48 -0700,5
Melody’s Apple Watch,count,2020-12-17 20:12:07 -0700,2020-12-17 20:12:10 -0700,1
Melody’s Apple Watch,count,2020-12-18 01:12:21 -0700,2020-12-18 01:12:23 -0700,1
Melody’s iPhone,count,2020-12-18 16:58:33 -0700,2020-12-18 16:58:35 -0700,1
Melody’s iPhone,count,2020-12-18 17:10:05 -0700,2020-12-18 17:10:54 -0700,2
Melody’s iPhone,count,2020-12-18 22:15:25 -0700,2020-12-18 22:15:27 -0700,1
Melody’s iPhone,count,2020-12-19 09:59:19 -0700,2020-12-19 09:59:21 -0700,1
Melody’s iPhone,count,2020-12-19 21:40:53 -0700,2020-12-19 21:41:21 -0700,1
Melody’s iPhone,count,2020-12-20 21:26:58 -0700,2020-12-20 21:27:01 -0700,1
Melody’s iPhone,count,2020-12-20 21:37:39 -0700,2020-12-20 21:37:42 -0700,1
Melody’s iPhone,count,2020-12-21 12:17:02 -0700,2020-12-21 12:17:04 -0700,1
Melody’s iPhone,count,2020-12-21 12:17:25 -0700,2020-12-21 13:01:45 -0700,1
Melody’s iPhone,count,2020-12-21 14:23:41 -0700,2020-12-21 14:33:13 -0700,4
Melody’s iPhone,count,2020-12-21 14:38:10 -0700,2020-12-21 14:38:56 -0700,2
Melody’s iPhone,count,2020-12-21 19:35:11 -0700,2020-12-21 19:35:13 -0700,1
Melody’s iPhone,count,2020-12-21 19:57:42 -0700,2020-12-21 19:57:45 -0700,1
Melody’s Apple Watch,count,2020-12-18 15:14:45 -0700,2020-12-18 15:14:48 -0700,1
Melody’s Apple Watch,count,2020-12-21 13:01:49 -0700,2020-12-21 13:01:51 -0700,1
Melody’s Apple Watch,count,2020-12-21 14:11:29 -0700,2020-12-21 14:11:32 -0700,1
Melody’s Apple Watch,count,2020-12-21 14:31:43 -0700,2020-12-21 14:38:12 -0700,4
Melody’s Apple Watch,count,2020-12-21 14:38:50 -0700,2020-12-21 14:55:10 -0700,1
Melody’s Apple Watch,count,2020-12-21 19:35:11 -0700,2020-12-21 19:35:13 -0700,1
Melody’s Apple Watch,count,2020-12-21 23:59:05 -0700,2020-12-21 23:59:59 -0700,2
Melody’s Apple Watch,count,2020-12-22 00:18:35 -0700,2020-12-22 00:18:38 -0700,1
Melody’s Apple Watch,count,2020-12-22 00:58:51 -0700,2020-12-22 01:02:47 -0700,2
Melody’s Apple Watch,count,2020-12-22 15:05:36 -0700,2020-12-22 15:05:39 -0700,1
Melody’s iPhone,count,2020-12-21 23:59:03 -0700,2020-12-21 23:59:54 -0700,2
Melody’s iPhone,count,2020-12-22 00:18:31 -0700,2020-12-22 00:18:33 -0700,1
Melody’s iPhone,count,2020-12-22 00:58:48 -0700,2020-12-22 01:02:43 -0700,2
Melody’s iPhone,count,2020-12-22 15:05:35 -0700,2020-12-22 15:05:38 -0700,1
Melody’s iPhone,count,2020-12-22 16:40:35 -0700,2020-12-22 16:41:54 -0700,2
Melody’s iPhone,count,2020-12-22 18:13:01 -0700,2020-12-22 18:21:58 -0700,5
Melody’s iPhone,count,2020-12-22 18:26:10 -0700,2020-12-22 18:33:48 -0700,7
Melody’s iPhone,count,2020-12-22 18:47:12 -0700,2020-12-22 18:47:20 -0700,1
Melody’s Apple Watch,count,2020-12-22 16:40:40 -0700,2020-12-22 16:40:43 -0700,1
Melody’s Apple Watch,count,2020-12-22 16:41:57 -0700,2020-12-22 16:41:59 -0700,1
Melody’s Apple Watch,count,2020-12-22 16:48:28 -0700,2020-12-22 16:48:41 -0700,1
Melody’s Apple Watch,count,2020-12-22 18:17:34 -0700,2020-12-22 18:26:32 -0700,5
Melody’s Apple Watch,count,2020-12-22 18:30:43 -0700,2020-12-22 18:32:48 -0700,3
Melody’s Apple Watch,count,2020-12-22 18:47:16 -0700,2020-12-22 18:47:18 -0700,1
Melody’s Apple Watch,count,2020-12-22 18:58:24 -0700,2020-12-22 19:00:29 -0700,1
Melody’s Apple Watch,count,2020-12-22 21:11:54 -0700,2020-12-22 21:11:56 -0700,1
Melody’s iPhone,count,2020-12-22 18:58:24 -0700,2020-12-22 18:58:27 -0700,1
Melody’s iPhone,count,2020-12-22 21:11:51 -0700,2020-12-22 21:11:54 -0700,1
Melody’s iPhone,count,2020-12-23 15:45:53 -0700,2020-12-23 15:47:53 -0700,4
Melody’s iPhone,count,2020-12-23 15:57:58 -0700,2020-12-23 16:03:18 -0700,4
Melody’s iPhone,count,2020-12-23 16:12:37 -0700,2020-12-23 16:21:51 -0700,7
Melody’s iPhone,count,2020-12-23 16:23:51 -0700,2020-12-23 16:23:54 -0700,1
Melody’s iPhone,count,2020-12-23 16:46:51 -0700,2020-12-23 16:50:35 -0700,10
Melody’s iPhone,count,2020-12-23 17:04:59 -0700,2020-12-23 17:05:01 -0700,1
Melody’s iPhone,count,2020-12-23 17:18:15 -0700,2020-12-23 17:25:22 -0700,4
Melody’s iPhone,count,2020-12-24 00:57:28 -0700,2020-12-24 00:57:30 -0700,1
Melody’s Apple Watch,count,2020-12-24 14:33:37 -0700,2020-12-24 14:38:26 -0700,2
Melody’s Apple Watch,count,2020-12-24 14:44:01 -0700,2020-12-24 14:44:04 -0700,1
Melody’s Apple Watch,count,2020-12-24 23:53:32 -0700,2020-12-24 23:53:35 -0700,1
Melody’s iPhone,count,2020-12-24 22:44:11 -0700,2020-12-24 22:44:13 -0700,1
Melody’s iPhone,count,2020-12-25 01:36:10 -0700,2020-12-25 01:36:13 -0700,1
Melody’s iPhone,count,2020-12-25 12:12:31 -0700,2020-12-25 12:17:07 -0700,7
Melody’s iPhone,count,2020-12-25 12:45:59 -0700,2020-12-25 12:46:01 -0700,1
Melody’s iPhone,count,2020-12-25 13:02:40 -0700,2020-12-25 13:02:43 -0700,1
Melody’s iPhone,count,2020-12-27 15:03:55 -0700,2020-12-27 15:03:57 -0700,1
Melody’s iPhone,count,2020-12-27 19:14:13 -0700,2020-12-27 19:14:16 -0700,1
Melody’s iPhone,count,2020-12-27 20:36:24 -0700,2020-12-27 20:45:36 -0700,2
Melody’s Apple Watch,count,2020-12-25 01:36:12 -0700,2020-12-25 01:36:14 -0700,1
Melody’s Apple Watch,count,2020-12-25 12:14:41 -0700,2020-12-25 12:15:39 -0700,2
Melody’s Apple Watch,count,2020-12-25 12:45:59 -0700,2020-12-25 12:46:02 -0700,1
Melody’s Apple Watch,count,2020-12-25 13:02:43 -0700,2020-12-25 13:02:45 -0700,1
Melody’s Apple Watch,count,2020-12-25 14:14:33 -0700,2020-12-25 14:15:35 -0700,1
Melody’s Apple Watch,count,2020-12-28 00:44:32 -0700,2020-12-28 00:46:35 -0700,1
Melody’s Apple Watch,count,2020-12-28 02:09:27 -0700,2020-12-28 02:09:29 -0700,1
Melody’s iPhone,count,2020-12-28 15:03:28 -0700,2020-12-28 15:12:57 -0700,4
Melody’s iPhone,count,2020-12-28 15:13:30 -0700,2020-12-28 15:21:20 -0700,10
Melody’s iPhone,count,2020-12-28 15:46:13 -0700,2020-12-28 15:46:59 -0700,4
Melody’s iPhone,count,2020-12-28 15:56:23 -0700,2020-12-28 15:56:26 -0700,1
Melody’s iPhone,count,2020-12-28 16:52:02 -0700,2020-12-28 16:52:05 -0700,1
Melody’s iPhone,count,2020-12-28 17:04:51 -0700,2020-12-28 17:04:54 -0700,1
Melody’s iPhone,count,2020-12-28 17:41:54 -0700,2020-12-28 17:41:56 -0700,1
Melody’s iPhone,count,2020-12-28 19:03:27 -0700,2020-12-28 19:03:30 -0700,1
Melody’s iPhone,count,2020-12-28 21:34:53 -0700,2020-12-28 21:34:56 -0700,1
Melody’s iPhone,count,2020-12-28 21:51:36 -0700,2020-12-28 21:51:38 -0700,1
Melody’s iPhone,count,2020-12-28 22:05:59 -0700,2020-12-28 22:08:32 -0700,2
Melody’s Apple Watch,count,2020-12-28 14:59:52 -0700,2020-12-28 15:03:53 -0700,4
Melody’s Apple Watch,count,2020-12-28 15:12:57 -0700,2020-12-28 15:21:23 -0700,10
Melody’s Apple Watch,count,2020-12-28 15:46:15 -0700,2020-12-28 15:47:16 -0700,5
Melody’s Apple Watch,count,2020-12-28 16:52:07 -0700,2020-12-28 16:52:09 -0700,1
Melody’s Apple Watch,count,2020-12-28 17:04:52 -0700,2020-12-28 17:04:55 -0700,1
Melody’s Apple Watch,count,2020-12-28 17:17:19 -0700,2020-12-28 17:17:22 -0700,1
Melody’s Apple Watch,count,2020-12-28 19:03:31 -0700,2020-12-28 19:03:34 -0700,1
Melody’s Apple Watch,count,2020-12-28 21:34:59 -0700,2020-12-28 21:35:02 -0700,1
Melody’s Apple Watch,count,2020-12-28 22:06:03 -0700,2020-12-28 22:08:37 -0700,2
Melody’s iPhone,count,2020-12-29 10:58:09 -0700,2020-12-29 10:59:53 -0700,3
Melody’s iPhone,count,2020-12-29 13:08:24 -0700,2020-12-29 13:08:26 -0700,1
Melody’s iPhone,count,2020-12-29 14:46:49 -0700,2020-12-29 14:46:51 -0700,1
Melody’s iPhone,count,2020-12-29 16:56:03 -0700,2020-12-29 16:56:05 -0700,1
Melody’s Apple Watch,count,2020-12-29 10:28:48 -0700,2020-12-29 10:28:50 -0700,1
Melody’s Apple Watch,count,2020-12-29 10:58:12 -0700,2020-12-29 10:59:36 -0700,2
Melody’s Apple Watch,count,2020-12-29 13:08:24 -0700,2020-12-29 13:08:26 -0700,1
Melody’s Apple Watch,count,2020-12-29 16:12:19 -0700,2020-12-29 16:17:31 -0700,2
Melody’s Apple Watch,count,2020-12-29 16:56:05 -0700,2020-12-29 16:56:08 -0700,1
Melody’s iPhone,count,2020-12-29 17:13:51 -0700,2020-12-29 17:20:52 -0700,8
Melody’s iPhone,count,2020-12-29 17:26:14 -0700,2020-12-29 17:34:57 -0700,10
Melody’s iPhone,count,2020-12-29 17:56:07 -0700,2020-12-29 18:04:58 -0700,5
Melody’s iPhone,count,2020-12-29 19:36:10 -0700,2020-12-29 19:36:13 -0700,1
Melody’s Apple Watch,count,2020-12-29 17:13:19 -0700,2020-12-29 17:20:55 -0700,6
Melody’s Apple Watch,count,2020-12-29 17:26:21 -0700,2020-12-29 17:35:00 -0700,8
Melody’s Apple Watch,count,2020-12-29 17:56:08 -0700,2020-12-29 18:05:03 -0700,6
Melody’s Apple Watch,count,2020-12-29 19:36:10 -0700,2020-12-29 19:36:13 -0700,1
Melody’s Apple Watch,count,2020-12-29 20:48:26 -0700,2020-12-29 20:48:29 -0700,1
Melody’s Apple Watch,count,2020-12-30 22:03:09 -0700,2020-12-30 22:03:11 -0700,1
Melody’s Apple Watch,count,2020-12-31 08:15:22 -0700,2020-12-31 08:15:25 -0700,1
Melody’s iPhone,count,2020-12-31 09:54:31 -0700,2020-12-31 09:54:33 -0700,1
Melody’s iPhone,count,2020-12-31 10:10:08 -0700,2020-12-31 10:10:11 -0700,1
Melody’s iPhone,count,2020-12-31 10:41:56 -0700,2020-12-31 10:51:11 -0700,2
Melody’s iPhone,count,2020-12-31 11:42:14 -0700,2020-12-31 11:42:16 -0700,1
Melody’s Apple Watch,count,2020-12-31 09:54:31 -0700,2020-12-31 09:54:34 -0700,1
Melody’s Apple Watch,count,2020-12-31 10:10:13 -0700,2020-12-31 10:10:15 -0700,1
Melody’s Apple Watch,count,2020-12-31 10:51:10 -0700,2020-12-31 10:51:12 -0700,1
Melody’s Apple Watch,count,2020-12-31 11:42:19 -0700,2020-12-31 11:42:21 -0700,1
Melody’s Apple Watch,count,2020-12-31 12:33:36 -0700,2020-12-31 12:33:39 -0700,1
Melody’s Apple Watch,count,2020-12-31 13:19:08 -0700,2020-12-31 13:26:01 -0700,2
Melody’s Apple Watch,count,2020-12-31 14:39:57 -0700,2020-12-31 14:39:59 -0700,1
Melody’s Apple Watch,count,2020-12-31 17:14:33 -0700,2020-12-31 17:14:36 -0700,1
Melody’s Apple Watch,count,2020-12-31 20:29:47 -0700,2020-12-31 20:29:50 -0700,1
Melody’s iPhone,count,2020-12-31 12:22:26 -0700,2020-12-31 12:22:28 -0700,1
Melody’s iPhone,count,2020-12-31 12:33:02 -0700,2020-12-31 12:33:38 -0700,2
Melody’s iPhone,count,2020-12-31 17:14:33 -0700,2020-12-31 17:14:35 -0700,1
Melody’s Apple Watch,count,2020-12-31 20:53:38 -0700,2020-12-31 20:53:41 -0700,1
Melody’s Apple Watch,count,2020-12-31 21:24:14 -0700,2020-12-31 21:24:16 -0700,1
Melody’s Apple Watch,count,2020-12-31 21:52:31 -0700,2020-12-31 21:52:33 -0700,1
Melody’s Apple Watch,count,2021-01-01 15:10:17 -0700,2021-01-01 15:10:19 -0700,1
Melody’s Apple Watch,count,2021-01-01 17:47:46 -0700,2021-01-01 17:47:49 -0700,1
Melody’s Apple Watch,count,2021-01-01 18:53:08 -0700,2021-01-01 18:53:11 -0700,1
Melody’s Apple Watch,count,2021-01-01 20:00:10 -0700,2021-01-01 20:08:03 -0700,3
Melody’s Apple Watch,count,2021-01-01 20:17:54 -0700,2021-01-01 20:17:57 -0700,1
Melody’s iPhone,count,2021-01-01 11:14:36 -0700,2021-01-01 11:17:20 -0700,2
Melody’s iPhone,count,2021-01-01 12:23:45 -0700,2021-01-01 12:27:12 -0700,4
Melody’s iPhone,count,2021-01-01 13:03:49 -0700,2021-01-01 13:03:51 -0700,1
Melody’s iPhone,count,2021-01-01 17:47:44 -0700,2021-01-01 17:47:46 -0700,1
Melody’s iPhone,count,2021-01-01 20:07:14 -0700,2021-01-01 20:08:02 -0700,2
Melody’s iPhone,count,2021-01-01 20:17:50 -0700,2021-01-01 20:17:52 -0700,1
Melody’s iPhone,count,2021-01-01 23:20:26 -0700,2021-01-01 23:25:38 -0700,2
Melody’s iPhone,count,2021-01-01 23:34:14 -0700,2021-01-01 23:34:16 -0700,1
Melody’s Apple Watch,count,2021-01-01 23:20:26 -0700,2021-01-01 23:25:39 -0700,2
Melody’s Apple Watch,count,2021-01-01 23:34:16 -0700,2021-01-01 23:34:18 -0700,1
Melody’s Apple Watch,count,2021-01-02 01:11:31 -0700,2021-01-02 01:11:33 -0700,1
Melody’s Apple Watch,count,2021-01-02 03:07:57 -0700,2021-01-02 03:08:00 -0700,1
Melody’s Apple Watch,count,2021-01-02 04:19:04 -0700,2021-01-02 04:19:07 -0700,1
Melody’s Apple Watch,count,2021-01-02 14:31:58 -0700,2021-01-02 14:32:01 -0700,1
Melody’s Apple Watch,count,2021-01-02 15:32:52 -0700,2021-01-02 15:32:54 -0700,1
Melody’s Apple Watch,count,2021-01-02 16:19:48 -0700,2021-01-02 16:29:24 -0700,2
Melody’s Apple Watch,count,2021-01-02 16:57:05 -0700,2021-01-02 16:57:08 -0700,1
Melody’s iPhone,count,2021-01-02 15:29:26 -0700,2021-01-02 15:29:28 -0700,1
Melody’s iPhone,count,2021-01-02 17:13:11 -0700,2021-01-02 18:23:19 -0700,1
Melody’s iPhone,count,2021-01-02 19:28:13 -0700,2021-01-02 19:28:21 -0700,1
Melody’s iPhone,count,2021-01-02 19:45:18 -0700,2021-01-02 19:45:40 -0700,2
Melody’s Apple Watch,count,2021-01-02 19:45:19 -0700,2021-01-02 19:45:45 -0700,2
Melody’s Apple Watch,count,2021-01-02 22:56:32 -0700,2021-01-02 22:56:34 -0700,1
Melody’s iPhone,count,2021-01-02 22:56:32 -0700,2021-01-02 22:56:45 -0700,1
Melody’s iPhone,count,2021-01-03 18:35:04 -0700,2021-01-03 18:35:06 -0700,1
Melody’s iPhone,count,2021-01-04 00:23:20 -0700,2021-01-04 00:23:23 -0700,1
Melody’s iPhone,count,2021-01-04 01:04:44 -0700,2021-01-04 01:06:19 -0700,1
Melody’s Apple Watch,count,2021-01-04 00:23:10 -0700,2021-01-04 00:23:13 -0700,1
Melody’s Apple Watch,count,2021-01-04 01:04:52 -0700,2021-01-04 01:04:54 -0700,1
Melody’s Apple Watch,count,2021-01-04 12:29:33 -0700,2021-01-04 12:36:59 -0700,6
Melody’s Apple Watch,count,2021-01-04 12:48:27 -0700,2021-01-04 12:48:30 -0700,1
Melody’s Apple Watch,count,2021-01-04 14:14:51 -0700,2021-01-04 14:14:53 -0700,1
Melody’s iPhone,count,2021-01-04 10:23:56 -0700,2021-01-04 10:23:59 -0700,1
Melody’s iPhone,count,2021-01-04 12:29:27 -0700,2021-01-04 12:33:32 -0700,5
Melody’s iPhone,count,2021-01-04 12:48:21 -0700,2021-01-04 12:56:31 -0700,2
Melody’s Apple Watch,count,2021-01-04 16:40:38 -0700,2021-01-04 16:40:41 -0700,1
Melody’s Apple Watch,count,2021-01-04 17:06:24 -0700,2021-01-04 17:10:12 -0700,5
Melody’s Apple Watch,count,2021-01-04 17:22:10 -0700,2021-01-04 17:28:50 -0700,10
Melody’s Apple Watch,count,2021-01-04 17:48:37 -0700,2021-01-04 17:56:56 -0700,6
Melody’s Apple Watch,count,2021-01-04 19:36:46 -0700,2021-01-04 19:36:48 -0700,1
Melody’s Apple Watch,count,2021-01-05 16:04:44 -0700,2021-01-05 16:04:47 -0700,1
Melody’s Apple Watch,count,2021-01-05 16:35:05 -0700,2021-01-05 16:39:01 -0700,3
Melody’s Apple Watch,count,2021-01-05 16:49:31 -0700,2021-01-05 16:57:04 -0700,10
Melody’s Apple Watch,count,2021-01-05 17:01:42 -0700,2021-01-05 17:10:06 -0700,6
Melody’s Apple Watch,count,2021-01-05 17:16:15 -0700,2021-01-05 17:25:33 -0700,5
Melody’s Apple Watch,count,2021-01-05 19:31:37 -0700,2021-01-05 19:31:40 -0700,1
Melody’s iPhone,count,2021-01-04 17:11:27 -0700,2021-01-04 17:19:04 -0700,4
Melody’s iPhone,count,2021-01-04 17:22:08 -0700,2021-01-04 17:28:39 -0700,8
Melody’s iPhone,count,2021-01-04 17:40:57 -0700,2021-01-04 17:49:43 -0700,6
Melody’s iPhone,count,2021-01-04 17:52:52 -0700,2021-01-04 17:56:52 -0700,2
Melody’s iPhone,count,2021-01-04 22:12:36 -0700,2021-01-04 22:31:10 -0700,1
Melody’s iPhone,count,2021-01-05 13:22:20 -0700,2021-01-05 13:22:25 -0700,1
Melody’s iPhone,count,2021-01-05 16:04:40 -0700,2021-01-05 16:04:48 -0700,1
Melody’s iPhone,count,2021-01-05 16:35:12 -0700,2021-01-05 16:36:10 -0700,3
Melody’s iPhone,count,2021-01-05 16:46:31 -0700,2021-01-05 16:55:12 -0700,7
Melody’s iPhone,count,2021-01-05 16:56:52 -0700,2021-01-05 17:01:58 -0700,6
Melody’s iPhone,count,2021-01-05 17:09:43 -0700,2021-01-05 17:17:15 -0700,7
Melody’s iPhone,count,2021-01-05 17:25:28 -0700,2021-01-05 17:25:31 -0700,1
Melody’s iPhone,count,2021-01-05 18:07:35 -0700,2021-01-05 18:07:38 -0700,1
Melody’s iPhone,count,2021-01-05 18:29:15 -0700,2021-01-05 18:29:18 -0700,1
Melody’s iPhone,count,2021-01-05 23:59:53 -0700,2021-01-05 23:59:55 -0700,1
Melody’s iPhone,count,2021-01-06 13:42:56 -0700,2021-01-06 13:43:09 -0700,2
Melody’s iPhone,count,2021-01-06 16:50:12 -0700,2021-01-06 16:50:15 -0700,1
Melody’s iPhone,count,2021-01-06 19:44:43 -0700,2021-01-06 19:46:00 -0700,1
Melody’s Apple Watch,count,2021-01-05 23:59:55 -0700,2021-01-05 23:59:57 -0700,1
Melody’s Apple Watch,count,2021-01-06 19:44:40 -0700,2021-01-06 19:45:00 -0700,1
Melody’s iPhone,count,2021-01-06 22:36:15 -0700,2021-01-06 22:36:17 -0700,1
Melody’s iPhone,count,2021-01-07 00:10:08 -0700,2021-01-07 00:10:11 -0700,1
Melody’s Apple Watch,count,2021-01-06 22:36:15 -0700,2021-01-06 22:36:18 -0700,1
Melody’s iPhone,count,2021-01-07 16:34:16 -0700,2021-01-07 16:43:25 -0700,1
Melody’s iPhone,count,2021-01-07 17:36:54 -0700,2021-01-07 17:46:08 -0700,13
Melody’s iPhone,count,2021-01-07 17:51:04 -0700,2021-01-07 18:00:08 -0700,5
Melody’s iPhone,count,2021-01-07 18:01:23 -0700,2021-01-07 18:01:51 -0700,2
Melody’s iPhone,count,2021-01-07 18:02:08 -0700,2021-01-07 18:16:22 -0700,1
Melody’s Apple Watch,count,2021-01-07 09:23:33 -0700,2021-01-07 09:23:41 -0700,1
Melody’s Apple Watch,count,2021-01-07 15:11:01 -0700,2021-01-07 15:11:03 -0700,1
Melody’s Apple Watch,count,2021-01-07 16:34:17 -0700,2021-01-07 16:34:19 -0700,1
Melody’s Apple Watch,count,2021-01-07 17:28:50 -0700,2021-01-07 17:38:27 -0700,6
Melody’s Apple Watch,count,2021-01-07 17:39:49 -0700,2021-01-07 17:46:15 -0700,6
Melody’s Apple Watch,count,2021-01-07 17:51:09 -0700,2021-01-07 17:52:21 -0700,4
Melody’s Apple Watch,count,2021-01-07 18:01:21 -0700,2021-01-07 18:02:20 -0700,3
Melody’s Apple Watch,count,2021-01-07 19:01:45 -0700,2021-01-07 19:01:48 -0700,1
Melody’s iPhone,count,2021-01-07 20:53:18 -0700,2021-01-07 20:54:02 -0700,2
Melody’s Apple Watch,count,2021-01-07 20:29:10 -0700,2021-01-07 20:29:13 -0700,1
Melody’s Apple Watch,count,2021-01-07 20:53:21 -0700,2021-01-07 20:54:02 -0700,2
Melody’s Apple Watch,count,2021-01-08 00:42:29 -0700,2021-01-08 00:42:31 -0700,1
Melody’s Apple Watch,count,2021-01-08 01:32:44 -0700,2021-01-08 01:32:47 -0700,1
Melody’s iPhone,count,2021-01-08 13:04:00 -0700,2021-01-08 13:07:17 -0700,5
Melody’s iPhone,count,2021-01-08 13:19:30 -0700,2021-01-08 13:26:57 -0700,5
Melody’s iPhone,count,2021-01-08 13:29:59 -0700,2021-01-08 13:30:29 -0700,2
Melody’s iPhone,count,2021-01-08 13:46:45 -0700,2021-01-08 13:47:03 -0700,2
Melody’s Apple Watch,count,2021-01-08 11:46:01 -0700,2021-01-08 11:46:04 -0700,1
Melody’s Apple Watch,count,2021-01-08 13:04:03 -0700,2021-01-08 13:07:22 -0700,5
Melody’s Apple Watch,count,2021-01-08 13:19:33 -0700,2021-01-08 13:27:34 -0700,6
Melody’s Apple Watch,count,2021-01-08 13:30:05 -0700,2021-01-08 13:30:08 -0700,1
Melody’s Apple Watch,count,2021-01-08 13:46:48 -0700,2021-01-08 13:47:04 -0700,2
Melody’s Apple Watch,count,2021-01-08 13:56:44 -0700,2021-01-08 13:56:47 -0700,1
Melody’s Apple Watch,count,2021-01-08 15:31:24 -0700,2021-01-08 15:31:26 -0700,1
Melody’s Apple Watch,count,2021-01-08 15:54:52 -0700,2021-01-08 15:54:54 -0700,1
Melody’s Apple Watch,count,2021-01-08 18:01:18 -0700,2021-01-08 18:01:20 -0700,1
Melody’s iPhone,count,2021-01-08 14:17:50 -0700,2021-01-08 14:17:52 -0700,1
Melody’s iPhone,count,2021-01-08 15:54:51 -0700,2021-01-08 15:54:54 -0700,1
Melody’s iPhone,count,2021-01-08 18:01:17 -0700,2021-01-08 18:01:20 -0700,1
Melody’s iPhone,count,2021-01-08 18:14:54 -0700,2021-01-08 18:23:05 -0700,5
Melody’s iPhone,count,2021-01-08 18:36:29 -0700,2021-01-08 18:36:32 -0700,1
Melody’s iPhone,count,2021-01-08 18:44:04 -0700,2021-01-08 18:44:29 -0700,2
Melody’s iPhone,count,2021-01-08 19:35:32 -0700,2021-01-08 19:36:21 -0700,2
Melody’s Apple Watch,count,2021-01-08 18:18:52 -0700,2021-01-08 18:23:01 -0700,4
Melody’s Apple Watch,count,2021-01-08 18:36:32 -0700,2021-01-08 18:44:33 -0700,3
Melody’s Apple Watch,count,2021-01-08 20:32:53 -0700,2021-01-08 20:32:56 -0700,1
Melody’s Apple Watch,count,2021-01-08 21:55:35 -0700,2021-01-08 21:55:42 -0700,1
Melody’s Apple Watch,count,2021-01-08 22:44:08 -0700,2021-01-08 22:44:11 -0700,1
Melody’s Apple Watch,count,2021-01-08 23:25:19 -0700,2021-01-08 23:36:07 -0700,1
Melody’s Apple Watch,count,2021-01-08 23:59:20 -0700,2021-01-08 23:59:48 -0700,1
Melody’s Apple Watch,count,2021-01-09 08:26:26 -0700,2021-01-09 08:26:28 -0700,1
Melody’s iPhone,count,2021-01-08 20:32:54 -0700,2021-01-08 20:32:56 -0700,1
Melody’s iPhone,count,2021-01-09 13:09:28 -0700,2021-01-09 13:15:16 -0700,2
Melody’s Apple Watch,count,2021-01-09 15:30:52 -0700,2021-01-09 15:30:55 -0700,1
Melody’s Apple Watch,count,2021-01-09 15:45:43 -0700,2021-01-09 15:45:46 -0700,1
Melody’s Apple Watch,count,2021-01-09 16:11:06 -0700,2021-01-09 16:12:43 -0700,2
Melody’s Apple Watch,count,2021-01-09 18:51:24 -0700,2021-01-09 18:52:21 -0700,1
Melody’s Apple Watch,count,2021-01-09 21:14:21 -0700,2021-01-09 21:14:24 -0700,1
Melody’s Apple Watch,count,2021-01-09 22:42:02 -0700,2021-01-09 22:42:05 -0700,1
Melody’s iPhone,count,2021-01-09 18:51:23 -0700,2021-01-09 18:51:25 -0700,1
Melody’s iPhone,count,2021-01-09 21:14:21 -0700,2021-01-09 21:14:23 -0700,1
Melody’s Apple Watch,count,2021-01-09 23:50:08 -0700,2021-01-09 23:50:10 -0700,1
Melody’s Apple Watch,count,2021-01-10 01:02:09 -0700,2021-01-10 01:02:12 -0700,1
Melody’s Apple Watch,count,2021-01-10 12:18:48 -0700,2021-01-10 12:18:51 -0700,1
Melody’s Apple Watch,count,2021-01-10 13:08:35 -0700,2021-01-10 13:15:46 -0700,3
Melody’s Apple Watch,count,2021-01-10 13:29:30 -0700,2021-01-10 13:38:59 -0700,6
Melody’s Apple Watch,count,2021-01-10 13:43:22 -0700,2021-01-10 13:47:10 -0700,5
Melody’s Apple Watch,count,2021-01-10 13:53:50 -0700,2021-01-10 13:55:19 -0700,3
Melody’s Apple Watch,count,2021-01-10 14:48:01 -0700,2021-01-10 14:52:22 -0700,4
Melody’s Apple Watch,count,2021-01-10 16:46:29 -0700,2021-01-10 16:46:31 -0700,1
Melody’s iPhone,count,2021-01-10 13:09:01 -0700,2021-01-10 13:09:03 -0700,2
Melody’s iPhone,count,2021-01-10 13:37:14 -0700,2021-01-10 13:47:09 -0700,7
Melody’s iPhone,count,2021-01-10 13:52:11 -0700,2021-01-10 13:54:39 -0700,4
Melody’s iPhone,count,2021-01-10 14:48:01 -0700,2021-01-10 14:48:03 -0700,1
Melody’s iPhone,count,2021-01-10 22:48:24 -0700,2021-01-10 22:48:27 -0700,1
Melody’s Apple Watch,count,2021-01-10 22:48:27 -0700,2021-01-10 22:48:29 -0700,1
Melody’s Apple Watch,count,2021-01-11 10:42:16 -0700,2021-01-11 10:50:48 -0700,2
Melody’s iPhone,count,2021-01-11 10:50:43 -0700,2021-01-11 10:50:46 -0700,1
Melody’s iPhone,count,2021-01-11 13:16:13 -0700,2021-01-11 13:17:04 -0700,3
Melody’s iPhone,count,2021-01-11 13:27:24 -0700,2021-01-11 13:30:16 -0700,4
Melody’s Apple Watch,count,2021-01-11 11:36:07 -0700,2021-01-11 11:36:09 -0700,1
Melody’s Apple Watch,count,2021-01-11 11:59:52 -0700,2021-01-11 12:04:11 -0700,2
Melody’s Apple Watch,count,2021-01-11 12:50:25 -0700,2021-01-11 12:51:11 -0700,2
Melody’s Apple Watch,count,2021-01-11 13:16:18 -0700,2021-01-11 13:16:57 -0700,3
Melody’s Apple Watch,count,2021-01-11 13:27:32 -0700,2021-01-11 13:30:03 -0700,2
Melody’s Apple Watch,count,2021-01-11 17:44:25 -0700,2021-01-11 17:44:27 -0700,1
Melody’s Apple Watch,count,2021-01-11 17:48:28 -0700,2021-01-11 17:48:54 -0700,2
Melody’s Apple Watch,count,2021-01-11 18:15:10 -0700,2021-01-11 18:15:13 -0700,1
Melody’s iPhone,count,2021-01-11 17:44:26 -0700,2021-01-11 17:48:52 -0700,3
Melody’s iPhone,count,2021-01-11 18:04:44 -0700,2021-01-11 18:07:13 -0700,3
Melody’s iPhone,count,2021-01-11 18:15:05 -0700,2021-01-11 18:15:08 -0700,1
Melody’s iPhone,count,2021-01-11 20:27:39 -0700,2021-01-11 20:31:51 -0700,2
Melody’s iPhone,count,2021-01-11 20:40:35 -0700,2021-01-11 20:40:38 -0700,1
Melody’s iPhone,count,2021-01-11 20:53:01 -0700,2021-01-11 20:53:04 -0700,1
Melody’s Apple Watch,count,2021-01-11 20:40:39 -0700,2021-01-11 20:40:42 -0700,1
Melody’s Apple Watch,count,2021-01-11 20:53:02 -0700,2021-01-11 20:53:04 -0700,1
Melody’s Apple Watch,count,2021-01-11 23:21:27 -0700,2021-01-11 23:21:35 -0700,1
Melody’s Apple Watch,count,2021-01-12 00:35:30 -0700,2021-01-12 00:35:33 -0700,1
Melody’s Apple Watch,count,2021-01-12 09:47:39 -0700,2021-01-12 09:47:41 -0700,1
Melody’s Apple Watch,count,2021-01-12 12:16:56 -0700,2021-01-12 12:17:47 -0700,1
Melody’s iPhone,count,2021-01-11 23:21:27 -0700,2021-01-11 23:21:30 -0700,1
Melody’s iPhone,count,2021-01-12 09:47:38 -0700,2021-01-12 09:47:41 -0700,1
Melody’s iPhone,count,2021-01-12 12:15:10 -0700,2021-01-12 12:17:05 -0700,2
Melody’s iPhone,count,2021-01-12 13:07:11 -0700,2021-01-12 13:08:20 -0700,3
Melody’s iPhone,count,2021-01-12 13:17:49 -0700,2021-01-12 13:19:14 -0700,3
Melody’s iPhone,count,2021-01-12 21:00:43 -0700,2021-01-12 21:02:33 -0700,2
Melody’s Apple Watch,count,2021-01-12 13:07:13 -0700,2021-01-12 13:11:05 -0700,4
Melody’s Apple Watch,count,2021-01-12 13:18:51 -0700,2021-01-12 13:19:25 -0700,2
Melody’s Apple Watch,count,2021-01-12 16:49:20 -0700,2021-01-12 16:49:22 -0700,1
Melody’s Apple Watch,count,2021-01-12 21:00:47 -0700,2021-01-12 21:02:32 -0700,2
Melody’s Apple Watch,count,2021-01-13 12:21:06 -0700,2021-01-13 12:21:08 -0700,1
Melody’s Apple Watch,count,2021-01-13 13:56:31 -0700,2021-01-13 14:00:52 -0700,3
Melody’s Apple Watch,count,2021-01-13 14:20:53 -0700,2021-01-13 14:20:55 -0700,1
Melody’s Apple Watch,count,2021-01-13 14:36:04 -0700,2021-01-13 15:24:50 -0700,1
Melody’s Apple Watch,count,2021-01-13 18:37:29 -0700,2021-01-13 18:37:32 -0700,1
Melody’s iPhone,count,2021-01-13 18:37:27 -0700,2021-01-13 18:37:30 -0700,1
Melody’s iPhone,count,2021-01-13 13:56:37 -0700,2021-01-13 13:56:40 -0700,1
Melody’s iPhone,count,2021-01-13 16:33:13 -0700,2021-01-13 16:40:19 -0700,3
Melody’s iPhone,count,2021-01-13 16:43:33 -0700,2021-01-13 16:53:23 -0700,4
Melody’s iPhone,count,2021-01-13 17:10:35 -0700,2021-01-13 17:10:38 -0700,1
Melody’s Apple Watch,count,2021-01-13 19:53:29 -0700,2021-01-13 19:53:31 -0700,1
Melody’s iPhone,count,2021-01-13 20:50:55 -0700,2021-01-13 20:50:58 -0700,1
Melody’s iPhone,count,2021-01-13 22:34:40 -0700,2021-01-13 22:57:55 -0700,1
Melody’s iPhone,count,2021-01-13 23:02:24 -0700,2021-01-13 23:02:26 -0700,1
Melody’s iPhone,count,2021-01-14 11:32:15 -0700,2021-01-14 11:36:10 -0700,7
Melody’s iPhone,count,2021-01-14 11:50:49 -0700,2021-01-14 11:59:02 -0700,8
Melody’s iPhone,count,2021-01-14 12:02:29 -0700,2021-01-14 12:08:32 -0700,5
Melody’s iPhone,count,2021-01-14 12:17:18 -0700,2021-01-14 12:17:23 -0700,1
Melody’s iPhone,count,2021-01-14 15:55:52 -0700,2021-01-14 15:55:54 -0700,1
Melody’s Apple Watch,count,2021-01-13 16:33:21 -0700,2021-01-13 16:40:26 -0700,3
Melody’s Apple Watch,count,2021-01-13 16:46:35 -0700,2021-01-13 16:53:24 -0700,3
Melody’s Apple Watch,count,2021-01-13 17:10:36 -0700,2021-01-13 17:10:39 -0700,1
Melody’s iPhone,count,2021-01-14 20:53:36 -0700,2021-01-14 20:53:39 -0700,1
Melody’s Apple Watch,count,2021-01-14 10:58:39 -0700,2021-01-14 10:58:42 -0700,1
Melody’s Apple Watch,count,2021-01-14 11:30:16 -0700,2021-01-14 11:36:14 -0700,7
Melody’s Apple Watch,count,2021-01-14 11:50:52 -0700,2021-01-14 11:59:06 -0700,8
Melody’s Apple Watch,count,2021-01-14 12:07:25 -0700,2021-01-14 12:17:23 -0700,5
Melody’s Apple Watch,count,2021-01-14 14:40:58 -0700,2021-01-14 14:48:34 -0700,2
Melody’s Apple Watch,count,2021-01-14 15:55:56 -0700,2021-01-14 15:55:59 -0700,1
Melody’s Apple Watch,count,2021-01-14 20:53:40 -0700,2021-01-14 20:53:42 -0700,1
Melody’s Apple Watch,count,2021-01-14 22:27:40 -0700,2021-01-14 22:27:47 -0700,1
Melody’s iPhone,count,2021-01-14 22:27:41 -0700,2021-01-14 22:27:54 -0700,1
Melody’s iPhone,count,2021-01-15 11:34:27 -0700,2021-01-15 11:40:40 -0700,5
Melody’s iPhone,count,2021-01-15 11:45:54 -0700,2021-01-15 11:55:29 -0700,5
Melody’s iPhone,count,2021-01-15 11:58:28 -0700,2021-01-15 12:03:39 -0700,8
Melody’s iPhone,count,2021-01-15 12:17:47 -0700,2021-01-15 12:19:01 -0700,5
Melody’s iPhone,count,2021-01-15 12:28:46 -0700,2021-01-15 12:30:39 -0700,4
Melody’s Apple Watch,count,2021-01-15 11:37:09 -0700,2021-01-15 11:46:01 -0700,5
Melody’s Apple Watch,count,2021-01-15 11:54:38 -0700,2021-01-15 12:03:43 -0700,11
Melody’s Apple Watch,count,2021-01-15 12:17:50 -0700,2021-01-15 12:18:54 -0700,4
Melody’s Apple Watch,count,2021-01-15 12:28:53 -0700,2021-01-15 12:30:20 -0700,3
Melody’s Apple Watch,count,2021-01-15 16:15:21 -0700,2021-01-15 16:15:24 -0700,1
Melody’s Apple Watch,count,2021-01-15 18:08:35 -0700,2021-01-15 18:08:38 -0700,1
Melody’s iPhone,count,2021-01-15 22:17:22 -0700,2021-01-15 22:18:13 -0700,2
Melody’s iPhone,count,2021-01-17 12:47:22 -0700,2021-01-17 12:47:25 -0700,1
Melody’s Apple Watch,count,2021-01-15 22:17:27 -0700,2021-01-15 22:17:29 -0700,1
Melody’s Apple Watch,count,2021-01-16 11:03:23 -0700,2021-01-16 11:03:26 -0700,1
Melody’s Apple Watch,count,2021-01-16 11:14:42 -0700,2021-01-16 11:14:44 -0700,1
Melody’s Apple Watch,count,2021-01-16 15:44:23 -0700,2021-01-16 15:44:25 -0700,1
Melody’s Apple Watch,count,2021-01-17 11:28:09 -0700,2021-01-17 11:28:11 -0700,1
Melody’s Apple Watch,count,2021-01-17 12:04:50 -0700,2021-01-17 12:04:53 -0700,1
Melody’s Apple Watch,count,2021-01-17 12:47:25 -0700,2021-01-17 12:47:28 -0700,1
Melody’s Apple Watch,count,2021-01-17 14:33:39 -0700,2021-01-17 14:33:42 -0700,1
Melody’s Apple Watch,count,2021-01-17 17:01:44 -0700,2021-01-17 17:01:47 -0700,1
Melody’s Apple Watch,count,2021-01-17 19:51:45 -0700,2021-01-17 19:51:47 -0700,1
Melody’s Apple Watch,count,2021-01-17 20:46:53 -0700,2021-01-17 20:46:55 -0700,1
Melody’s Apple Watch,count,2021-01-17 21:05:06 -0700,2021-01-17 21:08:10 -0700,2
Melody’s Apple Watch,count,2021-01-17 21:20:58 -0700,2021-01-17 21:21:01 -0700,1
Melody’s iPhone,count,2021-01-17 19:51:42 -0700,2021-01-17 19:51:45 -0700,1
Melody’s Apple Watch,count,2021-01-17 21:56:46 -0700,2021-01-17 21:56:49 -0700,1
Melody’s Apple Watch,count,2021-01-18 00:06:01 -0700,2021-01-18 00:06:06 -0700,1
Melody’s Apple Watch,count,2021-01-18 11:25:31 -0700,2021-01-18 11:25:34 -0700,1
Melody’s Apple Watch,count,2021-01-18 13:06:00 -0700,2021-01-18 13:06:23 -0700,1
Melody’s iPhone,count,2021-01-18 13:56:42 -0700,2021-01-18 14:01:18 -0700,3
Melody’s iPhone,count,2021-01-18 14:12:45 -0700,2021-01-18 14:12:48 -0700,1
Melody’s iPhone,count,2021-01-18 14:28:33 -0700,2021-01-18 14:37:37 -0700,6
Melody’s iPhone,count,2021-01-18 14:43:15 -0700,2021-01-18 14:53:10 -0700,5
Melody’s iPhone,count,2021-01-18 14:53:18 -0700,2021-01-18 14:54:50 -0700,3
Melody’s iPhone,count,2021-01-18 15:15:52 -0700,2021-01-18 15:15:55 -0700,1
Melody’s Apple Watch,count,2021-01-18 13:56:43 -0700,2021-01-18 14:01:22 -0700,2
Melody’s Apple Watch,count,2021-01-18 14:12:46 -0700,2021-01-18 14:12:48 -0700,1
Melody’s Apple Watch,count,2021-01-18 14:35:25 -0700,2021-01-18 14:44:05 -0700,6
Melody’s Apple Watch,count,2021-01-18 14:53:07 -0700,2021-01-18 14:53:23 -0700,2
Melody’s Apple Watch,count,2021-01-18 14:54:32 -0700,2021-01-18 14:54:58 -0700,2
Melody’s Apple Watch,count,2021-01-18 21:25:34 -0700,2021-01-18 21:25:37 -0700,1
Melody’s Apple Watch,count,2021-01-18 21:48:11 -0700,2021-01-18 21:48:14 -0700,1
Melody’s Apple Watch,count,2021-01-18 23:41:40 -0700,2021-01-18 23:49:41 -0700,2
Melody’s iPhone,count,2021-01-18 17:16:42 -0700,2021-01-18 17:16:55 -0700,2
Melody’s iPhone,count,2021-01-18 21:25:32 -0700,2021-01-18 21:25:35 -0700,1
Melody’s iPhone,count,2021-01-18 23:48:13 -0700,2021-01-18 23:48:16 -0700,1
Melody’s iPhone,count,2021-01-19 10:19:38 -0700,2021-01-19 10:25:59 -0700,4
Melody’s iPhone,count,2021-01-19 11:19:38 -0700,2021-01-19 11:19:41 -0700,1
Melody’s Apple Watch,count,2021-01-19 11:19:50 -0700,2021-01-19 11:19:52 -0700,1
Melody’s Apple Watch,count,2021-01-19 11:44:42 -0700,2021-01-19 11:44:45 -0700,1
Melody’s Apple Watch,count,2021-01-19 12:06:43 -0700,2021-01-19 12:11:50 -0700,3
Melody’s Apple Watch,count,2021-01-19 13:25:24 -0700,2021-01-19 13:25:27 -0700,1
Melody’s Apple Watch,count,2021-01-19 16:22:22 -0700,2021-01-19 16:22:24 -0700,1
Melody’s Apple Watch,count,2021-01-19 18:11:56 -0700,2021-01-19 18:11:59 -0700,1
Melody’s iPhone,count,2021-01-19 12:06:39 -0700,2021-01-19 12:09:31 -0700,2
Melody’s iPhone,count,2021-01-19 17:52:19 -0700,2021-01-19 17:52:22 -0700,1
Melody’s Apple Watch,count,2021-01-19 19:46:32 -0700,2021-01-19 19:46:35 -0700,1
Melody’s Apple Watch,count,2021-01-20 10:02:16 -0700,2021-01-20 10:02:18 -0700,1
Melody’s Apple Watch,count,2021-01-20 13:40:24 -0700,2021-01-20 13:40:44 -0700,2
Melody’s Apple Watch,count,2021-01-20 14:04:13 -0700,2021-01-20 14:13:29 -0700,6
Melody’s Apple Watch,count,2021-01-20 14:21:27 -0700,2021-01-20 14:22:34 -0700,4
Melody’s Apple Watch,count,2021-01-20 14:32:24 -0700,2021-01-20 14:32:50 -0700,2
Melody’s Apple Watch,count,2021-01-20 14:53:19 -0700,2021-01-20 14:53:21 -0700,1
Melody’s iPhone,count,2021-01-20 10:01:43 -0700,2021-01-20 10:01:46 -0700,1
Melody’s iPhone,count,2021-01-20 13:40:26 -0700,2021-01-20 13:40:29 -0700,1
Melody’s iPhone,count,2021-01-20 13:50:31 -0700,2021-01-20 13:50:34 -0700,1
Melody’s iPhone,count,2021-01-20 14:02:45 -0700,2021-01-20 14:04:29 -0700,3
Melody’s iPhone,count,2021-01-20 14:21:26 -0700,2021-01-20 14:22:40 -0700,5
Melody’s iPhone,count,2021-01-20 14:32:25 -0700,2021-01-20 14:32:48 -0700,2
Melody’s Apple Watch,count,2021-01-20 16:55:00 -0700,2021-01-20 16:55:02 -0700,1
Melody’s Apple Watch,count,2021-01-20 18:12:03 -0700,2021-01-20 18:20:22 -0700,2
Melody’s Apple Watch,count,2021-01-20 21:38:10 -0700,2021-01-20 21:38:18 -0700,1
Melody’s Apple Watch,count,2021-01-21 11:19:26 -0700,2021-01-21 11:19:29 -0700,1
Melody’s Apple Watch,count,2021-01-21 17:35:57 -0700,2021-01-21 17:35:59 -0700,1
Melody’s Apple Watch,count,2021-01-21 17:51:54 -0700,2021-01-21 17:51:57 -0700,1
Melody’s Apple Watch,count,2021-01-21 18:49:59 -0700,2021-01-21 18:50:01 -0700,1
Melody’s Apple Watch,count,2021-01-21 22:08:49 -0700,2021-01-21 22:09:33 -0700,1
Melody’s Apple Watch,count,2021-01-21 23:52:08 -0700,2021-01-21 23:52:10 -0700,1
Melody’s iPhone,count,2021-01-21 15:42:17 -0700,2021-01-21 15:42:19 -0700,1
Melody’s iPhone,count,2021-01-21 17:35:58 -0700,2021-01-21 17:36:08 -0700,1
Melody’s iPhone,count,2021-01-21 17:51:44 -0700,2021-01-21 17:51:51 -0700,1
Melody’s iPhone,count,2021-01-21 22:08:12 -0700,2021-01-21 22:08:14 -0700,1
Melody’s iPhone,count,2021-01-21 23:52:06 -0700,2021-01-21 23:52:09 -0700,1
Melody’s Apple Watch,count,2021-01-22 04:05:46 -0700,2021-01-22 04:05:54 -0700,1
Melody’s Apple Watch,count,2021-01-22 13:50:32 -0700,2021-01-22 13:51:13 -0700,2
Melody’s iPhone,count,2021-01-22 13:50:29 -0700,2021-01-22 13:51:10 -0700,2
Melody’s Apple Watch,count,2021-01-22 17:37:16 -0700,2021-01-22 17:46:42 -0700,2
Melody’s Apple Watch,count,2021-01-22 17:52:00 -0700,2021-01-22 17:52:02 -0700,1
Melody’s Apple Watch,count,2021-01-22 20:50:39 -0700,2021-01-22 20:50:41 -0700,1
Melody’s Apple Watch,count,2021-01-22 23:34:08 -0700,2021-01-22 23:34:10 -0700,1
Melody’s iPhone,count,2021-01-22 17:37:14 -0700,2021-01-22 17:46:43 -0700,2
Melody’s iPhone,count,2021-01-22 17:51:55 -0700,2021-01-22 17:52:36 -0700,1
Melody’s iPhone,count,2021-01-22 20:50:36 -0700,2021-01-22 20:51:12 -0700,2
Melody’s iPhone,count,2021-01-23 14:49:45 -0700,2021-01-23 14:49:48 -0700,1
Melody’s iPhone,count,2021-01-23 17:24:56 -0700,2021-01-23 17:24:59 -0700,1
Melody’s iPhone,count,2021-01-23 17:46:24 -0700,2021-01-23 17:46:29 -0700,1
Melody’s iPhone,count,2021-01-23 19:56:45 -0700,2021-01-23 19:56:48 -0700,1
Melody’s iPhone,count,2021-01-24 11:10:37 -0700,2021-01-24 11:11:31 -0700,2
Melody’s iPhone,count,2021-01-24 14:29:30 -0700,2021-01-24 14:29:33 -0700,1
Melody’s Apple Watch,count,2021-01-23 00:00:58 -0700,2021-01-23 00:01:00 -0700,1
Melody’s Apple Watch,count,2021-01-23 14:00:14 -0700,2021-01-23 14:00:29 -0700,1
Melody’s Apple Watch,count,2021-01-23 14:18:37 -0700,2021-01-23 14:18:40 -0700,1
Melody’s Apple Watch,count,2021-01-23 17:24:59 -0700,2021-01-23 17:26:59 -0700,2
Melody’s Apple Watch,count,2021-01-23 17:46:27 -0700,2021-01-23 17:46:29 -0700,1
Melody’s Apple Watch,count,2021-01-23 18:28:29 -0700,2021-01-23 18:28:31 -0700,1
Melody’s Apple Watch,count,2021-01-23 19:07:28 -0700,2021-01-23 19:08:07 -0700,1
Melody’s Apple Watch,count,2021-01-23 19:56:43 -0700,2021-01-23 19:56:45 -0700,1
Melody’s Apple Watch,count,2021-01-24 20:19:56 -0700,2021-01-24 20:19:58 -0700,1
Melody’s iPhone,count,2021-01-24 20:19:54 -0700,2021-01-24 20:19:56 -0700,1
Melody’s iPhone,count,2021-01-24 23:46:17 -0700,2021-01-25 01:20:57 -0700,1
Melody’s iPhone,count,2021-01-25 10:17:19 -0700,2021-01-25 10:18:00 -0700,2
Melody’s iPhone,count,2021-01-25 12:23:43 -0700,2021-01-25 12:29:38 -0700,3
Melody’s Apple Watch,count,2021-01-25 09:00:28 -0700,2021-01-25 09:00:30 -0700,1
Melody’s Apple Watch,count,2021-01-25 10:17:23 -0700,2021-01-25 10:17:36 -0700,1
Melody’s Apple Watch,count,2021-01-25 12:24:20 -0700,2021-01-25 12:33:46 -0700,4
Melody’s Apple Watch,count,2021-01-25 12:55:14 -0700,2021-01-25 13:04:52 -0700,5
Melody’s Apple Watch,count,2021-01-25 13:05:27 -0700,2021-01-25 13:13:13 -0700,5
Melody’s Apple Watch,count,2021-01-25 13:21:35 -0700,2021-01-25 13:22:39 -0700,4
Melody’s Apple Watch,count,2021-01-25 13:31:44 -0700,2021-01-25 13:31:46 -0700,1
Melody’s Apple Watch,count,2021-01-25 13:32:17 -0700,2021-01-25 13:32:20 -0700,1
Melody’s iPhone,count,2021-01-25 13:00:52 -0700,2021-01-25 13:10:22 -0700,5
Melody’s iPhone,count,2021-01-25 13:12:07 -0700,2021-01-25 13:21:51 -0700,6
Melody’s iPhone,count,2021-01-25 13:22:07 -0700,2021-01-25 13:31:44 -0700,3
Melody’s iPhone,count,2021-01-25 13:32:14 -0700,2021-01-25 13:32:17 -0700,1
Melody’s iPhone,count,2021-01-25 21:25:54 -0700,2021-01-25 21:25:57 -0700,1
Melody’s iPhone,count,2021-01-26 02:29:17 -0700,2021-01-26 02:29:22 -0700,1
Melody’s Apple Watch,count,2021-01-25 16:22:30 -0700,2021-01-25 16:26:49 -0700,2
Melody’s Apple Watch,count,2021-01-25 16:59:20 -0700,2021-01-25 16:59:22 -0700,1
Melody’s Apple Watch,count,2021-01-25 21:25:57 -0700,2021-01-25 21:25:59 -0700,1
Melody’s Apple Watch,count,2021-01-26 01:30:51 -0700,2021-01-26 01:30:54 -0700,1
Melody’s Apple Watch,count,2021-01-26 02:29:24 -0700,2021-01-26 02:29:58 -0700,1
Melody’s iPhone,count,2021-01-26 09:53:46 -0700,2021-01-26 09:53:49 -0700,1
Melody’s iPhone,count,2021-01-26 19:58:04 -0700,2021-01-26 19:58:07 -0700,1
Melody’s iPhone,count,2021-01-27 00:58:00 -0700,2021-01-27 00:58:03 -0700,1
Melody’s Apple Watch,count,2021-01-27 00:58:04 -0700,2021-01-27 00:58:06 -0700,1
Melody’s Apple Watch,count,2021-01-27 16:58:27 -0700,2021-01-27 16:58:30 -0700,1
Melody’s Apple Watch,count,2021-01-27 18:01:13 -0700,2021-01-27 18:01:16 -0700,1
Melody’s Apple Watch,count,2021-01-27 19:56:50 -0700,2021-01-27 19:58:02 -0700,2
Melody’s Apple Watch,count,2021-01-27 21:12:22 -0700,2021-01-27 21:12:24 -0700,1
Melody’s Apple Watch,count,2021-01-27 22:02:10 -0700,2021-01-27 22:02:12 -0700,1
Melody’s iPhone,count,2021-01-28 02:14:52 -0700,2021-01-28 02:15:00 -0700,1
Melody’s Apple Watch,count,2021-01-27 23:20:38 -0700,2021-01-27 23:20:41 -0700,1
Melody’s Apple Watch,count,2021-01-27 23:39:04 -0700,2021-01-27 23:39:07 -0700,1
Melody’s Apple Watch,count,2021-01-28 00:40:23 -0700,2021-01-28 00:40:25 -0700,1
Melody’s Apple Watch,count,2021-01-28 02:14:53 -0700,2021-01-28 02:14:56 -0700,1
Melody’s Apple Watch,count,2021-01-28 10:08:28 -0700,2021-01-28 10:15:05 -0700,2
Melody’s Apple Watch,count,2021-01-28 10:38:15 -0700,2021-01-28 10:38:18 -0700,1
Melody’s Apple Watch,count,2021-01-29 18:59:24 -0700,2021-01-29 19:01:43 -0700,7
Melody’s iPhone,count,2021-02-01 16:21:34 -0700,2021-02-01 16:22:02 -0700,2
Melody’s iPhone,count,2021-02-02 19:22:13 -0700,2021-02-02 19:22:15 -0700,1
Melody’s iPhone,count,2021-02-03 17:07:00 -0700,2021-02-03 17:07:03 -0700,1
Melody’s Apple Watch,count,2021-02-03 17:11:22 -0700,2021-02-03 17:11:25 -0700,1
Melody’s Apple Watch,count,2021-02-03 19:42:12 -0700,2021-02-03 19:42:15 -0700,1
Melody’s iPhone,count,2021-02-03 23:34:31 -0700,2021-02-03 23:34:33 -0700,1
Melody’s Apple Watch,count,2021-02-03 23:34:34 -0700,2021-02-03 23:34:37 -0700,1
Melody’s Apple Watch,count,2021-02-04 08:50:40 -0700,2021-02-04 08:50:43 -0700,1
Melody’s Apple Watch,count,2021-02-04 09:49:32 -0700,2021-02-04 09:49:35 -0700,1
Melody’s iPhone,count,2021-02-05 11:17:27 -0700,2021-02-05 11:17:30 -0700,1
Melody’s Apple Watch,count,2021-02-05 11:17:29 -0700,2021-02-05 11:17:32 -0700,1
Melody’s Apple Watch,count,2021-02-05 18:09:43 -0700,2021-02-05 18:09:45 -0700,1
Melody’s Apple Watch,count,2021-02-05 18:12:17 -0700,2021-02-05 18:19:34 -0700,2
Melody’s iPhone,count,2021-02-05 21:38:24 -0700,2021-02-05 21:38:32 -0700,1
Melody’s Apple Watch,count,2021-02-05 21:34:19 -0700,2021-02-05 21:34:22 -0700,1
Melody’s Apple Watch,count,2021-02-05 21:38:32 -0700,2021-02-05 21:38:35 -0700,1
Melody’s Apple Watch,count,2021-02-06 00:08:00 -0700,2021-02-06 00:08:03 -0700,1
Melody’s iPhone,count,2021-02-06 13:04:18 -0700,2021-02-06 13:04:21 -0700,1
Melody’s iPhone,count,2021-02-06 17:50:24 -0700,2021-02-06 17:50:26 -0700,1
Melody’s Apple Watch,count,2021-02-06 12:49:26 -0700,2021-02-06 12:49:29 -0700,1
Melody’s Apple Watch,count,2021-02-06 13:04:20 -0700,2021-02-06 13:04:22 -0700,1
Melody’s Apple Watch,count,2021-02-06 14:02:46 -0700,2021-02-06 14:02:49 -0700,1
Melody’s Apple Watch,count,2021-02-06 17:48:17 -0700,2021-02-06 17:50:28 -0700,2
Melody’s iPhone,count,2021-02-06 18:58:34 -0700,2021-02-06 19:07:51 -0700,2
Melody’s iPhone,count,2021-02-06 19:21:28 -0700,2021-02-06 19:29:46 -0700,8
Melody’s iPhone,count,2021-02-06 19:43:08 -0700,2021-02-06 19:43:11 -0700,1
Melody’s iPhone,count,2021-02-06 21:27:57 -0700,2021-02-06 21:28:04 -0700,1
Melody’s iPhone,count,2021-02-06 23:44:12 -0700,2021-02-06 23:44:14 -0700,1
Melody’s iPhone,count,2021-02-07 16:13:04 -0700,2021-02-07 16:13:07 -0700,1
Melody’s Apple Watch,count,2021-02-06 19:02:00 -0700,2021-02-06 19:07:53 -0700,2
Melody’s Apple Watch,count,2021-02-06 19:21:34 -0700,2021-02-06 19:25:36 -0700,6
Melody’s Apple Watch,count,2021-02-06 19:43:08 -0700,2021-02-06 19:43:11 -0700,1
Melody’s Apple Watch,count,2021-02-07 18:22:38 -0700,2021-02-07 18:23:35 -0700,2
Melody’s Apple Watch,count,2021-02-08 15:26:44 -0700,2021-02-08 15:26:47 -0700,1
Melody’s Apple Watch,count,2021-02-08 18:16:44 -0700,2021-02-08 18:24:27 -0700,4
Melody’s Apple Watch,count,2021-02-08 18:45:24 -0700,2021-02-08 18:46:38 -0700,2
Melody’s iPhone,count,2021-02-07 18:22:34 -0700,2021-02-07 18:22:37 -0700,1
Melody’s iPhone,count,2021-02-08 18:24:24 -0700,2021-02-08 18:25:25 -0700,2
Melody’s iPhone,count,2021-02-08 18:45:18 -0700,2021-02-08 18:45:21 -0700,1
Melody’s iPhone,count,2021-02-09 02:11:36 -0700,2021-02-09 02:11:38 -0700,1
Melody’s Apple Watch,count,2021-02-08 22:15:01 -0700,2021-02-08 22:15:04 -0700,1
Melody’s Apple Watch,count,2021-02-09 02:11:32 -0700,2021-02-09 02:11:48 -0700,1
Melody’s iPhone,count,2021-02-09 17:16:21 -0700,2021-02-09 17:16:23 -0700,1
Melody’s Apple Watch,count,2021-02-09 17:16:19 -0700,2021-02-09 17:16:22 -0700,1
Melody’s Apple Watch,count,2021-02-09 17:43:17 -0700,2021-02-09 17:48:29 -0700,3
Melody’s Apple Watch,count,2021-02-09 17:54:25 -0700,2021-02-09 18:02:26 -0700,4
Melody’s Apple Watch,count,2021-02-09 18:13:37 -0700,2021-02-09 18:16:49 -0700,1
Melody’s iPhone,count,2021-02-09 18:13:35 -0700,2021-02-09 18:13:38 -0700,1
Melody’s iPhone,count,2021-02-09 20:43:52 -0700,2021-02-09 20:43:55 -0700,1
Melody’s Apple Watch,count,2021-02-09 20:03:47 -0700,2021-02-09 20:03:49 -0700,1
Melody’s Apple Watch,count,2021-02-09 20:43:56 -0700,2021-02-09 20:43:58 -0700,1
Melody’s Apple Watch,count,2021-02-10 00:39:39 -0700,2021-02-10 00:39:42 -0700,1
Melody’s Apple Watch,count,2021-02-10 12:51:53 -0700,2021-02-10 12:51:55 -0700,1
Melody’s Apple Watch,count,2021-02-10 14:29:08 -0700,2021-02-10 14:38:59 -0700,3
Melody’s Apple Watch,count,2021-02-10 14:42:16 -0700,2021-02-10 14:49:46 -0700,9
Melody’s Apple Watch,count,2021-02-10 14:56:20 -0700,2021-02-10 14:56:46 -0700,3
Melody’s Apple Watch,count,2021-02-10 15:08:12 -0700,2021-02-10 15:14:31 -0700,5
Melody’s Apple Watch,count,2021-02-10 16:57:51 -0700,2021-02-10 16:57:54 -0700,1
Melody’s Apple Watch,count,2021-02-10 17:15:31 -0700,2021-02-10 17:15:34 -0700,1
Melody’s Apple Watch,count,2021-02-10 18:58:35 -0700,2021-02-10 18:58:38 -0700,1
Melody’s Apple Watch,count,2021-02-10 21:29:40 -0700,2021-02-10 21:29:43 -0700,1
Melody’s iPhone,count,2021-02-10 14:29:03 -0700,2021-02-10 14:29:05 -0700,1
Melody’s iPhone,count,2021-02-10 14:42:14 -0700,2021-02-10 14:49:49 -0700,9
Melody’s iPhone,count,2021-02-10 14:56:20 -0700,2021-02-10 14:56:43 -0700,3
Melody’s iPhone,count,2021-02-10 15:08:10 -0700,2021-02-10 15:14:23 -0700,5
Melody’s iPhone,count,2021-02-10 15:19:04 -0700,2021-02-10 15:19:06 -0700,1
Melody’s iPhone,count,2021-02-10 16:57:47 -0700,2021-02-10 18:58:37 -0700,1
Melody’s iPhone,count,2021-02-10 21:29:33 -0700,2021-02-10 21:29:35 -0700,1
Melody’s iPhone,count,2021-02-10 21:29:38 -0700,2021-02-10 21:45:16 -0700,1
Melody’s Apple Watch,count,2021-02-11 01:12:35 -0700,2021-02-11 01:12:38 -0700,1
Melody’s Apple Watch,count,2021-02-11 13:24:01 -0700,2021-02-11 13:24:04 -0700,1
Melody’s Apple Watch,count,2021-02-11 15:26:56 -0700,2021-02-11 15:26:59 -0700,1
Melody’s Apple Watch,count,2021-02-11 18:35:18 -0700,2021-02-11 18:35:21 -0700,1
Melody’s Apple Watch,count,2021-02-11 20:09:00 -0700,2021-02-11 20:09:02 -0700,1
Melody’s Apple Watch,count,2021-02-11 21:53:49 -0700,2021-02-11 21:53:52 -0700,1
Melody’s iPhone,count,2021-02-11 18:35:17 -0700,2021-02-11 18:35:19 -0700,1
Melody’s iPhone,count,2021-02-11 21:53:49 -0700,2021-02-11 23:24:26 -0700,1
Melody’s Apple Watch,count,2021-02-12 16:57:13 -0700,2021-02-12 16:57:15 -0700,1
Melody’s Apple Watch,count,2021-02-12 17:22:05 -0700,2021-02-12 17:22:08 -0700,1
Melody’s Apple Watch,count,2021-02-12 17:45:51 -0700,2021-02-12 17:46:49 -0700,2
Melody’s Apple Watch,count,2021-02-12 17:47:10 -0700,2021-02-12 17:47:12 -0700,1
Melody’s Apple Watch,count,2021-02-12 20:35:00 -0700,2021-02-12 20:36:37 -0700,2
Melody’s iPhone,count,2021-02-12 11:08:35 -0700,2021-02-12 11:08:38 -0700,1
Melody’s iPhone,count,2021-02-12 12:38:27 -0700,2021-02-12 12:38:42 -0700,1
Melody’s iPhone,count,2021-02-12 14:28:26 -0700,2021-02-12 14:28:29 -0700,1
Melody’s iPhone,count,2021-02-12 15:37:53 -0700,2021-02-12 15:49:20 -0700,1
Melody’s iPhone,count,2021-02-12 16:57:14 -0700,2021-02-12 17:00:20 -0700,1
Melody’s iPhone,count,2021-02-12 17:14:56 -0700,2021-02-12 17:22:08 -0700,2
Melody’s iPhone,count,2021-02-12 17:34:23 -0700,2021-02-12 17:34:26 -0700,1
Melody’s iPhone,count,2021-02-12 17:45:46 -0700,2021-02-12 17:47:07 -0700,4
Melody’s iPhone,count,2021-02-12 20:34:57 -0700,2021-02-12 20:35:00 -0700,1
Melody’s Apple Watch,count,2021-02-13 01:54:08 -0700,2021-02-13 01:54:11 -0700,1
Melody’s iPhone,count,2021-02-13 01:53:58 -0700,2021-02-13 01:54:11 -0700,1
Melody’s Apple Watch,count,2021-02-13 14:28:03 -0700,2021-02-13 14:28:05 -0700,1
Melody’s Apple Watch,count,2021-02-13 21:13:54 -0700,2021-02-13 21:13:57 -0700,1
Melody’s Apple Watch,count,2021-02-13 21:49:58 -0700,2021-02-13 21:50:00 -0700,1
Melody’s iPhone,count,2021-02-13 21:13:53 -0700,2021-02-13 21:13:55 -0700,1
Melody’s Apple Watch,count,2021-02-13 23:54:36 -0700,2021-02-14 00:01:36 -0700,3
Melody’s Apple Watch,count,2021-02-14 00:36:58 -0700,2021-02-14 00:37:01 -0700,1
Melody’s Apple Watch,count,2021-02-14 02:58:14 -0700,2021-02-14 02:58:16 -0700,1
Melody’s Apple Watch,count,2021-02-14 11:47:29 -0700,2021-02-14 11:47:31 -0700,1
Melody’s Apple Watch,count,2021-02-14 12:48:02 -0700,2021-02-14 12:48:51 -0700,2
Melody’s iPhone,count,2021-02-13 21:49:52 -0700,2021-02-14 00:01:47 -0700,1
Melody’s iPhone,count,2021-02-14 00:06:38 -0700,2021-02-14 00:11:22 -0700,1
Melody’s iPhone,count,2021-02-14 12:47:59 -0700,2021-02-14 12:48:47 -0700,2
Melody’s Apple Watch,count,2021-02-14 14:24:15 -0700,2021-02-14 14:24:18 -0700,1
Melody’s Apple Watch,count,2021-02-14 19:41:09 -0700,2021-02-14 19:44:38 -0700,2
Melody’s Apple Watch,count,2021-02-14 23:36:07 -0700,2021-02-14 23:36:10 -0700,1
Melody’s Apple Watch,count,2021-02-14 23:49:03 -0700,2021-02-14 23:49:06 -0700,1
Melody’s Apple Watch,count,2021-02-15 00:01:39 -0700,2021-02-15 00:06:48 -0700,2
Melody’s iPhone,count,2021-02-14 19:41:07 -0700,2021-02-14 19:41:09 -0700,1
Melody’s iPhone,count,2021-02-15 00:01:35 -0700,2021-02-15 00:05:38 -0700,1
Melody’s Apple Watch,count,2021-02-15 12:41:16 -0700,2021-02-15 12:41:19 -0700,1
Melody’s Apple Watch,count,2021-02-15 12:57:24 -0700,2021-02-15 12:57:26 -0700,1
Melody’s Apple Watch,count,2021-02-15 15:39:04 -0700,2021-02-15 15:39:06 -0700,1
Melody’s Apple Watch,count,2021-02-15 17:56:30 -0700,2021-02-15 17:56:32 -0700,1
Melody’s iPhone,count,2021-02-15 17:18:39 -0700,2021-02-15 17:19:40 -0700,1
Melody’s iPhone,count,2021-02-15 17:53:56 -0700,2021-02-15 17:56:30 -0700,2
Melody’s iPhone,count,2021-02-17 14:19:56 -0700,2021-02-17 14:20:01 -0700,1
Melody’s iPhone,count,2021-02-17 17:19:23 -0700,2021-02-17 17:21:28 -0700,6
Melody’s iPhone,count,2021-02-17 17:36:45 -0700,2021-02-17 17:40:22 -0700,3
Melody’s Apple Watch,count,2021-02-17 14:26:01 -0700,2021-02-17 14:26:04 -0700,1
Melody’s Apple Watch,count,2021-02-17 17:18:09 -0700,2021-02-17 17:21:57 -0700,7
Melody’s Apple Watch,count,2021-02-17 17:36:52 -0700,2021-02-17 17:40:27 -0700,3
Melody’s Apple Watch,count,2021-02-17 17:49:27 -0700,2021-02-17 17:59:05 -0700,6
Melody’s iPhone,count,2021-02-17 17:49:26 -0700,2021-02-17 17:59:19 -0700,6
Melody’s iPhone,count,2021-02-17 18:00:36 -0700,2021-02-17 18:00:38 -0700,1
Melody’s iPhone,count,2021-02-17 18:58:43 -0700,2021-02-17 18:58:46 -0700,1
Melody’s iPhone,count,2021-02-17 23:17:33 -0700,2021-02-17 23:17:36 -0700,1
Melody’s Apple Watch,count,2021-02-17 17:59:28 -0700,2021-02-17 18:06:46 -0700,2
Melody’s Apple Watch,count,2021-02-17 18:16:40 -0700,2021-02-17 18:16:42 -0700,1
Melody’s Apple Watch,count,2021-02-17 18:58:39 -0700,2021-02-17 18:58:52 -0700,1
Melody’s Apple Watch,count,2021-02-17 20:07:03 -0700,2021-02-17 20:07:05 -0700,1
Melody’s Apple Watch,count,2021-02-17 23:17:33 -0700,2021-02-17 23:18:24 -0700,1
Melody’s iPhone,count,2021-02-18 15:45:03 -0700,2021-02-18 15:45:11 -0700,1
Melody’s iPhone,count,2021-02-18 17:40:51 -0700,2021-02-18 17:46:25 -0700,6
Melody’s iPhone,count,2021-02-18 17:57:22 -0700,2021-02-18 18:05:07 -0700,8
Melody’s iPhone,count,2021-02-18 18:07:22 -0700,2021-02-18 18:14:28 -0700,9
Melody’s iPhone,count,2021-02-18 18:21:20 -0700,2021-02-18 18:24:01 -0700,5
Melody’s iPhone,count,2021-02-18 18:32:29 -0700,2021-02-18 18:34:01 -0700,4
Melody’s iPhone,count,2021-02-18 19:50:49 -0700,2021-02-18 19:50:51 -0700,1
Melody’s iPhone,count,2021-02-18 22:48:06 -0700,2021-02-18 22:48:08 -0700,1
Melody’s Apple Watch,count,2021-02-18 11:59:53 -0700,2021-02-18 11:59:56 -0700,1
Melody’s Apple Watch,count,2021-02-18 12:39:08 -0700,2021-02-18 12:39:11 -0700,1
Melody’s Apple Watch,count,2021-02-18 15:45:04 -0700,2021-02-18 15:45:06 -0700,1
Melody’s iPhone,count,2021-02-19 01:05:03 -0700,2021-02-19 01:05:05 -0700,1
Melody’s iPhone,count,2021-02-19 09:06:03 -0700,2021-02-19 09:06:06 -0700,1
Melody’s iPhone,count,2021-02-19 10:04:49 -0700,2021-02-19 10:04:52 -0700,1
Melody’s iPhone,count,2021-02-19 14:04:59 -0700,2021-02-19 14:05:01 -0700,1
Melody’s iPhone,count,2021-02-19 14:20:39 -0700,2021-02-19 14:20:42 -0700,1
Melody’s Apple Watch,count,2021-02-18 17:09:42 -0700,2021-02-18 17:09:45 -0700,1
Melody’s Apple Watch,count,2021-02-18 17:42:36 -0700,2021-02-18 17:46:29 -0700,6
Melody’s Apple Watch,count,2021-02-18 17:57:19 -0700,2021-02-18 18:05:09 -0700,8
Melody’s Apple Watch,count,2021-02-18 18:07:25 -0700,2021-02-18 18:14:37 -0700,9
Melody’s Apple Watch,count,2021-02-18 18:21:21 -0700,2021-02-18 18:24:03 -0700,4
Melody’s Apple Watch,count,2021-02-18 18:32:34 -0700,2021-02-18 18:34:04 -0700,4
Melody’s Apple Watch,count,2021-02-18 19:50:46 -0700,2021-02-18 19:50:49 -0700,1
Melody’s Apple Watch,count,2021-02-18 22:48:10 -0700,2021-02-18 22:48:13 -0700,1
Melody’s Apple Watch,count,2021-02-19 01:05:05 -0700,2021-02-19 01:05:08 -0700,1
Melody’s iPhone,count,2021-02-19 16:17:28 -0700,2021-02-19 16:17:31 -0700,1
Melody’s iPhone,count,2021-02-19 22:53:38 -0700,2021-02-19 22:53:40 -0700,1
Melody’s iPhone,count,2021-02-20 00:56:44 -0700,2021-02-20 00:56:52 -0700,1
Melody’s iPhone,count,2021-02-20 01:13:26 -0700,2021-02-20 01:13:28 -0700,1
Melody’s iPhone,count,2021-02-20 09:44:44 -0700,2021-02-20 09:44:49 -0700,1
Melody’s iPhone,count,2021-02-20 10:29:15 -0700,2021-02-20 10:43:36 -0700,1
Melody’s iPhone,count,2021-02-20 11:39:48 -0700,2021-02-20 11:39:51 -0700,1
Melody’s iPhone,count,2021-02-20 12:08:32 -0700,2021-02-20 12:12:32 -0700,4
Melody’s Apple Watch,count,2021-02-19 09:06:03 -0700,2021-02-19 09:06:05 -0700,1
Melody’s Apple Watch,count,2021-02-19 10:04:50 -0700,2021-02-19 10:13:06 -0700,2
Melody’s Apple Watch,count,2021-02-19 10:23:41 -0700,2021-02-19 10:23:44 -0700,1
Melody’s Apple Watch,count,2021-02-19 12:03:31 -0700,2021-02-19 12:03:34 -0700,1
Melody’s Apple Watch,count,2021-02-19 12:55:34 -0700,2021-02-19 12:55:36 -0700,1
Melody’s Apple Watch,count,2021-02-19 13:34:26 -0700,2021-02-19 13:34:29 -0700,1
Melody’s Apple Watch,count,2021-02-19 14:05:01 -0700,2021-02-19 14:05:04 -0700,1
Melody’s Apple Watch,count,2021-02-19 14:20:41 -0700,2021-02-19 14:20:43 -0700,1
Melody’s iPhone,count,2021-02-20 13:11:25 -0700,2021-02-20 13:14:16 -0700,8
Melody’s iPhone,count,2021-02-20 18:52:37 -0700,2021-02-20 18:52:39 -0700,1
Melody’s iPhone,count,2021-02-20 20:58:44 -0700,2021-02-20 20:58:47 -0700,1
Melody’s Apple Watch,count,2021-02-19 16:17:30 -0700,2021-02-19 16:17:33 -0700,1
Melody’s Apple Watch,count,2021-02-19 19:00:33 -0700,2021-02-19 19:00:35 -0700,1
Melody’s Apple Watch,count,2021-02-20 10:29:21 -0700,2021-02-20 10:29:24 -0700,1
Melody’s Apple Watch,count,2021-02-20 11:39:50 -0700,2021-02-20 11:39:53 -0700,1
Melody’s Apple Watch,count,2021-02-20 12:08:36 -0700,2021-02-20 12:12:39 -0700,4
Melody’s Apple Watch,count,2021-02-20 13:11:31 -0700,2021-02-20 13:14:18 -0700,7
Melody’s Apple Watch,count,2021-02-20 14:33:14 -0700,2021-02-20 14:33:16 -0700,1
Melody’s Apple Watch,count,2021-02-20 16:50:41 -0700,2021-02-20 16:50:44 -0700,1
Melody’s Apple Watch,count,2021-02-20 18:52:39 -0700,2021-02-20 18:54:47 -0700,2
Melody’s iPhone,count,2021-02-21 19:06:29 -0700,2021-02-21 19:06:31 -0700,1
Melody’s iPhone,count,2021-02-22 00:37:04 -0700,2021-02-22 00:37:12 -0700,1
Melody’s iPhone,count,2021-02-22 11:24:12 -0700,2021-02-22 11:33:14 -0700,6
Melody’s iPhone,count,2021-02-22 11:35:47 -0700,2021-02-22 11:43:17 -0700,7
Melody’s iPhone,count,2021-02-22 12:06:32 -0700,2021-02-22 12:10:24 -0700,5
Melody’s iPhone,count,2021-02-22 12:17:49 -0700,2021-02-22 12:19:36 -0700,4
Melody’s iPhone,count,2021-02-22 20:17:46 -0700,2021-02-22 20:17:49 -0700,1
Melody’s Apple Watch,count,2021-02-22 11:03:28 -0700,2021-02-22 11:03:30 -0700,1
Melody’s Apple Watch,count,2021-02-22 11:24:40 -0700,2021-02-22 11:33:14 -0700,4
Melody’s Apple Watch,count,2021-02-22 11:35:47 -0700,2021-02-22 11:43:18 -0700,7
Melody’s Apple Watch,count,2021-02-22 12:06:38 -0700,2021-02-22 12:10:26 -0700,4
Melody’s Apple Watch,count,2021-02-22 12:17:51 -0700,2021-02-22 12:19:39 -0700,4
Melody’s Apple Watch,count,2021-02-22 14:58:00 -0700,2021-02-22 14:58:02 -0700,1
Melody’s Apple Watch,count,2021-02-22 15:33:43 -0700,2021-02-22 15:33:48 -0700,1
Melody’s iPhone,count,2021-02-23 13:32:49 -0700,2021-02-23 13:34:44 -0700,1
Melody’s Apple Watch,count,2021-02-22 17:41:15 -0700,2021-02-22 17:42:55 -0700,4
Melody’s Apple Watch,count,2021-02-22 18:30:17 -0700,2021-02-22 18:35:24 -0700,2
Melody’s Apple Watch,count,2021-02-23 00:25:08 -0700,2021-02-23 00:25:10 -0700,1
Melody’s iPhone,count,2021-02-23 18:42:27 -0700,2021-02-23 18:42:29 -0700,1
Melody’s iPhone,count,2021-02-23 19:17:37 -0700,2021-02-23 19:17:45 -0700,1
Melody’s iPhone,count,2021-02-23 22:17:28 -0700,2021-02-23 22:17:30 -0700,1
Melody’s Apple Watch,count,2021-02-23 14:00:18 -0700,2021-02-23 14:00:21 -0700,1
Melody’s Apple Watch,count,2021-02-23 16:51:35 -0700,2021-02-23 16:51:37 -0700,1
Melody’s Apple Watch,count,2021-02-23 18:42:31 -0700,2021-02-23 18:42:34 -0700,1
Melody’s Apple Watch,count,2021-02-23 19:17:46 -0700,2021-02-23 19:17:48 -0700,1
Melody’s Apple Watch,count,2021-02-23 21:56:55 -0700,2021-02-23 21:56:58 -0700,1
Melody’s Apple Watch,count,2021-02-23 22:17:29 -0700,2021-02-23 22:17:32 -0700,1
Melody’s Apple Watch,count,2021-02-24 10:46:02 -0700,2021-02-24 10:49:03 -0700,2
Melody’s iPhone,count,2021-02-24 11:42:58 -0700,2021-02-24 11:43:00 -0700,1
Melody’s iPhone,count,2021-02-24 12:00:20 -0700,2021-02-24 12:00:23 -0700,1
Melody’s iPhone,count,2021-02-24 12:20:18 -0700,2021-02-24 12:30:11 -0700,6
Melody’s iPhone,count,2021-02-24 12:30:29 -0700,2021-02-24 12:31:43 -0700,3
Melody’s iPhone,count,2021-02-24 14:47:01 -0700,2021-02-24 14:47:04 -0700,1
Melody’s Apple Watch,count,2021-02-24 12:00:30 -0700,2021-02-24 12:00:32 -0700,1
Melody’s Apple Watch,count,2021-02-24 12:20:10 -0700,2021-02-24 12:30:04 -0700,4
Melody’s Apple Watch,count,2021-02-24 12:30:32 -0700,2021-02-24 12:31:44 -0700,3
Melody’s Apple Watch,count,2021-02-24 13:19:58 -0700,2021-02-24 13:21:17 -0700,2
Melody’s Apple Watch,count,2021-02-24 14:47:04 -0700,2021-02-24 14:47:07 -0700,1
Melody’s Apple Watch,count,2021-02-24 17:23:27 -0700,2021-02-24 17:23:30 -0700,1
Melody’s iPhone,count,2021-02-24 21:28:37 -0700,2021-02-24 21:28:40 -0700,1
Melody’s iPhone,count,2021-02-24 22:08:34 -0700,2021-02-24 23:11:49 -0700,1
Melody’s Apple Watch,count,2021-02-24 20:13:03 -0700,2021-02-24 20:16:25 -0700,2
Melody’s Apple Watch,count,2021-02-24 21:28:40 -0700,2021-02-24 21:37:24 -0700,3
Melody’s Apple Watch,count,2021-02-24 22:08:33 -0700,2021-02-24 22:08:36 -0700,1
Melody’s Apple Watch,count,2021-02-25 15:30:16 -0700,2021-02-25 15:30:18 -0700,1
Melody’s iPhone,count,2021-02-25 21:27:02 -0700,2021-02-25 21:27:04 -0700,1
Melody’s iPhone,count,2021-02-26 11:40:13 -0700,2021-02-26 11:40:16 -0700,1
Melody’s iPhone,count,2021-02-26 15:49:01 -0700,2021-02-26 15:49:04 -0700,1
Melody’s iPhone,count,2021-02-26 18:08:17 -0700,2021-02-26 18:13:05 -0700,6
Melody’s iPhone,count,2021-02-26 18:19:26 -0700,2021-02-26 18:20:55 -0700,3
Melody’s iPhone,count,2021-02-26 18:42:07 -0700,2021-02-26 18:43:21 -0700,4
Melody’s Apple Watch,count,2021-02-25 18:04:22 -0700,2021-02-25 18:04:25 -0700,1
Melody’s Apple Watch,count,2021-02-25 19:14:59 -0700,2021-02-25 19:15:01 -0700,1
Melody’s Apple Watch,count,2021-02-25 20:45:41 -0700,2021-02-25 20:45:44 -0700,1
Melody’s Apple Watch,count,2021-02-25 21:27:02 -0700,2021-02-25 21:27:04 -0700,1
Melody’s Apple Watch,count,2021-02-25 22:28:46 -0700,2021-02-25 22:28:49 -0700,1
Melody’s Apple Watch,count,2021-02-26 10:25:05 -0700,2021-02-26 10:31:34 -0700,2
Melody’s Apple Watch,count,2021-02-26 10:59:26 -0700,2021-02-26 11:00:58 -0700,3
Melody’s Apple Watch,count,2021-02-26 11:16:33 -0700,2021-02-26 11:16:35 -0700,1
Melody’s Apple Watch,count,2021-02-26 11:40:16 -0700,2021-02-26 11:40:19 -0700,1
Melody’s Apple Watch,count,2021-02-26 18:12:52 -0700,2021-02-26 18:20:02 -0700,6
Melody’s Apple Watch,count,2021-02-26 18:42:10 -0700,2021-02-26 18:43:32 -0700,4
Melody’s iPhone,count,2021-02-26 22:16:36 -0700,2021-02-26 22:17:12 -0700,2
Melody’s iPhone,count,2021-02-27 13:06:43 -0700,2021-02-27 14:20:34 -0700,1
Melody’s iPhone,count,2021-02-27 18:52:37 -0700,2021-02-27 18:53:02 -0700,2
Melody’s iPhone,count,2021-02-27 19:19:21 -0700,2021-02-27 19:22:04 -0700,4
Melody’s iPhone,count,2021-02-27 21:11:51 -0700,2021-02-27 21:12:39 -0700,2
Melody’s iPhone,count,2021-02-28 12:04:51 -0700,2021-02-28 12:06:38 -0700,1
Melody’s iPhone,count,2021-02-28 12:35:07 -0700,2021-02-28 12:35:10 -0700,1
Melody’s iPhone,count,2021-02-28 12:50:34 -0700,2021-02-28 12:59:59 -0700,8
Melody’s iPhone,count,2021-02-28 13:00:45 -0700,2021-02-28 13:02:35 -0700,4
Melody’s iPhone,count,2021-02-28 20:26:51 -0700,2021-02-28 20:26:59 -0700,1
Melody’s iPhone,count,2021-03-01 07:54:42 -0700,2021-03-01 08:41:00 -0700,1
Melody’s iPhone,count,2021-03-01 08:55:20 -0700,2021-03-01 08:55:23 -0700,2
Melody’s iPhone,count,2021-03-01 10:01:31 -0700,2021-03-01 10:01:36 -0700,1
Melody’s iPhone,count,2021-03-01 11:57:21 -0700,2021-03-01 11:57:49 -0700,3
Melody’s Apple Watch,count,2021-02-28 12:04:49 -0700,2021-02-28 12:04:52 -0700,1
Melody’s Apple Watch,count,2021-02-28 12:35:09 -0700,2021-02-28 12:35:12 -0700,1
Melody’s Apple Watch,count,2021-02-28 12:50:40 -0700,2021-02-28 13:00:03 -0700,8
Melody’s Apple Watch,count,2021-02-28 13:00:46 -0700,2021-02-28 13:02:39 -0700,4
Melody’s Apple Watch,count,2021-02-28 14:17:51 -0700,2021-02-28 14:17:54 -0700,1
Melody’s Apple Watch,count,2021-02-28 16:28:30 -0700,2021-02-28 16:28:33 -0700,1
Melody’s Apple Watch,count,2021-02-28 18:31:28 -0700,2021-02-28 18:31:30 -0700,1
Melody’s iPhone,count,2021-03-01 12:13:57 -0700,2021-03-01 12:20:28 -0700,10
Melody’s iPhone,count,2021-03-01 12:29:24 -0700,2021-03-01 12:38:51 -0700,7
Melody’s iPhone,count,2021-03-01 12:39:43 -0700,2021-03-01 12:40:11 -0700,2
Melody’s iPhone,count,2021-03-01 17:57:01 -0700,2021-03-01 18:02:13 -0700,2
Melody’s iPhone,count,2021-03-01 18:57:09 -0700,2021-03-01 18:57:17 -0700,1
Melody’s iPhone,count,2021-03-01 20:36:23 -0700,2021-03-01 20:36:25 -0700,1
Melody’s Apple Watch,count,2021-03-01 11:56:05 -0700,2021-03-01 11:58:23 -0700,3
Melody’s Apple Watch,count,2021-03-01 12:13:55 -0700,2021-03-01 12:20:08 -0700,9
Melody’s Apple Watch,count,2021-03-01 12:29:31 -0700,2021-03-01 12:38:54 -0700,8
Melody’s Apple Watch,count,2021-03-01 12:39:45 -0700,2021-03-01 12:40:13 -0700,2
Melody’s Apple Watch,count,2021-03-01 13:19:23 -0700,2021-03-01 13:19:25 -0700,1
Melody’s Apple Watch,count,2021-03-01 13:29:22 -0700,2021-03-01 13:29:24 -0700,1
Melody’s Apple Watch,count,2021-03-01 14:36:21 -0700,2021-03-01 14:36:24 -0700,1
Melody’s Apple Watch,count,2021-03-01 16:26:25 -0700,2021-03-01 16:26:28 -0700,1
Melody’s Apple Watch,count,2021-03-01 17:57:04 -0700,2021-03-01 18:00:46 -0700,4
Melody’s iPhone,count,2021-03-02 10:42:22 -0700,2021-03-02 10:42:25 -0700,1
Melody’s iPhone,count,2021-03-02 11:29:48 -0700,2021-03-02 11:29:50 -0700,1
Melody’s Apple Watch,count,2021-03-01 18:57:17 -0700,2021-03-01 18:57:20 -0700,1
Melody’s Apple Watch,count,2021-03-01 23:47:18 -0700,2021-03-01 23:47:20 -0700,1
Melody’s iPhone,count,2021-03-02 12:37:15 -0700,2021-03-02 12:38:39 -0700,4
Melody’s iPhone,count,2021-03-02 12:51:43 -0700,2021-03-02 12:59:18 -0700,10
Melody’s iPhone,count,2021-03-02 13:05:13 -0700,2021-03-02 13:05:15 -0700,1
Melody’s iPhone,count,2021-03-02 13:19:52 -0700,2021-03-02 13:21:44 -0700,5
Melody’s iPhone,count,2021-03-02 13:31:03 -0700,2021-03-02 13:32:17 -0700,4
Melody’s iPhone,count,2021-03-02 17:03:15 -0700,2021-03-02 17:03:18 -0700,1
Melody’s iPhone,count,2021-03-02 19:27:42 -0700,2021-03-02 19:28:15 -0700,1
Melody’s iPhone,count,2021-03-02 21:16:10 -0700,2021-03-02 21:16:13 -0700,1
Melody’s Apple Watch,count,2021-03-02 10:07:53 -0700,2021-03-02 10:09:26 -0700,2
Melody’s Apple Watch,count,2021-03-02 10:24:47 -0700,2021-03-02 10:25:59 -0700,3
Melody’s Apple Watch,count,2021-03-02 10:42:25 -0700,2021-03-02 10:42:27 -0700,1
Melody’s Apple Watch,count,2021-03-02 12:37:38 -0700,2021-03-02 12:37:58 -0700,2
Melody’s Apple Watch,count,2021-03-02 12:51:42 -0700,2021-03-02 12:59:23 -0700,8
Melody’s Apple Watch,count,2021-03-02 13:05:21 -0700,2021-03-02 13:13:50 -0700,2
Melody’s Apple Watch,count,2021-03-02 13:19:53 -0700,2021-03-02 13:21:43 -0700,5
Melody’s Apple Watch,count,2021-03-02 13:31:06 -0700,2021-03-02 13:32:00 -0700,3
Melody’s Apple Watch,count,2021-03-02 13:32:21 -0700,2021-03-02 13:32:23 -0700,1
Melody’s Apple Watch,count,2021-03-02 14:11:34 -0700,2021-03-02 14:11:36 -0700,1
Melody’s Apple Watch,count,2021-03-02 14:23:00 -0700,2021-03-02 14:23:36 -0700,1
Melody’s Apple Watch,count,2021-03-02 17:03:15 -0700,2021-03-02 17:03:18 -0700,1
Melody’s Apple Watch,count,2021-03-02 18:06:58 -0700,2021-03-02 18:07:00 -0700,1
Melody’s Apple Watch,count,2021-03-02 19:27:39 -0700,2021-03-02 19:33:55 -0700,2
Melody’s Apple Watch,count,2021-03-02 21:16:11 -0700,2021-03-02 21:16:14 -0700,1
Melody’s Apple Watch,count,2021-03-02 23:32:21 -0700,2021-03-02 23:32:24 -0700,1
Melody’s Apple Watch,count,2021-03-03 11:27:09 -0700,2021-03-03 11:27:12 -0700,1
Melody’s iPhone,count,2021-03-03 09:50:10 -0700,2021-03-03 09:50:13 -0700,1
Melody’s iPhone,count,2021-03-03 16:48:38 -0700,2021-03-03 16:48:40 -0700,1
Melody’s iPhone,count,2021-03-03 17:48:04 -0700,2021-03-03 17:56:48 -0700,3
Melody’s iPhone,count,2021-03-03 20:12:56 -0700,2021-03-03 20:57:44 -0700,1
Melody’s Apple Watch,count,2021-03-03 16:48:41 -0700,2021-03-03 16:48:43 -0700,1
Melody’s Apple Watch,count,2021-03-03 17:48:07 -0700,2021-03-03 17:56:53 -0700,3
Melody’s Apple Watch,count,2021-03-03 18:03:10 -0700,2021-03-03 18:03:12 -0700,1
Melody’s Apple Watch,count,2021-03-03 18:10:30 -0700,2021-03-03 18:10:32 -0700,1
Melody’s Apple Watch,count,2021-03-03 19:18:28 -0700,2021-03-03 19:18:30 -0700,1
Melody’s Apple Watch,count,2021-03-03 20:13:04 -0700,2021-03-03 20:13:07 -0700,1
Melody’s Apple Watch,count,2021-03-03 21:31:19 -0700,2021-03-03 21:31:22 -0700,1
Melody’s Apple Watch,count,2021-03-04 09:29:47 -0700,2021-03-04 09:29:49 -0700,1
Melody’s Apple Watch,count,2021-03-04 10:12:09 -0700,2021-03-04 10:19:39 -0700,7
Melody’s Apple Watch,count,2021-03-04 10:29:51 -0700,2021-03-04 10:38:12 -0700,8
Melody’s Apple Watch,count,2021-03-04 10:48:03 -0700,2021-03-04 10:57:59 -0700,7
Melody’s Apple Watch,count,2021-03-04 10:59:08 -0700,2021-03-04 11:00:51 -0700,3
Melody’s Apple Watch,count,2021-03-04 12:05:08 -0700,2021-03-04 12:05:11 -0700,1
Melody’s Apple Watch,count,2021-03-04 13:50:16 -0700,2021-03-04 13:50:18 -0700,1
Melody’s Apple Watch,count,2021-03-04 16:17:15 -0700,2021-03-04 16:17:17 -0700,1
Melody’s Apple Watch,count,2021-03-04 17:56:22 -0700,2021-03-04 17:56:25 -0700,1
Melody’s iPhone,count,2021-03-04 16:17:16 -0700,2021-03-04 16:17:19 -0700,1
Melody’s iPhone,count,2021-03-04 18:20:56 -0700,2021-03-04 18:21:04 -0700,1
Melody’s Apple Watch,count,2021-03-04 18:21:02 -0700,2021-03-04 18:21:04 -0700,1
Melody’s Apple Watch,count,2021-03-04 20:03:49 -0700,2021-03-04 20:03:52 -0700,1
Melody’s Apple Watch,count,2021-03-04 23:51:16 -0700,2021-03-04 23:51:18 -0700,1
Melody’s Apple Watch,count,2021-03-05 11:57:31 -0700,2021-03-05 11:57:34 -0700,1
Melody’s iPhone,count,2021-03-05 17:53:00 -0700,2021-03-05 18:02:30 -0700,3
Melody’s iPhone,count,2021-03-05 18:03:08 -0700,2021-03-05 18:04:40 -0700,4
Melody’s iPhone,count,2021-03-05 18:19:26 -0700,2021-03-05 18:21:47 -0700,3
Melody’s iPhone,count,2021-03-05 18:30:33 -0700,2021-03-05 18:32:41 -0700,5
Melody’s iPhone,count,2021-03-05 22:04:34 -0700,2021-03-05 22:04:37 -0700,1
Melody’s iPhone,count,2021-03-06 00:32:13 -0700,2021-03-06 00:32:15 -0700,1
Melody’s iPhone,count,2021-03-06 11:53:27 -0700,2021-03-06 11:53:29 -0700,1
Melody’s iPhone,count,2021-03-06 13:35:24 -0700,2021-03-06 14:02:26 -0700,1
Melody’s iPhone,count,2021-03-06 16:49:37 -0700,2021-03-06 16:52:29 -0700,1
Melody’s Apple Watch,count,2021-03-05 14:13:30 -0700,2021-03-05 14:13:32 -0700,1
Melody’s Apple Watch,count,2021-03-05 17:53:00 -0700,2021-03-05 18:00:59 -0700,2
Melody’s Apple Watch,count,2021-03-05 18:03:20 -0700,2021-03-05 18:06:52 -0700,6
Melody’s Apple Watch,count,2021-03-05 18:19:27 -0700,2021-03-05 18:22:49 -0700,4
Melody’s Apple Watch,count,2021-03-05 18:30:37 -0700,2021-03-05 18:32:42 -0700,4
Melody’s iPhone,count,2021-03-07 17:22:28 -0700,2021-03-07 17:22:31 -0700,1
Melody’s iPhone,count,2021-03-08 17:37:40 -0700,2021-03-08 17:37:43 -0700,1
Melody’s iPhone,count,2021-03-08 17:48:21 -0700,2021-03-08 17:48:29 -0700,1
Melody’s iPhone,count,2021-03-09 01:08:21 -0700,2021-03-09 01:08:24 -0700,1
Melody’s iPhone,count,2021-03-09 01:30:24 -0700,2021-03-09 01:30:27 -0700,1
Melody’s iPhone,count,2021-03-09 10:05:54 -0700,2021-03-09 10:05:57 -0700,1
Melody’s iPhone,count,2021-03-09 13:02:19 -0700,2021-03-09 13:02:21 -0700,1
Melody’s Apple Watch,count,2021-03-07 17:22:33 -0700,2021-03-07 17:23:06 -0700,2
Melody’s Apple Watch,count,2021-03-08 17:37:42 -0700,2021-03-08 17:37:45 -0700,1
Melody’s Apple Watch,count,2021-03-08 17:48:22 -0700,2021-03-08 17:48:25 -0700,1
Melody’s Apple Watch,count,2021-03-08 18:29:26 -0700,2021-03-08 18:29:29 -0700,1
Melody’s Apple Watch,count,2021-03-09 01:08:28 -0700,2021-03-09 01:08:30 -0700,1
Melody’s Apple Watch,count,2021-03-09 01:30:26 -0700,2021-03-09 01:35:56 -0700,2
Melody’s Apple Watch,count,2021-03-09 09:26:57 -0700,2021-03-09 09:26:59 -0700,1
Melody’s Apple Watch,count,2021-03-09 09:45:02 -0700,2021-03-09 09:46:18 -0700,2
Melody’s iPhone,count,2021-03-09 17:54:29 -0700,2021-03-09 17:54:32 -0700,1
Melody’s iPhone,count,2021-03-09 20:54:28 -0700,2021-03-09 20:54:36 -0700,1
Melody’s iPhone,count,2021-03-09 21:24:16 -0700,2021-03-09 21:24:19 -0700,1
Melody’s Apple Watch,count,2021-03-09 10:05:46 -0700,2021-03-09 10:05:48 -0700,1
Melody’s Apple Watch,count,2021-03-09 11:18:20 -0700,2021-03-09 11:18:22 -0700,1
Melody’s Apple Watch,count,2021-03-09 13:02:20 -0700,2021-03-09 13:02:23 -0700,1
Melody’s Apple Watch,count,2021-03-09 14:59:48 -0700,2021-03-09 14:59:51 -0700,1
Melody’s Apple Watch,count,2021-03-09 15:44:03 -0700,2021-03-09 15:44:06 -0700,1
Melody’s Apple Watch,count,2021-03-09 17:54:32 -0700,2021-03-09 17:54:34 -0700,1
Melody’s Apple Watch,count,2021-03-09 19:11:35 -0700,2021-03-09 19:11:38 -0700,1
Melody’s Apple Watch,count,2021-03-09 20:54:29 -0700,2021-03-09 20:54:37 -0700,1
Melody’s Apple Watch,count,2021-03-09 21:24:16 -0700,2021-03-09 21:24:19 -0700,1
Melody’s Apple Watch,count,2021-03-09 23:16:36 -0700,2021-03-09 23:16:39 -0700,1
Melody’s Apple Watch,count,2021-03-09 23:29:22 -0700,2021-03-09 23:29:24 -0700,1
Melody’s Apple Watch,count,2021-03-10 10:52:41 -0700,2021-03-10 10:52:44 -0700,1
Melody’s Apple Watch,count,2021-03-10 11:14:31 -0700,2021-03-10 11:15:12 -0700,1
Melody’s Apple Watch,count,2021-03-10 11:30:08 -0700,2021-03-10 11:40:07 -0700,3
Melody’s iPhone,count,2021-03-10 11:30:03 -0700,2021-03-10 11:39:35 -0700,2
Melody’s iPhone,count,2021-03-10 11:40:06 -0700,2021-03-10 11:40:09 -0700,1
Melody’s iPhone,count,2021-03-10 13:05:01 -0700,2021-03-10 13:09:19 -0700,6
Melody’s iPhone,count,2021-03-10 13:16:43 -0700,2021-03-10 13:16:46 -0700,1
Melody’s iPhone,count,2021-03-10 13:27:47 -0700,2021-03-10 13:36:36 -0700,9
Melody’s iPhone,count,2021-03-10 13:41:12 -0700,2021-03-10 13:42:21 -0700,5
Melody’s iPhone,count,2021-03-10 13:51:27 -0700,2021-03-10 13:53:38 -0700,4
Melody’s iPhone,count,2021-03-10 17:10:31 -0700,2021-03-10 17:10:33 -0700,1
Melody’s iPhone,count,2021-03-10 17:47:31 -0700,2021-03-10 17:55:39 -0700,2
Melody’s iPhone,count,2021-03-10 18:20:49 -0700,2021-03-10 18:20:57 -0700,1
Melody’s iPhone,count,2021-03-10 19:49:14 -0700,2021-03-10 19:55:22 -0700,2
Melody’s iPhone,count,2021-03-10 20:00:21 -0700,2021-03-10 20:08:26 -0700,8
Melody’s iPhone,count,2021-03-10 20:15:33 -0700,2021-03-10 20:15:35 -0700,1
Melody’s iPhone,count,2021-03-10 20:47:55 -0700,2021-03-10 20:47:57 -0700,1
Melody’s Apple Watch,count,2021-03-10 13:08:03 -0700,2021-03-10 13:08:06 -0700,1
Melody’s Apple Watch,count,2021-03-10 13:31:56 -0700,2021-03-10 13:41:52 -0700,10
Melody’s Apple Watch,count,2021-03-10 13:42:07 -0700,2021-03-10 13:51:46 -0700,4
Melody’s Apple Watch,count,2021-03-10 13:53:23 -0700,2021-03-10 13:53:41 -0700,2
Melody’s Apple Watch,count,2021-03-10 14:42:29 -0700,2021-03-10 14:50:20 -0700,2
Melody’s Apple Watch,count,2021-03-10 17:10:33 -0700,2021-03-10 17:10:35 -0700,1
Melody’s Apple Watch,count,2021-03-10 17:47:32 -0700,2021-03-10 17:55:41 -0700,2
Melody’s Apple Watch,count,2021-03-10 19:49:16 -0700,2021-03-10 19:49:18 -0700,1
Melody’s Apple Watch,count,2021-03-10 20:00:41 -0700,2021-03-10 20:08:30 -0700,5
Melody’s Apple Watch,count,2021-03-10 20:15:35 -0700,2021-03-10 20:15:38 -0700,1
Melody’s Apple Watch,count,2021-03-10 20:48:01 -0700,2021-03-10 20:48:04 -0700,1
Melody’s Apple Watch,count,2021-03-10 21:05:28 -0700,2021-03-10 21:05:31 -0700,1
Melody’s Apple Watch,count,2021-03-10 23:23:00 -0700,2021-03-10 23:23:02 -0700,1
Melody’s iPhone,count,2021-03-11 22:32:00 -0700,2021-03-11 22:32:59 -0700,2
Melody’s iPhone,count,2021-03-12 00:12:17 -0700,2021-03-12 00:12:20 -0700,1
Melody’s Apple Watch,count,2021-03-12 00:12:22 -0700,2021-03-12 00:12:24 -0700,1
Melody’s Apple Watch,count,2021-03-12 11:20:51 -0700,2021-03-12 11:27:30 -0700,2
Melody’s Apple Watch,count,2021-03-12 14:17:13 -0700,2021-03-12 14:17:28 -0700,1
Melody’s iPhone,count,2021-03-12 20:24:08 -0700,2021-03-12 20:25:42 -0700,2
Melody’s iPhone,count,2021-03-12 21:45:53 -0700,2021-03-12 21:45:56 -0700,1
Melody’s iPhone,count,2021-03-12 22:58:58 -0700,2021-03-12 22:59:01 -0700,1
Melody’s iPhone,count,2021-03-13 01:00:03 -0700,2021-03-13 01:00:05 -0700,1
Melody’s iPhone,count,2021-03-13 01:54:18 -0700,2021-03-13 02:00:15 -0700,2
Melody’s Apple Watch,count,2021-03-12 20:24:08 -0700,2021-03-12 20:25:40 -0700,2
Melody’s Apple Watch,count,2021-03-12 21:16:52 -0700,2021-03-12 21:16:55 -0700,1
Melody’s Apple Watch,count,2021-03-12 21:45:53 -0700,2021-03-12 21:45:56 -0700,1
Melody’s iPhone,count,2021-03-13 04:37:09 -0700,2021-03-13 04:37:12 -0700,1
Melody’s Apple Watch,count,2021-03-12 22:58:57 -0700,2021-03-12 22:59:00 -0700,1
Melody’s Apple Watch,count,2021-03-12 23:11:47 -0700,2021-03-12 23:11:50 -0700,1
Melody’s Apple Watch,count,2021-03-12 23:24:25 -0700,2021-03-12 23:24:28 -0700,1
Melody’s Apple Watch,count,2021-03-13 01:00:05 -0700,2021-03-13 01:00:07 -0700,1
Melody’s Apple Watch,count,2021-03-13 01:54:18 -0700,2021-03-13 02:00:19 -0700,2
Melody’s Apple Watch,count,2021-03-13 02:47:10 -0700,2021-03-13 02:47:13 -0700,1
Melody’s Apple Watch,count,2021-03-13 04:27:00 -0700,2021-03-13 04:34:54 -0700,2
Melody’s Apple Watch,count,2021-03-13 04:37:09 -0700,2021-03-13 04:37:12 -0700,1
Melody’s Apple Watch,count,2021-03-13 08:39:08 -0700,2021-03-13 08:39:31 -0700,1
Melody’s iPhone,count,2021-03-13 16:36:36 -0700,2021-03-13 16:36:39 -0700,1
Melody’s iPhone,count,2021-03-13 16:49:46 -0700,2021-03-13 16:49:48 -0700,1
Melody’s iPhone,count,2021-03-13 17:02:48 -0700,2021-03-13 17:02:50 -0700,1
Melody’s iPhone,count,2021-03-13 19:34:48 -0700,2021-03-13 19:34:50 -0700,1
Melody’s iPhone,count,2021-03-13 21:22:10 -0700,2021-03-13 23:58:22 -0700,1
Melody’s Apple Watch,count,2021-03-13 16:36:39 -0700,2021-03-13 16:36:42 -0700,1
Melody’s Apple Watch,count,2021-03-13 17:02:48 -0700,2021-03-13 17:02:51 -0700,1
Melody’s Apple Watch,count,2021-03-13 19:34:50 -0700,2021-03-13 19:34:52 -0700,1
Melody’s iPhone,count,2021-03-14 09:32:40 -0700,2021-03-14 09:32:43 -0700,1
Melody’s iPhone,count,2021-03-14 12:25:53 -0700,2021-03-14 13:11:47 -0700,1
Melody’s iPhone,count,2021-03-14 22:05:08 -0700,2021-03-14 22:05:10 -0700,1
Melody’s Apple Watch,count,2021-03-14 00:21:05 -0700,2021-03-14 00:21:07 -0700,1
Melody’s Apple Watch,count,2021-03-14 00:48:13 -0700,2021-03-14 00:48:16 -0700,1
Melody’s Apple Watch,count,2021-03-14 01:03:01 -0700,2021-03-14 01:03:04 -0700,1
Melody’s Apple Watch,count,2021-03-14 09:32:41 -0700,2021-03-14 09:32:44 -0700,1
Melody’s Apple Watch,count,2021-03-14 12:25:58 -0700,2021-03-14 12:26:05 -0700,1
Melody’s iPhone,count,2021-03-15 17:20:39 -0700,2021-03-15 17:20:41 -0700,1
Melody’s Apple Watch,count,2021-03-14 13:19:20 -0700,2021-03-14 13:19:53 -0700,2
Melody’s Apple Watch,count,2021-03-15 10:26:35 -0700,2021-03-15 10:26:38 -0700,1
Melody’s Apple Watch,count,2021-03-15 11:20:23 -0700,2021-03-15 11:29:59 -0700,6
Melody’s Apple Watch,count,2021-03-15 11:30:28 -0700,2021-03-15 11:31:24 -0700,2
Melody’s Apple Watch,count,2021-03-15 11:56:26 -0700,2021-03-15 11:56:29 -0700,1
Melody’s Apple Watch,count,2021-03-15 12:08:21 -0700,2021-03-15 12:08:23 -0700,1
Melody’s Apple Watch,count,2021-03-15 17:21:22 -0700,2021-03-15 17:21:25 -0700,1
Melody’s Apple Watch,count,2021-03-15 22:43:33 -0700,2021-03-15 22:43:35 -0700,1
Melody’s Apple Watch,count,2021-03-16 10:00:45 -0700,2021-03-16 10:00:47 -0700,1
Melody’s Apple Watch,count,2021-03-16 11:30:59 -0700,2021-03-16 11:31:02 -0700,1
Melody’s iPhone,count,2021-03-16 20:13:24 -0700,2021-03-16 20:14:20 -0700,2
Melody’s iPhone,count,2021-03-17 12:18:28 -0700,2021-03-17 12:18:30 -0700,1
Melody’s iPhone,count,2021-03-17 12:42:13 -0700,2021-03-17 12:42:16 -0700,1
Melody’s Apple Watch,count,2021-03-16 14:31:28 -0700,2021-03-16 14:31:31 -0700,1
Melody’s Apple Watch,count,2021-03-16 18:27:06 -0700,2021-03-16 18:27:08 -0700,1
Melody’s Apple Watch,count,2021-03-16 20:13:30 -0700,2021-03-16 20:14:21 -0700,2
Melody’s Apple Watch,count,2021-03-16 20:41:16 -0700,2021-03-16 20:41:19 -0700,1
Melody’s iPhone,count,2021-03-17 16:02:53 -0700,2021-03-17 16:02:56 -0700,1
Melody’s iPhone,count,2021-03-17 20:48:43 -0700,2021-03-17 20:48:45 -0700,1
Melody’s iPhone,count,2021-03-17 21:24:57 -0700,2021-03-17 21:25:00 -0700,1
Melody’s iPhone,count,2021-03-18 11:53:13 -0700,2021-03-18 11:53:16 -0700,1
Melody’s iPhone,count,2021-03-18 17:42:15 -0700,2021-03-18 18:06:32 -0700,1
Melody’s iPhone,count,2021-03-18 20:41:34 -0700,2021-03-18 20:41:37 -0700,1
Melody’s iPhone,count,2021-03-18 21:20:24 -0700,2021-03-18 21:21:43 -0700,2
Melody’s Apple Watch,count,2021-03-17 11:19:05 -0700,2021-03-17 11:19:07 -0700,1
Melody’s Apple Watch,count,2021-03-17 11:29:57 -0700,2021-03-17 11:35:17 -0700,2
Melody’s Apple Watch,count,2021-03-17 11:59:16 -0700,2021-03-17 12:01:19 -0700,3
Melody’s Apple Watch,count,2021-03-17 12:18:28 -0700,2021-03-17 12:18:30 -0700,1
Melody’s Apple Watch,count,2021-03-18 20:41:37 -0700,2021-03-18 20:41:40 -0700,1
Melody’s Apple Watch,count,2021-03-18 21:20:29 -0700,2021-03-18 21:21:46 -0700,2
Melody’s Apple Watch,count,2021-03-18 23:34:22 -0700,2021-03-18 23:34:25 -0700,1
Melody’s Apple Watch,count,2021-03-19 11:43:16 -0700,2021-03-19 11:43:18 -0700,1
Melody’s Apple Watch,count,2021-03-19 13:18:03 -0700,2021-03-19 13:18:05 -0700,1
Melody’s Apple Watch,count,2021-03-19 13:38:29 -0700,2021-03-19 13:38:32 -0700,1
Melody’s Apple Watch,count,2021-03-19 14:05:09 -0700,2021-03-19 14:05:12 -0700,1
Melody’s Apple Watch,count,2021-03-19 15:01:13 -0700,2021-03-19 15:01:23 -0700,1
Melody’s Apple Watch,count,2021-03-19 15:13:10 -0700,2021-03-19 15:13:33 -0700,2
Melody’s Apple Watch,count,2021-03-19 16:35:59 -0700,2021-03-19 16:39:34 -0700,2
Melody’s Apple Watch,count,2021-03-19 18:33:55 -0700,2021-03-19 18:33:57 -0700,1
Melody’s Apple Watch,count,2021-03-19 21:14:53 -0700,2021-03-19 21:14:55 -0700,1
Melody’s iPhone,count,2021-03-19 13:38:21 -0700,2021-03-19 13:39:33 -0700,1
Melody’s iPhone,count,2021-03-19 19:19:49 -0700,2021-03-19 19:19:51 -0700,1
Melody’s iPhone,count,2021-03-19 21:14:52 -0700,2021-03-19 21:14:54 -0700,1
Melody’s iPhone,count,2021-03-20 14:43:28 -0700,2021-03-20 14:43:31 -0700,1
Melody’s iPhone,count,2021-03-20 18:23:13 -0700,2021-03-20 18:23:16 -0700,1
Melody’s iPhone,count,2021-03-20 19:04:16 -0700,2021-03-20 19:05:41 -0700,2
Melody’s iPhone,count,2021-03-21 16:53:14 -0700,2021-03-21 16:53:17 -0700,1
Melody’s iPhone,count,2021-03-21 19:23:21 -0700,2021-03-21 19:47:28 -0700,1
Melody’s Apple Watch,count,2021-03-21 12:33:47 -0700,2021-03-21 12:33:50 -0700,1
Melody’s Apple Watch,count,2021-03-21 16:53:16 -0700,2021-03-21 16:53:19 -0700,1
Melody’s iPhone,count,2021-03-21 20:55:00 -0700,2021-03-21 20:55:30 -0700,2
Melody’s iPhone,count,2021-03-21 22:48:39 -0700,2021-03-21 22:48:42 -0700,1
Melody’s iPhone,count,2021-03-21 23:30:16 -0700,2021-03-21 23:30:19 -0700,1
Melody’s Apple Watch,count,2021-03-21 18:00:06 -0700,2021-03-21 18:02:14 -0700,2
Melody’s Apple Watch,count,2021-03-21 19:23:31 -0700,2021-03-21 19:24:19 -0700,2
Melody’s Apple Watch,count,2021-03-21 20:55:00 -0700,2021-03-21 20:55:35 -0700,2
Melody’s Apple Watch,count,2021-03-21 22:48:43 -0700,2021-03-21 22:48:45 -0700,1
Melody’s Apple Watch,count,2021-03-21 23:30:16 -0700,2021-03-21 23:30:19 -0700,1
Melody’s iPhone,count,2021-03-22 20:20:29 -0700,2021-03-22 20:20:31 -0700,1
Melody’s iPhone,count,2021-03-22 23:25:37 -0700,2021-03-22 23:25:44 -0700,1
Melody’s Apple Watch,count,2021-03-22 14:37:00 -0700,2021-03-22 14:37:02 -0700,1
Melody’s Apple Watch,count,2021-03-22 14:56:04 -0700,2021-03-22 14:56:07 -0700,1
Melody’s Apple Watch,count,2021-03-22 19:16:48 -0700,2021-03-22 19:16:51 -0700,1
Melody’s Apple Watch,count,2021-03-22 20:20:33 -0700,2021-03-22 20:20:36 -0700,1
Melody’s iPhone,count,2021-03-23 09:13:08 -0700,2021-03-23 09:13:15 -0700,1
Melody’s Apple Watch,count,2021-03-22 22:16:51 -0700,2021-03-22 22:16:53 -0700,1
Melody’s Apple Watch,count,2021-03-22 23:25:42 -0700,2021-03-22 23:25:45 -0700,1
Melody’s Apple Watch,count,2021-03-23 00:52:39 -0700,2021-03-23 00:52:41 -0700,1
Melody’s Apple Watch,count,2021-03-23 08:37:14 -0700,2021-03-23 08:37:17 -0700,1
Melody’s Apple Watch,count,2021-03-23 08:47:54 -0700,2021-03-23 08:47:56 -0700,1
Melody’s Apple Watch,count,2021-03-23 09:03:48 -0700,2021-03-23 09:13:16 -0700,2
Melody’s Apple Watch,count,2021-03-23 10:05:57 -0700,2021-03-23 10:06:20 -0700,1
Melody’s Apple Watch,count,2021-03-23 11:11:50 -0700,2021-03-23 11:11:52 -0700,1
Melody’s Apple Watch,count,2021-03-23 11:29:40 -0700,2021-03-23 11:34:01 -0700,2
Melody’s Apple Watch,count,2021-03-23 11:51:38 -0700,2021-03-23 11:52:29 -0700,1
Melody’s Apple Watch,count,2021-03-23 12:45:26 -0700,2021-03-23 12:45:49 -0700,2
Melody’s Apple Watch,count,2021-03-23 13:26:39 -0700,2021-03-23 13:29:13 -0700,4
Melody’s iPhone,count,2021-03-23 11:34:35 -0700,2021-03-23 11:42:20 -0700,3
Melody’s iPhone,count,2021-03-23 11:45:00 -0700,2021-03-23 11:52:17 -0700,2
Melody’s iPhone,count,2021-03-23 11:56:10 -0700,2021-03-23 12:17:30 -0700,1
Melody’s iPhone,count,2021-03-23 13:26:36 -0700,2021-03-23 13:29:10 -0700,5
Melody’s iPhone,count,2021-03-23 15:35:19 -0700,2021-03-23 15:35:22 -0700,1
Melody’s iPhone,count,2021-03-26 15:02:35 -0700,2021-03-26 15:02:38 -0700,1
Melody’s Apple Watch,count,2021-03-23 15:35:20 -0700,2021-03-23 15:40:02 -0700,2
Melody’s Apple Watch,count,2021-03-23 16:12:45 -0700,2021-03-23 16:21:17 -0700,3
Melody’s iPhone,count,2021-03-24 00:54:04 -0700,2021-03-24 00:57:43 -0700,2
Melody’s iPhone,count,2021-03-24 01:16:14 -0700,2021-03-24 01:16:17 -0700,1
Melody’s iPhone,count,2021-03-26 21:02:17 -0700,2021-03-26 21:02:25 -0700,1
Melody’s iPhone,count,2021-03-27 14:50:48 -0700,2021-03-27 14:55:52 -0700,2
Melody’s Apple Watch,count,2021-03-27 14:55:56 -0700,2021-03-27 14:58:45 -0700,1
Melody’s Apple Watch,count,2021-03-27 16:42:38 -0700,2021-03-27 16:42:40 -0700,1
Melody’s Apple Watch,count,2021-03-27 20:11:52 -0700,2021-03-27 20:16:31 -0700,2
Melody’s Apple Watch,count,2021-03-27 22:39:41 -0700,2021-03-27 22:39:43 -0700,1
Melody’s Apple Watch,count,2021-03-27 23:42:17 -0700,2021-03-27 23:42:20 -0700,1
Melody’s iPhone,count,2021-03-27 20:11:48 -0700,2021-03-27 20:16:29 -0700,2
Melody’s iPhone,count,2021-03-27 23:45:03 -0700,2021-03-27 23:45:05 -0700,1
Melody’s iPhone,count,2021-03-28 16:13:49 -0700,2021-03-28 16:13:51 -0700,1
Melody’s iPhone,count,2021-03-28 16:25:29 -0700,2021-03-28 16:25:31 -0700,1
Melody’s Apple Watch,count,2021-03-28 16:25:30 -0700,2021-03-28 16:25:33 -0700,1
Melody’s Apple Watch,count,2021-03-28 17:44:18 -0700,2021-03-28 17:44:20 -0700,1
Melody’s Apple Watch,count,2021-03-28 18:58:03 -0700,2021-03-28 18:58:06 -0700,1
Melody’s iPhone,count,2021-03-28 17:44:16 -0700,2021-03-28 17:44:19 -0700,1
Melody’s iPhone,count,2021-03-29 11:18:32 -0700,2021-03-29 11:18:34 -0700,1
Melody’s iPhone,count,2021-03-29 13:38:44 -0700,2021-03-29 13:38:47 -0700,1
Melody’s Apple Watch,count,2021-03-29 11:18:36 -0700,2021-03-29 11:18:56 -0700,2
Melody’s Apple Watch,count,2021-03-29 13:38:45 -0700,2021-03-29 13:38:48 -0700,1
Melody’s Apple Watch,count,2021-03-29 17:29:13 -0700,2021-03-29 17:29:15 -0700,1
Melody’s iPhone,count,2021-03-29 20:24:50 -0700,2021-03-29 20:25:41 -0700,2
Melody’s Apple Watch,count,2021-03-30 13:52:21 -0700,2021-03-30 13:52:23 -0700,1
Melody’s iPhone,count,2021-03-30 13:52:18 -0700,2021-03-30 13:52:21 -0700,1
Melody’s Apple Watch,count,2021-03-30 19:43:18 -0700,2021-03-30 19:43:20 -0700,1
Melody’s Apple Watch,count,2021-03-30 20:19:00 -0700,2021-03-30 20:19:03 -0700,1
Melody’s Apple Watch,count,2021-03-30 22:01:52 -0700,2021-03-30 22:01:54 -0700,1
Melody’s iPhone,count,2021-03-30 21:59:00 -0700,2021-03-30 21:59:03 -0700,1
Melody’s Apple Watch,count,2021-03-31 09:09:55 -0700,2021-03-31 09:09:57 -0700,1
Melody’s Apple Watch,count,2021-03-31 16:34:16 -0700,2021-03-31 16:34:18 -0700,1
Melody’s Apple Watch,count,2021-03-31 19:29:30 -0700,2021-03-31 19:38:33 -0700,2
Melody’s Apple Watch,count,2021-04-01 15:39:02 -0700,2021-04-01 15:39:04 -0700,1
Melody’s iPhone,count,2021-03-31 20:42:19 -0700,2021-03-31 20:42:22 -0700,1
Melody’s iPhone,count,2021-04-01 11:44:51 -0700,2021-04-01 11:44:54 -0700,1
Melody’s Apple Watch,count,2021-04-01 18:07:26 -0700,2021-04-01 18:07:28 -0700,1
Melody’s iPhone,count,2021-04-01 18:07:22 -0700,2021-04-01 18:07:25 -0700,1
Melody’s iPhone,count,2021-04-01 19:33:39 -0700,2021-04-01 19:33:41 -0700,1
Melody’s Apple Watch,count,2021-04-02 05:47:23 -0700,2021-04-02 05:47:25 -0700,1
Melody’s iPhone,count,2021-04-02 13:23:33 -0700,2021-04-02 13:23:36 -0700,1
Melody’s iPhone,count,2021-04-02 22:38:32 -0700,2021-04-02 22:38:35 -0700,1
Melody’s iPhone,count,2021-04-03 13:52:58 -0700,2021-04-03 13:53:00 -0700,1
Melody’s iPhone,count,2021-04-03 14:48:35 -0700,2021-04-03 14:48:38 -0700,1
Melody’s Apple Watch,count,2021-04-03 13:53:04 -0700,2021-04-03 13:53:06 -0700,1
Melody’s Apple Watch,count,2021-04-03 16:23:40 -0700,2021-04-03 16:28:22 -0700,2
Melody’s iPhone,count,2021-04-03 20:22:58 -0700,2021-04-03 20:23:00 -0700,1
Melody’s Apple Watch,count,2021-04-03 20:13:57 -0700,2021-04-03 20:23:02 -0700,2
Melody’s iPhone,count,2021-04-04 13:49:06 -0700,2021-04-04 13:49:08 -0700,1
Melody’s Apple Watch,count,2021-04-04 13:18:12 -0700,2021-04-04 13:18:15 -0700,1
Melody’s Apple Watch,count,2021-04-04 13:49:05 -0700,2021-04-04 13:49:07 -0700,1
Melody’s Apple Watch,count,2021-04-04 16:08:22 -0700,2021-04-04 16:08:24 -0700,1
Melody’s Apple Watch,count,2021-04-04 19:16:25 -0700,2021-04-04 19:16:28 -0700,1
Melody’s iPhone,count,2021-04-04 16:08:19 -0700,2021-04-04 16:08:22 -0700,1
Melody’s iPhone,count,2021-04-04 22:31:01 -0700,2021-04-04 22:31:04 -0700,1
Melody’s iPhone,count,2021-04-05 13:56:10 -0700,2021-04-05 13:56:12 -0700,1
Melody’s Apple Watch,count,2021-04-05 14:07:27 -0700,2021-04-05 14:07:29 -0700,1
Melody’s Apple Watch,count,2021-04-05 14:57:02 -0700,2021-04-05 14:57:04 -0700,1
Melody’s iPhone,count,2021-04-05 19:45:18 -0700,2021-04-05 19:45:20 -0700,1
Melody’s iPhone,count,2021-04-05 22:13:33 -0700,2021-04-05 22:13:36 -0700,1
Melody’s iPhone,count,2021-04-06 13:44:57 -0700,2021-04-06 13:44:59 -0700,1
Melody’s Apple Watch,count,2021-04-06 13:35:36 -0700,2021-04-06 13:45:02 -0700,2
Melody’s iPhone,count,2021-04-06 23:45:04 -0700,2021-04-06 23:45:06 -0700,1
Melody’s iPhone,count,2021-04-07 12:45:00 -0700,2021-04-07 12:45:03 -0700,1
Melody’s iPhone,count,2021-04-07 17:29:52 -0700,2021-04-07 17:29:55 -0700,1
Melody’s iPhone,count,2021-04-08 09:45:46 -0700,2021-04-08 09:45:54 -0700,1
Melody’s iPhone,count,2021-04-08 12:30:44 -0700,2021-04-08 12:30:47 -0700,1
Melody’s Apple Watch,count,2021-04-07 12:45:02 -0700,2021-04-07 12:45:04 -0700,1
Melody’s iPhone,count,2021-04-08 15:05:47 -0700,2021-04-08 15:05:50 -0700,1
Melody’s iPhone,count,2021-04-09 13:40:54 -0700,2021-04-09 13:40:56 -0700,1
Melody’s Apple Watch,count,2021-04-09 13:40:56 -0700,2021-04-09 13:40:59 -0700,1
Melody’s Apple Watch,count,2021-04-10 15:18:15 -0700,2021-04-10 15:18:18 -0700,1
Melody’s Apple Watch,count,2021-04-10 16:37:24 -0700,2021-04-10 16:37:26 -0700,1
Melody’s Apple Watch,count,2021-04-10 16:49:15 -0700,2021-04-10 16:49:18 -0700,1
Melody’s iPhone,count,2021-04-09 18:06:15 -0700,2021-04-09 18:06:18 -0700,1
Melody’s iPhone,count,2021-04-09 18:27:45 -0700,2021-04-09 18:27:48 -0700,1
Melody’s Apple Watch,count,2021-04-10 19:07:09 -0700,2021-04-10 19:07:12 -0700,1
Melody’s iPhone,count,2021-04-10 14:30:48 -0700,2021-04-10 14:31:16 -0700,1
Melody’s iPhone,count,2021-04-10 15:18:12 -0700,2021-04-10 15:18:14 -0700,1
Melody’s iPhone,count,2021-04-10 15:25:59 -0700,2021-04-10 15:28:32 -0700,1
Melody’s iPhone,count,2021-04-10 16:37:21 -0700,2021-04-10 16:37:23 -0700,1
Melody’s iPhone,count,2021-04-10 16:49:08 -0700,2021-04-10 17:26:27 -0700,1
Melody’s iPhone,count,2021-04-10 18:36:31 -0700,2021-04-10 18:36:34 -0700,1
Melody’s Apple Watch,count,2021-04-12 13:43:46 -0700,2021-04-12 13:43:49 -0700,1
Melody’s iPhone,count,2021-04-12 13:24:13 -0700,2021-04-12 13:24:16 -0700,1
Melody’s Apple Watch,count,2021-04-12 19:36:31 -0700,2021-04-12 19:36:33 -0700,1
Melody’s iPhone,count,2021-04-12 19:36:29 -0700,2021-04-12 19:36:31 -0700,1
Melody’s iPhone,count,2021-04-12 21:35:06 -0700,2021-04-12 22:21:00 -0700,1
Melody’s Apple Watch,count,2021-04-12 21:35:05 -0700,2021-04-12 21:35:07 -0700,1
Melody’s iPhone,count,2021-04-13 17:54:50 -0700,2021-04-13 17:54:52 -0700,1
Melody’s iPhone,count,2021-04-13 17:57:56 -0700,2021-04-13 18:02:40 -0700,1
Melody’s iPhone,count,2021-04-14 10:31:42 -0700,2021-04-14 10:31:44 -0700,1
Melody’s iPhone,count,2021-04-14 15:07:48 -0700,2021-04-14 15:07:51 -0700,1
Melody’s iPhone,count,2021-04-14 18:33:44 -0700,2021-04-14 18:33:46 -0700,1
Melody’s iPhone,count,2021-04-15 05:27:40 -0700,2021-04-15 05:27:42 -0700,1
Melody’s Apple Watch,count,2021-04-15 13:53:41 -0700,2021-04-15 13:53:53 -0700,1
Melody’s iPhone,count,2021-04-15 13:25:43 -0700,2021-04-15 13:25:45 -0700,1
Melody’s iPhone,count,2021-04-15 13:51:46 -0700,2021-04-15 13:51:54 -0700,1
Melody’s iPhone,count,2021-04-15 20:50:27 -0700,2021-04-15 20:50:30 -0700,1
Melody’s Apple Watch,count,2021-04-15 19:43:20 -0700,2021-04-15 19:43:44 -0700,1
Melody’s Apple Watch,count,2021-04-15 20:50:31 -0700,2021-04-15 20:50:34 -0700,1
Melody’s Apple Watch,count,2021-04-16 16:06:58 -0700,2021-04-16 16:07:01 -0700,1
Melody’s iPhone,count,2021-04-16 11:28:15 -0700,2021-04-16 11:28:18 -0700,1
Melody’s iPhone,count,2021-04-16 16:06:54 -0700,2021-04-16 16:07:02 -0700,1
Melody’s iPhone,count,2021-04-16 16:36:10 -0700,2021-04-16 16:36:12 -0700,1
Melody’s iPhone,count,2021-04-16 20:19:16 -0700,2021-04-16 20:19:19 -0700,1
Melody’s Apple Watch,count,2021-04-16 20:19:18 -0700,2021-04-16 20:19:20 -0700,1
Melody’s Apple Watch,count,2021-04-16 21:54:25 -0700,2021-04-16 21:54:27 -0700,1
Melody’s Apple Watch,count,2021-04-17 13:43:52 -0700,2021-04-17 13:44:07 -0700,1
Melody’s Apple Watch,count,2021-04-17 16:03:10 -0700,2021-04-17 16:03:12 -0700,1
Melody’s iPhone,count,2021-04-16 21:54:23 -0700,2021-04-16 21:54:25 -0700,1
Melody’s iPhone,count,2021-04-16 21:57:27 -0700,2021-04-16 21:57:29 -0700,1
Melody’s Apple Watch,count,2021-04-17 18:25:15 -0700,2021-04-17 18:25:17 -0700,1
Melody’s Apple Watch,count,2021-04-17 18:42:14 -0700,2021-04-17 18:42:16 -0700,1
Melody’s Apple Watch,count,2021-04-17 20:52:06 -0700,2021-04-17 20:52:09 -0700,1
Melody’s Apple Watch,count,2021-04-17 21:07:02 -0700,2021-04-17 21:07:05 -0700,1
Melody’s iPhone,count,2021-04-17 18:25:12 -0700,2021-04-17 18:25:14 -0700,1
Melody’s Apple Watch,count,2021-04-18 07:47:09 -0700,2021-04-18 07:47:12 -0700,1
Melody’s Apple Watch,count,2021-04-18 08:21:11 -0700,2021-04-18 08:21:14 -0700,1
Melody’s iPhone,count,2021-04-17 20:52:03 -0700,2021-04-17 20:52:06 -0700,1
Melody’s Apple Watch,count,2021-04-18 15:35:03 -0700,2021-04-18 15:35:06 -0700,1
Melody’s Apple Watch,count,2021-04-18 16:21:38 -0700,2021-04-18 16:21:41 -0700,1
Melody’s Apple Watch,count,2021-04-18 18:11:55 -0700,2021-04-18 18:11:57 -0700,1
Melody’s iPhone,count,2021-04-18 14:14:52 -0700,2021-04-18 14:14:54 -0700,1
Melody’s iPhone,count,2021-04-18 15:35:02 -0700,2021-04-18 15:35:05 -0700,1
Melody’s Apple Watch,count,2021-04-19 06:31:08 -0700,2021-04-19 06:31:18 -0700,2
Melody’s Apple Watch,count,2021-04-19 10:58:35 -0700,2021-04-19 11:00:54 -0700,3
Melody’s iPhone,count,2021-04-19 19:26:37 -0700,2021-04-19 19:26:40 -0700,1
Melody’s iPhone,count,2021-04-20 14:19:51 -0700,2021-04-20 14:19:53 -0700,1
Melody’s iPhone,count,2021-04-21 12:59:31 -0700,2021-04-21 12:59:33 -0700,1
Melody’s iPhone,count,2021-04-21 13:36:49 -0700,2021-04-21 13:36:51 -0700,1
Melody’s Apple Watch,count,2021-04-21 13:32:25 -0700,2021-04-21 13:36:49 -0700,2
Melody’s Apple Watch,count,2021-04-21 20:38:01 -0700,2021-04-21 20:38:03 -0700,1
Melody’s iPhone,count,2021-04-21 14:28:51 -0700,2021-04-21 14:28:53 -0700,1
Melody’s iPhone,count,2021-04-21 18:19:13 -0700,2021-04-21 18:20:37 -0700,1
Melody’s iPhone,count,2021-04-21 20:37:58 -0700,2021-04-21 20:40:16 -0700,2
Melody’s Apple Watch,count,2021-04-21 22:43:11 -0700,2021-04-21 22:43:13 -0700,1
Melody’s Apple Watch,count,2021-04-21 23:07:40 -0700,2021-04-21 23:07:43 -0700,1
Melody’s Apple Watch,count,2021-04-22 05:51:24 -0700,2021-04-22 05:51:26 -0700,1
Melody’s Apple Watch,count,2021-04-22 13:55:24 -0700,2021-04-22 14:02:55 -0700,2
Melody’s iPhone,count,2021-04-21 22:43:09 -0700,2021-04-21 22:44:00 -0700,2
Melody’s Apple Watch,count,2021-04-22 18:54:28 -0700,2021-04-22 18:54:31 -0700,1
Melody’s Apple Watch,count,2021-04-22 23:02:43 -0700,2021-04-22 23:02:45 -0700,1
Melody’s Apple Watch,count,2021-04-22 23:07:17 -0700,2021-04-22 23:07:19 -0700,1
Melody’s Apple Watch,count,2021-04-22 23:09:12 -0700,2021-04-22 23:09:14 -0700,1
Melody’s iPhone,count,2021-04-22 13:55:23 -0700,2021-04-22 13:55:26 -0700,1
Melody’s iPhone,count,2021-04-22 18:54:31 -0700,2021-04-22 18:54:34 -0700,1
Melody’s Apple Watch,count,2021-04-23 10:57:50 -0700,2021-04-23 10:57:52 -0700,1
Melody’s iPhone,count,2021-04-22 23:07:13 -0700,2021-04-22 23:12:09 -0700,3
Melody’s iPhone,count,2021-04-24 16:30:17 -0700,2021-04-24 16:30:20 -0700,1
Melody’s Apple Watch,count,2021-04-26 18:43:28 -0700,2021-04-26 18:45:23 -0700,1
Melody’s iPhone,count,2021-04-26 20:39:35 -0700,2021-04-26 20:39:38 -0700,1
Melody’s iPhone,count,2021-04-26 21:04:12 -0700,2021-04-26 21:04:14 -0700,1
Melody’s iPhone,count,2021-04-27 17:19:47 -0700,2021-04-27 17:19:49 -0700,1
Melody’s iPhone,count,2021-04-27 20:23:56 -0700,2021-04-27 20:23:59 -0700,1
Melody’s Apple Watch,count,2021-04-26 20:39:39 -0700,2021-04-26 20:39:42 -0700,1
Melody’s Apple Watch,count,2021-04-26 21:04:14 -0700,2021-04-26 21:04:17 -0700,1
Melody’s Apple Watch,count,2021-04-28 12:04:43 -0700,2021-04-28 12:04:46 -0700,1
Melody’s Apple Watch,count,2021-04-28 12:55:55 -0700,2021-04-28 12:55:58 -0700,1
Melody’s Apple Watch,count,2021-04-28 15:51:59 -0700,2021-04-28 15:52:01 -0700,1
Melody’s Apple Watch,count,2021-04-28 20:55:41 -0700,2021-04-28 20:55:44 -0700,1
Melody’s iPhone,count,2021-04-28 10:45:36 -0700,2021-04-28 10:45:38 -0700,1
Melody’s iPhone,count,2021-04-28 12:04:36 -0700,2021-04-28 13:01:53 -0700,1
Melody’s iPhone,count,2021-04-28 15:51:57 -0700,2021-04-28 15:54:35 -0700,2
Melody’s iPhone,count,2021-04-28 19:34:48 -0700,2021-04-28 19:34:50 -0700,1
Melody’s iPhone,count,2021-04-28 20:55:39 -0700,2021-04-28 20:55:41 -0700,1
Melody’s iPhone,count,2021-04-29 17:36:06 -0700,2021-04-29 17:36:09 -0700,1
Melody’s Apple Watch,count,2021-04-29 14:38:41 -0700,2021-04-29 14:38:43 -0700,1
Melody’s Apple Watch,count,2021-04-29 17:36:10 -0700,2021-04-29 17:36:13 -0700,1
Melody’s Apple Watch,count,2021-04-29 21:17:39 -0700,2021-04-29 21:18:07 -0700,1
Melody’s iPhone,count,2021-04-29 21:17:38 -0700,2021-04-29 21:17:40 -0700,1
Melody’s Apple Watch,count,2021-04-30 19:01:36 -0700,2021-04-30 19:01:39 -0700,1
Melody’s Apple Watch,count,2021-05-01 12:11:33 -0700,2021-05-01 12:11:35 -0700,1
Melody’s Apple Watch,count,2021-05-01 15:39:51 -0700,2021-05-01 15:39:54 -0700,1
Melody’s iPhone,count,2021-04-30 14:30:19 -0700,2021-04-30 14:30:22 -0700,1
Melody’s iPhone,count,2021-05-01 12:11:29 -0700,2021-05-01 12:11:32 -0700,1
Melody’s iPhone,count,2021-05-01 13:25:53 -0700,2021-05-01 13:27:43 -0700,1
Melody’s iPhone,count,2021-05-01 20:44:41 -0700,2021-05-01 20:44:56 -0700,1
Melody’s Apple Watch,count,2021-05-02 10:23:11 -0700,2021-05-02 10:23:14 -0700,1
Melody’s Apple Watch,count,2021-05-02 11:13:40 -0700,2021-05-02 11:14:52 -0700,2
Melody’s Apple Watch,count,2021-05-02 14:24:21 -0700,2021-05-02 16:36:16 -0700,1
Melody’s iPhone,count,2021-05-02 10:23:11 -0700,2021-05-02 10:23:14 -0700,1
Melody’s iPhone,count,2021-05-02 11:12:24 -0700,2021-05-02 11:12:27 -0700,1
Melody’s Apple Watch,count,2021-05-03 00:54:03 -0700,2021-05-03 00:56:31 -0700,2
Melody’s Apple Watch,count,2021-05-03 01:11:45 -0700,2021-05-03 01:18:22 -0700,2
Melody’s iPhone,count,2021-05-02 18:58:14 -0700,2021-05-02 18:58:16 -0700,1
Melody’s iPhone,count,2021-05-03 00:53:58 -0700,2021-05-03 00:56:29 -0700,2
Melody’s iPhone,count,2021-05-03 01:11:49 -0700,2021-05-03 01:18:20 -0700,2
Melody’s iPhone,count,2021-05-03 01:46:57 -0700,2021-05-03 01:46:59 -0700,1
Melody’s iPhone,count,2021-05-04 19:59:58 -0700,2021-05-04 20:00:50 -0700,1
Melody’s Apple Watch,count,2021-05-06 15:30:34 -0700,2021-05-06 15:30:37 -0700,1
Melody’s Apple Watch,count,2021-05-06 21:38:24 -0700,2021-05-06 21:38:27 -0700,1
Melody’s iPhone,count,2021-05-06 15:30:22 -0700,2021-05-06 15:35:26 -0700,1
Melody’s Apple Watch,count,2021-05-07 06:40:31 -0700,2021-05-07 06:40:34 -0700,1
Melody’s Apple Watch,count,2021-05-07 11:22:07 -0700,2021-05-07 11:27:02 -0700,2
Melody’s Apple Watch,count,2021-05-07 12:55:21 -0700,2021-05-07 12:55:23 -0700,1
Melody’s iPhone,count,2021-05-07 06:40:28 -0700,2021-05-07 06:40:31 -0700,1
Melody’s iPhone,count,2021-05-07 08:16:30 -0700,2021-05-07 08:16:32 -0700,1
Melody’s iPhone,count,2021-05-07 11:22:05 -0700,2021-05-07 11:22:08 -0700,1
Melody’s iPhone,count,2021-05-07 13:12:58 -0700,2021-05-07 13:13:01 -0700,1
Melody’s Apple Watch,count,2021-05-07 15:54:16 -0700,2021-05-07 15:56:32 -0700,2
Melody’s Apple Watch,count,2021-05-07 16:59:21 -0700,2021-05-07 16:59:24 -0700,1
Melody’s iPhone,count,2021-05-07 16:59:17 -0700,2021-05-07 16:59:19 -0700,1
Melody’s iPhone,count,2021-05-07 20:47:58 -0700,2021-05-07 20:48:01 -0700,1
Melody’s Apple Watch,count,2021-05-07 18:47:20 -0700,2021-05-07 18:47:23 -0700,1
Melody’s Apple Watch,count,2021-05-07 20:47:57 -0700,2021-05-07 20:47:59 -0700,1
Melody’s Apple Watch,count,2021-05-08 15:03:55 -0700,2021-05-08 15:03:57 -0700,1
Melody’s iPhone,count,2021-05-08 15:03:51 -0700,2021-05-08 15:03:54 -0700,1
Melody’s Apple Watch,count,2021-05-08 22:51:45 -0700,2021-05-08 22:56:22 -0700,2
Melody’s Apple Watch,count,2021-05-08 23:40:31 -0700,2021-05-08 23:40:34 -0700,1
Melody’s Apple Watch,count,2021-05-09 12:47:49 -0700,2021-05-09 12:47:52 -0700,1
Melody’s Apple Watch,count,2021-05-09 16:25:31 -0700,2021-05-09 16:25:34 -0700,1
Melody’s iPhone,count,2021-05-08 19:53:09 -0700,2021-05-08 19:53:12 -0700,1
Melody’s iPhone,count,2021-05-09 12:36:01 -0700,2021-05-09 12:36:04 -0700,1
Melody’s iPhone,count,2021-05-09 12:47:46 -0700,2021-05-09 12:49:08 -0700,2
Melody’s Apple Watch,count,2021-05-09 19:23:17 -0700,2021-05-09 19:23:19 -0700,1
Melody’s Apple Watch,count,2021-05-09 21:48:41 -0700,2021-05-09 21:48:49 -0700,1
Melody’s Apple Watch,count,2021-05-10 00:55:43 -0700,2021-05-10 00:55:58 -0700,1
Melody’s iPhone,count,2021-05-09 19:23:13 -0700,2021-05-09 19:23:16 -0700,1
Melody’s Apple Watch,count,2021-05-10 13:39:29 -0700,2021-05-10 13:39:31 -0700,1
Melody’s iPhone,count,2021-05-10 10:59:04 -0700,2021-05-10 10:59:06 -0700,1
Melody’s iPhone,count,2021-05-11 15:58:04 -0700,2021-05-11 15:58:07 -0700,1
Melody’s Apple Watch,count,2021-05-22 18:51:19 -0700,2021-05-22 18:51:21 -0700,1
Melody’s Apple Watch,count,2021-05-23 09:39:01 -0700,2021-05-23 09:39:04 -0700,1
Melody’s Apple Watch,count,2021-05-24 07:30:49 -0700,2021-05-24 07:30:52 -0700,1
Melody’s Apple Watch,count,2021-05-24 07:41:32 -0700,2021-05-24 07:41:34 -0700,1
Melody’s Apple Watch,count,2021-05-24 08:10:30 -0700,2021-05-24 08:10:33 -0700,1
Melody’s Apple Watch,count,2021-05-24 08:56:07 -0700,2021-05-24 08:56:10 -0700,1
Melody’s Apple Watch,count,2021-05-24 10:43:29 -0700,2021-05-24 10:43:31 -0700,1
Melody’s iPhone,count,2021-05-23 16:30:59 -0700,2021-05-23 16:31:02 -0700,1
Melody’s Apple Watch,count,2021-05-24 12:08:26 -0700,2021-05-24 12:10:42 -0700,2
Melody’s iPhone,count,2021-05-24 13:43:34 -0700,2021-05-24 13:46:33 -0700,1
Melody’s iPhone,count,2021-05-25 09:36:13 -0700,2021-05-25 09:36:16 -0700,1
Melody’s iPhone,count,2021-05-25 15:24:11 -0700,2021-05-25 15:24:13 -0700,1
Melody’s Apple Watch,count,2021-05-25 16:57:45 -0700,2021-05-25 16:57:47 -0700,1
Melody’s Apple Watch,count,2021-05-25 17:36:06 -0700,2021-05-25 17:36:12 -0700,1
Melody’s Apple Watch,count,2021-05-25 18:43:34 -0700,2021-05-25 18:43:37 -0700,1
Melody’s Apple Watch,count,2021-05-27 07:25:47 -0700,2021-05-27 07:25:50 -0700,1
Melody’s iPhone,count,2021-05-25 16:57:42 -0700,2021-05-25 16:57:45 -0700,1
Melody’s iPhone,count,2021-05-25 17:36:05 -0700,2021-05-25 17:36:12 -0700,1
Melody’s iPhone,count,2021-05-25 18:43:32 -0700,2021-05-25 18:43:35 -0700,1
Melody’s iPhone,count,2021-05-26 07:55:43 -0700,2021-05-26 08:22:40 -0700,1
Melody’s iPhone,count,2021-05-26 12:36:00 -0700,2021-05-26 12:36:03 -0700,1
Melody’s iPhone,count,2021-05-26 18:09:27 -0700,2021-05-26 18:09:30 -0700,1
Melody’s Apple Watch,count,2021-05-27 12:59:58 -0700,2021-05-27 13:00:01 -0700,1
Melody’s Apple Watch,count,2021-05-27 13:16:24 -0700,2021-05-27 13:16:26 -0700,1
Melody’s Apple Watch,count,2021-05-27 13:52:58 -0700,2021-05-27 13:53:00 -0700,1
Melody’s Apple Watch,count,2021-05-27 18:43:03 -0700,2021-05-27 18:46:28 -0700,2
Melody’s Apple Watch,count,2021-05-27 19:37:35 -0700,2021-05-27 19:37:37 -0700,1
Melody’s Apple Watch,count,2021-05-27 19:48:46 -0700,2021-05-27 19:48:48 -0700,1
Melody’s iPhone,count,2021-05-27 12:59:50 -0700,2021-05-27 12:59:52 -0700,1
Melody’s iPhone,count,2021-05-27 13:16:21 -0700,2021-05-27 13:16:24 -0700,1
Melody’s iPhone,count,2021-05-27 13:52:51 -0700,2021-05-27 13:52:58 -0700,1
Melody’s iPhone,count,2021-05-27 18:42:53 -0700,2021-05-27 19:45:22 -0700,1
Melody’s iPhone,count,2021-05-27 19:48:44 -0700,2021-05-27 19:48:51 -0700,1
Melody’s iPhone,count,2021-05-28 01:01:47 -0700,2021-05-28 01:01:50 -0700,1
Melody’s iPhone,count,2021-05-28 15:28:14 -0700,2021-05-28 15:28:17 -0700,1
Melody’s iPhone,count,2021-05-28 19:35:11 -0700,2021-05-28 19:35:13 -0700,1
Melody’s iPhone,count,2021-05-29 02:51:44 -0700,2021-05-29 02:51:46 -0700,1
Melody’s iPhone,count,2021-05-30 08:15:23 -0700,2021-05-30 08:15:26 -0700,1
Melody’s iPhone,count,2021-05-30 17:39:48 -0700,2021-05-30 17:39:50 -0700,1
Melody’s Apple Watch,count,2021-05-30 17:39:49 -0700,2021-05-30 17:39:52 -0700,1
Melody’s iPhone,count,2021-05-31 19:27:38 -0700,2021-05-31 19:27:41 -0700,1
Melody’s Apple Watch,count,2021-06-02 11:13:56 -0700,2021-06-02 11:13:59 -0700,1
Melody’s Apple Watch,count,2021-06-02 12:54:27 -0700,2021-06-02 12:57:51 -0700,1
Melody’s Apple Watch,count,2021-06-02 14:00:50 -0700,2021-06-02 14:00:53 -0700,1
Melody’s iPhone,count,2021-06-01 12:51:17 -0700,2021-06-01 12:51:20 -0700,1
Melody’s iPhone,count,2021-06-01 19:38:38 -0700,2021-06-01 19:38:41 -0700,1
Melody’s iPhone,count,2021-06-01 21:24:31 -0700,2021-06-01 21:24:33 -0700,1
Melody’s iPhone,count,2021-06-02 11:13:52 -0700,2021-06-02 11:13:54 -0700,1
Melody’s Apple Watch,count,2021-06-02 16:22:27 -0700,2021-06-02 16:22:30 -0700,1
Melody’s iPhone,count,2020-06-08 11:54:57 -0700,2020-06-08 11:54:59 -0700,1
Melody’s iPhone,count,2020-06-08 12:36:48 -0700,2020-06-08 12:36:50 -0700,1
Melody’s iPhone,count,2020-06-08 17:47:58 -0700,2020-06-08 17:48:01 -0700,1
Melody’s Apple Watch,count,2020-06-08 11:54:58 -0700,2020-06-08 11:55:01 -0700,1
Melody’s Apple Watch,count,2020-06-08 12:36:50 -0700,2020-06-08 12:36:52 -0700,1
Melody’s Apple Watch,count,2020-06-08 17:48:03 -0700,2020-06-08 17:48:05 -0700,1
Melody’s iPhone,count,2020-06-09 10:08:12 -0700,2020-06-09 10:16:30 -0700,14
Melody’s iPhone,count,2020-06-09 10:19:21 -0700,2020-06-09 10:20:05 -0700,4
Melody’s iPhone,count,2020-06-09 10:42:54 -0700,2020-06-09 10:42:57 -0700,1
Melody’s iPhone,count,2020-06-09 11:41:07 -0700,2020-06-09 11:41:09 -0700,1
Melody’s iPhone,count,2020-06-09 21:08:14 -0700,2020-06-09 21:08:17 -0700,1
Melody’s Apple Watch,count,2020-06-09 10:08:11 -0700,2020-06-09 10:16:33 -0700,13
Melody’s Apple Watch,count,2020-06-09 10:19:27 -0700,2020-06-09 10:19:58 -0700,3
Melody’s Apple Watch,count,2020-06-09 10:42:55 -0700,2020-06-09 10:42:58 -0700,1
Melody’s Apple Watch,count,2020-06-09 11:41:10 -0700,2020-06-09 11:41:12 -0700,1
Melody’s Apple Watch,count,2020-06-10 19:22:10 -0700,2020-06-10 19:22:12 -0700,1
Melody’s Apple Watch,count,2020-06-11 09:44:34 -0700,2020-06-11 09:53:26 -0700,7
Melody’s Apple Watch,count,2020-06-11 09:54:40 -0700,2020-06-11 10:00:30 -0700,9
Melody’s iPhone,count,2020-06-10 19:22:05 -0700,2020-06-10 19:22:08 -0700,1
Melody’s iPhone,count,2020-06-11 09:44:32 -0700,2020-06-11 09:54:32 -0700,9
Melody’s iPhone,count,2020-06-11 09:54:47 -0700,2020-06-11 10:00:30 -0700,9
Melody’s iPhone,count,2020-06-11 10:58:11 -0700,2020-06-11 10:58:14 -0700,1
Melody’s iPhone,count,2020-06-11 16:08:22 -0700,2020-06-11 16:08:27 -0700,1
Melody’s iPhone,count,2020-06-12 01:24:24 -0700,2020-06-12 01:24:32 -0700,1
Melody’s iPhone,count,2020-06-12 17:24:36 -0700,2020-06-12 17:24:39 -0700,1
Melody’s Apple Watch,count,2020-06-11 10:58:13 -0700,2020-06-11 10:58:15 -0700,1
Melody’s Apple Watch,count,2020-06-11 16:08:26 -0700,2020-06-11 16:08:29 -0700,1
Melody’s Apple Watch,count,2020-06-11 19:52:50 -0700,2020-06-11 19:52:53 -0700,1
Melody’s iPhone,count,2020-06-12 23:26:17 -0700,2020-06-12 23:26:19 -0700,1
Melody’s iPhone,count,2020-06-13 06:49:48 -0700,2020-06-13 06:49:51 -0700,1
Melody’s iPhone,count,2020-06-14 09:18:43 -0700,2020-06-14 09:18:45 -0700,1
Melody’s Apple Watch,count,2020-06-12 01:24:29 -0700,2020-06-12 01:24:32 -0700,1
Melody’s Apple Watch,count,2020-06-12 17:24:39 -0700,2020-06-12 17:24:42 -0700,1
Melody’s iPhone,count,2020-06-14 13:48:53 -0700,2020-06-14 13:48:56 -0700,1
Melody’s iPhone,count,2020-06-14 16:13:12 -0700,2020-06-14 16:14:16 -0700,1
Melody’s iPhone,count,2020-06-14 19:27:12 -0700,2020-06-14 19:27:14 -0700,1
Melody’s iPhone,count,2020-06-15 11:54:18 -0700,2020-06-15 11:54:21 -0700,1
Melody’s iPhone,count,2020-06-15 12:58:46 -0700,2020-06-15 12:58:49 -0700,1
Melody’s Apple Watch,count,2020-06-12 23:26:15 -0700,2020-06-12 23:26:17 -0700,1
Melody’s Apple Watch,count,2020-06-13 06:49:49 -0700,2020-06-13 06:49:52 -0700,1
Melody’s iPhone,count,2020-06-15 21:33:23 -0700,2020-06-15 21:33:25 -0700,1
Melody’s iPhone,count,2020-06-16 09:22:45 -0700,2020-06-16 09:22:48 -0700,1
Melody’s iPhone,count,2020-06-16 11:15:40 -0700,2020-06-16 11:15:42 -0700,1
Melody’s Apple Watch,count,2020-06-14 19:27:13 -0700,2020-06-14 19:29:38 -0700,2
Melody’s Apple Watch,count,2020-06-15 11:54:20 -0700,2020-06-15 11:54:22 -0700,1
Melody’s Apple Watch,count,2020-06-15 12:58:46 -0700,2020-06-15 12:58:48 -0700,1
Melody’s iPhone,count,2020-06-16 14:12:53 -0700,2020-06-16 14:12:55 -0700,1
Melody’s iPhone,count,2020-06-16 17:27:18 -0700,2020-06-16 17:27:26 -0700,1
Melody’s iPhone,count,2020-06-16 17:38:12 -0700,2020-06-16 17:38:15 -0700,1
Melody’s iPhone,count,2020-06-16 20:19:04 -0700,2020-06-16 20:19:06 -0700,1
Melody’s Apple Watch,count,2020-06-15 21:33:25 -0700,2020-06-15 21:33:27 -0700,1
Melody’s Apple Watch,count,2020-06-16 09:22:48 -0700,2020-06-16 09:22:51 -0700,1
Melody’s Apple Watch,count,2020-06-16 11:15:40 -0700,2020-06-16 11:15:42 -0700,1
Melody’s Apple Watch,count,2020-06-16 14:12:58 -0700,2020-06-16 14:13:00 -0700,1
Melody’s Apple Watch,count,2020-06-16 20:19:05 -0700,2020-06-16 20:19:08 -0700,1
Melody’s Apple Watch,count,2020-06-17 07:21:13 -0700,2020-06-17 07:21:16 -0700,1
Melody’s Apple Watch,count,2020-06-17 15:54:30 -0700,2020-06-17 15:54:33 -0700,1
Melody’s iPhone,count,2020-06-17 07:21:12 -0700,2020-06-17 07:21:14 -0700,1
Melody’s iPhone,count,2020-06-17 15:07:59 -0700,2020-06-17 15:08:01 -0700,1
Melody’s iPhone,count,2020-06-17 15:54:29 -0700,2020-06-17 15:54:31 -0700,1
Melody’s iPhone,count,2020-06-17 16:37:06 -0700,2020-06-17 16:37:08 -0700,1
Melody’s Apple Watch,count,2020-06-17 16:37:02 -0700,2020-06-17 16:37:05 -0700,1
Melody’s Apple Watch,count,2020-06-18 08:02:31 -0700,2020-06-18 08:05:05 -0700,7
Melody’s Apple Watch,count,2020-06-18 08:12:30 -0700,2020-06-18 08:19:24 -0700,14
Melody’s Apple Watch,count,2020-06-18 08:33:22 -0700,2020-06-18 08:41:47 -0700,12
Melody’s Apple Watch,count,2020-06-18 08:44:31 -0700,2020-06-18 08:45:01 -0700,3
Melody’s Apple Watch,count,2020-06-18 09:40:09 -0700,2020-06-18 09:40:12 -0700,1
Melody’s iPhone,count,2020-06-18 08:02:30 -0700,2020-06-18 08:12:31 -0700,9
Melody’s iPhone,count,2020-06-18 08:13:01 -0700,2020-06-18 08:19:17 -0700,13
Melody’s iPhone,count,2020-06-18 08:33:20 -0700,2020-06-18 08:41:41 -0700,10
Melody’s iPhone,count,2020-06-18 08:43:36 -0700,2020-06-18 08:45:00 -0700,4
Melody’s iPhone,count,2020-06-18 09:40:05 -0700,2020-06-18 09:40:13 -0700,1
Melody’s Apple Watch,count,2020-06-18 13:35:45 -0700,2020-06-18 13:40:09 -0700,2
Melody’s Apple Watch,count,2020-06-18 15:22:09 -0700,2020-06-18 15:22:12 -0700,1
Melody’s Apple Watch,count,2020-06-19 13:43:04 -0700,2020-06-19 13:43:06 -0700,1
Melody’s Apple Watch,count,2020-06-19 18:36:53 -0700,2020-06-19 18:36:55 -0700,1
Melody’s Apple Watch,count,2020-06-20 11:33:59 -0700,2020-06-20 11:34:02 -0700,1
Melody’s Apple Watch,count,2020-06-20 12:52:22 -0700,2020-06-20 13:01:53 -0700,19
Melody’s Apple Watch,count,2020-06-20 13:03:32 -0700,2020-06-20 13:05:20 -0700,7
Melody’s Apple Watch,count,2020-06-20 14:03:26 -0700,2020-06-20 14:03:28 -0700,1
Melody’s iPhone,count,2020-06-19 18:36:51 -0700,2020-06-19 18:36:54 -0700,1
Melody’s iPhone,count,2020-06-20 11:33:56 -0700,2020-06-20 11:33:59 -0700,1
Melody’s iPhone,count,2020-06-20 12:52:19 -0700,2020-06-20 13:01:33 -0700,21
Melody’s iPhone,count,2020-06-20 13:03:28 -0700,2020-06-20 13:06:09 -0700,8
Melody’s iPhone,count,2020-06-21 01:38:01 -0700,2020-06-21 01:38:04 -0700,1
Melody’s iPhone,count,2020-06-21 13:03:30 -0700,2020-06-21 13:03:33 -0700,1
Melody’s Apple Watch,count,2020-06-21 01:38:04 -0700,2020-06-21 01:38:06 -0700,1
Melody’s Apple Watch,count,2020-06-21 13:03:33 -0700,2020-06-21 13:03:35 -0700,1
Melody’s iPhone,count,2020-06-22 01:22:02 -0700,2020-06-22 01:22:05 -0700,1
Melody’s Apple Watch,count,2020-06-22 01:22:02 -0700,2020-06-22 01:22:05 -0700,1
Melody’s Apple Watch,count,2020-06-22 12:13:39 -0700,2020-06-22 12:13:42 -0700,1
Melody’s Apple Watch,count,2020-06-22 15:51:25 -0700,2020-06-22 15:51:27 -0700,1
Melody’s Apple Watch,count,2020-06-22 16:22:57 -0700,2020-06-22 16:23:00 -0700,1
Melody’s iPhone,count,2020-06-22 12:13:39 -0700,2020-06-22 12:13:42 -0700,1
Melody’s iPhone,count,2020-06-22 15:51:23 -0700,2020-06-22 15:51:26 -0700,1
Melody’s iPhone,count,2020-06-22 16:22:56 -0700,2020-06-22 16:22:59 -0700,1
Melody’s Apple Watch,count,2020-06-23 20:50:57 -0700,2020-06-23 20:50:59 -0700,1
Melody’s iPhone,count,2020-06-23 20:50:53 -0700,2020-06-23 20:50:55 -0700,1
Melody’s iPhone,count,2020-06-24 09:33:15 -0700,2020-06-24 09:33:18 -0700,1
Melody’s Apple Watch,count,2020-06-24 09:33:19 -0700,2020-06-24 09:33:22 -0700,1
Melody’s Apple Watch,count,2020-06-25 16:11:09 -0700,2020-06-25 16:11:11 -0700,1
Melody’s Apple Watch,count,2020-06-25 16:12:46 -0700,2020-06-25 16:21:40 -0700,7
Melody’s iPhone,count,2020-06-25 11:39:26 -0700,2020-06-25 11:39:29 -0700,1
Melody’s iPhone,count,2020-06-25 16:11:04 -0700,2020-06-25 16:17:58 -0700,7
Melody’s iPhone,count,2020-06-25 16:28:01 -0700,2020-06-25 16:34:54 -0700,2
Melody’s Apple Watch,count,2020-06-25 16:22:48 -0700,2020-06-25 16:28:05 -0700,4
Melody’s Apple Watch,count,2020-06-25 16:34:54 -0700,2020-06-25 16:34:56 -0700,1
Melody’s Apple Watch,count,2020-06-25 18:42:29 -0700,2020-06-25 18:42:32 -0700,1
Melody’s Apple Watch,count,2020-06-26 13:10:39 -0700,2020-06-26 13:10:42 -0700,1
Melody’s iPhone,count,2020-06-25 18:42:29 -0700,2020-06-25 18:42:31 -0700,1
Melody’s iPhone,count,2020-06-26 13:10:37 -0700,2020-06-26 13:10:39 -0700,1
Melody’s Apple Watch,count,2020-06-26 23:35:34 -0700,2020-06-26 23:35:37 -0700,1
Melody’s Apple Watch,count,2020-06-27 12:15:09 -0700,2020-06-27 12:25:00 -0700,2
Melody’s iPhone,count,2020-06-26 23:35:34 -0700,2020-06-26 23:35:36 -0700,1
Melody’s iPhone,count,2020-06-27 12:15:10 -0700,2020-06-27 12:25:00 -0700,2
Melody’s iPhone,count,2020-06-27 12:44:35 -0700,2020-06-27 12:44:37 -0700,1
Melody’s Apple Watch,count,2020-06-27 17:27:38 -0700,2020-06-27 17:27:41 -0700,1
Melody’s Apple Watch,count,2020-06-27 21:42:33 -0700,2020-06-27 21:52:27 -0700,5
Melody’s Apple Watch,count,2020-06-27 21:53:36 -0700,2020-06-27 22:03:04 -0700,5
Melody’s Apple Watch,count,2020-06-27 22:04:31 -0700,2020-06-27 22:06:56 -0700,2
Melody’s Apple Watch,count,2020-06-28 16:41:27 -0700,2020-06-28 16:45:59 -0700,2
Melody’s iPhone,count,2020-06-27 17:27:37 -0700,2020-06-27 17:27:40 -0700,1
Melody’s iPhone,count,2020-06-27 22:06:50 -0700,2020-06-27 22:06:53 -0700,1
Melody’s iPhone,count,2020-06-28 10:26:41 -0700,2020-06-28 10:26:43 -0700,1
Melody’s iPhone,count,2020-06-28 12:19:02 -0700,2020-06-28 12:24:11 -0700,2
Melody’s iPhone,count,2020-06-28 16:41:25 -0700,2020-06-28 16:45:56 -0700,2
Melody’s Apple Watch,count,2020-06-29 14:42:45 -0700,2020-06-29 14:42:47 -0700,1
Melody’s Apple Watch,count,2020-06-29 14:54:52 -0700,2020-06-29 14:56:47 -0700,2
Melody’s iPhone,count,2020-06-29 17:00:35 -0700,2020-06-29 17:00:37 -0700,1
Melody’s Apple Watch,count,2020-06-29 17:00:36 -0700,2020-06-29 17:01:07 -0700,1
Melody’s Apple Watch,count,2020-06-29 19:03:34 -0700,2020-06-29 19:08:26 -0700,3
Melody’s Apple Watch,count,2020-06-29 19:20:59 -0700,2020-06-29 19:24:51 -0700,3
Melody’s Apple Watch,count,2020-06-30 12:01:17 -0700,2020-06-30 12:06:44 -0700,1
Melody’s Apple Watch,count,2020-06-30 12:54:11 -0700,2020-06-30 12:54:24 -0700,2
Melody’s Apple Watch,count,2020-07-01 12:41:34 -0700,2020-07-01 12:41:37 -0700,1
Melody’s Apple Watch,count,2020-07-01 13:16:41 -0700,2020-07-01 13:16:43 -0700,1
Melody’s iPhone,count,2020-07-01 11:48:24 -0700,2020-07-01 11:48:27 -0700,1
Melody’s iPhone,count,2020-07-01 12:41:33 -0700,2020-07-01 12:41:35 -0700,1
Melody’s iPhone,count,2020-07-01 19:59:55 -0700,2020-07-01 19:59:58 -0700,1
Melody’s Apple Watch,count,2020-07-01 19:59:58 -0700,2020-07-01 20:05:53 -0700,2
Melody’s Apple Watch,count,2020-07-01 20:24:55 -0700,2020-07-01 20:24:58 -0700,1
Melody’s Apple Watch,count,2020-07-02 11:11:30 -0700,2020-07-02 11:11:32 -0700,1
Melody’s iPhone,count,2020-07-02 11:11:23 -0700,2020-07-02 11:11:31 -0700,1
Melody’s Apple Watch,count,2020-07-02 15:47:17 -0700,2020-07-02 15:51:02 -0700,2
Melody’s Apple Watch,count,2020-07-02 16:24:16 -0700,2020-07-02 16:30:01 -0700,4
Melody’s Apple Watch,count,2020-07-02 16:34:38 -0700,2020-07-02 16:39:22 -0700,3
Melody’s Apple Watch,count,2020-07-02 18:58:37 -0700,2020-07-02 18:58:39 -0700,1
Melody’s Apple Watch,count,2020-07-02 21:44:45 -0700,2020-07-02 21:52:41 -0700,5
Melody’s Apple Watch,count,2020-07-02 21:58:01 -0700,2020-07-02 21:58:03 -0700,1
Melody’s iPhone,count,2020-07-02 21:44:41 -0700,2020-07-02 21:52:44 -0700,5
Melody’s iPhone,count,2020-07-02 21:58:00 -0700,2020-07-02 21:58:03 -0700,1
Melody’s Apple Watch,count,2020-07-06 21:43:40 -0700,2020-07-06 21:43:42 -0700,2
Melody’s Apple Watch,count,2020-07-08 06:06:43 -0700,2020-07-08 06:07:52 -0700,3
Melody’s Apple Watch,count,2020-07-08 06:17:32 -0700,2020-07-08 06:27:17 -0700,6
Melody’s Apple Watch,count,2020-07-08 06:29:33 -0700,2020-07-08 06:37:00 -0700,20
Melody’s Apple Watch,count,2020-07-08 06:47:35 -0700,2020-07-08 06:48:19 -0700,3
Melody’s Apple Watch,count,2020-07-08 07:01:01 -0700,2020-07-08 07:01:04 -0700,1
Melody’s Apple Watch,count,2020-07-08 07:19:29 -0700,2020-07-08 07:19:31 -0700,1
Melody’s Apple Watch,count,2020-07-12 10:21:45 -0700,2020-07-12 10:30:00 -0700,3
Melody’s Apple Watch,count,2020-07-12 10:34:05 -0700,2020-07-12 10:38:03 -0700,2
Melody’s iPhone,count,2020-07-12 10:21:33 -0700,2020-07-12 10:29:57 -0700,3
Melody’s iPhone,count,2020-07-12 10:33:34 -0700,2020-07-12 10:37:44 -0700,4
Melody’s iPhone,count,2020-07-12 11:47:44 -0700,2020-07-12 11:47:47 -0700,1
Melody’s iPhone,count,2020-07-14 07:19:51 -0700,2020-07-14 07:29:26 -0700,19
Melody’s iPhone,count,2020-07-14 07:36:05 -0700,2020-07-14 07:45:11 -0700,2
Melody’s iPhone,count,2020-07-14 07:54:08 -0700,2020-07-14 07:54:10 -0700,1
Melody’s Apple Watch,count,2020-07-14 07:19:54 -0700,2020-07-14 07:29:29 -0700,19
Melody’s Apple Watch,count,2020-07-14 07:36:08 -0700,2020-07-14 07:45:12 -0700,2
Melody’s Apple Watch,count,2020-07-14 07:54:11 -0700,2020-07-14 07:54:14 -0700,1
Melody’s iPhone,count,2020-07-14 14:13:57 -0700,2020-07-14 14:14:00 -0700,1
Melody’s iPhone,count,2020-07-14 14:36:52 -0700,2020-07-14 14:36:54 -0700,1
Melody’s Apple Watch,count,2020-07-14 14:13:53 -0700,2020-07-14 14:13:55 -0700,1
Melody’s Apple Watch,count,2020-07-14 14:36:42 -0700,2020-07-14 14:36:45 -0700,1
Melody’s iPhone,count,2020-07-16 13:17:23 -0700,2020-07-16 13:27:05 -0700,11
Melody’s iPhone,count,2020-07-16 13:30:55 -0700,2020-07-16 13:35:34 -0700,7
Melody’s iPhone,count,2020-07-16 13:45:54 -0700,2020-07-16 13:55:32 -0700,11
Melody’s iPhone,count,2020-07-16 13:55:55 -0700,2020-07-16 13:57:09 -0700,4
Melody’s Apple Watch,count,2020-07-16 13:17:43 -0700,2020-07-16 13:27:12 -0700,11
Melody’s Apple Watch,count,2020-07-16 13:31:33 -0700,2020-07-16 13:35:38 -0700,6
Melody’s Apple Watch,count,2020-07-16 13:46:00 -0700,2020-07-16 13:54:58 -0700,10
Melody’s Apple Watch,count,2020-07-16 13:56:02 -0700,2020-07-16 13:57:09 -0700,5
Melody’s iPhone,count,2020-07-17 18:57:41 -0700,2020-07-17 18:58:14 -0700,2
Melody’s iPhone,count,2020-07-20 10:22:52 -0700,2020-07-20 10:22:54 -0700,1
Melody’s Apple Watch,count,2020-07-20 11:01:44 -0700,2020-07-20 11:11:20 -0700,10
Melody’s Apple Watch,count,2020-07-20 11:12:07 -0700,2020-07-20 11:20:23 -0700,6
Melody’s Apple Watch,count,2020-07-20 11:32:48 -0700,2020-07-20 11:38:31 -0700,10
Melody’s Apple Watch,count,2020-07-20 11:45:31 -0700,2020-07-20 11:47:05 -0700,6
Melody’s iPhone,count,2020-07-20 11:01:37 -0700,2020-07-20 11:11:14 -0700,10
Melody’s iPhone,count,2020-07-20 11:16:36 -0700,2020-07-20 11:20:23 -0700,6
Melody’s iPhone,count,2020-07-20 11:32:44 -0700,2020-07-20 11:38:19 -0700,11
Melody’s iPhone,count,2020-07-20 11:45:46 -0700,2020-07-20 11:46:47 -0700,6
Melody’s Apple Watch,count,2020-07-24 11:27:55 -0700,2020-07-24 11:27:58 -0700,1
Melody’s Apple Watch,count,2020-07-25 14:24:43 -0700,2020-07-25 14:24:46 -0700,1
Melody’s Apple Watch,count,2020-07-25 14:34:49 -0700,2020-07-25 14:44:20 -0700,3
Melody’s Apple Watch,count,2020-07-25 14:56:22 -0700,2020-07-25 14:58:27 -0700,3
Melody’s iPhone,count,2020-07-25 14:24:36 -0700,2020-07-25 14:34:19 -0700,2
Melody’s iPhone,count,2020-07-25 14:34:52 -0700,2020-07-25 14:44:17 -0700,2
Melody’s iPhone,count,2020-07-25 14:56:53 -0700,2020-07-25 14:58:56 -0700,2
Melody’s iPhone,count,2020-07-25 20:47:13 -0700,2020-07-25 20:47:16 -0700,1
Melody’s Apple Watch,count,2020-07-26 17:54:34 -0700,2020-07-26 18:01:54 -0700,3
Melody’s Apple Watch,count,2020-07-28 16:47:12 -0700,2020-07-28 16:56:15 -0700,4
Melody’s iPhone,count,2020-07-28 16:47:03 -0700,2020-07-28 16:56:07 -0700,4
Melody’s iPhone,count,2020-07-28 17:03:16 -0700,2020-07-28 17:05:14 -0700,3
Melody’s Apple Watch,count,2020-07-28 17:03:21 -0700,2020-07-28 17:05:24 -0700,3
Melody’s iPhone,count,2020-07-31 12:08:32 -0700,2020-07-31 12:09:56 -0700,1
Melody’s iPhone,count,2020-07-31 14:38:46 -0700,2020-07-31 14:39:27 -0700,3
Melody’s Apple Watch,count,2020-07-31 12:08:31 -0700,2020-07-31 12:08:34 -0700,1
Melody’s Apple Watch,count,2020-07-31 14:38:49 -0700,2020-07-31 14:39:30 -0700,3
Melody’s Apple Watch,count,2020-08-10 11:37:45 -0700,2020-08-10 11:42:38 -0700,4
Melody’s Apple Watch,count,2020-08-10 11:48:34 -0700,2020-08-10 11:49:56 -0700,2
Melody’s iPhone,count,2020-08-06 22:03:24 -0700,2020-08-06 22:05:19 -0700,7
Melody’s iPhone,count,2020-08-10 11:42:13 -0700,2020-08-10 11:49:53 -0700,4
Melody’s iPhone,count,2020-08-11 11:17:40 -0700,2020-08-11 11:17:42 -0700,1
Melody’s Apple Watch,count,2020-08-11 21:17:06 -0700,2020-08-11 21:26:30 -0700,5
Melody’s Apple Watch,count,2020-08-11 21:28:00 -0700,2020-08-11 21:36:52 -0700,5
Melody’s Apple Watch,count,2020-08-11 21:39:04 -0700,2020-08-11 21:44:44 -0700,4
Melody’s Apple Watch,count,2020-08-11 22:05:45 -0700,2020-08-11 22:07:53 -0700,2
Melody’s Apple Watch,count,2020-08-11 22:37:17 -0700,2020-08-11 22:42:32 -0700,2
Melody’s Apple Watch,count,2020-08-11 22:53:45 -0700,2020-08-11 23:02:58 -0700,3
Melody’s Apple Watch,count,2020-08-11 23:10:13 -0700,2020-08-11 23:10:15 -0700,1
Melody’s Apple Watch,count,2020-08-12 00:03:40 -0700,2020-08-12 00:05:20 -0700,2
Melody’s Apple Watch,count,2020-08-12 00:13:19 -0700,2020-08-12 00:15:35 -0700,1
Melody’s iPhone,count,2020-08-11 21:51:14 -0700,2020-08-11 21:51:16 -0700,1
Melody’s Apple Watch,count,2020-08-12 01:03:06 -0700,2020-08-12 01:03:09 -0700,1
Melody’s Apple Watch,count,2020-08-12 18:41:58 -0700,2020-08-12 18:51:06 -0700,5
Melody’s Apple Watch,count,2020-08-12 18:53:29 -0700,2020-08-12 18:58:31 -0700,4
Melody’s Apple Watch,count,2020-08-13 12:49:55 -0700,2020-08-13 12:49:58 -0700,1
Melody’s Apple Watch,count,2020-08-13 13:48:40 -0700,2020-08-13 13:54:16 -0700,2
Melody’s Apple Watch,count,2020-08-13 14:00:45 -0700,2020-08-13 14:00:48 -0700,1
Melody’s iPhone,count,2020-08-12 08:43:32 -0700,2020-08-12 08:44:21 -0700,2
Melody’s iPhone,count,2020-08-12 10:00:56 -0700,2020-08-12 10:00:59 -0700,1
Melody’s iPhone,count,2020-08-12 18:41:44 -0700,2020-08-12 18:42:30 -0700,2
Melody’s Apple Watch,count,2020-08-13 16:58:31 -0700,2020-08-13 16:58:34 -0700,1
Melody’s Apple Watch,count,2020-08-13 17:56:05 -0700,2020-08-13 17:56:07 -0700,1
Melody’s Apple Watch,count,2020-08-13 18:23:49 -0700,2020-08-13 18:23:51 -0700,1
Melody’s Apple Watch,count,2020-08-14 07:06:02 -0700,2020-08-14 07:06:05 -0700,1
Melody’s iPhone,count,2020-08-14 01:18:34 -0700,2020-08-14 01:21:40 -0700,1
Melody’s iPhone,count,2020-08-14 07:05:59 -0700,2020-08-14 07:06:45 -0700,1
Melody’s iPhone,count,2020-08-14 09:20:32 -0700,2020-08-14 09:30:07 -0700,5
Melody’s Apple Watch,count,2020-08-14 17:52:41 -0700,2020-08-14 17:54:24 -0700,2
Melody’s Apple Watch,count,2020-08-14 21:28:17 -0700,2020-08-14 21:28:20 -0700,1
Melody’s Apple Watch,count,2020-08-15 08:19:54 -0700,2020-08-15 08:19:56 -0700,1
Melody’s Apple Watch,count,2020-08-15 12:09:32 -0700,2020-08-15 12:16:16 -0700,3
Melody’s Apple Watch,count,2020-08-15 12:19:33 -0700,2020-08-15 12:26:45 -0700,4
Melody’s Apple Watch,count,2020-08-15 12:35:14 -0700,2020-08-15 12:41:27 -0700,4
Melody’s Apple Watch,count,2020-08-15 12:48:34 -0700,2020-08-15 12:56:05 -0700,4
Melody’s iPhone,count,2020-08-14 17:49:58 -0700,2020-08-14 17:50:01 -0700,1
Melody’s iPhone,count,2020-08-15 11:12:42 -0700,2020-08-15 11:13:38 -0700,2
Melody’s iPhone,count,2020-08-15 12:09:27 -0700,2020-08-15 12:09:30 -0700,1
Melody’s Apple Watch,count,2020-08-15 13:51:04 -0700,2020-08-15 13:51:07 -0700,1
Melody’s Apple Watch,count,2020-08-15 17:59:00 -0700,2020-08-15 17:59:02 -0700,1
Melody’s Apple Watch,count,2020-08-15 22:50:20 -0700,2020-08-15 22:50:23 -0700,1
Melody’s Apple Watch,count,2020-08-15 22:52:38 -0700,2020-08-15 22:52:41 -0700,1
Melody’s Apple Watch,count,2020-08-15 22:56:26 -0700,2020-08-15 22:56:28 -0700,1
Melody’s Apple Watch,count,2020-08-15 23:11:37 -0700,2020-08-15 23:11:40 -0700,1
Melody’s Apple Watch,count,2020-08-16 08:44:41 -0700,2020-08-16 08:44:44 -0700,1
Melody’s iPhone,count,2020-08-15 23:11:22 -0700,2020-08-15 23:11:24 -0700,1
Melody’s iPhone,count,2020-08-15 23:11:40 -0700,2020-08-15 23:36:14 -0700,1
Melody’s iPhone,count,2020-08-16 02:39:34 -0700,2020-08-16 02:41:03 -0700,6
Melody’s iPhone,count,2020-08-16 20:02:31 -0700,2020-08-16 20:02:33 -0700,1
Melody’s Apple Watch,count,2020-08-16 20:02:34 -0700,2020-08-16 20:03:10 -0700,2
Melody’s Apple Watch,count,2020-08-16 20:14:31 -0700,2020-08-16 20:22:24 -0700,2
Melody’s Apple Watch,count,2020-08-16 20:26:30 -0700,2020-08-16 20:26:33 -0700,1
Melody’s Apple Watch,count,2020-08-16 21:15:03 -0700,2020-08-16 21:15:06 -0700,1
Melody’s Apple Watch,count,2020-08-16 21:44:50 -0700,2020-08-16 21:44:53 -0700,1
Melody’s Apple Watch,count,2020-08-17 08:09:18 -0700,2020-08-17 08:09:21 -0700,1
Melody’s Apple Watch,count,2020-08-17 10:16:03 -0700,2020-08-17 10:16:06 -0700,1
Melody’s Apple Watch,count,2020-08-17 12:38:33 -0700,2020-08-17 12:38:36 -0700,1
Melody’s Apple Watch,count,2020-08-17 14:15:27 -0700,2020-08-17 14:15:30 -0700,1
Melody’s Apple Watch,count,2020-08-17 15:49:35 -0700,2020-08-17 15:49:38 -0700,1
Melody’s Apple Watch,count,2020-08-17 16:03:19 -0700,2020-08-17 16:11:13 -0700,2
Melody’s iPhone,count,2020-08-17 15:49:32 -0700,2020-08-17 15:49:40 -0700,1
Melody’s iPhone,count,2020-08-17 16:03:17 -0700,2020-08-17 16:03:20 -0700,1
Melody’s Apple Watch,count,2020-08-17 17:22:33 -0700,2020-08-17 17:22:36 -0700,1
Melody’s Apple Watch,count,2020-08-17 19:27:01 -0700,2020-08-17 19:27:53 -0700,1
Melody’s Apple Watch,count,2020-08-17 20:25:31 -0700,2020-08-17 20:25:34 -0700,1
Melody’s Apple Watch,count,2020-08-17 21:55:46 -0700,2020-08-17 21:56:47 -0700,2
Melody’s Apple Watch,count,2020-08-18 13:15:09 -0700,2020-08-18 13:15:11 -0700,1
Melody’s Apple Watch,count,2020-08-18 16:57:01 -0700,2020-08-18 16:57:03 -0700,1
Melody’s Apple Watch,count,2020-08-18 17:56:12 -0700,2020-08-18 17:56:14 -0700,1
Melody’s iPhone,count,2020-08-17 21:55:42 -0700,2020-08-17 21:55:44 -0700,1
Melody’s Apple Watch,count,2020-08-18 19:31:22 -0700,2020-08-18 19:31:25 -0700,1
Melody’s Apple Watch,count,2020-08-18 20:35:38 -0700,2020-08-18 20:35:41 -0700,1
Melody’s Apple Watch,count,2020-08-18 20:52:06 -0700,2020-08-18 20:52:09 -0700,1
Melody’s Apple Watch,count,2020-08-19 07:34:24 -0700,2020-08-19 07:34:27 -0700,1
Melody’s Apple Watch,count,2020-08-19 07:44:36 -0700,2020-08-19 07:47:33 -0700,3
Melody’s Apple Watch,count,2020-08-19 17:56:05 -0700,2020-08-19 17:56:08 -0700,1
Melody’s iPhone,count,2020-08-19 17:56:00 -0700,2020-08-19 17:56:03 -0700,1
Melody’s iPhone,count,2020-08-20 16:48:43 -0700,2020-08-20 16:48:45 -0700,1
Melody’s iPhone,count,2020-08-21 19:35:02 -0700,2020-08-21 19:36:39 -0700,2
Melody’s Apple Watch,count,2020-08-25 08:16:11 -0700,2020-08-25 08:16:14 -0700,1
Melody’s Apple Watch,count,2020-08-27 16:19:58 -0700,2020-08-27 16:20:00 -0700,1
Melody’s iPhone,count,2020-08-27 16:19:55 -0700,2020-08-27 16:19:58 -0700,1
Melody’s iPhone,count,2020-08-27 20:45:19 -0700,2020-08-27 20:45:40 -0700,1
Melody’s iPhone,count,2020-08-29 12:58:04 -0700,2020-08-29 12:58:17 -0700,2
Melody’s iPhone,count,2020-08-30 16:45:03 -0700,2020-08-30 16:45:06 -0700,1
Melody’s Apple Watch,count,2020-09-02 06:43:47 -0700,2020-09-02 06:44:51 -0700,2
Melody’s iPhone,count,2020-09-04 16:02:43 -0700,2020-09-04 16:02:45 -0700,1
Melody’s iPhone,count,2020-09-08 14:13:20 -0700,2020-09-08 14:13:46 -0700,1
Melody’s iPhone,count,2020-09-08 14:51:48 -0700,2020-09-08 14:51:50 -0700,1
Melody’s iPhone,count,2020-09-08 16:19:51 -0700,2020-09-08 16:22:20 -0700,1
Melody’s iPhone,count,2020-09-08 22:09:54 -0700,2020-09-08 22:09:57 -0700,1
Melody’s iPhone,count,2020-09-09 10:52:05 -0700,2020-09-09 10:52:07 -0700,1
Melody’s iPhone,count,2020-09-09 19:47:00 -0700,2020-09-09 19:47:38 -0700,2
Melody’s iPhone,count,2020-09-10 14:41:22 -0700,2020-09-10 14:43:45 -0700,3
Melody’s iPhone,count,2020-09-11 07:17:06 -0700,2020-09-11 07:17:09 -0700,1
Melody’s Apple Watch,count,2020-09-11 07:17:09 -0700,2020-09-11 07:17:11 -0700,1
Melody’s Apple Watch,count,2020-09-12 22:13:30 -0700,2020-09-12 22:13:32 -0700,1
Melody’s iPhone,count,2020-09-12 19:33:34 -0700,2020-09-12 19:33:37 -0700,1
Melody’s iPhone,count,2020-09-12 22:13:29 -0700,2020-09-12 22:13:31 -0700,1
Melody’s Apple Watch,count,2020-09-13 16:42:27 -0700,2020-09-13 16:42:29 -0700,1
Melody’s Apple Watch,count,2020-09-13 18:56:09 -0700,2020-09-13 18:56:12 -0700,1
Melody’s Apple Watch,count,2020-09-13 20:44:11 -0700,2020-09-13 20:44:14 -0700,1
Melody’s Apple Watch,count,2020-09-13 21:19:34 -0700,2020-09-13 21:19:36 -0700,1
Melody’s Apple Watch,count,2020-09-13 23:24:50 -0700,2020-09-13 23:24:53 -0700,1
Melody’s Apple Watch,count,2020-09-14 00:08:52 -0700,2020-09-14 00:08:54 -0700,1
Melody’s Apple Watch,count,2020-09-14 12:14:55 -0700,2020-09-14 12:14:58 -0700,1
Melody’s Apple Watch,count,2020-09-14 14:15:37 -0700,2020-09-14 14:15:40 -0700,1
Melody’s Apple Watch,count,2020-09-14 14:54:06 -0700,2020-09-14 14:54:11 -0700,1
Melody’s Apple Watch,count,2020-09-14 16:16:22 -0700,2020-09-14 16:16:24 -0700,1
Melody’s Apple Watch,count,2020-09-14 16:47:36 -0700,2020-09-14 16:47:38 -0700,1
Melody’s Apple Watch,count,2020-09-15 08:05:33 -0700,2020-09-15 08:10:04 -0700,2
Melody’s iPhone,count,2020-09-14 17:28:56 -0700,2020-09-14 19:36:24 -0700,1
Melody’s iPhone,count,2020-09-15 08:05:29 -0700,2020-09-15 08:05:32 -0700,1
Melody’s iPhone,count,2020-09-15 19:02:48 -0700,2020-09-15 19:02:51 -0700,1
Melody’s iPhone,count,2020-09-16 09:16:01 -0700,2020-09-16 09:16:09 -0700,1
Melody’s Apple Watch,count,2020-09-15 19:02:50 -0700,2020-09-15 19:11:13 -0700,2
Melody’s Apple Watch,count,2020-09-15 19:13:57 -0700,2020-09-15 19:15:19 -0700,2
Melody’s Apple Watch,count,2020-09-16 08:54:10 -0700,2020-09-16 08:54:12 -0700,1
Melody’s Apple Watch,count,2020-09-16 09:16:05 -0700,2020-09-16 09:16:08 -0700,1
Melody’s Apple Watch,count,2020-09-16 10:21:32 -0700,2020-09-16 10:21:34 -0700,1
Melody’s Apple Watch,count,2020-09-16 14:27:29 -0700,2020-09-16 14:27:32 -0700,1
Melody’s Apple Watch,count,2020-09-16 15:23:02 -0700,2020-09-16 15:24:08 -0700,1
Melody’s Apple Watch,count,2020-09-16 16:58:37 -0700,2020-09-16 16:58:40 -0700,1
Melody’s Apple Watch,count,2020-09-16 17:45:48 -0700,2020-09-16 17:45:51 -0700,1
Melody’s Apple Watch,count,2020-09-16 22:11:40 -0700,2020-09-16 22:11:43 -0700,1
Melody’s iPhone,count,2020-09-16 12:57:16 -0700,2020-09-16 12:57:21 -0700,1
Melody’s iPhone,count,2020-09-16 14:27:27 -0700,2020-09-16 14:27:30 -0700,1
Melody’s iPhone,count,2020-09-16 15:23:08 -0700,2020-09-16 15:23:21 -0700,1
Melody’s iPhone,count,2020-09-16 22:43:39 -0700,2020-09-16 22:43:49 -0700,1
Melody’s iPhone,count,2020-09-17 12:10:56 -0700,2020-09-17 12:10:59 -0700,1
Melody’s iPhone,count,2020-09-17 14:24:49 -0700,2020-09-17 14:26:08 -0700,2
Melody’s Apple Watch,count,2020-09-17 12:10:55 -0700,2020-09-17 12:10:57 -0700,1
Melody’s Apple Watch,count,2020-09-17 14:24:50 -0700,2020-09-17 14:26:09 -0700,2
Melody’s Apple Watch,count,2020-09-17 16:34:07 -0700,2020-09-17 16:40:28 -0700,1
Melody’s Apple Watch,count,2020-09-17 19:27:53 -0700,2020-09-17 19:27:56 -0700,1
Melody’s Apple Watch,count,2020-09-17 20:16:32 -0700,2020-09-17 20:16:34 -0700,1
Melody’s Apple Watch,count,2020-09-18 11:12:18 -0700,2020-09-18 11:12:21 -0700,1
Melody’s Apple Watch,count,2020-09-18 12:32:00 -0700,2020-09-18 12:32:02 -0700,1
Melody’s iPhone,count,2020-09-17 16:34:05 -0700,2020-09-17 16:34:10 -0700,1
Melody’s iPhone,count,2020-09-17 20:14:14 -0700,2020-09-17 20:16:32 -0700,2
Melody’s Apple Watch,count,2020-09-18 15:58:38 -0700,2020-09-18 15:58:41 -0700,1
Melody’s Apple Watch,count,2020-09-18 16:30:30 -0700,2020-09-18 16:39:25 -0700,2
Melody’s Apple Watch,count,2020-09-18 16:43:56 -0700,2020-09-18 16:43:59 -0700,1
Melody’s Apple Watch,count,2020-09-18 18:24:27 -0700,2020-09-18 18:24:30 -0700,1
Melody’s Apple Watch,count,2020-09-18 18:35:25 -0700,2020-09-18 18:37:38 -0700,4
Melody’s Apple Watch,count,2020-09-18 19:11:34 -0700,2020-09-18 19:21:08 -0700,5
Melody’s Apple Watch,count,2020-09-18 20:27:39 -0700,2020-09-18 20:28:17 -0700,2
Melody’s iPhone,count,2020-09-18 20:27:36 -0700,2020-09-18 20:28:17 -0700,2
Melody’s iPhone,count,2020-09-19 10:10:29 -0700,2020-09-19 10:11:31 -0700,2
Melody’s iPhone,count,2020-09-19 10:26:45 -0700,2020-09-19 10:26:48 -0700,1
Melody’s iPhone,count,2020-09-19 15:57:03 -0700,2020-09-19 15:57:06 -0700,1
Melody’s iPhone,count,2020-09-19 16:46:47 -0700,2020-09-19 16:46:49 -0700,1
Melody’s iPhone,count,2020-09-19 18:37:15 -0700,2020-09-19 18:37:17 -0700,1
Melody’s iPhone,count,2020-09-19 21:01:24 -0700,2020-09-19 21:02:05 -0700,3
Melody’s iPhone,count,2020-09-19 21:17:47 -0700,2020-09-19 21:19:24 -0700,4
Melody’s iPhone,count,2020-09-19 21:47:22 -0700,2020-09-19 21:55:20 -0700,3
Melody’s iPhone,count,2020-09-19 23:13:14 -0700,2020-09-19 23:14:38 -0700,3
Melody’s Apple Watch,count,2020-09-19 10:10:32 -0700,2020-09-19 10:10:35 -0700,1
Melody’s Apple Watch,count,2020-09-19 11:16:33 -0700,2020-09-19 11:20:13 -0700,2
Melody’s Apple Watch,count,2020-09-19 15:57:04 -0700,2020-09-19 15:57:19 -0700,1
Melody’s Apple Watch,count,2020-09-19 16:07:03 -0700,2020-09-19 16:07:05 -0700,1
Melody’s Apple Watch,count,2020-09-19 16:41:03 -0700,2020-09-19 16:46:51 -0700,3
Melody’s Apple Watch,count,2020-09-19 18:37:19 -0700,2020-09-19 18:38:10 -0700,2
Melody’s Apple Watch,count,2020-09-19 19:30:51 -0700,2020-09-19 19:30:54 -0700,1
Melody’s Apple Watch,count,2020-09-19 21:02:07 -0700,2020-09-19 21:06:13 -0700,2
Melody’s Apple Watch,count,2020-09-19 21:17:51 -0700,2020-09-19 21:18:21 -0700,3
Melody’s Apple Watch,count,2020-09-19 21:47:27 -0700,2020-09-19 21:47:30 -0700,1
Melody’s Apple Watch,count,2020-09-19 21:50:01 -0700,2020-09-19 21:50:03 -0700,1
Melody’s Apple Watch,count,2020-09-19 21:55:18 -0700,2020-09-19 21:55:21 -0700,1
Melody’s Apple Watch,count,2020-09-19 23:13:06 -0700,2020-09-19 23:14:41 -0700,3
Melody’s Apple Watch,count,2020-09-20 00:00:22 -0700,2020-09-20 00:00:43 -0700,2
Melody’s Apple Watch,count,2020-09-20 00:23:32 -0700,2020-09-20 00:31:07 -0700,2
Melody’s Apple Watch,count,2020-09-21 09:27:19 -0700,2020-09-21 09:27:22 -0700,1
Melody’s Apple Watch,count,2020-09-21 11:53:23 -0700,2020-09-21 11:53:26 -0700,1
Melody’s Apple Watch,count,2020-09-21 15:48:11 -0700,2020-09-21 15:52:01 -0700,2
Melody’s Apple Watch,count,2020-09-21 17:02:30 -0700,2020-09-21 17:02:33 -0700,1
Melody’s iPhone,count,2020-09-20 00:00:27 -0700,2020-09-20 00:08:33 -0700,3
Melody’s iPhone,count,2020-09-20 00:23:31 -0700,2020-09-20 00:26:51 -0700,2
Melody’s iPhone,count,2020-09-20 17:20:06 -0700,2020-09-20 17:40:25 -0700,1
Melody’s iPhone,count,2020-09-20 18:44:12 -0700,2020-09-20 18:45:31 -0700,5
Melody’s iPhone,count,2020-09-21 15:48:10 -0700,2020-09-21 15:48:13 -0700,1
Melody’s iPhone,count,2020-09-21 17:02:25 -0700,2020-09-21 17:02:30 -0700,1
Melody’s iPhone,count,2020-09-21 18:33:24 -0700,2020-09-21 18:33:29 -0700,1
Melody’s iPhone,count,2020-09-21 21:08:54 -0700,2020-09-21 21:22:13 -0700,1
Melody’s iPhone,count,2020-09-22 07:46:57 -0700,2020-09-22 07:47:00 -0700,1
Melody’s Apple Watch,count,2020-09-21 18:33:29 -0700,2020-09-21 18:33:32 -0700,1
Melody’s Apple Watch,count,2020-09-21 18:45:05 -0700,2020-09-21 18:45:08 -0700,1
Melody’s Apple Watch,count,2020-09-22 09:10:18 -0700,2020-09-22 09:10:20 -0700,1
Melody’s iPhone,count,2020-09-22 16:27:52 -0700,2020-09-22 16:27:55 -0700,1
Melody’s iPhone,count,2020-09-24 16:24:32 -0700,2020-09-24 16:34:14 -0700,5
Melody’s iPhone,count,2020-09-24 16:35:36 -0700,2020-09-24 16:41:46 -0700,7
Melody’s Apple Watch,count,2020-09-23 12:22:17 -0700,2020-09-23 12:22:20 -0700,1
Melody’s iPhone,count,2020-09-23 12:22:11 -0700,2020-09-23 12:22:29 -0700,2
Melody’s iPhone,count,2020-09-23 13:31:23 -0700,2020-09-23 13:33:59 -0700,2
Melody’s iPhone,count,2020-09-23 13:52:13 -0700,2020-09-23 14:01:51 -0700,3
Melody’s Apple Watch,count,2020-09-24 11:02:21 -0700,2020-09-24 11:02:24 -0700,1
Melody’s Apple Watch,count,2020-09-24 11:36:47 -0700,2020-09-24 11:36:50 -0700,1
Melody’s Apple Watch,count,2020-09-24 13:32:52 -0700,2020-09-24 13:32:55 -0700,1
Melody’s Apple Watch,count,2020-09-24 14:53:59 -0700,2020-09-24 14:54:02 -0700,1
Melody’s Apple Watch,count,2020-09-24 16:24:47 -0700,2020-09-24 16:34:16 -0700,5
Melody’s Apple Watch,count,2020-09-24 16:35:30 -0700,2020-09-24 16:41:23 -0700,7
Melody’s Apple Watch,count,2020-09-24 16:46:18 -0700,2020-09-24 16:48:49 -0700,2
Melody’s iPhone,count,2020-09-24 16:46:15 -0700,2020-09-24 16:48:45 -0700,2
Melody’s iPhone,count,2020-09-24 17:34:46 -0700,2020-09-24 17:44:26 -0700,6
Melody’s Apple Watch,count,2020-09-24 17:34:51 -0700,2020-09-24 17:35:39 -0700,3
Melody’s Apple Watch,count,2020-09-24 17:36:00 -0700,2020-09-24 17:36:02 -0700,1
Melody’s Apple Watch,count,2020-09-24 17:43:46 -0700,2020-09-24 17:43:48 -0700,1
Melody’s Apple Watch,count,2020-09-24 22:13:14 -0700,2020-09-24 22:13:17 -0700,1
Melody’s Apple Watch,count,2020-09-25 12:22:38 -0700,2020-09-25 12:22:40 -0700,1
Melody’s Apple Watch,count,2020-09-25 12:33:05 -0700,2020-09-25 12:42:16 -0700,10
Melody’s Apple Watch,count,2020-09-25 12:43:17 -0700,2020-09-25 12:52:17 -0700,6
Melody’s Apple Watch,count,2020-09-25 13:08:15 -0700,2020-09-25 13:08:17 -0700,1
Melody’s Apple Watch,count,2020-09-25 13:44:52 -0700,2020-09-25 13:53:47 -0700,7
Melody’s Apple Watch,count,2020-09-25 13:57:45 -0700,2020-09-25 13:57:48 -0700,1
Melody’s iPhone,count,2020-09-24 22:13:12 -0700,2020-09-24 22:13:14 -0700,1
Melody’s iPhone,count,2020-09-24 23:07:11 -0700,2020-09-24 23:07:13 -0700,1
Melody’s iPhone,count,2020-09-25 12:22:29 -0700,2020-09-25 12:25:04 -0700,3
Melody’s iPhone,count,2020-09-25 12:32:55 -0700,2020-09-25 12:42:12 -0700,10
Melody’s iPhone,count,2020-09-25 12:43:13 -0700,2020-09-25 12:52:22 -0700,6
Melody’s iPhone,count,2020-09-25 13:33:12 -0700,2020-09-25 13:33:15 -0700,1
Melody’s iPhone,count,2020-09-25 13:44:47 -0700,2020-09-25 13:53:44 -0700,6
Melody’s iPhone,count,2020-09-25 13:57:42 -0700,2020-09-25 13:57:44 -0700,1
Melody’s iPhone,count,2020-09-25 16:34:23 -0700,2020-09-25 16:34:26 -0700,1
Melody’s Apple Watch,count,2020-09-25 14:41:20 -0700,2020-09-25 14:41:22 -0700,1
Melody’s Apple Watch,count,2020-09-25 16:34:26 -0700,2020-09-25 16:34:29 -0700,1
Melody’s Apple Watch,count,2020-09-25 17:07:35 -0700,2020-09-25 17:07:38 -0700,1
Melody’s Apple Watch,count,2020-09-25 18:43:27 -0700,2020-09-25 18:43:30 -0700,1
Melody’s Apple Watch,count,2020-09-26 10:27:27 -0700,2020-09-26 10:27:30 -0700,1
Melody’s Apple Watch,count,2020-09-26 11:04:50 -0700,2020-09-26 11:07:34 -0700,2
Melody’s iPhone,count,2020-09-26 22:14:02 -0700,2020-09-26 22:14:05 -0700,1
Melody’s iPhone,count,2020-09-27 00:59:30 -0700,2020-09-27 00:59:32 -0700,1
Melody’s Apple Watch,count,2020-09-27 00:59:23 -0700,2020-09-27 01:03:23 -0700,1
Melody’s Apple Watch,count,2020-09-27 11:57:57 -0700,2020-09-27 12:03:02 -0700,4
Melody’s Apple Watch,count,2020-09-27 12:07:59 -0700,2020-09-27 12:17:56 -0700,8
Melody’s Apple Watch,count,2020-09-27 12:20:14 -0700,2020-09-27 12:29:15 -0700,6
Melody’s iPhone,count,2020-09-27 17:14:13 -0700,2020-09-27 17:19:12 -0700,2
Melody’s iPhone,count,2020-09-27 18:22:07 -0700,2020-09-27 18:22:09 -0700,1
Melody’s iPhone,count,2020-09-27 19:13:12 -0700,2020-09-27 19:13:15 -0700,1
Melody’s Apple Watch,count,2020-09-27 12:34:07 -0700,2020-09-27 12:38:31 -0700,5
Melody’s Apple Watch,count,2020-09-27 12:47:20 -0700,2020-09-27 12:55:48 -0700,5
Melody’s Apple Watch,count,2020-09-27 13:27:28 -0700,2020-09-27 13:27:30 -0700,1
Melody’s Apple Watch,count,2020-09-27 13:41:18 -0700,2020-09-27 13:42:32 -0700,4
Melody’s Apple Watch,count,2020-09-27 13:51:09 -0700,2020-09-27 13:51:25 -0700,1
Melody’s Apple Watch,count,2020-09-27 15:15:13 -0700,2020-09-27 15:30:15 -0700,1
Melody’s Apple Watch,count,2020-09-27 17:14:03 -0700,2020-09-27 17:15:12 -0700,2
Melody’s Apple Watch,count,2020-09-27 17:19:13 -0700,2020-09-27 17:19:15 -0700,1
Melody’s Apple Watch,count,2020-09-27 19:13:15 -0700,2020-09-27 19:13:17 -0700,1
Melody’s Apple Watch,count,2020-09-28 10:25:20 -0700,2020-09-28 10:25:23 -0700,1
Melody’s iPhone,count,2020-09-28 15:07:11 -0700,2020-09-28 15:07:14 -0700,1
Melody’s Apple Watch,count,2020-09-28 15:07:12 -0700,2020-09-28 15:07:14 -0700,1
Melody’s Apple Watch,count,2020-09-28 15:52:20 -0700,2020-09-28 15:52:23 -0700,1
Melody’s Apple Watch,count,2020-09-28 17:50:11 -0700,2020-09-28 17:50:24 -0700,2
Melody’s Apple Watch,count,2020-09-28 19:28:54 -0700,2020-09-28 19:28:57 -0700,1
Melody’s Apple Watch,count,2020-09-28 19:43:48 -0700,2020-09-28 19:43:50 -0700,1
Melody’s Apple Watch,count,2020-09-28 20:34:39 -0700,2020-09-28 20:34:42 -0700,1
Melody’s iPhone,count,2020-09-28 19:28:39 -0700,2020-09-28 19:28:54 -0700,2
Melody’s iPhone,count,2020-09-28 19:43:48 -0700,2020-09-28 21:40:16 -0700,1
Melody’s iPhone,count,2020-09-29 14:53:10 -0700,2020-09-29 14:53:17 -0700,1
Melody’s iPhone,count,2020-09-29 18:34:38 -0700,2020-09-29 18:44:00 -0700,5
Melody’s iPhone,count,2020-09-29 18:50:08 -0700,2020-09-29 18:55:38 -0700,8
Melody’s Apple Watch,count,2020-09-29 10:01:12 -0700,2020-09-29 10:01:15 -0700,1
Melody’s Apple Watch,count,2020-09-29 11:48:09 -0700,2020-09-29 11:48:11 -0700,1
Melody’s Apple Watch,count,2020-09-29 14:53:14 -0700,2020-09-29 14:53:17 -0700,1
Melody’s Apple Watch,count,2020-09-29 18:34:52 -0700,2020-09-29 18:44:05 -0700,5
Melody’s Apple Watch,count,2020-09-29 18:50:37 -0700,2020-09-29 18:55:41 -0700,7
Melody’s Apple Watch,count,2020-09-29 19:04:10 -0700,2020-09-29 19:04:39 -0700,3
Melody’s Apple Watch,count,2020-09-29 19:15:26 -0700,2020-09-29 19:24:36 -0700,5
Melody’s Apple Watch,count,2020-09-29 19:27:15 -0700,2020-09-29 19:28:01 -0700,1
Melody’s Apple Watch,count,2020-09-30 09:29:14 -0700,2020-09-30 09:29:16 -0700,1
Melody’s Apple Watch,count,2020-09-30 12:18:19 -0700,2020-09-30 12:18:22 -0700,1
Melody’s iPhone,count,2020-09-29 19:04:01 -0700,2020-09-29 19:04:34 -0700,3
Melody’s iPhone,count,2020-09-29 19:15:26 -0700,2020-09-29 19:24:35 -0700,6
Melody’s iPhone,count,2020-09-29 19:27:11 -0700,2020-09-29 19:27:16 -0700,1
Melody’s iPhone,count,2020-09-29 21:05:03 -0700,2020-09-29 21:06:45 -0700,2
Melody’s iPhone,count,2020-09-30 06:27:31 -0700,2020-09-30 06:27:34 -0700,1
Melody’s iPhone,count,2020-09-30 08:00:50 -0700,2020-09-30 08:00:52 -0700,1
Melody’s iPhone,count,2020-09-30 12:18:19 -0700,2020-09-30 12:21:54 -0700,2
Melody’s iPhone,count,2020-09-30 15:11:13 -0700,2020-09-30 15:11:15 -0700,1
Melody’s iPhone,count,2020-09-30 18:08:07 -0700,2020-09-30 18:17:47 -0700,3
Melody’s iPhone,count,2020-09-30 18:24:28 -0700,2020-09-30 18:32:24 -0700,8
Melody’s iPhone,count,2020-09-30 18:41:33 -0700,2020-09-30 18:49:23 -0700,5
Melody’s iPhone,count,2020-09-30 18:57:56 -0700,2020-09-30 18:57:59 -0700,1
Melody’s iPhone,count,2020-09-30 20:44:04 -0700,2020-09-30 20:44:07 -0700,1
Melody’s Apple Watch,count,2020-09-30 15:08:15 -0700,2020-09-30 15:08:17 -0700,1
Melody’s Apple Watch,count,2020-09-30 15:11:14 -0700,2020-09-30 15:11:16 -0700,1
Melody’s Apple Watch,count,2020-09-30 18:08:11 -0700,2020-09-30 18:17:42 -0700,3
Melody’s Apple Watch,count,2020-09-30 18:24:34 -0700,2020-09-30 18:25:12 -0700,4
Melody’s Apple Watch,count,2020-09-30 18:28:47 -0700,2020-09-30 18:32:25 -0700,4
Melody’s Apple Watch,count,2020-09-30 18:48:44 -0700,2020-09-30 18:49:25 -0700,4
Melody’s Apple Watch,count,2020-09-30 18:58:00 -0700,2020-09-30 18:58:03 -0700,1
Melody’s Apple Watch,count,2020-09-30 19:35:26 -0700,2020-09-30 19:35:29 -0700,1
Melody’s Apple Watch,count,2020-09-30 20:44:08 -0700,2020-09-30 20:52:44 -0700,6
Melody’s Apple Watch,count,2020-10-01 07:26:35 -0700,2020-10-01 07:26:37 -0700,1
Melody’s Apple Watch,count,2020-10-01 11:16:07 -0700,2020-10-01 11:16:10 -0700,1
Melody’s Apple Watch,count,2020-10-01 13:27:53 -0700,2020-10-01 13:27:55 -0700,1
Melody’s iPhone,count,2020-10-01 15:31:54 -0700,2020-10-01 15:32:22 -0700,2
Melody’s iPhone,count,2020-10-01 15:42:07 -0700,2020-10-01 15:49:24 -0700,4
Melody’s iPhone,count,2020-10-01 15:52:17 -0700,2020-10-01 15:54:58 -0700,3
Melody’s iPhone,count,2020-10-01 16:31:18 -0700,2020-10-01 16:31:20 -0700,1
Melody’s Apple Watch,count,2020-10-01 15:25:59 -0700,2020-10-01 15:32:28 -0700,3
Melody’s Apple Watch,count,2020-10-01 15:41:59 -0700,2020-10-01 15:49:29 -0700,4
Melody’s Apple Watch,count,2020-10-01 15:52:21 -0700,2020-10-01 15:55:00 -0700,3
Melody’s Apple Watch,count,2020-10-01 16:31:21 -0700,2020-10-01 16:34:00 -0700,2
Melody’s iPhone,count,2020-10-02 07:06:45 -0700,2020-10-02 07:25:29 -0700,1
Melody’s iPhone,count,2020-10-02 12:00:45 -0700,2020-10-02 12:00:51 -0700,1
Melody’s iPhone,count,2020-10-02 12:21:53 -0700,2020-10-02 12:21:55 -0700,1
Melody’s Apple Watch,count,2020-10-02 07:06:48 -0700,2020-10-02 07:06:51 -0700,1
Melody’s Apple Watch,count,2020-10-02 07:59:58 -0700,2020-10-02 08:00:00 -0700,1
Melody’s Apple Watch,count,2020-10-02 12:00:53 -0700,2020-10-02 12:00:55 -0700,1
Melody’s iPhone,count,2020-10-02 17:30:44 -0700,2020-10-02 17:37:58 -0700,2
Melody’s iPhone,count,2020-10-02 18:36:41 -0700,2020-10-02 18:36:43 -0700,1
Melody’s iPhone,count,2020-10-02 22:24:47 -0700,2020-10-02 22:26:35 -0700,3
Melody’s Apple Watch,count,2020-10-03 14:17:05 -0700,2020-10-03 14:23:14 -0700,4
Melody’s Apple Watch,count,2020-10-03 15:46:37 -0700,2020-10-03 15:48:57 -0700,1
Melody’s Apple Watch,count,2020-10-03 16:49:43 -0700,2020-10-03 16:49:46 -0700,1
Melody’s Apple Watch,count,2020-10-03 17:08:38 -0700,2020-10-03 17:10:56 -0700,1
Melody’s Apple Watch,count,2020-10-03 17:21:26 -0700,2020-10-03 17:21:41 -0700,1
Melody’s Apple Watch,count,2020-10-03 17:42:54 -0700,2020-10-03 17:42:56 -0700,1
Melody’s Apple Watch,count,2020-10-03 19:17:17 -0700,2020-10-03 19:23:13 -0700,2
Melody’s Apple Watch,count,2020-10-03 19:49:09 -0700,2020-10-03 19:54:37 -0700,5
Melody’s Apple Watch,count,2020-10-03 20:38:48 -0700,2020-10-03 20:38:51 -0700,1
Melody’s Apple Watch,count,2020-10-03 21:19:25 -0700,2020-10-03 21:22:22 -0700,2
Melody’s iPhone,count,2020-10-03 14:17:04 -0700,2020-10-03 14:17:06 -0700,1
Melody’s iPhone,count,2020-10-03 17:42:49 -0700,2020-10-03 17:42:56 -0700,1
Melody’s iPhone,count,2020-10-03 19:17:16 -0700,2020-10-03 19:23:11 -0700,2
Melody’s iPhone,count,2020-10-04 14:11:33 -0700,2020-10-04 14:11:36 -0700,1
Melody’s Apple Watch,count,2020-10-04 09:12:16 -0700,2020-10-04 09:12:19 -0700,1
Melody’s Apple Watch,count,2020-10-04 14:11:37 -0700,2020-10-04 14:11:39 -0700,1
Melody’s iPhone,count,2020-10-05 06:53:32 -0700,2020-10-05 06:57:53 -0700,2
Melody’s iPhone,count,2020-10-05 07:05:33 -0700,2020-10-05 07:12:21 -0700,5
Melody’s Apple Watch,count,2020-10-05 06:53:37 -0700,2020-10-05 06:53:40 -0700,1
Melody’s Apple Watch,count,2020-10-05 06:57:53 -0700,2020-10-05 06:57:56 -0700,1
Melody’s Apple Watch,count,2020-10-05 07:08:13 -0700,2020-10-05 07:08:15 -0700,1
Melody’s Apple Watch,count,2020-10-05 07:09:57 -0700,2020-10-05 07:10:15 -0700,2
Melody’s Apple Watch,count,2020-10-05 07:12:21 -0700,2020-10-05 07:12:23 -0700,1
Melody’s Apple Watch,count,2020-10-05 08:14:48 -0700,2020-10-05 08:14:50 -0700,1
Melody’s iPhone,count,2020-10-05 16:45:19 -0700,2020-10-05 16:45:21 -0700,1
Melody’s iPhone,count,2020-10-05 17:40:12 -0700,2020-10-05 17:45:44 -0700,2
Melody’s iPhone,count,2020-10-05 22:49:25 -0700,2020-10-05 22:49:27 -0700,1
Melody’s iPhone,count,2020-10-06 07:45:17 -0700,2020-10-06 07:45:19 -0700,1
Melody’s Apple Watch,count,2020-10-05 17:40:19 -0700,2020-10-05 17:45:21 -0700,4
Melody’s Apple Watch,count,2020-10-05 18:27:56 -0700,2020-10-05 18:27:59 -0700,1
Melody’s Apple Watch,count,2020-10-05 18:42:40 -0700,2020-10-05 18:42:42 -0700,1
Melody’s Apple Watch,count,2020-10-05 19:18:54 -0700,2020-10-05 19:18:56 -0700,1
Melody’s Apple Watch,count,2020-10-05 22:49:22 -0700,2020-10-05 22:50:19 -0700,1
Melody’s Apple Watch,count,2020-10-05 23:05:30 -0700,2020-10-05 23:05:32 -0700,1
Melody’s Apple Watch,count,2020-10-06 09:00:44 -0700,2020-10-06 09:00:47 -0700,1
Melody’s Apple Watch,count,2020-10-06 12:17:07 -0700,2020-10-06 12:17:10 -0700,1
Melody’s Apple Watch,count,2020-10-06 14:18:25 -0700,2020-10-06 14:18:27 -0700,1
Melody’s Apple Watch,count,2020-10-06 15:07:37 -0700,2020-10-06 15:07:39 -0700,1
Melody’s Apple Watch,count,2020-10-06 17:17:47 -0700,2020-10-06 17:17:49 -0700,1
Melody’s Apple Watch,count,2020-10-06 18:11:14 -0700,2020-10-06 18:11:17 -0700,1
Melody’s Apple Watch,count,2020-10-06 20:15:19 -0700,2020-10-06 20:16:18 -0700,2
Melody’s iPhone,count,2020-10-06 15:07:37 -0700,2020-10-06 15:07:39 -0700,1
Melody’s iPhone,count,2020-10-06 17:17:46 -0700,2020-10-06 17:17:49 -0700,1
Melody’s iPhone,count,2020-10-06 18:11:12 -0700,2020-10-06 18:11:15 -0700,1
Melody’s Apple Watch,count,2020-10-07 08:03:12 -0700,2020-10-07 08:03:14 -0700,1
Melody’s iPhone,count,2020-10-07 23:28:34 -0700,2020-10-07 23:28:41 -0700,1
Melody’s iPhone,count,2020-10-07 08:03:00 -0700,2020-10-07 08:03:07 -0700,1
Melody’s iPhone,count,2020-10-07 15:16:06 -0700,2020-10-07 15:25:53 -0700,6
Melody’s iPhone,count,2020-10-07 15:26:11 -0700,2020-10-07 15:30:24 -0700,11
Melody’s iPhone,count,2020-10-07 17:05:48 -0700,2020-10-07 17:05:50 -0700,1
Melody’s Apple Watch,count,2020-10-07 15:16:09 -0700,2020-10-07 15:25:53 -0700,7
Melody’s Apple Watch,count,2020-10-07 15:26:11 -0700,2020-10-07 15:30:19 -0700,8
Melody’s Apple Watch,count,2020-10-07 23:28:34 -0700,2020-10-07 23:28:36 -0700,1
Melody’s iPhone,count,2020-10-08 12:59:26 -0700,2020-10-08 12:59:28 -0700,1
Melody’s iPhone,count,2020-10-08 15:02:01 -0700,2020-10-08 15:04:37 -0700,3
Melody’s iPhone,count,2020-10-08 15:12:04 -0700,2020-10-08 15:19:26 -0700,5
Melody’s iPhone,count,2020-10-08 15:22:43 -0700,2020-10-08 15:25:39 -0700,3
Melody’s Apple Watch,count,2020-10-08 10:51:50 -0700,2020-10-08 10:51:53 -0700,1
Melody’s Apple Watch,count,2020-10-08 12:53:31 -0700,2020-10-08 12:53:34 -0700,1
Melody’s Apple Watch,count,2020-10-08 12:59:29 -0700,2020-10-08 12:59:32 -0700,1
Melody’s Apple Watch,count,2020-10-08 13:25:51 -0700,2020-10-08 13:25:53 -0700,1
Melody’s Apple Watch,count,2020-10-08 13:42:49 -0700,2020-10-08 13:42:52 -0700,1
Melody’s Apple Watch,count,2020-10-08 13:54:46 -0700,2020-10-08 13:54:49 -0700,1
Melody’s Apple Watch,count,2020-10-08 14:59:42 -0700,2020-10-08 14:59:45 -0700,1
Melody’s Apple Watch,count,2020-10-08 15:02:11 -0700,2020-10-08 15:02:57 -0700,3
Melody’s Apple Watch,count,2020-10-08 15:04:37 -0700,2020-10-08 15:04:39 -0700,1
Melody’s Apple Watch,count,2020-10-08 15:14:21 -0700,2020-10-08 15:14:54 -0700,2
Melody’s Apple Watch,count,2020-10-08 15:18:34 -0700,2020-10-08 15:18:37 -0700,1
Melody’s Apple Watch,count,2020-10-08 15:20:04 -0700,2020-10-08 15:20:06 -0700,1
Melody’s Apple Watch,count,2020-10-08 15:22:53 -0700,2020-10-08 15:28:21 -0700,4
Melody’s Apple Watch,count,2020-10-08 16:24:20 -0700,2020-10-08 16:24:23 -0700,1
Melody’s iPhone,count,2020-10-08 16:39:58 -0700,2020-10-08 16:49:51 -0700,6
Melody’s iPhone,count,2020-10-08 19:23:38 -0700,2020-10-08 19:31:05 -0700,2
Melody’s iPhone,count,2020-10-08 19:43:21 -0700,2020-10-08 19:43:24 -0700,1
Melody’s Apple Watch,count,2020-10-08 16:40:13 -0700,2020-10-08 16:49:54 -0700,5
Melody’s Apple Watch,count,2020-10-08 17:22:38 -0700,2020-10-08 17:28:46 -0700,2
Melody’s Apple Watch,count,2020-10-08 19:23:39 -0700,2020-10-08 19:31:09 -0700,2
Melody’s Apple Watch,count,2020-10-08 19:43:21 -0700,2020-10-08 19:43:24 -0700,1
Melody’s Apple Watch,count,2020-10-08 22:40:13 -0700,2020-10-08 22:40:16 -0700,1
Melody’s iPhone,count,2020-10-09 08:07:43 -0700,2020-10-09 08:07:45 -0700,1
Melody’s iPhone,count,2020-10-09 18:48:41 -0700,2020-10-09 18:52:36 -0700,3
Melody’s iPhone,count,2020-10-09 19:03:04 -0700,2020-10-09 19:03:07 -0700,1
Melody’s Apple Watch,count,2020-10-09 07:44:02 -0700,2020-10-09 07:44:05 -0700,1
Melody’s Apple Watch,count,2020-10-09 07:46:15 -0700,2020-10-09 07:46:18 -0700,1
Melody’s Apple Watch,count,2020-10-09 08:07:43 -0700,2020-10-09 08:07:45 -0700,1
Melody’s Apple Watch,count,2020-10-09 14:51:45 -0700,2020-10-09 14:51:47 -0700,1
Melody’s Apple Watch,count,2020-10-09 15:47:49 -0700,2020-10-09 15:47:51 -0700,1
Melody’s Apple Watch,count,2020-10-09 18:41:53 -0700,2020-10-09 18:49:06 -0700,4
Melody’s Apple Watch,count,2020-10-09 18:52:35 -0700,2020-10-09 18:52:38 -0700,1
Melody’s Apple Watch,count,2020-10-09 19:03:03 -0700,2020-10-09 19:05:26 -0700,1
Melody’s Apple Watch,count,2020-10-09 19:54:04 -0700,2020-10-09 19:54:07 -0700,1
Melody’s Apple Watch,count,2020-10-10 11:16:46 -0700,2020-10-10 11:20:11 -0700,4
Melody’s Apple Watch,count,2020-10-10 11:27:21 -0700,2020-10-10 11:37:08 -0700,8
Melody’s iPhone,count,2020-10-09 19:48:58 -0700,2020-10-09 19:49:05 -0700,2
Melody’s iPhone,count,2020-10-09 21:05:33 -0700,2020-10-09 21:05:35 -0700,1
Melody’s iPhone,count,2020-10-10 09:06:57 -0700,2020-10-10 09:07:00 -0700,1
Melody’s iPhone,count,2020-10-10 10:58:07 -0700,2020-10-10 10:58:10 -0700,1
Melody’s iPhone,count,2020-10-10 11:16:46 -0700,2020-10-10 11:20:07 -0700,4
Melody’s iPhone,count,2020-10-10 11:27:17 -0700,2020-10-10 11:37:04 -0700,11
Melody’s Apple Watch,count,2020-10-10 11:37:33 -0700,2020-10-10 11:46:00 -0700,4
Melody’s Apple Watch,count,2020-10-10 11:49:02 -0700,2020-10-10 11:50:39 -0700,4
Melody’s Apple Watch,count,2020-10-10 12:01:22 -0700,2020-10-10 12:01:24 -0700,1
Melody’s Apple Watch,count,2020-10-10 12:11:44 -0700,2020-10-10 12:20:49 -0700,5
Melody’s Apple Watch,count,2020-10-10 12:24:24 -0700,2020-10-10 12:24:27 -0700,1
Melody’s Apple Watch,count,2020-10-10 19:26:19 -0700,2020-10-10 19:26:42 -0700,1
Melody’s Apple Watch,count,2020-10-10 19:29:16 -0700,2020-10-10 19:29:18 -0700,1
Melody’s iPhone,count,2020-10-10 11:37:30 -0700,2020-10-10 11:45:48 -0700,4
Melody’s iPhone,count,2020-10-10 11:48:57 -0700,2020-10-10 11:50:44 -0700,5
Melody’s iPhone,count,2020-10-10 12:01:25 -0700,2020-10-10 12:01:28 -0700,1
Melody’s iPhone,count,2020-10-10 12:11:49 -0700,2020-10-10 12:20:45 -0700,5
Melody’s iPhone,count,2020-10-10 19:26:21 -0700,2020-10-10 19:26:44 -0700,1
Melody’s iPhone,count,2020-10-11 12:58:04 -0700,2020-10-11 12:58:07 -0700,1
Melody’s Apple Watch,count,2020-10-10 21:10:24 -0700,2020-10-10 21:10:26 -0700,1
Melody’s Apple Watch,count,2020-10-11 12:58:08 -0700,2020-10-11 12:58:10 -0700,1
Melody’s Apple Watch,count,2020-10-11 14:45:24 -0700,2020-10-11 14:45:27 -0700,1
Melody’s iPhone,count,2020-10-11 18:47:36 -0700,2020-10-11 18:47:44 -0700,1
Melody’s iPhone,count,2020-10-12 10:26:31 -0700,2020-10-12 10:27:01 -0700,2
Melody’s Apple Watch,count,2020-10-12 10:26:33 -0700,2020-10-12 10:27:01 -0700,2
Melody’s Apple Watch,count,2020-10-12 10:54:01 -0700,2020-10-12 10:54:06 -0700,1
Melody’s Apple Watch,count,2020-10-12 11:41:23 -0700,2020-10-12 11:41:25 -0700,1
Melody’s Apple Watch,count,2020-10-12 13:39:41 -0700,2020-10-12 13:39:43 -0700,1
Melody’s Apple Watch,count,2020-10-12 13:42:50 -0700,2020-10-12 13:42:53 -0700,1
Melody’s Apple Watch,count,2020-10-12 13:45:37 -0700,2020-10-12 13:45:39 -0700,1
Melody’s iPhone,count,2020-10-12 10:54:04 -0700,2020-10-12 10:54:06 -0700,1
Melody’s iPhone,count,2020-10-12 13:39:39 -0700,2020-10-12 13:39:42 -0700,1
Melody’s iPhone,count,2020-10-12 20:22:33 -0700,2020-10-12 20:22:36 -0700,1
Melody’s Apple Watch,count,2020-10-12 14:28:24 -0700,2020-10-12 14:28:27 -0700,1
Melody’s Apple Watch,count,2020-10-12 17:03:03 -0700,2020-10-12 17:03:06 -0700,1
Melody’s Apple Watch,count,2020-10-12 18:24:53 -0700,2020-10-12 18:24:56 -0700,1
Melody’s Apple Watch,count,2020-10-12 20:22:36 -0700,2020-10-12 20:22:38 -0700,1
Melody’s Apple Watch,count,2020-10-12 20:38:59 -0700,2020-10-12 20:39:01 -0700,1
Melody’s iPhone,count,2020-10-13 11:58:31 -0700,2020-10-13 11:58:33 -0700,1
Melody’s Apple Watch,count,2020-10-12 23:39:23 -0700,2020-10-12 23:39:25 -0700,1
Melody’s Apple Watch,count,2020-10-13 08:47:33 -0700,2020-10-13 08:47:36 -0700,1
Melody’s Apple Watch,count,2020-10-13 10:54:52 -0700,2020-10-13 10:54:57 -0700,1
Melody’s Apple Watch,count,2020-10-13 11:58:31 -0700,2020-10-13 11:58:34 -0700,1
Melody’s Apple Watch,count,2020-10-13 12:51:18 -0700,2020-10-13 12:51:25 -0700,1
Melody’s Apple Watch,count,2020-10-13 14:37:58 -0700,2020-10-13 14:38:00 -0700,1
Melody’s Apple Watch,count,2020-10-13 15:06:20 -0700,2020-10-13 15:06:22 -0700,1
Melody’s Apple Watch,count,2020-10-13 15:25:29 -0700,2020-10-13 15:25:32 -0700,1
Melody’s Apple Watch,count,2020-10-13 16:16:39 -0700,2020-10-13 16:16:41 -0700,1
Melody’s Apple Watch,count,2020-10-13 17:19:45 -0700,2020-10-13 17:19:48 -0700,1
Melody’s Apple Watch,count,2020-10-13 18:16:46 -0700,2020-10-13 18:16:48 -0700,1
Melody’s Apple Watch,count,2020-10-13 18:26:32 -0700,2020-10-13 18:27:26 -0700,4
Melody’s Apple Watch,count,2020-10-13 20:14:39 -0700,2020-10-13 20:14:42 -0700,1
Melody’s iPhone,count,2020-10-13 16:16:38 -0700,2020-10-13 16:16:41 -0700,1
Melody’s iPhone,count,2020-10-13 18:26:32 -0700,2020-10-13 18:27:33 -0700,4
Melody’s iPhone,count,2020-10-13 20:14:35 -0700,2020-10-13 20:15:03 -0700,2
Melody’s iPhone,count,2020-10-14 10:23:47 -0700,2020-10-14 10:24:38 -0700,3
Melody’s iPhone,count,2020-10-14 10:47:17 -0700,2020-10-14 10:47:19 -0700,1
Melody’s Apple Watch,count,2020-10-14 10:23:55 -0700,2020-10-14 10:24:36 -0700,3
Melody’s iPhone,count,2020-10-14 13:13:23 -0700,2020-10-14 13:13:43 -0700,1
Melody’s iPhone,count,2020-10-14 19:11:40 -0700,2020-10-14 19:11:48 -0700,1
Melody’s iPhone,count,2020-10-14 21:47:31 -0700,2020-10-14 21:47:34 -0700,1
Melody’s iPhone,count,2020-10-14 23:28:56 -0700,2020-10-14 23:28:59 -0700,1
Melody’s Apple Watch,count,2020-10-14 13:13:29 -0700,2020-10-14 13:13:32 -0700,1
Melody’s Apple Watch,count,2020-10-14 15:07:10 -0700,2020-10-14 15:07:12 -0700,1
Melody’s Apple Watch,count,2020-10-14 15:29:24 -0700,2020-10-14 15:29:26 -0700,1
Melody’s Apple Watch,count,2020-10-14 18:52:26 -0700,2020-10-14 18:52:28 -0700,1
Melody’s Apple Watch,count,2020-10-14 19:11:41 -0700,2020-10-14 19:11:48 -0700,1
Melody’s Apple Watch,count,2020-10-14 23:29:04 -0700,2020-10-14 23:29:06 -0700,1
Melody’s iPhone,count,2020-10-15 10:37:17 -0700,2020-10-15 10:37:19 -0700,1
Melody’s iPhone,count,2020-10-15 11:23:16 -0700,2020-10-15 11:27:40 -0700,5
Melody’s Apple Watch,count,2020-10-15 10:37:17 -0700,2020-10-15 10:37:19 -0700,1
Melody’s iPhone,count,2020-10-15 13:13:04 -0700,2020-10-15 13:13:11 -0700,1
Melody’s iPhone,count,2020-10-15 22:13:57 -0700,2020-10-15 22:17:26 -0700,2
Melody’s Apple Watch,count,2020-10-15 11:23:08 -0700,2020-10-15 11:23:10 -0700,1
Melody’s Apple Watch,count,2020-10-15 11:24:45 -0700,2020-10-15 11:25:06 -0700,2
Melody’s Apple Watch,count,2020-10-15 11:25:57 -0700,2020-10-15 11:26:00 -0700,1
Melody’s Apple Watch,count,2020-10-15 12:03:59 -0700,2020-10-15 12:04:02 -0700,1
Melody’s Apple Watch,count,2020-10-15 12:11:35 -0700,2020-10-15 12:11:37 -0700,1
Melody’s Apple Watch,count,2020-10-15 13:13:09 -0700,2020-10-15 13:13:12 -0700,1
Melody’s Apple Watch,count,2020-10-15 14:51:05 -0700,2020-10-15 14:51:07 -0700,1
Melody’s Apple Watch,count,2020-10-15 15:34:33 -0700,2020-10-15 15:34:36 -0700,1
Melody’s Apple Watch,count,2020-10-15 18:14:05 -0700,2020-10-15 18:14:07 -0700,1
Melody’s Apple Watch,count,2020-10-15 22:14:02 -0700,2020-10-15 22:17:27 -0700,2
Melody’s iPhone,count,2020-10-16 12:03:06 -0700,2020-10-16 12:03:08 -0700,1
Melody’s Apple Watch,count,2020-10-16 09:07:49 -0700,2020-10-16 09:07:51 -0700,1
Melody’s Apple Watch,count,2020-10-16 12:03:10 -0700,2020-10-16 12:03:13 -0700,1
Melody’s Apple Watch,count,2020-10-16 12:50:59 -0700,2020-10-16 12:51:35 -0700,2
Melody’s Apple Watch,count,2020-10-16 12:51:58 -0700,2020-10-16 12:52:01 -0700,1
Melody’s Apple Watch,count,2020-10-16 12:53:43 -0700,2020-10-16 12:53:46 -0700,1
Melody’s Apple Watch,count,2020-10-16 13:00:48 -0700,2020-10-16 13:00:51 -0700,1
Melody’s Apple Watch,count,2020-10-16 13:05:51 -0700,2020-10-16 13:05:53 -0700,1
Melody’s Apple Watch,count,2020-10-16 13:08:19 -0700,2020-10-16 13:08:42 -0700,2
Melody’s Apple Watch,count,2020-10-16 13:09:51 -0700,2020-10-16 13:09:54 -0700,1
Melody’s Apple Watch,count,2020-10-16 13:10:22 -0700,2020-10-16 13:11:57 -0700,4
Melody’s iPhone,count,2020-10-16 12:51:17 -0700,2020-10-16 13:00:49 -0700,3
Melody’s iPhone,count,2020-10-16 13:02:16 -0700,2020-10-16 13:10:45 -0700,9
Melody’s Apple Watch,count,2020-10-16 13:25:35 -0700,2020-10-16 13:25:38 -0700,1
Melody’s iPhone,count,2020-10-16 13:17:23 -0700,2020-10-16 13:25:34 -0700,5
Melody’s iPhone,count,2020-10-16 13:38:36 -0700,2020-10-16 13:38:39 -0700,1
Melody’s Apple Watch,count,2020-10-16 13:38:41 -0700,2020-10-16 13:38:44 -0700,1
Melody’s Apple Watch,count,2020-10-16 14:09:16 -0700,2020-10-16 14:10:07 -0700,3
Melody’s Apple Watch,count,2020-10-16 14:10:20 -0700,2020-10-16 14:10:23 -0700,1
Melody’s iPhone,count,2020-10-16 14:09:11 -0700,2020-10-16 14:18:30 -0700,5
Melody’s iPhone,count,2020-10-16 18:54:10 -0700,2020-10-16 18:54:13 -0700,1
Melody’s iPhone,count,2020-10-16 23:24:12 -0700,2020-10-16 23:24:15 -0700,1
Melody’s iPhone,count,2020-10-16 23:54:56 -0700,2020-10-16 23:54:59 -0700,1
Melody’s iPhone,count,2020-10-17 10:22:14 -0700,2020-10-17 10:22:17 -0700,1
Melody’s iPhone,count,2020-10-17 19:21:17 -0700,2020-10-17 19:22:01 -0700,2
Melody’s iPhone,count,2020-10-18 14:04:47 -0700,2020-10-18 14:10:42 -0700,2
Melody’s iPhone,count,2020-10-18 23:04:58 -0700,2020-10-18 23:05:01 -0700,1
Melody’s Apple Watch,count,2020-10-16 14:18:26 -0700,2020-10-16 14:18:28 -0700,1
Melody’s Apple Watch,count,2020-10-19 08:52:22 -0700,2020-10-19 08:52:24 -0700,1
Melody’s Apple Watch,count,2020-10-19 09:30:33 -0700,2020-10-19 09:30:43 -0700,1
Melody’s iPhone,count,2020-10-19 00:35:53 -0700,2020-10-19 00:36:01 -0700,1
Melody’s iPhone,count,2020-10-19 11:50:56 -0700,2020-10-19 11:55:11 -0700,4
Melody’s iPhone,count,2020-10-19 14:40:47 -0700,2020-10-19 14:43:51 -0700,1
Melody’s Apple Watch,count,2020-10-19 11:51:01 -0700,2020-10-19 11:53:19 -0700,3
Melody’s Apple Watch,count,2020-10-19 14:19:14 -0700,2020-10-19 14:19:16 -0700,1
Melody’s Apple Watch,count,2020-10-19 14:40:52 -0700,2020-10-19 14:40:54 -0700,1
Melody’s Apple Watch,count,2020-10-19 15:26:44 -0700,2020-10-19 15:26:47 -0700,1
Melody’s Apple Watch,count,2020-10-19 17:40:04 -0700,2020-10-19 17:49:07 -0700,8
Melody’s Apple Watch,count,2020-10-19 18:23:48 -0700,2020-10-19 18:23:50 -0700,1
Melody’s iPhone,count,2020-10-19 15:26:40 -0700,2020-10-19 15:26:42 -0700,1
Melody’s iPhone,count,2020-10-19 22:46:52 -0700,2020-10-19 22:46:54 -0700,1
Melody’s iPhone,count,2020-10-20 11:22:51 -0700,2020-10-20 11:22:54 -0700,1
Melody’s Apple Watch,count,2020-10-20 07:36:25 -0700,2020-10-20 07:36:28 -0700,1
Melody’s Apple Watch,count,2020-10-20 11:22:57 -0700,2020-10-20 11:22:59 -0700,1
Melody’s Apple Watch,count,2020-10-20 15:53:54 -0700,2020-10-20 15:53:57 -0700,1
Melody’s Apple Watch,count,2020-10-20 18:54:37 -0700,2020-10-20 18:54:39 -0700,1
Melody’s Apple Watch,count,2020-10-20 19:52:26 -0700,2020-10-20 19:52:29 -0700,1
Melody’s Apple Watch,count,2020-10-20 20:42:37 -0700,2020-10-20 20:42:40 -0700,1
Melody’s Apple Watch,count,2020-10-21 10:00:45 -0700,2020-10-21 10:00:48 -0700,1
Melody’s Apple Watch,count,2020-10-21 10:07:04 -0700,2020-10-21 10:07:09 -0700,1
Melody’s Apple Watch,count,2020-10-21 10:25:15 -0700,2020-10-21 10:25:35 -0700,1
Melody’s iPhone,count,2020-10-20 18:54:33 -0700,2020-10-20 20:36:22 -0700,1
Melody’s iPhone,count,2020-10-20 20:42:32 -0700,2020-10-20 20:42:35 -0700,1
Melody’s Apple Watch,count,2020-10-21 12:09:21 -0700,2020-10-21 12:09:32 -0700,1
Melody’s Apple Watch,count,2020-10-21 16:18:54 -0700,2020-10-21 16:19:53 -0700,3
Melody’s iPhone,count,2020-10-21 16:18:12 -0700,2020-10-21 16:24:53 -0700,4
Melody’s iPhone,count,2020-10-21 20:47:13 -0700,2020-10-21 20:47:16 -0700,1
Melody’s Apple Watch,count,2020-10-21 20:47:17 -0700,2020-10-21 20:47:19 -0700,1
Melody’s Apple Watch,count,2020-10-22 09:02:23 -0700,2020-10-22 09:02:26 -0700,1
Melody’s Apple Watch,count,2020-10-22 12:17:11 -0700,2020-10-22 12:17:14 -0700,1
Melody’s Apple Watch,count,2020-10-22 12:54:03 -0700,2020-10-22 12:54:06 -0700,1
Melody’s Apple Watch,count,2020-10-22 16:02:34 -0700,2020-10-22 16:02:36 -0700,1
Melody’s Apple Watch,count,2020-10-22 17:22:56 -0700,2020-10-22 17:22:59 -0700,1
Melody’s Apple Watch,count,2020-10-22 17:27:48 -0700,2020-10-22 17:27:50 -0700,1
Melody’s Apple Watch,count,2020-10-22 18:54:37 -0700,2020-10-22 18:54:40 -0700,1
Melody’s Apple Watch,count,2020-10-22 19:49:55 -0700,2020-10-22 19:50:49 -0700,2
Melody’s iPhone,count,2020-10-22 18:53:41 -0700,2020-10-22 18:54:34 -0700,3
Melody’s iPhone,count,2020-10-22 19:49:52 -0700,2020-10-22 19:50:46 -0700,2
Melody’s iPhone,count,2020-10-22 21:16:38 -0700,2020-10-22 22:33:33 -0700,1
Melody’s Apple Watch,count,2020-10-22 20:31:34 -0700,2020-10-22 20:31:36 -0700,1
Melody’s Apple Watch,count,2020-10-22 21:16:42 -0700,2020-10-22 21:16:45 -0700,1
Melody’s Apple Watch,count,2020-10-23 20:39:12 -0700,2020-10-23 20:43:23 -0700,2
Melody’s Apple Watch,count,2020-10-23 20:53:32 -0700,2020-10-23 20:53:34 -0700,1
Melody’s Apple Watch,count,2020-10-23 23:47:04 -0700,2020-10-23 23:47:06 -0700,1
Melody’s Apple Watch,count,2020-10-24 00:48:02 -0700,2020-10-24 00:48:05 -0700,1
Melody’s Apple Watch,count,2020-10-24 01:03:06 -0700,2020-10-24 01:03:09 -0700,1
Melody’s iPhone,count,2020-10-23 09:22:40 -0700,2020-10-23 09:22:52 -0700,1
Melody’s iPhone,count,2020-10-23 12:10:01 -0700,2020-10-23 12:16:48 -0700,2
Melody’s iPhone,count,2020-10-23 12:22:30 -0700,2020-10-23 12:22:33 -0700,1
Melody’s iPhone,count,2020-10-23 13:02:22 -0700,2020-10-23 13:02:24 -0700,1
Melody’s iPhone,count,2020-10-23 20:39:10 -0700,2020-10-23 20:43:18 -0700,2
Melody’s iPhone,count,2020-10-23 23:46:56 -0700,2020-10-23 23:47:42 -0700,1
Melody’s iPhone,count,2020-10-24 00:47:57 -0700,2020-10-24 00:48:02 -0700,1
Melody’s iPhone,count,2020-10-24 01:03:09 -0700,2020-10-24 01:03:12 -0700,1
Melody’s Apple Watch,count,2020-10-24 11:37:07 -0700,2020-10-24 11:37:25 -0700,1
Melody’s Apple Watch,count,2020-10-24 18:55:48 -0700,2020-10-24 18:55:50 -0700,1
Melody’s Apple Watch,count,2020-10-24 19:39:37 -0700,2020-10-24 19:39:39 -0700,1
Melody’s Apple Watch,count,2020-10-24 19:58:54 -0700,2020-10-24 19:58:56 -0700,1
Melody’s Apple Watch,count,2020-10-24 20:30:38 -0700,2020-10-24 20:30:41 -0700,1
Melody’s Apple Watch,count,2020-10-25 12:14:45 -0700,2020-10-25 12:14:47 -0700,1
Melody’s iPhone,count,2020-10-24 11:37:07 -0700,2020-10-24 11:37:10 -0700,1
Melody’s iPhone,count,2020-10-24 19:58:50 -0700,2020-10-24 19:58:53 -0700,1
Melody’s iPhone,count,2020-10-24 20:30:35 -0700,2020-10-24 20:30:37 -0700,1
Melody’s iPhone,count,2020-10-24 21:18:10 -0700,2020-10-24 21:18:12 -0700,1
Melody’s iPhone,count,2020-10-24 22:00:17 -0700,2020-10-24 22:08:17 -0700,1
Melody’s iPhone,count,2020-10-24 22:11:13 -0700,2020-10-24 22:12:53 -0700,2
Melody’s iPhone,count,2020-10-24 22:38:06 -0700,2020-10-24 22:41:20 -0700,2
Melody’s Apple Watch,count,2020-10-25 21:34:26 -0700,2020-10-25 21:34:29 -0700,1
Melody’s Apple Watch,count,2020-10-25 22:05:48 -0700,2020-10-25 22:07:56 -0700,6
Melody’s Apple Watch,count,2020-10-25 23:19:55 -0700,2020-10-25 23:19:58 -0700,1
Melody’s iPhone,count,2020-10-25 21:34:25 -0700,2020-10-25 21:34:33 -0700,1
Melody’s iPhone,count,2020-10-25 22:59:47 -0700,2020-10-25 23:00:15 -0700,1
Melody’s Apple Watch,count,2020-10-26 14:11:28 -0700,2020-10-26 14:11:30 -0700,1
Melody’s Apple Watch,count,2020-10-26 14:13:38 -0700,2020-10-26 14:13:41 -0700,1
Melody’s Apple Watch,count,2020-10-26 14:26:32 -0700,2020-10-26 14:26:34 -0700,1
Melody’s iPhone,count,2020-10-26 14:11:24 -0700,2020-10-26 14:11:26 -0700,1
Melody’s iPhone,count,2020-10-26 15:02:07 -0700,2020-10-26 15:02:09 -0700,1
Melody’s iPhone,count,2020-10-26 15:15:41 -0700,2020-10-26 15:18:25 -0700,4
Melody’s Apple Watch,count,2020-10-26 15:02:12 -0700,2020-10-26 15:02:14 -0700,1
Melody’s Apple Watch,count,2020-10-26 15:17:43 -0700,2020-10-26 15:18:27 -0700,3
Melody’s Apple Watch,count,2020-10-26 19:07:48 -0700,2020-10-26 19:08:34 -0700,3
Melody’s Apple Watch,count,2020-10-26 19:08:54 -0700,2020-10-26 19:09:43 -0700,3
Melody’s Apple Watch,count,2020-10-26 19:10:06 -0700,2020-10-26 19:10:31 -0700,2
Melody’s Apple Watch,count,2020-10-26 19:10:54 -0700,2020-10-26 19:13:59 -0700,9
Melody’s Apple Watch,count,2020-10-26 19:22:23 -0700,2020-10-26 19:23:07 -0700,3
Melody’s Apple Watch,count,2020-10-26 19:23:27 -0700,2020-10-26 19:24:16 -0700,3
Melody’s Apple Watch,count,2020-10-26 19:26:39 -0700,2020-10-26 19:26:41 -0700,1
Melody’s iPhone,count,2020-10-26 19:07:38 -0700,2020-10-26 19:13:46 -0700,17
Melody’s iPhone,count,2020-10-26 19:22:27 -0700,2020-10-26 19:26:40 -0700,11
Melody’s iPhone,count,2020-10-26 23:30:12 -0700,2020-10-26 23:31:05 -0700,2
Melody’s iPhone,count,2020-10-27 11:57:45 -0700,2020-10-27 11:57:47 -0700,1
Melody’s Apple Watch,count,2020-10-26 23:30:14 -0700,2020-10-26 23:31:08 -0700,2
Melody’s Apple Watch,count,2020-10-27 11:33:02 -0700,2020-10-27 11:33:05 -0700,1
Melody’s Apple Watch,count,2020-10-27 11:57:44 -0700,2020-10-27 11:57:47 -0700,1
Melody’s Apple Watch,count,2020-10-27 15:54:21 -0700,2020-10-27 15:54:24 -0700,1
Melody’s Apple Watch,count,2020-10-27 19:11:38 -0700,2020-10-27 19:11:41 -0700,1
Melody’s Apple Watch,count,2020-10-27 19:27:48 -0700,2020-10-27 19:27:51 -0700,1
Melody’s iPhone,count,2020-10-27 15:54:19 -0700,2020-10-27 15:54:22 -0700,1
Melody’s Apple Watch,count,2020-10-27 22:57:58 -0700,2020-10-27 22:58:00 -0700,1
Melody’s Apple Watch,count,2020-10-28 09:42:38 -0700,2020-10-28 09:42:41 -0700,1
Melody’s Apple Watch,count,2020-10-28 11:53:09 -0700,2020-10-28 11:57:32 -0700,2
Melody’s Apple Watch,count,2020-10-28 13:22:49 -0700,2020-10-28 13:22:51 -0700,1
Melody’s Apple Watch,count,2020-10-28 14:06:32 -0700,2020-10-28 14:07:16 -0700,1
Melody’s Apple Watch,count,2020-10-28 14:18:57 -0700,2020-10-28 14:18:59 -0700,1
Melody’s iPhone,count,2020-10-28 13:22:47 -0700,2020-10-28 13:22:50 -0700,1
Melody’s iPhone,count,2020-10-28 14:15:12 -0700,2020-10-28 14:18:57 -0700,2
Melody’s iPhone,count,2020-10-28 15:31:50 -0700,2020-10-28 15:31:52 -0700,1
Melody’s iPhone,count,2020-10-28 16:01:23 -0700,2020-10-28 16:01:30 -0700,1
Melody’s Apple Watch,count,2020-10-28 15:31:51 -0700,2020-10-28 15:31:54 -0700,1
Melody’s Apple Watch,count,2020-10-28 16:01:27 -0700,2020-10-28 16:01:30 -0700,1
Melody’s Apple Watch,count,2020-10-28 19:14:52 -0700,2020-10-28 19:15:10 -0700,2
Melody’s Apple Watch,count,2020-10-28 23:58:43 -0700,2020-10-28 23:58:45 -0700,1
Melody’s iPhone,count,2020-10-28 19:05:34 -0700,2020-10-28 19:14:49 -0700,2
Melody’s iPhone,count,2020-10-28 19:14:59 -0700,2020-10-28 22:16:01 -0700,1
Melody’s iPhone,count,2020-10-29 09:48:43 -0700,2020-10-29 09:48:46 -0700,1
Melody’s Apple Watch,count,2020-10-29 09:48:47 -0700,2020-10-29 09:48:49 -0700,1
Melody’s Apple Watch,count,2020-10-29 15:26:32 -0700,2020-10-29 15:26:34 -0700,1
Melody’s Apple Watch,count,2020-10-30 11:36:02 -0700,2020-10-30 11:36:05 -0700,1
Melody’s Apple Watch,count,2020-10-30 12:32:54 -0700,2020-10-30 12:36:58 -0700,4
Melody’s Apple Watch,count,2020-10-30 12:43:44 -0700,2020-10-30 12:50:52 -0700,8
Melody’s Apple Watch,count,2020-10-30 12:56:09 -0700,2020-10-30 12:56:35 -0700,2
Melody’s Apple Watch,count,2020-10-30 13:23:01 -0700,2020-10-30 13:24:05 -0700,4
Melody’s Apple Watch,count,2020-10-30 13:33:41 -0700,2020-10-30 13:33:44 -0700,1
Melody’s iPhone,count,2020-10-30 12:32:53 -0700,2020-10-30 12:40:35 -0700,8
Melody’s iPhone,count,2020-10-30 12:43:44 -0700,2020-10-30 12:50:43 -0700,10
Melody’s iPhone,count,2020-10-30 12:56:05 -0700,2020-10-30 12:56:31 -0700,2
Melody’s iPhone,count,2020-10-30 13:09:20 -0700,2020-10-30 13:14:14 -0700,2
Melody’s iPhone,count,2020-10-30 13:22:50 -0700,2020-10-30 13:23:54 -0700,3
Melody’s iPhone,count,2020-10-30 13:33:36 -0700,2020-10-30 13:33:39 -0700,1
Melody’s iPhone,count,2020-10-30 15:06:26 -0700,2020-10-30 15:06:29 -0700,1
Melody’s iPhone,count,2020-10-30 15:37:26 -0700,2020-10-30 15:37:31 -0700,1
Melody’s Apple Watch,count,2020-10-30 15:06:24 -0700,2020-10-30 15:06:27 -0700,1
Melody’s Apple Watch,count,2020-10-30 15:37:28 -0700,2020-10-30 15:37:31 -0700,1
Melody’s Apple Watch,count,2020-10-31 13:34:05 -0700,2020-10-31 13:34:33 -0700,1
Melody’s Apple Watch,count,2020-10-31 17:56:24 -0700,2020-10-31 17:56:26 -0700,1
Melody’s Apple Watch,count,2020-11-01 21:31:22 -0700,2020-11-01 21:31:24 -0700,1
Melody’s Apple Watch,count,2020-11-01 22:07:30 -0700,2020-11-01 22:07:37 -0700,1
Melody’s iPhone,count,2020-10-31 12:31:45 -0700,2020-10-31 12:31:47 -0700,1
Melody’s iPhone,count,2020-10-31 13:34:03 -0700,2020-10-31 13:34:06 -0700,1
Melody’s iPhone,count,2020-11-01 11:18:35 -0700,2020-11-01 12:54:36 -0700,1
Melody’s iPhone,count,2020-11-01 16:57:35 -0700,2020-11-01 16:57:38 -0700,1
Melody’s iPhone,count,2020-11-01 17:17:15 -0700,2020-11-01 17:17:51 -0700,1
Melody’s iPhone,count,2020-11-01 21:34:03 -0700,2020-11-01 21:36:49 -0700,4
Melody’s iPhone,count,2020-11-02 01:06:37 -0700,2020-11-02 01:06:42 -0700,1
Melody’s iPhone,count,2020-11-02 07:50:53 -0700,2020-11-02 07:59:08 -0700,2
Melody’s iPhone,count,2020-11-02 14:19:23 -0700,2020-11-02 14:21:05 -0700,2
Melody’s iPhone,count,2020-11-02 15:16:06 -0700,2020-11-02 15:18:44 -0700,6
Melody’s Apple Watch,count,2020-11-02 14:19:28 -0700,2020-11-02 14:19:30 -0700,1
Melody’s Apple Watch,count,2020-11-02 14:21:05 -0700,2020-11-02 14:21:07 -0700,1
Melody’s Apple Watch,count,2020-11-02 15:14:58 -0700,2020-11-02 15:15:01 -0700,1
Melody’s Apple Watch,count,2020-11-02 15:16:10 -0700,2020-11-02 15:17:09 -0700,3
Melody’s Apple Watch,count,2020-11-02 15:17:24 -0700,2020-11-02 15:17:45 -0700,2
Melody’s Apple Watch,count,2020-11-02 15:18:49 -0700,2020-11-02 15:18:51 -0700,1
Melody’s Apple Watch,count,2020-11-02 15:33:53 -0700,2020-11-02 15:33:55 -0700,1
Melody’s Apple Watch,count,2020-11-02 15:34:54 -0700,2020-11-02 15:35:22 -0700,2
Melody’s Apple Watch,count,2020-11-02 15:39:46 -0700,2020-11-02 15:40:30 -0700,3
Melody’s Apple Watch,count,2020-11-02 15:51:10 -0700,2020-11-02 15:55:59 -0700,5
Melody’s Apple Watch,count,2020-11-02 16:06:42 -0700,2020-11-02 16:06:45 -0700,1
Melody’s Apple Watch,count,2020-11-02 17:02:41 -0700,2020-11-02 17:02:43 -0700,1
Melody’s iPhone,count,2020-11-02 15:33:46 -0700,2020-11-02 15:40:35 -0700,8
Melody’s iPhone,count,2020-11-02 15:46:12 -0700,2020-11-02 15:56:12 -0700,8
Melody’s iPhone,count,2020-11-02 16:06:40 -0700,2020-11-02 16:06:43 -0700,1
Melody’s iPhone,count,2020-11-02 16:37:53 -0700,2020-11-02 16:37:56 -0700,1
Melody’s iPhone,count,2020-11-02 17:02:40 -0700,2020-11-02 17:02:43 -0700,1
Melody’s iPhone,count,2020-11-03 18:12:26 -0700,2020-11-03 18:19:19 -0700,13
Melody’s iPhone,count,2020-11-03 19:09:00 -0700,2020-11-03 19:09:03 -0700,1
Melody’s iPhone,count,2020-11-04 11:07:19 -0700,2020-11-04 11:07:22 -0700,1
Melody’s iPhone,count,2020-11-04 13:45:39 -0700,2020-11-04 13:45:49 -0700,2
Melody’s iPhone,count,2020-11-04 14:27:38 -0700,2020-11-04 14:27:41 -0700,1
Melody’s iPhone,count,2020-11-05 09:36:38 -0700,2020-11-05 09:36:40 -0700,1
Melody’s Apple Watch,count,2020-11-04 15:20:37 -0700,2020-11-04 15:20:40 -0700,1
Melody’s Apple Watch,count,2020-11-04 18:04:31 -0700,2020-11-04 18:04:33 -0700,1
Melody’s Apple Watch,count,2020-11-04 18:52:28 -0700,2020-11-04 18:52:31 -0700,1
Melody’s Apple Watch,count,2020-11-04 19:18:40 -0700,2020-11-04 19:18:43 -0700,1
Melody’s Apple Watch,count,2020-11-05 09:28:25 -0700,2020-11-05 09:28:28 -0700,1
Melody’s Apple Watch,count,2020-11-05 09:36:37 -0700,2020-11-05 09:36:39 -0700,1
Melody’s Apple Watch,count,2020-11-05 14:18:09 -0700,2020-11-05 14:18:11 -0700,1
Melody’s Apple Watch,count,2020-11-05 18:11:54 -0700,2020-11-05 18:12:02 -0700,1
Melody’s Apple Watch,count,2020-11-05 22:14:41 -0700,2020-11-05 22:15:45 -0700,2
Melody’s Apple Watch,count,2020-11-05 22:50:19 -0700,2020-11-05 22:50:21 -0700,1
Melody’s iPhone,count,2020-11-05 22:14:41 -0700,2020-11-05 22:15:44 -0700,2
Melody’s iPhone,count,2020-11-06 08:30:55 -0700,2020-11-06 08:38:53 -0700,2
Melody’s iPhone,count,2020-11-06 17:16:00 -0700,2020-11-06 17:16:02 -0700,1
Melody’s iPhone,count,2020-11-06 17:45:14 -0700,2020-11-06 17:48:49 -0700,9
Melody’s iPhone,count,2020-11-06 17:57:32 -0700,2020-11-06 18:03:27 -0700,9
Melody’s iPhone,count,2020-11-06 18:10:16 -0700,2020-11-06 18:10:44 -0700,2
Melody’s iPhone,count,2020-11-06 19:24:43 -0700,2020-11-06 19:24:46 -0700,1
Melody’s iPhone,count,2020-11-06 23:51:18 -0700,2020-11-06 23:51:20 -0700,1
Melody’s iPhone,count,2020-11-07 11:25:29 -0700,2020-11-07 11:26:00 -0700,2
Melody’s Apple Watch,count,2020-11-06 17:45:19 -0700,2020-11-06 17:48:41 -0700,8
Melody’s Apple Watch,count,2020-11-06 17:57:36 -0700,2020-11-06 18:03:16 -0700,8
Melody’s Apple Watch,count,2020-11-06 18:10:15 -0700,2020-11-06 18:13:19 -0700,3
Melody’s Apple Watch,count,2020-11-06 18:58:37 -0700,2020-11-06 19:01:32 -0700,2
Melody’s Apple Watch,count,2020-11-06 23:51:15 -0700,2020-11-06 23:51:18 -0700,1
Melody’s Apple Watch,count,2020-11-07 19:54:24 -0700,2020-11-07 19:58:58 -0700,2
Melody’s Apple Watch,count,2020-11-07 21:48:02 -0700,2020-11-07 21:48:04 -0700,1
Melody’s iPhone,count,2020-11-07 19:58:53 -0700,2020-11-07 19:58:55 -0700,1
Melody’s iPhone,count,2020-11-07 21:48:00 -0700,2020-11-07 21:48:03 -0700,1
Melody’s Apple Watch,count,2020-11-08 13:07:28 -0700,2020-11-08 13:07:46 -0700,2
Melody’s Apple Watch,count,2020-11-08 13:23:05 -0700,2020-11-08 13:23:08 -0700,1
Melody’s iPhone,count,2020-11-08 13:07:26 -0700,2020-11-08 13:07:55 -0700,2
Melody’s iPhone,count,2020-11-08 13:23:04 -0700,2020-11-08 13:23:06 -0700,1
Melody’s iPhone,count,2020-11-08 14:20:39 -0700,2020-11-08 14:20:42 -0700,1
Melody’s Apple Watch,count,2020-11-08 18:54:46 -0700,2020-11-08 18:54:49 -0700,1
Melody’s Apple Watch,count,2020-11-08 19:26:02 -0700,2020-11-08 19:26:23 -0700,1
Melody’s Apple Watch,count,2020-11-08 21:17:21 -0700,2020-11-08 21:17:24 -0700,1
Melody’s Apple Watch,count,2020-11-08 22:14:49 -0700,2020-11-08 22:14:52 -0700,1
Melody’s Apple Watch,count,2020-11-08 22:55:06 -0700,2020-11-08 22:55:09 -0700,1
Melody’s iPhone,count,2020-11-09 11:18:33 -0700,2020-11-09 11:18:36 -0700,1
Melody’s iPhone,count,2020-11-09 20:36:24 -0700,2020-11-09 20:55:24 -0700,1
Melody’s Apple Watch,count,2020-11-09 12:26:33 -0700,2020-11-09 12:26:36 -0700,1
Melody’s Apple Watch,count,2020-11-09 12:48:08 -0700,2020-11-09 12:48:11 -0700,1
Melody’s Apple Watch,count,2020-11-09 13:12:30 -0700,2020-11-09 13:12:33 -0700,1
Melody’s Apple Watch,count,2020-11-09 15:06:13 -0700,2020-11-09 15:06:15 -0700,1
Melody’s Apple Watch,count,2020-11-09 15:56:28 -0700,2020-11-09 15:56:39 -0700,1
Melody’s Apple Watch,count,2020-11-09 18:57:36 -0700,2020-11-09 18:57:46 -0700,3
Melody’s Apple Watch,count,2020-11-09 19:15:13 -0700,2020-11-09 19:16:14 -0700,2
Melody’s Apple Watch,count,2020-11-09 20:36:22 -0700,2020-11-09 20:36:25 -0700,1
Melody’s iPhone,count,2020-11-10 01:01:24 -0700,2020-11-10 01:01:26 -0700,1
Melody’s iPhone,count,2020-11-10 11:18:03 -0700,2020-11-10 11:18:05 -0700,1
Melody’s Apple Watch,count,2020-11-10 01:01:21 -0700,2020-11-10 01:01:23 -0700,1
Melody’s Apple Watch,count,2020-11-10 17:18:59 -0700,2020-11-10 17:19:06 -0700,1
Melody’s Apple Watch,count,2020-11-10 17:41:28 -0700,2020-11-10 17:41:30 -0700,1
Melody’s Apple Watch,count,2020-11-10 17:52:05 -0700,2020-11-10 17:52:08 -0700,1
Melody’s Apple Watch,count,2020-11-10 18:24:05 -0700,2020-11-10 18:24:07 -0700,1
Melody’s Apple Watch,count,2020-11-10 19:03:15 -0700,2020-11-10 19:05:56 -0700,2
Melody’s Apple Watch,count,2020-11-10 21:02:55 -0700,2020-11-10 21:05:26 -0700,2
Melody’s iPhone,count,2020-11-10 17:41:28 -0700,2020-11-10 17:41:30 -0700,1
Melody’s iPhone,count,2020-11-10 18:24:03 -0700,2020-11-10 18:24:11 -0700,1
Melody’s iPhone,count,2020-11-10 19:05:52 -0700,2020-11-10 19:05:57 -0700,1
Melody’s iPhone,count,2020-11-10 21:02:51 -0700,2020-11-10 21:02:53 -0700,1
Melody’s Apple Watch,count,2020-11-10 22:19:42 -0700,2020-11-10 22:19:45 -0700,1
Melody’s Apple Watch,count,2020-11-11 11:13:05 -0700,2020-11-11 11:13:33 -0700,2
Melody’s Apple Watch,count,2020-11-11 11:15:36 -0700,2020-11-11 11:15:38 -0700,1
Melody’s Apple Watch,count,2020-11-11 11:16:53 -0700,2020-11-11 11:16:55 -0700,1
Melody’s Apple Watch,count,2020-11-11 11:20:46 -0700,2020-11-11 11:21:09 -0700,2
Melody’s Apple Watch,count,2020-11-11 11:23:42 -0700,2020-11-11 11:23:45 -0700,1
Melody’s Apple Watch,count,2020-11-11 11:28:47 -0700,2020-11-11 11:29:13 -0700,2
Melody’s Apple Watch,count,2020-11-11 11:39:17 -0700,2020-11-11 11:39:42 -0700,2
Melody’s Apple Watch,count,2020-11-11 12:00:36 -0700,2020-11-11 12:01:19 -0700,4
Melody’s Apple Watch,count,2020-11-11 12:44:49 -0700,2020-11-11 12:44:51 -0700,1
Melody’s iPhone,count,2020-11-11 11:12:52 -0700,2020-11-11 11:21:04 -0700,6
Melody’s iPhone,count,2020-11-11 11:28:47 -0700,2020-11-11 11:29:10 -0700,2
Melody’s iPhone,count,2020-11-11 11:39:00 -0700,2020-11-11 11:42:47 -0700,5
Melody’s iPhone,count,2020-11-11 12:00:25 -0700,2020-11-11 12:08:07 -0700,6
Melody’s iPhone,count,2020-11-11 12:44:49 -0700,2020-11-11 12:44:52 -0700,1
Melody’s Apple Watch,count,2020-11-11 13:58:40 -0700,2020-11-11 13:58:42 -0700,1
Melody’s Apple Watch,count,2020-11-11 15:55:25 -0700,2020-11-11 15:55:28 -0700,1
Melody’s Apple Watch,count,2020-11-11 17:28:20 -0700,2020-11-11 17:28:23 -0700,1
Melody’s iPhone,count,2020-11-11 18:30:01 -0700,2020-11-11 18:30:04 -0700,1
Melody’s iPhone,count,2020-11-11 22:36:16 -0700,2020-11-11 22:36:18 -0700,1
Melody’s iPhone,count,2020-11-12 01:19:17 -0700,2020-11-12 01:19:19 -0700,1
Melody’s Apple Watch,count,2020-11-11 22:36:18 -0700,2020-11-11 22:36:20 -0700,1
Melody’s Apple Watch,count,2020-11-11 22:59:40 -0700,2020-11-11 22:59:43 -0700,1
Melody’s Apple Watch,count,2020-11-12 01:19:14 -0700,2020-11-12 01:21:33 -0700,1
Melody’s Apple Watch,count,2020-11-12 12:53:07 -0700,2020-11-12 12:53:10 -0700,1
Melody’s iPhone,count,2020-11-12 08:43:14 -0700,2020-11-12 09:57:55 -0700,1
Melody’s iPhone,count,2020-11-12 10:59:58 -0700,2020-11-12 11:08:09 -0700,2
Melody’s iPhone,count,2020-11-12 16:27:37 -0700,2020-11-12 16:27:40 -0700,1
Melody’s iPhone,count,2020-11-12 17:27:44 -0700,2020-11-12 17:27:46 -0700,1
Melody’s iPhone,count,2020-11-12 17:54:30 -0700,2020-11-12 17:54:35 -0700,1
Melody’s Apple Watch,count,2020-11-12 14:42:21 -0700,2020-11-12 14:42:24 -0700,1
Melody’s Apple Watch,count,2020-11-12 15:09:52 -0700,2020-11-12 15:09:54 -0700,1
Melody’s Apple Watch,count,2020-11-12 16:27:38 -0700,2020-11-12 16:27:41 -0700,1
Melody’s Apple Watch,count,2020-11-12 17:27:45 -0700,2020-11-12 17:27:48 -0700,1
Melody’s Apple Watch,count,2020-11-12 17:54:33 -0700,2020-11-12 17:54:35 -0700,1
Melody’s Apple Watch,count,2020-11-12 18:29:13 -0700,2020-11-12 18:29:16 -0700,1
Melody’s Apple Watch,count,2020-11-12 18:47:17 -0700,2020-11-12 18:47:20 -0700,1
Melody’s Apple Watch,count,2020-11-12 18:53:18 -0700,2020-11-12 18:53:21 -0700,1
Melody’s Apple Watch,count,2020-11-12 19:02:00 -0700,2020-11-12 19:06:18 -0700,2
Melody’s iPhone,count,2020-11-12 18:29:12 -0700,2020-11-12 18:36:34 -0700,2
Melody’s iPhone,count,2020-11-12 18:41:48 -0700,2020-11-12 18:47:15 -0700,3
Melody’s iPhone,count,2020-11-12 19:24:41 -0700,2020-11-12 19:31:02 -0700,2
Melody’s iPhone,count,2020-11-12 20:51:08 -0700,2020-11-12 20:51:11 -0700,1
Melody’s Apple Watch,count,2020-11-12 20:43:56 -0700,2020-11-12 20:43:59 -0700,1
Melody’s Apple Watch,count,2020-11-12 20:50:58 -0700,2020-11-12 20:51:14 -0700,1
Melody’s Apple Watch,count,2020-11-12 21:39:18 -0700,2020-11-12 21:43:19 -0700,2
Melody’s Apple Watch,count,2020-11-12 23:11:52 -0700,2020-11-12 23:15:09 -0700,3
Melody’s iPhone,count,2020-11-12 23:11:45 -0700,2020-11-12 23:15:07 -0700,3
Melody’s iPhone,count,2020-11-12 23:33:15 -0700,2020-11-12 23:33:18 -0700,1
Melody’s iPhone,count,2020-11-13 02:19:04 -0700,2020-11-13 02:19:07 -0700,1
Melody’s iPhone,count,2020-11-13 08:21:15 -0700,2020-11-13 08:30:29 -0700,5
Melody’s iPhone,count,2020-11-13 08:31:28 -0700,2020-11-13 08:31:31 -0700,1
Melody’s iPhone,count,2020-11-13 09:20:31 -0700,2020-11-13 09:20:33 -0700,1
Melody’s iPhone,count,2020-11-15 18:16:42 -0700,2020-11-15 19:40:03 -0700,1
Melody’s iPhone,count,2020-11-16 14:53:03 -0700,2020-11-16 14:53:05 -0700,1
Melody’s iPhone,count,2020-11-16 15:43:06 -0700,2020-11-16 15:43:08 -0700,1
Melody’s iPhone,count,2020-11-16 16:47:13 -0700,2020-11-16 16:47:15 -0700,1
Melody’s iPhone,count,2020-11-16 17:07:39 -0700,2020-11-16 17:07:42 -0700,1
Melody’s iPhone,count,2020-11-16 18:25:13 -0700,2020-11-16 18:25:15 -0700,1
Melody’s iPhone,count,2020-11-16 20:30:45 -0700,2020-11-16 20:30:48 -0700,1
Melody’s iPhone,count,2020-11-16 20:43:52 -0700,2020-11-16 20:43:54 -0700,1
Melody’s Apple Watch,count,2020-11-17 13:05:28 -0700,2020-11-17 13:05:31 -0700,1
Melody’s Apple Watch,count,2020-11-17 14:52:02 -0700,2020-11-17 14:52:05 -0700,1
Melody’s Apple Watch,count,2020-11-17 16:09:34 -0700,2020-11-17 16:09:36 -0700,1
Melody’s Apple Watch,count,2020-11-17 17:51:04 -0700,2020-11-17 17:51:06 -0700,1
Melody’s Apple Watch,count,2020-11-17 18:32:29 -0700,2020-11-17 18:32:32 -0700,1
Melody’s Apple Watch,count,2020-11-17 20:27:33 -0700,2020-11-17 20:27:36 -0700,1
Melody’s iPhone,count,2020-11-17 23:52:40 -0700,2020-11-17 23:53:06 -0700,2
Melody’s Apple Watch,count,2020-11-17 23:52:42 -0700,2020-11-17 23:52:44 -0700,1
Melody’s Apple Watch,count,2020-11-18 14:48:51 -0700,2020-11-18 14:48:53 -0700,1
Melody’s Apple Watch,count,2020-11-18 14:56:08 -0700,2020-11-18 14:56:11 -0700,1
Melody’s iPhone,count,2020-11-18 16:09:26 -0700,2020-11-18 16:09:29 -0700,1
Melody’s Apple Watch,count,2020-11-18 15:58:36 -0700,2020-11-18 15:58:38 -0700,1
Melody’s Apple Watch,count,2020-11-18 16:09:31 -0700,2020-11-18 16:09:34 -0700,1
Melody’s Apple Watch,count,2020-11-18 20:45:50 -0700,2020-11-18 20:45:52 -0700,1
Melody’s Apple Watch,count,2020-11-18 22:19:25 -0700,2020-11-18 22:19:28 -0700,1
Melody’s Apple Watch,count,2020-11-18 22:58:00 -0700,2020-11-18 22:58:02 -0700,1
Melody’s iPhone,count,2020-11-18 22:19:23 -0700,2020-11-18 22:38:04 -0700,1
Melody’s iPhone,count,2020-11-18 22:57:56 -0700,2020-11-18 22:57:58 -0700,1
Melody’s iPhone,count,2020-11-19 12:41:31 -0700,2020-11-19 12:41:33 -0700,1
Melody’s Apple Watch,count,2020-11-19 12:41:32 -0700,2020-11-19 12:41:35 -0700,1
Melody’s Apple Watch,count,2020-11-19 15:13:59 -0700,2020-11-19 15:14:01 -0700,1
Melody’s Apple Watch,count,2020-11-19 16:14:03 -0700,2020-11-19 16:14:05 -0700,1
Melody’s Apple Watch,count,2020-11-19 17:05:05 -0700,2020-11-19 17:05:07 -0700,1
Melody’s iPhone,count,2020-11-19 16:14:02 -0700,2020-11-19 16:14:04 -0700,1
Melody’s iPhone,count,2020-11-19 21:01:36 -0700,2020-11-19 21:02:24 -0700,2
Melody’s iPhone,count,2020-11-20 08:56:06 -0700,2020-11-20 08:57:00 -0700,2
Melody’s Apple Watch,count,2020-11-19 17:54:24 -0700,2020-11-19 17:54:27 -0700,1
Melody’s Apple Watch,count,2020-11-19 17:58:51 -0700,2020-11-19 17:58:53 -0700,1
Melody’s Apple Watch,count,2020-11-20 08:13:45 -0700,2020-11-20 08:13:47 -0700,1
Melody’s Apple Watch,count,2020-11-20 08:56:58 -0700,2020-11-20 08:57:00 -0700,1
Melody’s Apple Watch,count,2020-11-20 11:52:28 -0700,2020-11-20 11:52:30 -0700,1
Melody’s Apple Watch,count,2020-11-20 15:12:18 -0700,2020-11-20 15:12:21 -0700,1
Melody’s iPhone,count,2020-11-20 15:08:09 -0700,2020-11-20 15:08:12 -0700,1
Melody’s Apple Watch,count,2020-11-20 21:11:27 -0700,2020-11-20 21:11:29 -0700,1
Melody’s Apple Watch,count,2020-11-21 16:26:36 -0700,2020-11-21 16:26:38 -0700,1
Melody’s Apple Watch,count,2020-11-21 18:08:01 -0700,2020-11-21 18:10:12 -0700,1
Melody’s iPhone,count,2020-11-20 21:11:25 -0700,2020-11-20 22:18:58 -0700,1
Melody’s iPhone,count,2020-11-20 22:26:30 -0700,2020-11-20 22:26:32 -0700,1
Melody’s iPhone,count,2020-11-21 00:39:24 -0700,2020-11-21 01:15:54 -0700,1
Melody’s Apple Watch,count,2020-11-21 18:44:30 -0700,2020-11-21 18:44:33 -0700,1
Melody’s Apple Watch,count,2020-11-21 19:28:48 -0700,2020-11-21 19:28:51 -0700,1
Melody’s Apple Watch,count,2020-11-21 19:55:18 -0700,2020-11-21 19:55:21 -0700,1
Melody’s Apple Watch,count,2020-11-21 20:12:38 -0700,2020-11-21 20:12:45 -0700,1
Melody’s Apple Watch,count,2020-11-21 20:31:35 -0700,2020-11-21 20:31:37 -0700,1
Melody’s Apple Watch,count,2020-11-22 00:06:19 -0700,2020-11-22 00:06:21 -0700,1
Melody’s Apple Watch,count,2020-11-22 10:02:49 -0700,2020-11-22 10:02:52 -0700,1
Melody’s iPhone,count,2020-11-22 21:02:16 -0700,2020-11-22 21:02:18 -0700,1
Melody’s Apple Watch,count,2020-11-22 11:01:01 -0700,2020-11-22 11:01:03 -0700,1
Melody’s Apple Watch,count,2020-11-22 11:18:38 -0700,2020-11-22 11:18:40 -0700,1
Melody’s Apple Watch,count,2020-11-22 12:14:28 -0700,2020-11-22 12:14:31 -0700,1
Melody’s Apple Watch,count,2020-11-22 12:38:19 -0700,2020-11-22 12:38:22 -0700,1
Melody’s Apple Watch,count,2020-11-22 13:06:37 -0700,2020-11-22 13:06:39 -0700,1
Melody’s Apple Watch,count,2020-11-22 13:12:12 -0700,2020-11-22 13:12:15 -0700,1
Melody’s Apple Watch,count,2020-11-22 13:48:38 -0700,2020-11-22 13:48:41 -0700,1
Melody’s Apple Watch,count,2020-11-22 14:41:33 -0700,2020-11-22 14:41:35 -0700,1
Melody’s Apple Watch,count,2020-11-22 17:01:11 -0700,2020-11-22 17:01:13 -0700,1
Melody’s Apple Watch,count,2020-11-22 21:02:18 -0700,2020-11-22 21:09:05 -0700,2
Melody’s Apple Watch,count,2020-11-23 02:28:16 -0700,2020-11-23 02:28:19 -0700,1
Melody’s iPhone,count,2020-11-23 13:18:16 -0700,2020-11-23 13:18:18 -0700,1
Melody’s iPhone,count,2020-11-23 13:28:59 -0700,2020-11-23 13:29:02 -0700,1
Melody’s Apple Watch,count,2020-11-23 13:29:10 -0700,2020-11-23 13:29:12 -0700,1
Melody’s Apple Watch,count,2020-11-23 14:18:14 -0700,2020-11-23 14:18:16 -0700,1
Melody’s Apple Watch,count,2020-11-23 14:43:55 -0700,2020-11-23 14:43:57 -0700,1
Melody’s Apple Watch,count,2020-11-23 19:33:07 -0700,2020-11-23 19:37:16 -0700,2
Melody’s Apple Watch,count,2020-11-23 21:17:44 -0700,2020-11-23 21:17:47 -0700,1
Melody’s Apple Watch,count,2020-11-23 23:46:49 -0700,2020-11-23 23:46:51 -0700,1
Melody’s iPhone,count,2020-11-23 19:33:03 -0700,2020-11-23 19:37:13 -0700,2
Melody’s iPhone,count,2020-11-23 21:17:40 -0700,2020-11-23 21:17:42 -0700,1
Melody’s iPhone,count,2020-11-24 01:27:09 -0700,2020-11-24 01:27:12 -0700,1
Melody’s iPhone,count,2020-11-24 12:10:13 -0700,2020-11-24 12:11:48 -0700,2
Melody’s iPhone,count,2020-11-24 13:37:24 -0700,2020-11-24 13:42:54 -0700,4
Melody’s iPhone,count,2020-11-24 14:14:27 -0700,2020-11-24 14:14:29 -0700,1
Melody’s Apple Watch,count,2020-11-24 00:57:56 -0700,2020-11-24 00:57:59 -0700,1
Melody’s Apple Watch,count,2020-11-24 12:05:57 -0700,2020-11-24 12:06:00 -0700,1
Melody’s Apple Watch,count,2020-11-24 12:10:18 -0700,2020-11-24 12:10:21 -0700,1
Melody’s Apple Watch,count,2020-11-24 12:11:45 -0700,2020-11-24 12:11:48 -0700,1
Melody’s Apple Watch,count,2020-11-24 13:37:28 -0700,2020-11-24 13:42:55 -0700,4
Melody’s Apple Watch,count,2020-11-24 18:37:19 -0700,2020-11-24 18:37:22 -0700,1
Melody’s Apple Watch,count,2020-11-24 19:30:08 -0700,2020-11-24 19:30:36 -0700,2
Melody’s Apple Watch,count,2020-11-24 19:39:13 -0700,2020-11-24 19:48:16 -0700,8
Melody’s Apple Watch,count,2020-11-24 19:52:22 -0700,2020-11-24 19:53:05 -0700,3
Melody’s Apple Watch,count,2020-11-24 19:53:26 -0700,2020-11-24 19:53:28 -0700,1
Melody’s Apple Watch,count,2020-11-24 20:02:54 -0700,2020-11-24 20:02:57 -0700,1
Melody’s iPhone,count,2020-11-24 20:20:27 -0700,2020-11-24 20:20:30 -0700,1
Melody’s iPhone,count,2020-11-25 13:18:43 -0700,2020-11-25 13:18:45 -0700,1
Melody’s iPhone,count,2020-11-25 14:06:29 -0700,2020-11-25 14:06:31 -0700,1
Melody’s iPhone,count,2020-11-25 15:29:58 -0700,2020-11-25 15:32:54 -0700,2
Melody’s Apple Watch,count,2020-11-25 17:24:16 -0700,2020-11-25 17:24:19 -0700,1
Melody’s Apple Watch,count,2020-11-25 18:14:32 -0700,2020-11-25 18:14:34 -0700,1
Melody’s Apple Watch,count,2020-11-25 18:20:56 -0700,2020-11-25 18:20:58 -0700,1
Melody’s Apple Watch,count,2020-11-25 18:36:56 -0700,2020-11-25 18:36:58 -0700,1
Melody’s Apple Watch,count,2020-11-25 20:18:33 -0700,2020-11-25 20:18:36 -0700,1
Melody’s iPhone,count,2020-11-25 17:24:13 -0700,2020-11-25 17:24:15 -0700,1
Melody’s iPhone,count,2020-11-25 20:18:34 -0700,2020-11-25 20:18:37 -0700,1
Melody’s Apple Watch,count,2020-11-26 15:34:30 -0700,2020-11-26 15:34:33 -0700,1
Melody’s Apple Watch,count,2020-11-26 19:58:33 -0700,2020-11-26 19:58:36 -0700,1
Melody’s iPhone,count,2020-11-26 19:58:32 -0700,2020-11-26 19:58:37 -0700,1
Melody’s iPhone,count,2020-11-27 15:55:56 -0700,2020-11-27 15:56:47 -0700,2
Melody’s iPhone,count,2020-11-27 19:07:58 -0700,2020-11-27 19:08:00 -0700,1
Melody’s iPhone,count,2020-11-27 21:55:35 -0700,2020-11-27 21:56:16 -0700,2
Melody’s iPhone,count,2020-11-27 23:34:43 -0700,2020-11-27 23:34:45 -0700,1
Melody’s Apple Watch,count,2020-11-27 01:52:36 -0700,2020-11-27 01:52:57 -0700,1
Melody’s Apple Watch,count,2020-11-27 19:25:17 -0700,2020-11-27 19:26:13 -0700,2
Melody’s Apple Watch,count,2020-11-27 19:35:52 -0700,2020-11-27 19:36:45 -0700,4
Melody’s Apple Watch,count,2020-11-27 19:44:08 -0700,2020-11-27 19:44:11 -0700,1
Melody’s iPhone,count,2020-11-28 15:02:19 -0700,2020-11-28 15:11:41 -0700,3
Melody’s Apple Watch,count,2020-11-28 15:02:19 -0700,2020-11-28 15:11:43 -0700,2
Melody’s iPhone,count,2020-11-28 23:25:12 -0700,2020-11-28 23:25:14 -0700,1
Melody’s iPhone,count,2020-11-28 23:45:04 -0700,2020-11-28 23:45:07 -0700,1
Melody’s Apple Watch,count,2020-11-28 19:38:37 -0700,2020-11-28 19:38:39 -0700,1
Melody’s Apple Watch,count,2020-11-28 21:50:26 -0700,2020-11-28 21:50:29 -0700,1
Melody’s Apple Watch,count,2020-11-28 23:25:16 -0700,2020-11-28 23:25:19 -0700,1
Melody’s Apple Watch,count,2020-11-28 23:45:07 -0700,2020-11-28 23:48:06 -0700,2
Melody’s iPhone,count,2020-11-29 16:18:12 -0700,2020-11-29 16:20:30 -0700,2
Melody’s iPhone,count,2020-11-29 16:32:56 -0700,2020-11-29 16:42:15 -0700,2
Melody’s Apple Watch,count,2020-11-29 00:45:11 -0700,2020-11-29 00:45:46 -0700,1
Melody’s Apple Watch,count,2020-11-29 16:18:16 -0700,2020-11-29 16:18:19 -0700,1
Melody’s Apple Watch,count,2020-11-29 16:20:32 -0700,2020-11-29 16:20:34 -0700,1
Melody’s Apple Watch,count,2020-11-29 16:32:57 -0700,2020-11-29 16:32:59 -0700,1
Melody’s Apple Watch,count,2020-11-29 16:37:25 -0700,2020-11-29 16:37:28 -0700,1
Melody’s Apple Watch,count,2020-11-29 16:42:20 -0700,2020-11-29 16:42:22 -0700,1
Melody’s Apple Watch,count,2020-11-29 18:06:12 -0700,2020-11-29 18:06:14 -0700,1
Melody’s Apple Watch,count,2020-11-29 18:22:50 -0700,2020-11-29 18:23:23 -0700,2
Melody’s Apple Watch,count,2020-11-29 18:57:46 -0700,2020-11-29 18:57:49 -0700,1
Melody’s Apple Watch,count,2020-11-29 19:10:03 -0700,2020-11-29 19:10:06 -0700,1
Melody’s Apple Watch,count,2020-11-29 23:17:53 -0700,2020-11-29 23:17:55 -0700,1
Melody’s iPhone,count,2020-11-30 10:53:41 -0700,2020-11-30 10:53:44 -0700,1
Melody’s Apple Watch,count,2020-11-30 12:21:14 -0700,2020-11-30 12:21:16 -0700,1
Melody’s iPhone,count,2020-11-30 17:09:26 -0700,2020-11-30 17:09:28 -0700,1
Melody’s iPhone,count,2020-11-30 18:41:23 -0700,2020-11-30 18:41:25 -0700,1
Melody’s Apple Watch,count,2020-11-30 14:05:09 -0700,2020-11-30 14:05:12 -0700,1
Melody’s Apple Watch,count,2020-11-30 15:04:38 -0700,2020-11-30 15:04:45 -0700,1
Melody’s Apple Watch,count,2020-11-30 18:14:29 -0700,2020-11-30 18:14:31 -0700,1
Melody’s Apple Watch,count,2020-11-30 18:41:24 -0700,2020-11-30 18:41:26 -0700,1
Melody’s Apple Watch,count,2020-11-30 22:02:11 -0700,2020-11-30 22:04:16 -0700,2
Melody’s Apple Watch,count,2020-12-01 02:05:32 -0700,2020-12-01 02:05:35 -0700,1
Melody’s Apple Watch,count,2020-12-01 03:09:56 -0700,2020-12-01 03:09:58 -0700,1
Melody’s iPhone,count,2020-12-01 02:05:27 -0700,2020-12-01 02:05:29 -0700,1
Melody’s iPhone,count,2020-12-01 03:07:44 -0700,2020-12-01 03:07:46 -0700,1
Melody’s iPhone,count,2020-12-01 05:29:45 -0700,2020-12-01 09:26:28 -0700,1
Melody’s Apple Watch,count,2020-12-01 08:22:45 -0700,2020-12-01 08:22:48 -0700,1
Melody’s Apple Watch,count,2020-12-01 08:28:54 -0700,2020-12-01 08:29:27 -0700,1
Melody’s iPhone,count,2020-12-01 17:20:52 -0700,2020-12-01 17:20:55 -0700,1
Melody’s iPhone,count,2020-12-01 19:52:39 -0700,2020-12-01 19:52:42 -0700,1
Melody’s iPhone,count,2020-12-01 21:38:05 -0700,2020-12-01 21:40:30 -0700,1
Melody’s Apple Watch,count,2020-12-01 13:25:04 -0700,2020-12-01 13:25:07 -0700,1
Melody’s Apple Watch,count,2020-12-01 14:23:13 -0700,2020-12-01 14:23:41 -0700,1
Melody’s Apple Watch,count,2020-12-01 17:20:50 -0700,2020-12-01 17:20:53 -0700,1
Melody’s Apple Watch,count,2020-12-01 19:52:37 -0700,2020-12-01 19:52:40 -0700,1
Melody’s Apple Watch,count,2020-12-01 20:30:28 -0700,2020-12-01 20:34:08 -0700,1
Melody’s iPhone,count,2020-12-02 18:25:01 -0700,2020-12-02 18:33:34 -0700,2
Melody’s Apple Watch,count,2020-12-02 12:45:28 -0700,2020-12-02 12:45:31 -0700,1
Melody’s Apple Watch,count,2020-12-02 18:25:06 -0700,2020-12-02 18:33:33 -0700,2
Melody’s Apple Watch,count,2020-12-02 20:12:13 -0700,2020-12-02 20:12:44 -0700,2
Melody’s Apple Watch,count,2020-12-02 20:39:39 -0700,2020-12-02 20:39:41 -0700,1
Melody’s iPhone,count,2020-12-02 20:12:09 -0700,2020-12-02 20:12:40 -0700,2
Melody’s Apple Watch,count,2020-12-03 10:41:11 -0700,2020-12-03 10:41:13 -0700,1
Melody’s Apple Watch,count,2020-12-03 12:51:36 -0700,2020-12-03 12:51:39 -0700,1
Melody’s Apple Watch,count,2020-12-03 13:14:36 -0700,2020-12-03 13:14:46 -0700,2
Melody’s Apple Watch,count,2020-12-03 14:00:10 -0700,2020-12-03 14:00:31 -0700,1
Melody’s Apple Watch,count,2020-12-03 14:51:33 -0700,2020-12-03 14:58:08 -0700,5
Melody’s iPhone,count,2020-12-03 10:41:07 -0700,2020-12-03 10:41:10 -0700,1
Melody’s iPhone,count,2020-12-03 12:51:33 -0700,2020-12-03 12:51:36 -0700,1
Melody’s iPhone,count,2020-12-03 14:55:41 -0700,2020-12-03 14:56:15 -0700,3
Melody’s iPhone,count,2020-12-03 15:39:59 -0700,2020-12-03 15:40:06 -0700,1
Melody’s iPhone,count,2020-12-03 16:32:34 -0700,2020-12-03 16:32:37 -0700,1
Melody’s iPhone,count,2020-12-03 17:18:05 -0700,2020-12-03 17:19:57 -0700,2
Melody’s iPhone,count,2020-12-03 20:46:24 -0700,2020-12-03 20:46:26 -0700,1
Melody’s iPhone,count,2020-12-03 21:35:36 -0700,2020-12-03 21:38:05 -0700,2
Melody’s iPhone,count,2020-12-03 22:13:12 -0700,2020-12-03 22:13:15 -0700,1
Melody’s Apple Watch,count,2020-12-03 16:32:38 -0700,2020-12-03 16:32:41 -0700,1
Melody’s Apple Watch,count,2020-12-03 17:18:06 -0700,2020-12-03 17:18:09 -0700,1
Melody’s Apple Watch,count,2020-12-03 17:19:56 -0700,2020-12-03 17:19:59 -0700,1
Melody’s Apple Watch,count,2020-12-03 22:13:08 -0700,2020-12-03 22:21:00 -0700,1
Melody’s Apple Watch,count,2020-12-04 09:55:40 -0700,2020-12-04 09:56:18 -0700,1
Melody’s Apple Watch,count,2020-12-04 10:24:20 -0700,2020-12-04 10:24:23 -0700,1
Melody’s Apple Watch,count,2020-12-04 12:21:16 -0700,2020-12-04 12:21:19 -0700,1
Melody’s Apple Watch,count,2020-12-04 12:34:07 -0700,2020-12-04 12:35:21 -0700,2
Melody’s Apple Watch,count,2020-12-04 15:59:52 -0700,2020-12-04 15:59:54 -0700,1
Melody’s iPhone,count,2020-12-04 09:55:42 -0700,2020-12-04 09:55:49 -0700,1
Melody’s iPhone,count,2020-12-04 10:24:16 -0700,2020-12-04 10:24:18 -0700,1
Melody’s iPhone,count,2020-12-04 14:44:23 -0700,2020-12-04 14:52:08 -0700,4
Melody’s iPhone,count,2020-12-04 15:06:06 -0700,2020-12-04 15:07:46 -0700,2
Melody’s iPhone,count,2020-12-04 15:59:48 -0700,2020-12-04 15:59:51 -0700,1
Melody’s Apple Watch,count,2019-12-10 17:57:54 -0700,2019-12-10 17:58:06 -0700,1
Melody’s Apple Watch,count,2019-12-10 22:51:01 -0700,2019-12-10 22:51:03 -0700,1
Melody’s iPhone,count,2019-12-11 18:57:38 -0700,2019-12-11 18:57:41 -0700,1
Melody’s iPhone,count,2019-12-11 23:11:35 -0700,2019-12-11 23:11:50 -0700,2
Melody’s Apple Watch,count,2019-12-11 18:57:41 -0700,2019-12-11 18:57:49 -0700,1
Melody’s iPhone,count,2019-12-12 00:48:35 -0700,2019-12-12 00:48:38 -0700,1
Melody’s Apple Watch,count,2019-12-11 23:11:35 -0700,2019-12-11 23:11:51 -0700,2
Melody’s Apple Watch,count,2019-12-12 00:48:38 -0700,2019-12-12 00:48:40 -0700,1
Melody’s iPhone,count,2019-12-12 19:20:28 -0700,2019-12-12 19:20:30 -0700,1
Melody’s Apple Watch,count,2019-12-12 19:20:32 -0700,2019-12-12 19:20:34 -0700,1
Melody’s Apple Watch,count,2019-12-13 10:36:30 -0700,2019-12-13 10:36:33 -0700,1
Melody’s Apple Watch,count,2019-12-13 19:48:35 -0700,2019-12-13 19:48:37 -0700,1
Melody’s iPhone,count,2019-12-13 19:48:27 -0700,2019-12-13 19:48:29 -0700,1
Melody’s iPhone,count,2019-12-13 21:56:41 -0700,2019-12-13 21:56:43 -0700,1
Melody’s iPhone,count,2019-12-14 01:07:45 -0700,2019-12-14 01:07:47 -0700,1
Melody’s Apple Watch,count,2019-12-14 19:21:21 -0700,2019-12-14 19:21:24 -0700,1
Melody’s iPhone,count,2019-12-14 19:21:18 -0700,2019-12-14 19:21:21 -0700,1
Melody’s iPhone,count,2019-12-14 22:48:30 -0700,2019-12-14 22:48:32 -0700,1
Melody’s Apple Watch,count,2019-12-14 22:48:30 -0700,2019-12-14 22:48:33 -0700,1
Melody’s iPhone,count,2019-12-15 23:30:09 -0700,2019-12-15 23:30:11 -0700,1
Melody’s iPhone,count,2019-12-16 00:15:41 -0700,2019-12-16 00:15:44 -0700,1
Melody’s iPhone,count,2019-12-16 00:49:16 -0700,2019-12-16 00:49:19 -0700,1
Melody’s iPhone,count,2019-12-16 19:25:34 -0700,2019-12-16 19:25:37 -0700,1
Melody’s iPhone,count,2019-12-17 12:58:56 -0700,2019-12-17 12:58:59 -0700,1
Melody’s Apple Watch,count,2019-12-16 19:25:38 -0700,2019-12-16 19:25:41 -0700,1
Melody’s Apple Watch,count,2019-12-17 12:59:15 -0700,2019-12-17 12:59:18 -0700,1
Melody’s Apple Watch,count,2019-12-17 16:54:49 -0700,2019-12-17 16:54:51 -0700,1
Melody’s Apple Watch,count,2019-12-17 17:10:13 -0700,2019-12-17 17:10:15 -0700,1
Melody’s Apple Watch,count,2019-12-17 17:12:31 -0700,2019-12-17 17:12:33 -0700,1
Melody’s Apple Watch,count,2019-12-17 18:29:18 -0700,2019-12-17 18:29:25 -0700,1
Melody’s iPhone,count,2019-12-17 16:54:47 -0700,2019-12-17 16:54:50 -0700,1
Melody’s iPhone,count,2019-12-17 17:10:19 -0700,2019-12-17 17:12:37 -0700,2
Melody’s iPhone,count,2019-12-17 18:29:16 -0700,2019-12-17 18:29:23 -0700,1
Melody’s Apple Watch,count,2019-12-18 19:32:40 -0700,2019-12-18 19:32:42 -0700,1
Melody’s Apple Watch,count,2019-12-18 21:24:07 -0700,2019-12-18 21:24:10 -0700,1
Melody’s iPhone,count,2019-12-18 19:32:37 -0700,2019-12-18 19:32:40 -0700,1
Melody’s iPhone,count,2019-12-18 21:24:06 -0700,2019-12-18 21:24:09 -0700,1
Melody’s iPhone,count,2019-12-19 19:26:14 -0700,2019-12-19 19:26:16 -0700,1
Melody’s iPhone,count,2019-12-19 23:06:52 -0700,2019-12-19 23:06:54 -0700,1
Melody’s iPhone,count,2019-12-20 11:46:36 -0700,2019-12-20 11:50:03 -0700,1
Melody’s iPhone,count,2019-12-20 19:27:18 -0700,2019-12-20 19:27:20 -0700,1
Melody’s iPhone,count,2019-12-20 20:56:49 -0700,2019-12-20 20:56:51 -0700,1
Melody’s Apple Watch,count,2019-12-19 19:26:16 -0700,2019-12-19 19:26:19 -0700,1
Melody’s Apple Watch,count,2019-12-19 23:06:52 -0700,2019-12-19 23:06:55 -0700,1
Melody’s iPhone,count,2019-12-21 19:31:00 -0700,2019-12-21 19:31:02 -0700,1
Melody’s iPhone,count,2019-12-21 23:08:08 -0700,2019-12-21 23:08:11 -0700,1
Melody’s Apple Watch,count,2019-12-21 19:31:03 -0700,2019-12-21 19:31:05 -0700,1
Melody’s iPhone,count,2019-12-22 21:15:02 -0700,2019-12-22 21:15:05 -0700,1
Melody’s Apple Watch,count,2019-12-22 21:15:05 -0700,2019-12-22 21:15:07 -0700,1
Melody’s Apple Watch,count,2019-12-23 14:57:26 -0700,2019-12-23 14:57:47 -0700,2
Melody’s iPhone,count,2019-12-23 14:57:25 -0700,2019-12-23 14:57:45 -0700,2
Melody’s iPhone,count,2019-12-23 15:16:04 -0700,2019-12-23 15:16:06 -0700,1
Melody’s iPhone,count,2019-12-23 16:50:21 -0700,2019-12-23 16:50:24 -0700,1
Melody’s iPhone,count,2019-12-23 18:30:19 -0700,2019-12-23 18:30:21 -0700,1
Melody’s iPhone,count,2019-12-23 18:49:23 -0700,2019-12-23 18:49:26 -0700,1
Melody’s Apple Watch,count,2019-12-23 15:16:13 -0700,2019-12-23 15:16:15 -0700,1
Melody’s Apple Watch,count,2019-12-23 15:40:54 -0700,2019-12-23 15:40:57 -0700,1
Melody’s Apple Watch,count,2019-12-23 16:50:22 -0700,2019-12-23 16:50:25 -0700,1
Melody’s Apple Watch,count,2019-12-23 18:30:19 -0700,2019-12-23 18:30:22 -0700,1
Melody’s Apple Watch,count,2019-12-23 18:49:23 -0700,2019-12-23 18:49:26 -0700,1
Melody’s Apple Watch,count,2019-12-23 20:21:17 -0700,2019-12-23 20:21:19 -0700,1
Melody’s iPhone,count,2019-12-23 20:21:13 -0700,2019-12-23 20:21:15 -0700,1
Melody’s iPhone,count,2019-12-24 19:33:46 -0700,2019-12-24 19:33:51 -0700,1
Melody’s Apple Watch,count,2019-12-24 19:33:51 -0700,2019-12-24 19:33:53 -0700,1
Melody’s Apple Watch,count,2019-12-25 13:47:32 -0700,2019-12-25 13:48:44 -0700,1
Melody’s iPhone,count,2019-12-25 13:47:21 -0700,2019-12-25 13:47:49 -0700,1
Melody’s iPhone,count,2019-12-26 19:15:17 -0700,2019-12-26 19:15:48 -0700,1
Melody’s Apple Watch,count,2019-12-26 19:15:24 -0700,2019-12-26 19:15:27 -0700,1
Melody’s Apple Watch,count,2019-12-27 09:01:35 -0700,2019-12-27 09:01:37 -0700,1
Melody’s iPhone,count,2019-12-27 09:01:34 -0700,2019-12-27 09:01:44 -0700,1
Melody’s Apple Watch,count,2019-12-27 09:46:26 -0700,2019-12-27 09:46:29 -0700,1
Melody’s iPhone,count,2019-12-27 19:45:02 -0700,2019-12-27 19:45:04 -0700,1
Melody’s Apple Watch,count,2019-12-27 19:45:03 -0700,2019-12-27 19:45:05 -0700,1
Melody’s iPhone,count,2019-12-28 19:33:41 -0700,2019-12-28 19:33:44 -0700,1
Melody’s iPhone,count,2019-12-28 20:06:51 -0700,2019-12-28 20:07:06 -0700,2
Melody’s iPhone,count,2019-12-28 22:47:22 -0700,2019-12-28 22:47:25 -0700,1
Melody’s iPhone,count,2019-12-28 23:28:40 -0700,2019-12-28 23:28:42 -0700,1
Melody’s Apple Watch,count,2019-12-28 19:33:43 -0700,2019-12-28 19:33:45 -0700,1
Melody’s Apple Watch,count,2019-12-28 20:06:53 -0700,2019-12-28 20:07:08 -0700,2
Melody’s Apple Watch,count,2019-12-28 22:46:23 -0700,2019-12-28 22:46:26 -0700,1
Melody’s Apple Watch,count,2019-12-28 23:28:43 -0700,2019-12-28 23:28:45 -0700,1
Melody’s Apple Watch,count,2019-12-29 00:56:19 -0700,2019-12-29 00:56:21 -0700,1
Melody’s iPhone,count,2019-12-29 14:44:58 -0700,2019-12-29 14:45:14 -0700,1
Melody’s iPhone,count,2019-12-29 15:31:48 -0700,2019-12-29 15:31:51 -0700,1
Melody’s Apple Watch,count,2019-12-29 14:45:05 -0700,2019-12-29 14:45:08 -0700,1
Melody’s Apple Watch,count,2019-12-29 15:31:51 -0700,2019-12-29 15:31:53 -0700,1
Melody’s Apple Watch,count,2019-12-31 09:14:58 -0700,2019-12-31 09:23:56 -0700,2
Melody’s Apple Watch,count,2019-12-31 09:40:42 -0700,2019-12-31 09:40:44 -0700,1
Melody’s Apple Watch,count,2019-12-31 11:04:39 -0700,2019-12-31 11:14:30 -0700,2
Melody’s iPhone,count,2019-12-30 14:32:47 -0700,2019-12-30 14:32:55 -0700,1
Melody’s iPhone,count,2019-12-30 21:11:27 -0700,2019-12-30 21:11:30 -0700,1
Melody’s iPhone,count,2019-12-31 09:14:50 -0700,2019-12-31 09:23:59 -0700,2
Melody’s iPhone,count,2019-12-31 09:40:33 -0700,2019-12-31 09:40:35 -0700,1
Melody’s iPhone,count,2019-12-31 11:04:43 -0700,2019-12-31 11:14:28 -0700,2
Melody’s iPhone,count,2019-12-31 13:30:31 -0700,2019-12-31 13:30:34 -0700,1
Melody’s iPhone,count,2019-12-31 16:42:18 -0700,2019-12-31 16:42:21 -0700,1
Melody’s Apple Watch,count,2019-12-31 13:30:36 -0700,2019-12-31 13:30:38 -0700,1
Melody’s Apple Watch,count,2019-12-31 15:13:05 -0700,2019-12-31 15:13:10 -0700,1
Melody’s Apple Watch,count,2019-12-31 15:26:26 -0700,2019-12-31 15:33:18 -0700,2
Melody’s Apple Watch,count,2019-12-31 16:42:18 -0700,2019-12-31 16:42:21 -0700,1
Melody’s Apple Watch,count,2020-01-01 20:49:46 -0700,2020-01-01 20:49:49 -0700,1
Melody’s iPhone,count,2019-12-31 21:12:05 -0700,2019-12-31 21:12:07 -0700,1
Melody’s iPhone,count,2019-12-31 22:04:04 -0700,2019-12-31 22:04:06 -0700,1
Melody’s iPhone,count,2020-01-01 20:49:45 -0700,2020-01-01 20:49:48 -0700,1
Melody’s iPhone,count,2020-01-02 10:21:42 -0700,2020-01-02 10:21:45 -0700,1
Melody’s Apple Watch,count,2020-01-02 10:21:42 -0700,2020-01-02 10:21:45 -0700,1
Melody’s Apple Watch,count,2020-01-02 19:28:14 -0700,2020-01-02 19:28:16 -0700,1
Melody’s Apple Watch,count,2020-01-03 10:10:52 -0700,2020-01-03 10:10:55 -0700,1
Melody’s Apple Watch,count,2020-01-03 19:49:32 -0700,2020-01-03 19:49:35 -0700,1
Melody’s Apple Watch,count,2020-01-03 21:41:23 -0700,2020-01-03 21:41:25 -0700,1
Melody’s iPhone,count,2020-01-03 10:10:51 -0700,2020-01-03 10:10:53 -0700,1
Melody’s iPhone,count,2020-01-03 19:49:26 -0700,2020-01-03 19:50:06 -0700,1
Melody’s iPhone,count,2020-01-03 21:41:21 -0700,2020-01-03 21:41:24 -0700,1
Melody’s iPhone,count,2020-01-03 22:02:46 -0700,2020-01-03 22:03:27 -0700,1
Melody’s iPhone,count,2020-01-03 22:54:38 -0700,2020-01-03 23:17:33 -0700,1
Melody’s Apple Watch,count,2020-01-03 22:02:50 -0700,2020-01-03 22:02:52 -0700,1
Melody’s Apple Watch,count,2020-01-04 19:24:33 -0700,2020-01-04 19:24:36 -0700,1
Melody’s iPhone,count,2020-01-04 19:24:26 -0700,2020-01-04 19:52:09 -0700,1
Melody’s Apple Watch,count,2020-01-05 16:56:28 -0700,2020-01-05 16:56:31 -0700,1
Melody’s iPhone,count,2020-01-05 16:56:27 -0700,2020-01-05 16:56:29 -0700,1
Melody’s iPhone,count,2020-01-06 00:58:52 -0700,2020-01-06 00:59:13 -0700,1
Melody’s Apple Watch,count,2020-01-06 00:58:58 -0700,2020-01-06 00:59:01 -0700,1
Melody’s Apple Watch,count,2020-01-06 12:05:30 -0700,2020-01-06 12:15:23 -0700,17
Melody’s Apple Watch,count,2020-01-06 12:15:38 -0700,2020-01-06 12:22:54 -0700,13
Melody’s Apple Watch,count,2020-01-06 12:43:22 -0700,2020-01-06 12:53:10 -0700,12
Melody’s Apple Watch,count,2020-01-06 12:53:43 -0700,2020-01-06 12:53:46 -0700,1
Melody’s Apple Watch,count,2020-01-06 13:27:45 -0700,2020-01-06 13:27:47 -0700,1
Melody’s Apple Watch,count,2020-01-06 14:29:04 -0700,2020-01-06 14:29:07 -0700,1
Melody’s iPhone,count,2020-01-06 12:05:28 -0700,2020-01-06 12:15:20 -0700,18
Melody’s iPhone,count,2020-01-06 12:15:30 -0700,2020-01-06 12:23:00 -0700,14
Melody’s iPhone,count,2020-01-06 12:43:10 -0700,2020-01-06 12:52:50 -0700,13
Melody’s iPhone,count,2020-01-06 12:53:28 -0700,2020-01-06 12:53:31 -0700,1
Melody’s iPhone,count,2020-01-06 13:24:23 -0700,2020-01-06 13:24:25 -0700,1
Melody’s iPhone,count,2020-01-06 14:29:03 -0700,2020-01-06 14:29:06 -0700,1
Melody’s iPhone,count,2020-01-06 20:07:16 -0700,2020-01-06 20:07:18 -0700,1
Melody’s Apple Watch,count,2020-01-06 20:07:19 -0700,2020-01-06 20:07:21 -0700,1
Melody’s Apple Watch,count,2020-01-07 09:00:45 -0700,2020-01-07 09:00:48 -0700,1
Melody’s Apple Watch,count,2020-01-07 09:20:20 -0700,2020-01-07 09:26:05 -0700,2
Melody’s Apple Watch,count,2020-01-07 10:42:24 -0700,2020-01-07 10:49:24 -0700,2
Melody’s Apple Watch,count,2020-01-07 12:18:10 -0700,2020-01-07 12:19:52 -0700,2
Melody’s iPhone,count,2020-01-07 09:00:41 -0700,2020-01-07 09:00:43 -0700,1
Melody’s iPhone,count,2020-01-07 10:42:15 -0700,2020-01-07 10:42:18 -0700,1
Melody’s iPhone,count,2020-01-07 12:19:39 -0700,2020-01-07 12:19:42 -0700,1
Melody’s iPhone,count,2020-01-07 13:46:48 -0700,2020-01-07 13:53:32 -0700,2
Melody’s iPhone,count,2020-01-07 13:56:51 -0700,2020-01-07 13:56:54 -0700,1
Melody’s iPhone,count,2020-01-07 15:16:15 -0700,2020-01-07 15:16:17 -0700,1
Melody’s iPhone,count,2020-01-07 15:42:02 -0700,2020-01-07 15:42:05 -0700,1
Melody’s Apple Watch,count,2020-01-07 13:46:50 -0700,2020-01-07 13:53:42 -0700,2
Melody’s Apple Watch,count,2020-01-07 13:56:54 -0700,2020-01-07 13:56:56 -0700,1
Melody’s Apple Watch,count,2020-01-07 15:16:17 -0700,2020-01-07 15:16:19 -0700,1
Melody’s Apple Watch,count,2020-01-07 15:42:05 -0700,2020-01-07 15:42:08 -0700,1
Melody’s Apple Watch,count,2020-01-07 17:25:18 -0700,2020-01-07 17:25:21 -0700,1
Melody’s Apple Watch,count,2020-01-07 17:29:57 -0700,2020-01-07 17:29:59 -0700,1
Melody’s Apple Watch,count,2020-01-07 19:49:34 -0700,2020-01-07 19:49:37 -0700,1
Melody’s iPhone,count,2020-01-07 17:25:17 -0700,2020-01-07 17:29:51 -0700,2
Melody’s iPhone,count,2020-01-07 19:49:34 -0700,2020-01-07 19:49:37 -0700,1
Melody’s iPhone,count,2020-01-08 10:03:17 -0700,2020-01-08 10:03:45 -0700,1
Melody’s iPhone,count,2020-01-08 11:05:52 -0700,2020-01-08 11:05:55 -0700,1
Melody’s iPhone,count,2020-01-08 14:47:12 -0700,2020-01-08 14:47:14 -0700,1
Melody’s iPhone,count,2020-01-08 17:43:20 -0700,2020-01-08 17:43:23 -0700,1
Melody’s iPhone,count,2020-01-08 18:00:30 -0700,2020-01-08 18:00:32 -0700,1
Melody’s iPhone,count,2020-01-08 20:15:11 -0700,2020-01-08 20:15:13 -0700,1
Melody’s Apple Watch,count,2020-01-08 20:51:06 -0700,2020-01-08 20:51:08 -0700,1
Melody’s Apple Watch,count,2020-01-08 21:46:53 -0700,2020-01-08 21:46:56 -0700,1
Melody’s Apple Watch,count,2020-01-09 19:34:18 -0700,2020-01-09 19:34:21 -0700,1
Melody’s iPhone,count,2020-01-09 19:34:14 -0700,2020-01-09 19:34:16 -0700,1
Melody’s Apple Watch,count,2020-01-10 15:44:05 -0700,2020-01-10 15:44:07 -0700,1
Melody’s Apple Watch,count,2020-01-10 16:18:03 -0700,2020-01-10 16:18:05 -0700,1
Melody’s iPhone,count,2020-01-10 16:17:59 -0700,2020-01-10 16:18:01 -0700,1
Melody’s Apple Watch,count,2020-01-11 17:07:14 -0700,2020-01-11 17:07:17 -0700,1
Melody’s Apple Watch,count,2020-01-11 18:28:40 -0700,2020-01-11 18:28:43 -0700,1
Melody’s Apple Watch,count,2020-01-11 19:10:44 -0700,2020-01-11 19:15:10 -0700,2
Melody’s Apple Watch,count,2020-01-12 13:55:03 -0700,2020-01-12 13:55:06 -0700,1
Melody’s Apple Watch,count,2020-01-13 16:05:14 -0700,2020-01-13 16:12:50 -0700,2
Melody’s Apple Watch,count,2020-01-14 09:18:46 -0700,2020-01-14 09:18:48 -0700,1
Melody’s Apple Watch,count,2020-01-14 09:34:02 -0700,2020-01-14 09:34:05 -0700,1
Melody’s Apple Watch,count,2020-01-14 10:06:02 -0700,2020-01-14 10:06:04 -0700,1
Melody’s iPhone,count,2020-01-11 17:07:07 -0700,2020-01-11 17:07:32 -0700,1
Melody’s iPhone,count,2020-01-11 18:28:39 -0700,2020-01-11 18:28:44 -0700,1
Melody’s iPhone,count,2020-01-11 19:10:35 -0700,2020-01-11 19:15:06 -0700,2
Melody’s iPhone,count,2020-01-11 20:47:14 -0700,2020-01-11 20:47:16 -0700,1
Melody’s iPhone,count,2020-01-12 13:54:57 -0700,2020-01-12 13:55:28 -0700,1
Melody’s iPhone,count,2020-01-13 16:05:07 -0700,2020-01-13 16:05:09 -0700,1
Melody’s iPhone,count,2020-01-13 20:23:48 -0700,2020-01-13 20:23:51 -0700,1
Melody’s iPhone,count,2020-01-14 09:18:39 -0700,2020-01-14 09:18:42 -0700,1
Melody’s iPhone,count,2020-01-14 09:31:41 -0700,2020-01-14 09:34:04 -0700,2
Melody’s iPhone,count,2020-01-14 10:05:55 -0700,2020-01-14 10:06:08 -0700,2
Melody’s iPhone,count,2020-01-14 11:27:03 -0700,2020-01-14 11:27:05 -0700,1
Melody’s iPhone,count,2020-01-14 11:42:25 -0700,2020-01-14 11:42:27 -0700,1
Melody’s iPhone,count,2020-01-14 12:22:44 -0700,2020-01-14 12:22:46 -0700,1
Melody’s iPhone,count,2020-01-14 16:43:15 -0700,2020-01-14 16:43:17 -0700,1
Melody’s iPhone,count,2020-01-14 17:29:55 -0700,2020-01-14 17:30:10 -0700,1
Melody’s iPhone,count,2020-01-15 09:13:17 -0700,2020-01-15 09:13:19 -0700,1
Melody’s iPhone,count,2020-01-15 14:48:02 -0700,2020-01-15 14:49:22 -0700,4
Melody’s iPhone,count,2020-01-15 14:58:46 -0700,2020-01-15 14:58:49 -0700,1
Melody’s iPhone,count,2020-01-15 15:11:35 -0700,2020-01-15 15:15:40 -0700,2
Melody’s iPhone,count,2020-01-15 15:25:43 -0700,2020-01-15 15:25:46 -0700,1
Melody’s iPhone,count,2020-01-15 15:55:18 -0700,2020-01-15 15:55:21 -0700,1
Melody’s iPhone,count,2020-01-15 17:00:18 -0700,2020-01-15 17:00:20 -0700,1
Melody’s iPhone,count,2020-01-15 17:55:49 -0700,2020-01-15 17:55:51 -0700,1
Melody’s Apple Watch,count,2020-01-14 11:26:58 -0700,2020-01-14 11:27:01 -0700,1
Melody’s Apple Watch,count,2020-01-14 11:42:14 -0700,2020-01-14 11:42:29 -0700,2
Melody’s Apple Watch,count,2020-01-14 11:52:02 -0700,2020-01-14 11:52:04 -0700,1
Melody’s Apple Watch,count,2020-01-14 12:22:45 -0700,2020-01-14 12:22:47 -0700,1
Melody’s Apple Watch,count,2020-01-16 10:53:36 -0700,2020-01-16 10:53:38 -0700,1
Melody’s Apple Watch,count,2020-01-16 11:05:01 -0700,2020-01-16 11:05:04 -0700,1
Melody’s Apple Watch,count,2020-01-16 19:37:30 -0700,2020-01-16 19:37:32 -0700,1
Melody’s iPhone,count,2020-01-16 19:37:21 -0700,2020-01-16 19:38:35 -0700,1
Melody’s iPhone,count,2020-01-17 21:22:53 -0700,2020-01-17 21:22:56 -0700,1
Melody’s iPhone,count,2020-01-18 10:35:55 -0700,2020-01-18 10:35:58 -0700,1
Melody’s iPhone,count,2020-01-18 11:15:53 -0700,2020-01-18 11:15:56 -0700,1
Melody’s Apple Watch,count,2020-01-18 19:30:55 -0700,2020-01-18 19:30:58 -0700,1
Melody’s iPhone,count,2020-01-18 14:18:09 -0700,2020-01-18 14:18:20 -0700,1
Melody’s iPhone,count,2020-01-18 19:30:52 -0700,2020-01-18 19:30:54 -0700,1
Melody’s iPhone,count,2020-01-19 21:29:45 -0700,2020-01-19 21:29:47 -0700,1
Melody’s Apple Watch,count,2020-01-20 11:17:34 -0700,2020-01-20 11:17:37 -0700,1
Melody’s Apple Watch,count,2020-01-20 12:32:37 -0700,2020-01-20 12:42:35 -0700,15
Melody’s Apple Watch,count,2020-01-20 12:42:48 -0700,2020-01-20 12:51:15 -0700,14
Melody’s Apple Watch,count,2020-01-20 13:13:56 -0700,2020-01-20 13:18:35 -0700,11
Melody’s Apple Watch,count,2020-01-20 13:26:31 -0700,2020-01-20 13:36:12 -0700,11
Melody’s Apple Watch,count,2020-01-20 13:36:37 -0700,2020-01-20 13:46:28 -0700,13
Melody’s iPhone,count,2020-01-20 11:17:29 -0700,2020-01-20 11:17:34 -0700,1
Melody’s iPhone,count,2020-01-20 12:32:34 -0700,2020-01-20 12:42:32 -0700,16
Melody’s iPhone,count,2020-01-20 12:42:47 -0700,2020-01-20 12:51:16 -0700,15
Melody’s iPhone,count,2020-01-20 13:13:50 -0700,2020-01-20 13:18:33 -0700,11
Melody’s iPhone,count,2020-01-20 13:26:31 -0700,2020-01-20 13:36:13 -0700,10
Melody’s iPhone,count,2020-01-20 13:36:54 -0700,2020-01-20 13:46:46 -0700,13
Melody’s iPhone,count,2020-01-20 13:48:05 -0700,2020-01-20 13:52:41 -0700,5
Melody’s Apple Watch,count,2020-01-20 13:48:11 -0700,2020-01-20 13:52:41 -0700,4
Melody’s Apple Watch,count,2020-01-20 14:18:28 -0700,2020-01-20 14:22:01 -0700,2
Melody’s Apple Watch,count,2020-01-20 15:17:51 -0700,2020-01-20 15:17:54 -0700,1
Melody’s Apple Watch,count,2020-01-20 18:14:09 -0700,2020-01-20 18:14:12 -0700,1
Melody’s iPhone,count,2020-01-20 14:18:32 -0700,2020-01-20 14:21:58 -0700,2
Melody’s iPhone,count,2020-01-20 15:17:50 -0700,2020-01-20 15:17:52 -0700,1
Melody’s iPhone,count,2020-01-20 18:14:06 -0700,2020-01-20 18:14:21 -0700,1
Melody’s iPhone,count,2020-01-21 09:12:39 -0700,2020-01-21 09:12:42 -0700,1
Melody’s iPhone,count,2020-01-21 11:35:06 -0700,2020-01-21 11:35:09 -0700,1
Melody’s iPhone,count,2020-01-21 14:26:39 -0700,2020-01-21 14:26:41 -0700,1
Melody’s iPhone,count,2020-01-21 20:00:49 -0700,2020-01-21 20:00:52 -0700,1
Melody’s Apple Watch,count,2020-01-21 11:35:15 -0700,2020-01-21 11:35:18 -0700,1
Melody’s Apple Watch,count,2020-01-21 14:26:41 -0700,2020-01-21 14:26:44 -0700,1
Melody’s Apple Watch,count,2020-01-21 20:00:55 -0700,2020-01-21 20:00:57 -0700,1
Melody’s Apple Watch,count,2020-01-21 20:30:34 -0700,2020-01-21 20:33:59 -0700,2
Melody’s Apple Watch,count,2020-01-21 22:29:05 -0700,2020-01-21 22:33:19 -0700,2
Melody’s iPhone,count,2020-01-21 20:29:59 -0700,2020-01-21 20:33:54 -0700,3
Melody’s Apple Watch,count,2020-01-22 10:38:35 -0700,2020-01-22 10:38:38 -0700,1
Melody’s Apple Watch,count,2020-01-22 12:25:43 -0700,2020-01-22 12:25:46 -0700,1
Melody’s Apple Watch,count,2020-01-22 12:57:15 -0700,2020-01-22 12:57:18 -0700,1
Melody’s Apple Watch,count,2020-01-22 13:38:05 -0700,2020-01-22 13:38:12 -0700,1
Melody’s Apple Watch,count,2020-01-22 15:43:46 -0700,2020-01-22 15:43:48 -0700,1
Melody’s Apple Watch,count,2020-01-22 18:12:01 -0700,2020-01-22 18:12:04 -0700,1
Melody’s Apple Watch,count,2020-01-22 19:20:19 -0700,2020-01-22 19:20:21 -0700,1
Melody’s iPhone,count,2020-01-22 10:38:34 -0700,2020-01-22 10:38:37 -0700,1
Melody’s iPhone,count,2020-01-22 12:25:48 -0700,2020-01-22 12:25:51 -0700,1
Melody’s iPhone,count,2020-01-22 12:57:11 -0700,2020-01-22 12:57:13 -0700,1
Melody’s iPhone,count,2020-01-22 13:37:58 -0700,2020-01-22 13:38:06 -0700,1
Melody’s iPhone,count,2020-01-22 14:47:49 -0700,2020-01-22 14:47:51 -0700,1
Melody’s iPhone,count,2020-01-22 15:43:36 -0700,2020-01-22 15:43:39 -0700,1
Melody’s iPhone,count,2020-01-22 18:11:59 -0700,2020-01-22 18:12:02 -0700,1
Melody’s iPhone,count,2020-01-22 19:20:18 -0700,2020-01-22 19:20:21 -0700,1
Melody’s iPhone,count,2020-01-23 12:06:35 -0700,2020-01-23 12:06:50 -0700,2
Melody’s iPhone,count,2020-01-23 16:59:29 -0700,2020-01-23 17:03:13 -0700,2
Melody’s Apple Watch,count,2020-01-23 12:06:42 -0700,2020-01-23 12:06:45 -0700,1
Melody’s Apple Watch,count,2020-01-23 16:56:29 -0700,2020-01-23 17:03:21 -0700,3
Melody’s iPhone,count,2020-01-24 20:28:06 -0700,2020-01-24 20:28:11 -0700,1
Melody’s iPhone,count,2020-01-24 23:22:03 -0700,2020-01-24 23:22:05 -0700,1
Melody’s Apple Watch,count,2020-01-24 20:28:10 -0700,2020-01-24 20:28:13 -0700,1
Melody’s Apple Watch,count,2020-01-24 23:22:04 -0700,2020-01-24 23:22:07 -0700,1
Melody’s Apple Watch,count,2020-01-25 19:25:16 -0700,2020-01-25 19:25:18 -0700,1
Melody’s Apple Watch,count,2020-01-26 16:12:08 -0700,2020-01-26 16:12:11 -0700,1
Melody’s Apple Watch,count,2020-01-26 20:39:51 -0700,2020-01-26 20:39:54 -0700,1
Melody’s iPhone,count,2020-01-26 16:12:03 -0700,2020-01-26 16:12:06 -0700,1
Melody’s iPhone,count,2020-01-26 20:39:47 -0700,2020-01-26 20:39:50 -0700,1
Melody’s iPhone,count,2020-01-27 10:30:43 -0700,2020-01-27 10:30:46 -0700,1
Melody’s iPhone,count,2020-01-27 12:09:45 -0700,2020-01-27 12:09:47 -0700,1
Melody’s Apple Watch,count,2020-01-27 10:30:44 -0700,2020-01-27 10:30:47 -0700,1
Melody’s Apple Watch,count,2020-01-27 12:09:51 -0700,2020-01-27 12:09:53 -0700,1
Melody’s Apple Watch,count,2020-01-27 18:52:14 -0700,2020-01-27 18:52:16 -0700,1
Melody’s iPhone,count,2020-01-27 18:52:11 -0700,2020-01-27 18:52:13 -0700,1
Melody’s Apple Watch,count,2020-01-28 00:09:53 -0700,2020-01-28 00:09:56 -0700,1
Melody’s Apple Watch,count,2020-01-28 09:08:44 -0700,2020-01-28 09:08:47 -0700,1
Melody’s Apple Watch,count,2020-01-28 09:39:22 -0700,2020-01-28 09:39:25 -0700,1
Melody’s Apple Watch,count,2020-01-28 09:51:04 -0700,2020-01-28 09:51:06 -0700,1
Melody’s Apple Watch,count,2020-01-28 12:25:18 -0700,2020-01-28 12:25:21 -0700,1
Melody’s Apple Watch,count,2020-01-28 17:34:30 -0700,2020-01-28 17:34:33 -0700,1
Melody’s iPhone,count,2020-01-28 00:09:54 -0700,2020-01-28 00:10:12 -0700,1
Melody’s iPhone,count,2020-01-28 09:08:49 -0700,2020-01-28 09:08:52 -0700,1
Melody’s iPhone,count,2020-01-28 09:39:21 -0700,2020-01-28 09:39:24 -0700,1
Melody’s iPhone,count,2020-01-28 09:50:54 -0700,2020-01-28 09:51:04 -0700,1
Melody’s iPhone,count,2020-01-28 12:25:15 -0700,2020-01-28 12:25:18 -0700,1
Melody’s iPhone,count,2020-01-28 14:57:16 -0700,2020-01-28 14:57:18 -0700,1
Melody’s iPhone,count,2020-01-28 17:34:23 -0700,2020-01-28 17:34:25 -0700,1
Melody’s iPhone,count,2020-01-28 21:53:24 -0700,2020-01-28 21:53:34 -0700,1
Melody’s Apple Watch,count,2020-01-28 21:53:31 -0700,2020-01-28 21:53:34 -0700,1
Melody’s Apple Watch,count,2020-01-29 10:25:51 -0700,2020-01-29 10:25:53 -0700,1
Melody’s Apple Watch,count,2020-01-29 12:34:21 -0700,2020-01-29 12:34:24 -0700,1
Melody’s Apple Watch,count,2020-01-29 14:34:10 -0700,2020-01-29 14:34:13 -0700,1
Melody’s iPhone,count,2020-01-29 10:25:45 -0700,2020-01-29 10:25:48 -0700,1
Melody’s iPhone,count,2020-01-29 12:34:19 -0700,2020-01-29 12:34:21 -0700,1
Melody’s Apple Watch,count,2020-01-29 16:04:00 -0700,2020-01-29 16:04:03 -0700,1
Melody’s Apple Watch,count,2020-01-29 16:17:47 -0700,2020-01-29 16:17:50 -0700,1
Melody’s Apple Watch,count,2020-01-29 16:43:00 -0700,2020-01-29 16:43:03 -0700,1
Melody’s Apple Watch,count,2020-01-29 18:49:52 -0700,2020-01-29 18:49:54 -0700,1
Melody’s Apple Watch,count,2020-01-30 11:41:30 -0700,2020-01-30 11:41:32 -0700,1
Melody’s Apple Watch,count,2020-01-30 14:52:26 -0700,2020-01-30 14:52:47 -0700,2
Melody’s Apple Watch,count,2020-01-30 15:13:23 -0700,2020-01-30 15:13:25 -0700,1
Melody’s iPhone,count,2020-01-29 18:49:51 -0700,2020-01-29 18:49:53 -0700,1
Melody’s iPhone,count,2020-01-30 11:41:28 -0700,2020-01-30 11:41:31 -0700,1
Melody’s iPhone,count,2020-01-30 14:52:24 -0700,2020-01-30 14:52:44 -0700,2
Melody’s iPhone,count,2020-01-30 15:13:16 -0700,2020-01-30 15:13:18 -0700,1
Melody’s Apple Watch,count,2020-01-30 17:22:06 -0700,2020-01-30 17:28:30 -0700,10
Melody’s Apple Watch,count,2020-01-30 17:33:25 -0700,2020-01-30 17:33:27 -0700,1
Melody’s Apple Watch,count,2020-01-30 17:53:12 -0700,2020-01-30 17:53:14 -0700,1
Melody’s Apple Watch,count,2020-01-30 19:06:03 -0700,2020-01-30 19:06:06 -0700,1
Melody’s iPhone,count,2020-01-30 17:22:05 -0700,2020-01-30 17:28:20 -0700,11
Melody’s iPhone,count,2020-01-30 17:53:07 -0700,2020-01-30 17:53:09 -0700,1
Melody’s iPhone,count,2020-01-30 18:15:35 -0700,2020-01-30 18:15:38 -0700,2
Melody’s Apple Watch,count,2020-01-31 19:21:46 -0700,2020-01-31 19:21:48 -0700,1
Melody’s Apple Watch,count,2020-01-31 20:55:43 -0700,2020-01-31 20:56:39 -0700,1
Melody’s Apple Watch,count,2020-01-31 22:53:44 -0700,2020-01-31 22:53:47 -0700,1
Melody’s iPhone,count,2020-01-31 19:21:45 -0700,2020-01-31 19:21:48 -0700,1
Melody’s iPhone,count,2020-01-31 22:53:40 -0700,2020-01-31 22:53:43 -0700,1
Melody’s Apple Watch,count,2020-02-01 19:24:57 -0700,2020-02-01 19:25:00 -0700,1
Melody’s Apple Watch,count,2020-02-01 22:59:40 -0700,2020-02-01 22:59:42 -0700,1
Melody’s iPhone,count,2020-02-01 19:24:56 -0700,2020-02-01 19:24:59 -0700,1
Melody’s iPhone,count,2020-02-01 22:59:39 -0700,2020-02-01 22:59:42 -0700,1
Melody’s Apple Watch,count,2020-02-02 11:19:58 -0700,2020-02-02 11:20:00 -0700,1
Melody’s Apple Watch,count,2020-02-02 20:31:24 -0700,2020-02-02 20:31:26 -0700,1
Melody’s iPhone,count,2020-02-02 11:19:49 -0700,2020-02-02 11:19:52 -0700,1
Melody’s iPhone,count,2020-02-02 20:31:23 -0700,2020-02-02 20:31:25 -0700,1
Melody’s Apple Watch,count,2020-02-03 10:33:20 -0700,2020-02-03 10:33:22 -0700,1
Melody’s Apple Watch,count,2020-02-03 12:20:21 -0700,2020-02-03 12:20:24 -0700,1
Melody’s Apple Watch,count,2020-02-03 17:17:23 -0700,2020-02-03 17:17:26 -0700,1
Melody’s Apple Watch,count,2020-02-03 19:40:18 -0700,2020-02-03 19:40:21 -0700,1
Melody’s iPhone,count,2020-02-03 10:33:15 -0700,2020-02-03 10:33:18 -0700,1
Melody’s iPhone,count,2020-02-03 12:20:11 -0700,2020-02-03 12:20:24 -0700,1
Melody’s iPhone,count,2020-02-03 19:40:15 -0700,2020-02-03 19:40:17 -0700,1
Melody’s Apple Watch,count,2020-02-04 09:07:50 -0700,2020-02-04 09:07:53 -0700,1
Melody’s Apple Watch,count,2020-02-04 10:01:15 -0700,2020-02-04 10:01:18 -0700,1
Melody’s Apple Watch,count,2020-02-04 10:39:39 -0700,2020-02-04 10:39:42 -0700,1
Melody’s Apple Watch,count,2020-02-04 11:39:54 -0700,2020-02-04 11:39:57 -0700,1
Melody’s Apple Watch,count,2020-02-04 13:21:32 -0700,2020-02-04 13:29:54 -0700,2
Melody’s Apple Watch,count,2020-02-04 13:39:48 -0700,2020-02-04 13:39:50 -0700,1
Melody’s Apple Watch,count,2020-02-04 17:36:33 -0700,2020-02-04 17:36:36 -0700,1
Melody’s iPhone,count,2020-02-04 09:07:38 -0700,2020-02-04 09:07:40 -0700,1
Melody’s iPhone,count,2020-02-04 10:01:13 -0700,2020-02-04 10:01:16 -0700,1
Melody’s iPhone,count,2020-02-04 10:39:37 -0700,2020-02-04 10:39:39 -0700,1
Melody’s iPhone,count,2020-02-04 11:39:51 -0700,2020-02-04 11:39:53 -0700,1
Melody’s iPhone,count,2020-02-04 13:21:24 -0700,2020-02-04 13:29:52 -0700,2
Melody’s iPhone,count,2020-02-04 13:39:45 -0700,2020-02-04 13:39:47 -0700,1
Melody’s iPhone,count,2020-02-04 17:36:28 -0700,2020-02-04 17:36:31 -0700,1
Melody’s iPhone,count,2020-02-04 19:03:04 -0700,2020-02-04 19:03:07 -0700,1
Melody’s iPhone,count,2020-02-04 19:39:41 -0700,2020-02-04 19:39:44 -0700,1
Melody’s iPhone,count,2020-02-05 10:28:29 -0700,2020-02-05 10:28:32 -0700,1
Melody’s iPhone,count,2020-02-05 12:04:23 -0700,2020-02-05 12:04:41 -0700,2
Melody’s iPhone,count,2020-02-05 12:46:32 -0700,2020-02-05 12:46:35 -0700,1
Melody’s iPhone,count,2020-02-05 15:19:40 -0700,2020-02-05 15:19:43 -0700,1
Melody’s iPhone,count,2020-02-05 15:54:33 -0700,2020-02-05 15:54:35 -0700,1
Melody’s iPhone,count,2020-02-05 17:04:03 -0700,2020-02-05 17:04:05 -0700,1
Melody’s iPhone,count,2020-02-05 20:48:04 -0700,2020-02-05 20:48:07 -0700,1
Melody’s iPhone,count,2020-02-05 21:59:47 -0700,2020-02-05 21:59:50 -0700,1
Melody’s iPhone,count,2020-02-06 11:32:32 -0700,2020-02-06 11:32:35 -0700,1
Melody’s iPhone,count,2020-02-06 14:28:55 -0700,2020-02-06 14:29:15 -0700,2
Melody’s Apple Watch,count,2020-02-04 19:03:07 -0700,2020-02-04 19:03:09 -0700,1
Melody’s Apple Watch,count,2020-02-04 19:39:43 -0700,2020-02-04 19:39:45 -0700,1
Melody’s Apple Watch,count,2020-02-05 10:28:29 -0700,2020-02-05 10:28:31 -0700,1
Melody’s Apple Watch,count,2020-02-05 12:04:25 -0700,2020-02-05 12:04:45 -0700,2
Melody’s Apple Watch,count,2020-02-05 12:46:34 -0700,2020-02-05 12:46:37 -0700,1
Melody’s Apple Watch,count,2020-02-05 15:54:36 -0700,2020-02-05 15:54:39 -0700,1
Melody’s Apple Watch,count,2020-02-05 17:04:06 -0700,2020-02-05 17:04:08 -0700,1
Melody’s Apple Watch,count,2020-02-05 19:10:13 -0700,2020-02-05 19:10:15 -0700,1
Melody’s Apple Watch,count,2020-02-06 11:32:37 -0700,2020-02-06 11:32:40 -0700,1
Melody’s Apple Watch,count,2020-02-06 14:28:58 -0700,2020-02-06 14:29:19 -0700,2
Melody’s Apple Watch,count,2020-02-06 15:31:32 -0700,2020-02-06 15:31:35 -0700,1
Melody’s Apple Watch,count,2020-02-06 17:44:55 -0700,2020-02-06 17:44:58 -0700,1
Melody’s iPhone,count,2020-02-06 15:31:35 -0700,2020-02-06 15:31:38 -0700,1
Melody’s iPhone,count,2020-02-06 17:44:59 -0700,2020-02-06 17:45:01 -0700,1
Melody’s iPhone,count,2020-02-06 21:57:09 -0700,2020-02-06 21:57:12 -0700,1
Melody’s iPhone,count,2020-02-07 00:23:49 -0700,2020-02-07 00:24:04 -0700,1
Melody’s Apple Watch,count,2020-02-06 21:57:04 -0700,2020-02-06 21:57:06 -0700,1
Melody’s Apple Watch,count,2020-02-07 00:23:53 -0700,2020-02-07 00:23:56 -0700,1
Melody’s Apple Watch,count,2020-02-07 13:37:38 -0700,2020-02-07 13:37:40 -0700,1
Melody’s Apple Watch,count,2020-02-07 20:00:41 -0700,2020-02-07 20:00:44 -0700,1
Melody’s iPhone,count,2020-02-07 13:37:36 -0700,2020-02-07 13:37:39 -0700,1
Melody’s iPhone,count,2020-02-07 20:00:36 -0700,2020-02-07 20:00:39 -0700,1
Melody’s Apple Watch,count,2020-02-08 13:20:23 -0700,2020-02-08 13:20:25 -0700,1
Melody’s iPhone,count,2020-02-08 22:07:33 -0700,2020-02-08 22:07:36 -0700,1
Melody’s iPhone,count,2020-02-09 00:42:51 -0700,2020-02-09 00:42:54 -0700,1
Melody’s Apple Watch,count,2020-02-08 22:07:36 -0700,2020-02-08 22:07:39 -0700,1
Melody’s Apple Watch,count,2020-02-09 14:38:27 -0700,2020-02-09 14:40:20 -0700,1
Melody’s Apple Watch,count,2020-02-10 13:56:34 -0700,2020-02-10 13:56:36 -0700,1
Melody’s iPhone,count,2020-02-10 11:29:27 -0700,2020-02-10 11:29:29 -0700,1
Melody’s iPhone,count,2020-02-10 13:15:21 -0700,2020-02-10 13:21:21 -0700,2
Melody’s iPhone,count,2020-02-10 13:46:26 -0700,2020-02-10 13:46:28 -0700,1
Melody’s iPhone,count,2020-02-10 13:56:31 -0700,2020-02-10 13:56:34 -0700,1
Melody’s iPhone,count,2020-02-11 09:06:13 -0700,2020-02-11 09:06:16 -0700,1
Melody’s iPhone,count,2020-02-11 09:53:38 -0700,2020-02-11 09:53:41 -0700,1
Melody’s Apple Watch,count,2020-02-11 09:06:10 -0700,2020-02-11 09:06:12 -0700,1
Melody’s Apple Watch,count,2020-02-11 09:53:41 -0700,2020-02-11 09:53:43 -0700,1
Melody’s Apple Watch,count,2020-02-11 10:32:48 -0700,2020-02-11 10:32:50 -0700,1
Melody’s Apple Watch,count,2020-02-11 11:27:20 -0700,2020-02-11 11:27:22 -0700,1
Melody’s Apple Watch,count,2020-02-11 12:28:02 -0700,2020-02-11 12:29:45 -0700,2
Melody’s Apple Watch,count,2020-02-11 13:32:47 -0700,2020-02-11 13:32:49 -0700,1
Melody’s Apple Watch,count,2020-02-11 16:37:34 -0700,2020-02-11 16:37:37 -0700,1
Melody’s Apple Watch,count,2020-02-11 17:27:53 -0700,2020-02-11 17:27:55 -0700,1
Melody’s Apple Watch,count,2020-02-11 20:47:53 -0700,2020-02-11 20:48:36 -0700,1
Melody’s Apple Watch,count,2020-02-11 22:23:11 -0700,2020-02-11 22:23:16 -0700,1
Melody’s iPhone,count,2020-02-11 10:32:35 -0700,2020-02-11 10:32:38 -0700,1
Melody’s iPhone,count,2020-02-11 11:27:15 -0700,2020-02-11 11:27:17 -0700,1
Melody’s iPhone,count,2020-02-11 12:27:59 -0700,2020-02-11 12:29:41 -0700,2
Melody’s iPhone,count,2020-02-11 16:37:29 -0700,2020-02-11 16:37:31 -0700,1
Melody’s iPhone,count,2020-02-11 17:27:50 -0700,2020-02-11 17:27:53 -0700,1
Melody’s iPhone,count,2020-02-11 20:47:52 -0700,2020-02-11 20:47:55 -0700,1
Melody’s iPhone,count,2020-02-11 22:23:09 -0700,2020-02-11 22:23:11 -0700,1
Melody’s iPhone,count,2020-02-12 10:35:00 -0700,2020-02-12 10:35:02 -0700,1
Melody’s iPhone,count,2020-02-12 11:59:49 -0700,2020-02-12 11:59:51 -0700,1
Melody’s iPhone,count,2020-02-12 12:43:06 -0700,2020-02-12 12:43:09 -0700,1
Melody’s iPhone,count,2020-02-12 14:59:46 -0700,2020-02-12 14:59:48 -0700,1
Melody’s iPhone,count,2020-02-12 17:27:04 -0700,2020-02-12 17:33:35 -0700,1
Melody’s Apple Watch,count,2020-02-12 10:35:03 -0700,2020-02-12 10:35:06 -0700,1
Melody’s Apple Watch,count,2020-02-12 11:59:52 -0700,2020-02-12 11:59:54 -0700,1
Melody’s Apple Watch,count,2020-02-12 12:43:12 -0700,2020-02-12 12:43:14 -0700,1
Melody’s Apple Watch,count,2020-02-12 13:56:06 -0700,2020-02-12 13:56:09 -0700,1
Melody’s Apple Watch,count,2020-02-12 14:59:48 -0700,2020-02-12 14:59:51 -0700,1
Melody’s iPhone,count,2020-02-12 21:36:19 -0700,2020-02-12 21:36:37 -0700,1
Melody’s iPhone,count,2020-02-13 11:53:39 -0700,2020-02-13 11:53:42 -0700,1
Melody’s Apple Watch,count,2020-02-12 21:36:23 -0700,2020-02-12 21:36:25 -0700,1
Melody’s Apple Watch,count,2020-02-13 11:53:43 -0700,2020-02-13 11:53:46 -0700,1
Melody’s Apple Watch,count,2020-02-13 15:28:25 -0700,2020-02-13 15:28:27 -0700,1
Melody’s Apple Watch,count,2020-02-13 17:39:59 -0700,2020-02-13 17:40:02 -0700,1
Melody’s iPhone,count,2020-02-13 15:28:23 -0700,2020-02-13 15:28:25 -0700,1
Melody’s iPhone,count,2020-02-13 17:39:50 -0700,2020-02-13 17:40:36 -0700,1
Melody’s iPhone,count,2020-02-15 01:08:56 -0700,2020-02-15 01:08:59 -0700,1
Melody’s Apple Watch,count,2020-02-16 00:45:51 -0700,2020-02-16 00:45:59 -0700,1
Melody’s Apple Watch,count,2020-02-16 20:24:04 -0700,2020-02-16 20:31:32 -0700,2
Melody’s Apple Watch,count,2020-02-17 17:46:43 -0700,2020-02-17 17:46:46 -0700,1
Melody’s Apple Watch,count,2020-02-17 20:42:16 -0700,2020-02-17 20:42:18 -0700,1
Melody’s iPhone,count,2020-02-15 16:55:17 -0700,2020-02-15 16:55:45 -0700,1
Melody’s iPhone,count,2020-02-16 00:45:51 -0700,2020-02-16 00:45:54 -0700,1
Melody’s iPhone,count,2020-02-16 20:24:00 -0700,2020-02-16 20:31:35 -0700,2
Melody’s Apple Watch,count,2020-02-16 22:04:35 -0700,2020-02-16 22:04:37 -0700,1
Melody’s iPhone,count,2020-02-17 20:42:16 -0700,2020-02-17 20:42:18 -0700,1
Melody’s iPhone,count,2020-02-18 08:11:00 -0700,2020-02-18 08:11:02 -0700,1
Melody’s iPhone,count,2020-02-18 09:06:48 -0700,2020-02-18 09:06:51 -0700,1
Melody’s iPhone,count,2020-02-18 10:22:11 -0700,2020-02-18 10:22:32 -0700,2
Melody’s iPhone,count,2020-02-18 11:20:40 -0700,2020-02-18 11:20:42 -0700,1
Melody’s iPhone,count,2020-02-18 11:41:11 -0700,2020-02-18 11:46:28 -0700,2
Melody’s Apple Watch,count,2020-02-18 08:11:00 -0700,2020-02-18 08:11:03 -0700,1
Melody’s Apple Watch,count,2020-02-18 09:06:46 -0700,2020-02-18 09:06:48 -0700,1
Melody’s Apple Watch,count,2020-02-18 10:22:19 -0700,2020-02-18 10:22:39 -0700,2
Melody’s Apple Watch,count,2020-02-18 11:20:54 -0700,2020-02-18 11:20:57 -0700,1
Melody’s Apple Watch,count,2020-02-18 11:41:17 -0700,2020-02-18 11:46:30 -0700,2
Melody’s Apple Watch,count,2020-02-18 15:58:10 -0700,2020-02-18 15:58:15 -0700,1
Melody’s iPhone,count,2020-02-18 16:28:24 -0700,2020-02-18 16:28:26 -0700,1
Melody’s iPhone,count,2020-02-18 19:01:15 -0700,2020-02-18 19:01:18 -0700,1
Melody’s iPhone,count,2020-02-18 19:19:56 -0700,2020-02-18 19:19:58 -0700,1
Melody’s iPhone,count,2020-02-18 23:25:09 -0700,2020-02-18 23:25:11 -0700,1
Melody’s iPhone,count,2020-02-19 10:32:12 -0700,2020-02-19 10:32:15 -0700,1
Melody’s iPhone,count,2020-02-19 12:20:51 -0700,2020-02-19 12:23:48 -0700,1
Melody’s Apple Watch,count,2020-02-18 16:28:28 -0700,2020-02-18 16:28:31 -0700,1
Melody’s Apple Watch,count,2020-02-18 19:01:21 -0700,2020-02-18 19:01:23 -0700,1
Melody’s Apple Watch,count,2020-02-18 19:20:01 -0700,2020-02-18 19:20:04 -0700,1
Melody’s Apple Watch,count,2020-02-18 23:25:08 -0700,2020-02-18 23:25:51 -0700,1
Melody’s Apple Watch,count,2020-02-19 10:32:05 -0700,2020-02-19 10:32:07 -0700,1
Melody’s Apple Watch,count,2020-02-19 12:20:56 -0700,2020-02-19 12:20:58 -0700,1
Melody’s iPhone,count,2020-02-19 13:06:30 -0700,2020-02-19 13:06:32 -0700,1
Melody’s iPhone,count,2020-02-19 15:50:00 -0700,2020-02-19 15:50:02 -0700,1
Melody’s iPhone,count,2020-02-19 17:02:52 -0700,2020-02-19 17:02:55 -0700,1
Melody’s iPhone,count,2020-02-19 17:39:36 -0700,2020-02-19 17:39:39 -0700,1
Melody’s iPhone,count,2020-02-19 21:45:38 -0700,2020-02-19 21:45:41 -0700,1
Melody’s iPhone,count,2020-02-20 10:56:41 -0700,2020-02-20 10:56:43 -0700,1
Melody’s iPhone,count,2020-02-20 11:54:57 -0700,2020-02-20 11:55:00 -0700,1
Melody’s Apple Watch,count,2020-02-19 13:06:40 -0700,2020-02-19 13:06:42 -0700,1
Melody’s Apple Watch,count,2020-02-19 15:16:43 -0700,2020-02-19 15:16:46 -0700,1
Melody’s Apple Watch,count,2020-02-19 15:30:48 -0700,2020-02-19 15:36:33 -0700,2
Melody’s Apple Watch,count,2020-02-19 15:50:07 -0700,2020-02-19 15:50:09 -0700,1
Melody’s Apple Watch,count,2020-02-19 17:02:57 -0700,2020-02-19 17:02:59 -0700,1
Melody’s Apple Watch,count,2020-02-19 17:39:49 -0700,2020-02-19 17:39:51 -0700,1
Melody’s Apple Watch,count,2020-02-19 21:45:40 -0700,2020-02-19 21:45:42 -0700,1
Melody’s Apple Watch,count,2020-02-20 11:54:52 -0700,2020-02-20 11:54:55 -0700,1
Melody’s iPhone,count,2020-02-20 15:31:09 -0700,2020-02-20 15:31:11 -0700,1
Melody’s iPhone,count,2020-02-20 15:44:03 -0700,2020-02-20 15:44:05 -0700,1
Melody’s iPhone,count,2020-02-20 18:07:07 -0700,2020-02-20 18:17:08 -0700,22
Melody’s iPhone,count,2020-02-20 18:17:20 -0700,2020-02-20 18:23:56 -0700,7
Melody’s iPhone,count,2020-02-20 18:33:33 -0700,2020-02-20 18:33:36 -0700,1
Melody’s iPhone,count,2020-02-20 19:18:00 -0700,2020-02-20 19:24:59 -0700,2
Melody’s iPhone,count,2020-02-20 22:37:58 -0700,2020-02-20 22:38:01 -0700,1
Melody’s Apple Watch,count,2020-02-20 15:31:14 -0700,2020-02-20 15:31:16 -0700,1
Melody’s Apple Watch,count,2020-02-20 15:44:05 -0700,2020-02-20 15:44:07 -0700,1
Melody’s Apple Watch,count,2020-02-20 18:07:13 -0700,2020-02-20 18:17:01 -0700,22
Melody’s Apple Watch,count,2020-02-20 18:17:16 -0700,2020-02-20 18:24:00 -0700,8
Melody’s Apple Watch,count,2020-02-20 18:33:28 -0700,2020-02-20 18:33:49 -0700,2
Melody’s Apple Watch,count,2020-02-20 19:18:04 -0700,2020-02-20 19:24:41 -0700,2
Melody’s iPhone,count,2020-02-21 20:13:46 -0700,2020-02-21 20:15:23 -0700,1
Melody’s iPhone,count,2020-02-22 01:10:10 -0700,2020-02-22 01:10:20 -0700,1
Melody’s iPhone,count,2020-02-22 02:12:59 -0700,2020-02-22 02:13:02 -0700,1
Melody’s iPhone,count,2020-02-22 19:41:03 -0700,2020-02-22 19:41:05 -0700,1
Melody’s iPhone,count,2020-02-22 22:32:37 -0700,2020-02-22 22:32:40 -0700,1
Melody’s Apple Watch,count,2020-02-21 20:13:51 -0700,2020-02-21 20:13:54 -0700,1
Melody’s Apple Watch,count,2020-02-21 21:57:06 -0700,2020-02-21 21:57:09 -0700,1
Melody’s Apple Watch,count,2020-02-21 22:44:18 -0700,2020-02-21 22:44:20 -0700,1
Melody’s Apple Watch,count,2020-02-22 01:10:11 -0700,2020-02-22 01:10:14 -0700,1
Melody’s Apple Watch,count,2020-02-22 02:13:02 -0700,2020-02-22 02:13:05 -0700,1
Melody’s Apple Watch,count,2020-02-22 19:41:05 -0700,2020-02-22 19:41:07 -0700,1
Melody’s Apple Watch,count,2020-02-23 13:49:24 -0700,2020-02-23 13:49:26 -0700,1
Melody’s iPhone,count,2020-02-23 13:49:16 -0700,2020-02-23 13:49:29 -0700,1
Melody’s iPhone,count,2020-02-24 10:24:13 -0700,2020-02-24 10:24:15 -0700,1
Melody’s Apple Watch,count,2020-02-24 10:24:16 -0700,2020-02-24 10:24:18 -0700,1
Melody’s Apple Watch,count,2020-02-24 12:22:18 -0700,2020-02-24 12:22:21 -0700,1
Melody’s Apple Watch,count,2020-02-24 13:46:00 -0700,2020-02-24 13:46:03 -0700,1
Melody’s iPhone,count,2020-02-24 12:22:17 -0700,2020-02-24 12:22:20 -0700,1
Melody’s iPhone,count,2020-02-24 13:45:58 -0700,2020-02-24 13:46:00 -0700,1
Melody’s iPhone,count,2020-02-24 14:42:33 -0700,2020-02-24 14:42:36 -0700,1
Melody’s iPhone,count,2020-02-24 15:59:23 -0700,2020-02-24 15:59:25 -0700,1
Melody’s iPhone,count,2020-02-24 19:09:17 -0700,2020-02-24 19:09:20 -0700,1
Melody’s iPhone,count,2020-02-24 22:59:29 -0700,2020-02-24 22:59:31 -0700,1
Melody’s Apple Watch,count,2020-02-24 14:42:35 -0700,2020-02-24 14:42:38 -0700,1
Melody’s Apple Watch,count,2020-02-24 15:59:30 -0700,2020-02-24 15:59:33 -0700,1
Melody’s Apple Watch,count,2020-02-24 19:09:20 -0700,2020-02-24 19:09:22 -0700,1
Melody’s Apple Watch,count,2020-02-24 22:59:29 -0700,2020-02-24 22:59:31 -0700,1
Melody’s iPhone,count,2020-02-25 17:26:09 -0700,2020-02-25 17:33:13 -0700,2
Melody’s iPhone,count,2020-02-26 10:35:24 -0700,2020-02-26 10:35:37 -0700,2
Melody’s iPhone,count,2020-02-26 13:02:07 -0700,2020-02-26 13:02:10 -0700,1
Melody’s iPhone,count,2020-02-26 14:26:09 -0700,2020-02-26 14:26:12 -0700,1
Melody’s Apple Watch,count,2020-02-25 17:26:16 -0700,2020-02-25 17:33:19 -0700,2
Melody’s Apple Watch,count,2020-02-26 10:35:27 -0700,2020-02-26 10:35:30 -0700,1
Melody’s Apple Watch,count,2020-02-26 13:02:15 -0700,2020-02-26 13:02:18 -0700,1
Melody’s iPhone,count,2020-02-26 15:40:45 -0700,2020-02-26 15:40:48 -0700,1
Melody’s iPhone,count,2020-02-26 16:54:03 -0700,2020-02-26 16:54:06 -0700,1
Melody’s iPhone,count,2020-02-26 17:23:08 -0700,2020-02-26 17:23:10 -0700,1
Melody’s iPhone,count,2020-02-26 20:07:25 -0700,2020-02-26 20:07:36 -0700,1
Melody’s iPhone,count,2020-02-27 12:25:38 -0700,2020-02-27 12:25:41 -0700,1
Melody’s Apple Watch,count,2020-02-26 14:26:14 -0700,2020-02-26 14:26:16 -0700,1
Melody’s Apple Watch,count,2020-02-26 15:40:49 -0700,2020-02-26 15:40:52 -0700,1
Melody’s Apple Watch,count,2020-02-26 16:54:05 -0700,2020-02-26 16:54:08 -0700,1
Melody’s Apple Watch,count,2020-02-26 17:23:11 -0700,2020-02-26 17:23:14 -0700,1
Melody’s Apple Watch,count,2020-02-26 20:07:33 -0700,2020-02-26 20:07:36 -0700,1
Melody’s Apple Watch,count,2020-02-27 12:25:34 -0700,2020-02-27 12:25:36 -0700,1
Melody’s iPhone,count,2020-02-27 16:52:29 -0700,2020-02-27 16:57:41 -0700,2
Melody’s iPhone,count,2020-02-28 09:34:21 -0700,2020-02-28 09:34:24 -0700,1
Melody’s iPhone,count,2020-02-28 11:52:34 -0700,2020-02-28 11:52:37 -0700,1
Melody’s iPhone,count,2020-02-28 13:07:58 -0700,2020-02-28 13:12:16 -0700,3
Melody’s Apple Watch,count,2020-02-27 16:52:33 -0700,2020-02-27 16:57:37 -0700,2
Melody’s Apple Watch,count,2020-02-28 09:34:24 -0700,2020-02-28 09:34:27 -0700,1
Melody’s Apple Watch,count,2020-02-28 11:52:36 -0700,2020-02-28 11:52:38 -0700,1
Melody’s iPhone,count,2020-02-28 13:43:15 -0700,2020-02-28 13:45:26 -0700,2
Melody’s iPhone,count,2020-02-28 14:40:35 -0700,2020-02-28 14:40:38 -0700,1
Melody’s iPhone,count,2020-02-28 17:15:43 -0700,2020-02-28 17:15:45 -0700,1
Melody’s iPhone,count,2020-02-28 20:13:44 -0700,2020-02-28 20:13:47 -0700,1
Melody’s iPhone,count,2020-02-29 11:52:08 -0700,2020-02-29 11:52:10 -0700,1
Melody’s iPhone,count,2020-02-29 16:38:41 -0700,2020-02-29 16:38:43 -0700,1
Melody’s iPhone,count,2020-02-29 22:18:22 -0700,2020-02-29 22:18:24 -0700,1
Melody’s iPhone,count,2020-03-01 17:21:13 -0700,2020-03-01 17:21:15 -0700,1
Melody’s iPhone,count,2020-03-01 23:21:47 -0700,2020-03-01 23:21:49 -0700,1
Melody’s iPhone,count,2020-03-02 08:25:08 -0700,2020-03-02 08:25:11 -0700,1
Melody’s Apple Watch,count,2020-02-28 13:08:02 -0700,2020-02-28 13:12:21 -0700,3
Melody’s Apple Watch,count,2020-02-28 13:45:16 -0700,2020-02-28 13:45:19 -0700,1
Melody’s Apple Watch,count,2020-02-28 14:40:36 -0700,2020-02-28 14:40:39 -0700,1
Melody’s Apple Watch,count,2020-02-28 17:15:44 -0700,2020-02-28 17:15:47 -0700,1
Melody’s Apple Watch,count,2020-02-28 20:13:43 -0700,2020-02-28 20:13:45 -0700,1
Melody’s iPhone,count,2020-03-02 09:06:50 -0700,2020-03-02 09:06:58 -0700,1
Melody’s iPhone,count,2020-03-02 09:51:52 -0700,2020-03-02 09:51:54 -0700,1
Melody’s iPhone,count,2020-03-02 10:37:10 -0700,2020-03-02 10:37:13 -0700,1
Melody’s iPhone,count,2020-03-02 11:48:26 -0700,2020-03-02 11:48:29 -0700,1
Melody’s iPhone,count,2020-03-02 13:07:18 -0700,2020-03-02 13:07:21 -0700,1
Melody’s iPhone,count,2020-03-02 13:48:46 -0700,2020-03-02 13:48:49 -0700,1
Melody’s iPhone,count,2020-03-02 19:19:31 -0700,2020-03-02 19:19:33 -0700,1
Melody’s iPhone,count,2020-03-03 08:29:52 -0700,2020-03-03 08:30:05 -0700,1
Melody’s Apple Watch,count,2020-03-01 15:39:18 -0700,2020-03-01 15:48:34 -0700,10
Melody’s Apple Watch,count,2020-03-01 15:49:27 -0700,2020-03-01 15:50:34 -0700,4
Melody’s Apple Watch,count,2020-03-01 17:21:18 -0700,2020-03-01 17:21:21 -0700,1
Melody’s Apple Watch,count,2020-03-02 08:25:10 -0700,2020-03-02 08:25:13 -0700,1
Melody’s Apple Watch,count,2020-03-02 09:06:59 -0700,2020-03-02 09:07:01 -0700,1
Melody’s Apple Watch,count,2020-03-02 09:51:56 -0700,2020-03-02 09:51:59 -0700,1
Melody’s Apple Watch,count,2020-03-02 10:37:11 -0700,2020-03-02 10:37:13 -0700,1
Melody’s Apple Watch,count,2020-03-02 13:07:27 -0700,2020-03-02 13:07:29 -0700,1
Melody’s Apple Watch,count,2020-03-02 13:48:51 -0700,2020-03-02 13:48:54 -0700,1
Melody’s Apple Watch,count,2020-03-02 19:19:32 -0700,2020-03-02 19:19:35 -0700,1
Melody’s Apple Watch,count,2020-03-03 08:29:56 -0700,2020-03-03 08:29:59 -0700,1
Melody’s iPhone,count,2020-03-03 09:25:53 -0700,2020-03-03 09:25:56 -0700,1
Melody’s iPhone,count,2020-03-03 10:27:50 -0700,2020-03-03 10:27:53 -0700,1
Melody’s iPhone,count,2020-03-03 12:33:07 -0700,2020-03-03 12:33:10 -0700,1
Melody’s iPhone,count,2020-03-03 13:10:48 -0700,2020-03-03 13:10:51 -0700,1
Melody’s iPhone,count,2020-03-03 15:53:33 -0700,2020-03-03 15:53:36 -0700,1
Melody’s iPhone,count,2020-03-03 19:26:37 -0700,2020-03-03 19:26:39 -0700,1
Melody’s iPhone,count,2020-03-03 20:44:08 -0700,2020-03-03 20:44:11 -0700,1
Melody’s iPhone,count,2020-03-03 23:52:50 -0700,2020-03-03 23:52:53 -0700,1
Melody’s iPhone,count,2020-03-04 13:04:06 -0700,2020-03-04 13:04:09 -0700,1
Melody’s Apple Watch,count,2020-03-03 09:25:55 -0700,2020-03-03 09:25:57 -0700,1
Melody’s Apple Watch,count,2020-03-03 10:27:58 -0700,2020-03-03 10:28:01 -0700,1
Melody’s Apple Watch,count,2020-03-03 12:33:10 -0700,2020-03-03 12:33:12 -0700,1
Melody’s Apple Watch,count,2020-03-03 13:10:48 -0700,2020-03-03 13:10:50 -0700,1
Melody’s Apple Watch,count,2020-03-03 15:53:32 -0700,2020-03-03 15:53:34 -0700,1
Melody’s Apple Watch,count,2020-03-03 20:44:08 -0700,2020-03-03 20:44:10 -0700,1
Melody’s Apple Watch,count,2020-03-03 23:52:54 -0700,2020-03-03 23:52:57 -0700,1
Melody’s Apple Watch,count,2020-03-04 13:04:10 -0700,2020-03-04 13:04:12 -0700,1
Melody’s iPhone,count,2020-03-04 19:55:24 -0700,2020-03-04 19:56:31 -0700,1
Melody’s iPhone,count,2020-03-05 11:55:19 -0700,2020-03-05 11:55:22 -0700,1
Melody’s iPhone,count,2020-03-05 15:51:47 -0700,2020-03-05 15:51:50 -0700,1
Melody’s iPhone,count,2020-03-05 23:48:28 -0700,2020-03-05 23:49:29 -0700,1
Melody’s Apple Watch,count,2020-03-04 18:37:22 -0700,2020-03-04 18:37:24 -0700,1
Melody’s Apple Watch,count,2020-03-04 19:55:30 -0700,2020-03-04 19:55:32 -0700,1
Melody’s Apple Watch,count,2020-03-05 11:55:23 -0700,2020-03-05 11:55:25 -0700,1
Melody’s Apple Watch,count,2020-03-05 15:51:47 -0700,2020-03-05 15:51:50 -0700,1
Melody’s Apple Watch,count,2020-03-05 23:48:32 -0700,2020-03-05 23:48:35 -0700,1
Melody’s iPhone,count,2020-03-06 09:13:07 -0700,2020-03-06 09:18:36 -0700,2
Melody’s iPhone,count,2020-03-06 16:28:17 -0700,2020-03-06 16:28:19 -0700,1
Melody’s iPhone,count,2020-03-06 19:44:40 -0700,2020-03-06 19:44:42 -0700,1
Melody’s Apple Watch,count,2020-03-06 09:13:13 -0700,2020-03-06 09:18:30 -0700,2
Melody’s Apple Watch,count,2020-03-06 16:28:20 -0700,2020-03-06 16:28:22 -0700,1
Melody’s Apple Watch,count,2020-03-06 19:44:43 -0700,2020-03-06 19:44:46 -0700,1
Melody’s iPhone,count,2020-03-07 11:53:35 -0700,2020-03-07 12:03:20 -0700,19
Melody’s Apple Watch,count,2020-03-07 11:53:36 -0700,2020-03-07 12:03:20 -0700,19
Melody’s Apple Watch,count,2020-03-07 12:21:58 -0700,2020-03-07 12:22:01 -0700,1
Melody’s iPhone,count,2020-03-07 12:47:51 -0700,2020-03-07 12:47:53 -0700,1
Melody’s iPhone,count,2020-03-07 18:14:02 -0700,2020-03-07 18:14:04 -0700,1
Melody’s iPhone,count,2020-03-07 22:33:25 -0700,2020-03-07 22:33:30 -0700,1
Melody’s Apple Watch,count,2020-03-07 12:47:53 -0700,2020-03-07 12:47:55 -0700,1
Melody’s Apple Watch,count,2020-03-07 22:33:30 -0700,2020-03-07 22:33:33 -0700,1
Melody’s iPhone,count,2020-03-09 00:24:44 -0700,2020-03-09 00:24:47 -0700,1
Melody’s iPhone,count,2020-03-09 09:53:34 -0700,2020-03-09 09:53:37 -0700,1
Melody’s iPhone,count,2020-03-09 13:53:13 -0700,2020-03-09 13:53:31 -0700,1
Melody’s Apple Watch,count,2020-03-08 13:30:46 -0700,2020-03-08 13:30:48 -0700,1
Melody’s Apple Watch,count,2020-03-09 09:53:37 -0700,2020-03-09 09:53:39 -0700,1
Melody’s iPhone,count,2020-03-09 22:11:34 -0700,2020-03-09 22:11:37 -0700,1
Melody’s iPhone,count,2020-03-10 10:55:08 -0700,2020-03-10 10:55:11 -0700,1
Melody’s Apple Watch,count,2020-03-09 13:53:11 -0700,2020-03-09 13:53:13 -0700,1
Melody’s Apple Watch,count,2020-03-09 22:11:35 -0700,2020-03-09 22:11:37 -0700,1
Melody’s Apple Watch,count,2020-03-10 10:55:13 -0700,2020-03-10 10:55:16 -0700,1
Melody’s iPhone,count,2020-03-11 09:36:58 -0700,2020-03-11 09:37:00 -0700,1
Melody’s Apple Watch,count,2020-03-11 09:36:54 -0700,2020-03-11 09:36:57 -0700,1
Melody’s iPhone,count,2020-03-11 12:00:31 -0700,2020-03-11 12:00:34 -0700,1
Melody’s iPhone,count,2020-03-11 19:41:24 -0700,2020-03-11 19:41:42 -0700,1
Melody’s Apple Watch,count,2020-03-11 19:41:29 -0700,2020-03-11 19:41:32 -0700,1
Melody’s iPhone,count,2020-03-12 10:58:29 -0700,2020-03-12 10:58:32 -0700,1
Melody’s iPhone,count,2020-03-12 14:34:25 -0700,2020-03-12 14:34:40 -0700,1
Melody’s Apple Watch,count,2020-03-12 10:58:32 -0700,2020-03-12 10:58:35 -0700,1
Melody’s Apple Watch,count,2020-03-12 14:34:30 -0700,2020-03-12 14:34:33 -0700,1
Melody’s iPhone,count,2020-03-12 16:39:45 -0700,2020-03-12 16:49:33 -0700,9
Melody’s iPhone,count,2020-03-12 16:49:51 -0700,2020-03-12 16:58:40 -0700,13
Melody’s iPhone,count,2020-03-12 17:05:00 -0700,2020-03-12 17:05:03 -0700,1
Melody’s iPhone,count,2020-03-12 18:01:40 -0700,2020-03-12 18:01:43 -0700,1
Melody’s iPhone,count,2020-03-13 08:25:10 -0700,2020-03-13 08:25:13 -0700,1
Melody’s Apple Watch,count,2020-03-12 16:39:15 -0700,2020-03-12 16:49:09 -0700,10
Melody’s Apple Watch,count,2020-03-12 16:49:42 -0700,2020-03-12 16:58:42 -0700,12
Melody’s Apple Watch,count,2020-03-12 17:04:59 -0700,2020-03-12 17:05:01 -0700,1
Melody’s Apple Watch,count,2020-03-12 17:15:11 -0700,2020-03-12 17:16:43 -0700,3
Melody’s Apple Watch,count,2020-03-12 18:01:45 -0700,2020-03-12 18:01:47 -0700,1
Melody’s Apple Watch,count,2020-03-13 08:25:09 -0700,2020-03-13 08:25:11 -0700,1
Melody’s iPhone,count,2020-03-13 13:10:23 -0700,2020-03-13 13:10:26 -0700,1
Melody’s Apple Watch,count,2020-03-13 13:10:33 -0700,2020-03-13 13:10:35 -0700,1
Melody’s iPhone,count,2020-03-13 16:54:01 -0700,2020-03-13 16:54:03 -0700,1
Melody’s iPhone,count,2020-03-13 17:33:02 -0700,2020-03-13 17:33:04 -0700,1
Melody’s iPhone,count,2020-03-13 21:41:42 -0700,2020-03-13 21:41:45 -0700,1
Melody’s Apple Watch,count,2020-03-13 16:54:04 -0700,2020-03-13 16:54:07 -0700,1
Melody’s Apple Watch,count,2020-03-13 17:32:58 -0700,2020-03-13 17:33:01 -0700,1
Melody’s Apple Watch,count,2020-03-13 19:35:20 -0700,2020-03-13 19:35:22 -0700,1
Melody’s Apple Watch,count,2020-03-13 21:41:48 -0700,2020-03-13 21:41:50 -0700,1
Melody’s Apple Watch,count,2020-03-14 20:42:58 -0700,2020-03-14 20:43:01 -0700,1
Melody’s iPhone,count,2020-03-15 16:16:23 -0700,2020-03-15 16:26:05 -0700,3
Melody’s iPhone,count,2020-03-15 16:29:02 -0700,2020-03-15 16:29:04 -0700,1
Melody’s iPhone,count,2020-03-16 01:57:15 -0700,2020-03-16 01:59:20 -0700,3
Melody’s iPhone,count,2020-03-16 08:19:42 -0700,2020-03-16 08:19:45 -0700,1
Melody’s Apple Watch,count,2020-03-16 08:19:44 -0700,2020-03-16 08:19:47 -0700,1
Melody’s iPhone,count,2020-03-16 10:25:53 -0700,2020-03-16 10:25:55 -0700,1
Melody’s iPhone,count,2020-03-16 11:00:01 -0700,2020-03-16 11:00:04 -0700,1
Melody’s iPhone,count,2020-03-16 12:11:21 -0700,2020-03-16 12:11:32 -0700,1
Melody’s iPhone,count,2020-03-16 12:26:33 -0700,2020-03-16 12:26:36 -0700,1
Melody’s iPhone,count,2020-03-16 14:07:14 -0700,2020-03-16 14:08:46 -0700,2
Melody’s iPhone,count,2020-03-16 14:17:17 -0700,2020-03-16 14:17:19 -0700,1
Melody’s iPhone,count,2020-03-16 17:43:02 -0700,2020-03-16 17:43:10 -0700,1
Melody’s Apple Watch,count,2020-03-16 10:25:54 -0700,2020-03-16 10:25:57 -0700,1
Melody’s Apple Watch,count,2020-03-16 11:00:05 -0700,2020-03-16 11:00:08 -0700,1
Melody’s Apple Watch,count,2020-03-16 12:11:31 -0700,2020-03-16 12:11:33 -0700,1
Melody’s Apple Watch,count,2020-03-16 12:26:34 -0700,2020-03-16 12:26:37 -0700,1
Melody’s Apple Watch,count,2020-03-16 14:07:13 -0700,2020-03-16 14:08:49 -0700,2
Melody’s Apple Watch,count,2020-03-16 14:17:19 -0700,2020-03-16 14:17:21 -0700,1
Melody’s Apple Watch,count,2020-03-16 17:43:09 -0700,2020-03-16 17:43:12 -0700,1
Melody’s iPhone,count,2020-03-16 20:08:20 -0700,2020-03-16 20:10:20 -0700,2
Melody’s iPhone,count,2020-03-17 10:27:41 -0700,2020-03-17 10:27:44 -0700,1
Melody’s Apple Watch,count,2020-03-17 10:27:47 -0700,2020-03-17 10:27:49 -0700,1
Melody’s iPhone,count,2020-03-17 20:58:59 -0700,2020-03-17 20:59:10 -0700,1
Melody’s iPhone,count,2020-03-18 08:38:41 -0700,2020-03-18 08:38:43 -0700,1
Melody’s iPhone,count,2020-03-18 09:08:49 -0700,2020-03-18 09:08:51 -0700,1
Melody’s iPhone,count,2020-03-18 10:35:36 -0700,2020-03-18 10:35:39 -0700,1
Melody’s Apple Watch,count,2020-03-17 20:59:07 -0700,2020-03-17 20:59:10 -0700,1
Melody’s iPhone,count,2020-03-18 11:41:24 -0700,2020-03-18 11:41:40 -0700,1
Melody’s iPhone,count,2020-03-18 11:54:08 -0700,2020-03-18 11:54:11 -0700,1
Melody’s iPhone,count,2020-03-18 12:48:39 -0700,2020-03-18 12:48:42 -0700,1
Melody’s iPhone,count,2020-03-18 13:18:19 -0700,2020-03-18 13:18:22 -0700,1
Melody’s Apple Watch,count,2020-03-18 08:38:38 -0700,2020-03-18 08:38:41 -0700,1
Melody’s Apple Watch,count,2020-03-18 09:08:43 -0700,2020-03-18 09:08:45 -0700,1
Melody’s Apple Watch,count,2020-03-18 10:35:33 -0700,2020-03-18 10:35:35 -0700,1
Melody’s Apple Watch,count,2020-03-18 11:41:26 -0700,2020-03-18 11:41:46 -0700,1
Melody’s Apple Watch,count,2020-03-18 11:54:16 -0700,2020-03-18 11:54:19 -0700,1
Melody’s Apple Watch,count,2020-03-18 12:48:43 -0700,2020-03-18 12:48:46 -0700,1
Melody’s Apple Watch,count,2020-03-18 13:18:28 -0700,2020-03-18 13:18:30 -0700,1
Melody’s iPhone,count,2020-03-18 19:20:16 -0700,2020-03-18 19:20:52 -0700,1
Melody’s iPhone,count,2020-03-19 13:21:30 -0700,2020-03-19 13:21:33 -0700,1
Melody’s Apple Watch,count,2020-03-18 19:20:22 -0700,2020-03-18 19:20:25 -0700,1
Melody’s Apple Watch,count,2020-03-19 13:21:35 -0700,2020-03-19 13:21:37 -0700,1
Melody’s iPhone,count,2020-03-20 11:26:42 -0700,2020-03-20 11:26:44 -0700,1
Melody’s iPhone,count,2020-03-20 11:52:11 -0700,2020-03-20 11:52:14 -0700,1
Melody’s iPhone,count,2020-03-20 13:31:11 -0700,2020-03-20 13:31:14 -0700,1
Melody’s iPhone,count,2020-03-20 17:39:27 -0700,2020-03-20 17:39:29 -0700,1
Melody’s Apple Watch,count,2020-03-20 11:26:51 -0700,2020-03-20 11:26:53 -0700,1
Melody’s Apple Watch,count,2020-03-20 11:52:14 -0700,2020-03-20 11:52:17 -0700,1
Melody’s Apple Watch,count,2020-03-20 13:31:19 -0700,2020-03-20 13:31:22 -0700,1
Melody’s Apple Watch,count,2020-03-20 17:39:29 -0700,2020-03-20 17:39:32 -0700,1
Melody’s iPhone,count,2020-03-20 18:21:28 -0700,2020-03-20 18:21:30 -0700,1
Melody’s Apple Watch,count,2020-03-20 18:21:28 -0700,2020-03-20 18:21:31 -0700,1
Melody’s Apple Watch,count,2020-03-20 18:56:05 -0700,2020-03-20 18:56:08 -0700,1
Melody’s Apple Watch,count,2020-03-20 19:17:25 -0700,2020-03-20 19:17:28 -0700,1
Melody’s iPhone,count,2020-03-20 18:55:56 -0700,2020-03-20 18:55:59 -0700,1
Melody’s iPhone,count,2020-03-20 19:17:26 -0700,2020-03-20 19:17:29 -0700,1
Melody’s iPhone,count,2020-03-22 14:18:04 -0700,2020-03-22 14:22:04 -0700,3
Melody’s iPhone,count,2020-03-23 08:42:35 -0700,2020-03-23 08:42:38 -0700,1
Melody’s iPhone,count,2020-03-23 14:20:35 -0700,2020-03-23 14:20:38 -0700,1
Melody’s Apple Watch,count,2020-03-23 08:42:45 -0700,2020-03-23 08:42:47 -0700,1
Melody’s iPhone,count,2020-03-23 15:03:40 -0700,2020-03-23 15:03:43 -0700,1
Melody’s iPhone,count,2020-03-23 19:54:27 -0700,2020-03-23 19:54:30 -0700,1
Melody’s Apple Watch,count,2020-03-23 14:20:46 -0700,2020-03-23 14:20:48 -0700,1
Melody’s Apple Watch,count,2020-03-23 15:03:36 -0700,2020-03-23 15:03:38 -0700,1
Melody’s Apple Watch,count,2020-03-23 19:54:33 -0700,2020-03-23 19:56:51 -0700,2
Melody’s iPhone,count,2020-03-25 20:06:03 -0700,2020-03-25 20:06:06 -0700,1
Melody’s iPhone,count,2020-03-26 14:37:44 -0700,2020-03-26 14:37:47 -0700,1
Melody’s iPhone,count,2020-03-26 19:52:48 -0700,2020-03-26 19:52:59 -0700,1
Melody’s iPhone,count,2020-03-27 08:26:46 -0700,2020-03-27 08:26:49 -0700,1
Melody’s Apple Watch,count,2020-03-26 19:52:59 -0700,2020-03-26 19:53:01 -0700,1
Melody’s iPhone,count,2020-03-27 12:12:15 -0700,2020-03-27 12:12:18 -0700,1
Melody’s iPhone,count,2020-03-27 13:26:56 -0700,2020-03-27 13:28:15 -0700,4
Melody’s iPhone,count,2020-03-27 13:49:25 -0700,2020-03-27 13:54:26 -0700,4
Melody’s iPhone,count,2020-03-27 14:20:24 -0700,2020-03-27 14:20:26 -0700,1
Melody’s iPhone,count,2020-03-27 15:23:06 -0700,2020-03-27 15:23:08 -0700,1
Melody’s iPhone,count,2020-03-27 17:38:03 -0700,2020-03-27 17:38:21 -0700,1
Melody’s iPhone,count,2020-03-27 21:59:46 -0700,2020-03-27 22:02:17 -0700,2
Melody’s iPhone,count,2020-03-28 22:27:35 -0700,2020-03-28 22:27:53 -0700,1
Melody’s Apple Watch,count,2020-03-27 08:26:47 -0700,2020-03-27 08:26:50 -0700,1
Melody’s Apple Watch,count,2020-03-27 12:12:17 -0700,2020-03-27 12:12:20 -0700,1
Melody’s Apple Watch,count,2020-03-27 13:26:58 -0700,2020-03-27 13:28:17 -0700,4
Melody’s Apple Watch,count,2020-03-27 13:37:34 -0700,2020-03-27 13:37:37 -0700,1
Melody’s Apple Watch,count,2020-03-27 13:49:52 -0700,2020-03-27 13:54:28 -0700,3
Melody’s Apple Watch,count,2020-03-27 14:20:27 -0700,2020-03-27 14:20:30 -0700,1
Melody’s Apple Watch,count,2020-03-27 15:23:14 -0700,2020-03-27 15:23:16 -0700,1
Melody’s Apple Watch,count,2020-03-27 17:38:05 -0700,2020-03-27 17:38:07 -0700,1
Melody’s iPhone,count,2020-03-29 10:44:13 -0700,2020-03-29 14:01:09 -0700,1
Melody’s iPhone,count,2020-03-29 14:55:23 -0700,2020-03-29 14:55:26 -0700,1
Melody’s iPhone,count,2020-03-31 14:25:29 -0700,2020-03-31 14:29:42 -0700,2
Melody’s Apple Watch,count,2020-03-27 21:59:54 -0700,2020-03-27 22:02:07 -0700,2
Melody’s Apple Watch,count,2020-03-29 12:20:55 -0700,2020-03-29 12:20:58 -0700,1
Melody’s iPhone,count,2020-04-01 00:25:51 -0700,2020-04-01 00:25:53 -0700,1
Melody’s iPhone,count,2020-04-01 13:19:54 -0700,2020-04-01 13:20:28 -0700,1
Melody’s iPhone,count,2020-04-02 17:35:35 -0700,2020-04-02 17:35:37 -0700,1
Melody’s iPhone,count,2020-04-03 08:08:19 -0700,2020-04-03 08:08:37 -0700,2
Melody’s iPhone,count,2020-04-03 08:59:38 -0700,2020-04-03 08:59:40 -0700,1
Melody’s Apple Watch,count,2020-03-31 14:25:32 -0700,2020-03-31 14:29:43 -0700,2
Melody’s Apple Watch,count,2020-03-31 16:07:07 -0700,2020-03-31 16:07:09 -0700,2
Melody’s Apple Watch,count,2020-04-03 08:08:23 -0700,2020-04-03 08:08:38 -0700,2
Melody’s Apple Watch,count,2020-04-03 08:59:40 -0700,2020-04-03 08:59:43 -0700,1
Melody’s iPhone,count,2020-04-03 13:09:40 -0700,2020-04-03 13:09:43 -0700,1
Melody’s iPhone,count,2020-04-03 15:48:01 -0700,2020-04-03 15:48:03 -0700,1
Melody’s iPhone,count,2020-04-03 15:59:38 -0700,2020-04-03 15:59:40 -0700,1
Melody’s iPhone,count,2020-04-03 16:57:49 -0700,2020-04-03 16:57:51 -0700,1
Melody’s iPhone,count,2020-04-03 17:54:00 -0700,2020-04-03 17:54:38 -0700,1
Melody’s iPhone,count,2020-04-04 16:02:35 -0700,2020-04-04 16:02:37 -0700,1
Melody’s iPhone,count,2020-04-04 20:01:07 -0700,2020-04-04 20:01:09 -0700,1
Melody’s iPhone,count,2020-04-05 11:39:33 -0700,2020-04-05 11:39:36 -0700,1
Melody’s iPhone,count,2020-04-05 17:53:15 -0700,2020-04-05 17:53:18 -0700,1
Melody’s iPhone,count,2020-04-06 09:20:22 -0700,2020-04-06 09:20:24 -0700,1
Melody’s iPhone,count,2020-04-06 11:58:40 -0700,2020-04-06 11:58:43 -0700,1
Melody’s Apple Watch,count,2020-04-03 13:09:41 -0700,2020-04-03 13:09:44 -0700,1
Melody’s Apple Watch,count,2020-04-03 15:59:41 -0700,2020-04-03 15:59:44 -0700,1
Melody’s Apple Watch,count,2020-04-03 16:57:51 -0700,2020-04-03 16:57:53 -0700,1
Melody’s Apple Watch,count,2020-04-03 17:54:03 -0700,2020-04-03 17:54:05 -0700,1
Melody’s Apple Watch,count,2020-04-06 09:20:22 -0700,2020-04-06 09:20:25 -0700,1
Melody’s iPhone,count,2020-04-06 14:26:15 -0700,2020-04-06 14:26:18 -0700,1
Melody’s iPhone,count,2020-04-06 17:08:12 -0700,2020-04-06 17:08:14 -0700,1
Melody’s iPhone,count,2020-04-06 17:57:32 -0700,2020-04-06 17:58:28 -0700,1
Melody’s iPhone,count,2020-04-07 12:40:48 -0700,2020-04-07 12:40:51 -0700,1
Melody’s Apple Watch,count,2020-04-06 11:58:35 -0700,2020-04-06 11:58:38 -0700,1
Melody’s Apple Watch,count,2020-04-06 14:26:19 -0700,2020-04-06 14:31:17 -0700,2
Melody’s Apple Watch,count,2020-04-06 17:08:14 -0700,2020-04-06 17:08:17 -0700,1
Melody’s Apple Watch,count,2020-04-06 17:57:34 -0700,2020-04-06 18:00:02 -0700,2
Melody’s Apple Watch,count,2020-04-06 21:24:44 -0700,2020-04-06 21:24:47 -0700,1
Melody’s Apple Watch,count,2020-04-06 21:54:46 -0700,2020-04-06 21:54:49 -0700,1
Melody’s iPhone,count,2020-04-07 16:33:49 -0700,2020-04-07 16:33:51 -0700,1
Melody’s iPhone,count,2020-04-07 17:53:45 -0700,2020-04-07 17:53:50 -0700,1
Melody’s iPhone,count,2020-04-08 11:12:40 -0700,2020-04-08 11:12:43 -0700,1
Melody’s iPhone,count,2020-04-08 16:29:35 -0700,2020-04-08 16:29:53 -0700,1
Melody’s Apple Watch,count,2020-04-08 11:12:43 -0700,2020-04-08 11:12:46 -0700,1
Melody’s iPhone,count,2020-04-08 22:45:45 -0700,2020-04-08 22:45:48 -0700,1
Melody’s iPhone,count,2020-04-09 14:44:12 -0700,2020-04-09 14:46:30 -0700,2
Melody’s iPhone,count,2020-04-10 21:03:58 -0700,2020-04-10 21:04:00 -0700,1
Melody’s Apple Watch,count,2020-04-08 16:29:34 -0700,2020-04-08 16:29:37 -0700,1
Melody’s Apple Watch,count,2020-04-08 22:45:47 -0700,2020-04-08 22:45:50 -0700,1
Melody’s iPhone,count,2020-04-12 15:35:43 -0700,2020-04-12 15:35:45 -0700,1
Melody’s iPhone,count,2020-04-12 17:47:57 -0700,2020-04-12 17:47:59 -0700,1
Melody’s Apple Watch,count,2020-04-11 13:00:07 -0700,2020-04-11 13:00:09 -0700,1
Melody’s Apple Watch,count,2020-04-11 13:26:45 -0700,2020-04-11 13:26:47 -0700,1
Melody’s Apple Watch,count,2020-04-12 15:35:46 -0700,2020-04-12 15:35:48 -0700,1
Melody’s iPhone,count,2020-04-13 08:19:46 -0700,2020-04-13 08:19:49 -0700,1
Melody’s iPhone,count,2020-04-13 11:13:51 -0700,2020-04-13 11:13:53 -0700,1
Melody’s iPhone,count,2020-04-13 12:41:36 -0700,2020-04-13 12:41:38 -0700,1
Melody’s iPhone,count,2020-04-13 16:33:03 -0700,2020-04-13 16:33:05 -0700,1
Melody’s iPhone,count,2020-04-13 17:41:36 -0700,2020-04-13 17:41:39 -0700,1
Melody’s iPhone,count,2020-04-13 19:54:47 -0700,2020-04-13 19:54:49 -0700,1
Melody’s iPhone,count,2020-04-14 12:29:21 -0700,2020-04-14 12:29:23 -0700,1
Melody’s iPhone,count,2020-04-14 15:54:40 -0700,2020-04-14 15:54:43 -0700,1
Melody’s iPhone,count,2020-04-14 20:22:05 -0700,2020-04-14 20:22:08 -0700,1
Melody’s Apple Watch,count,2020-04-13 08:19:50 -0700,2020-04-13 08:19:52 -0700,1
Melody’s Apple Watch,count,2020-04-13 12:41:39 -0700,2020-04-13 12:41:42 -0700,1
Melody’s Apple Watch,count,2020-04-13 16:33:04 -0700,2020-04-13 16:33:06 -0700,1
Melody’s Apple Watch,count,2020-04-13 17:41:36 -0700,2020-04-13 17:41:38 -0700,1
Melody’s Apple Watch,count,2020-04-13 19:54:47 -0700,2020-04-13 19:54:49 -0700,1
Melody’s iPhone,count,2020-04-15 09:08:42 -0700,2020-04-15 09:08:45 -0700,1
Melody’s iPhone,count,2020-04-15 09:45:39 -0700,2020-04-15 09:45:41 -0700,1
Melody’s iPhone,count,2020-04-15 14:16:49 -0700,2020-04-15 14:16:52 -0700,1
Melody’s iPhone,count,2020-04-16 01:41:22 -0700,2020-04-16 01:41:24 -0700,1
Melody’s iPhone,count,2020-04-16 10:50:05 -0700,2020-04-16 10:50:08 -0700,1
Melody’s iPhone,count,2020-04-16 12:32:42 -0700,2020-04-16 12:32:44 -0700,1
Melody’s Apple Watch,count,2020-04-15 09:01:23 -0700,2020-04-15 09:08:53 -0700,2
Melody’s Apple Watch,count,2020-04-15 09:45:43 -0700,2020-04-15 09:45:45 -0700,1
Melody’s Apple Watch,count,2020-04-15 14:16:52 -0700,2020-04-15 14:16:55 -0700,1
Melody’s Apple Watch,count,2020-04-16 10:50:11 -0700,2020-04-16 10:50:14 -0700,1
Melody’s iPhone,count,2020-04-16 15:09:28 -0700,2020-04-16 15:09:58 -0700,2
Melody’s iPhone,count,2020-04-16 17:41:22 -0700,2020-04-16 17:41:24 -0700,1
Melody’s iPhone,count,2020-04-17 18:25:34 -0700,2020-04-17 18:25:37 -0700,1
Melody’s iPhone,count,2020-04-18 15:57:03 -0700,2020-04-18 15:57:06 -0700,1
Melody’s iPhone,count,2020-04-19 14:21:17 -0700,2020-04-19 14:21:25 -0700,1
Melody’s Apple Watch,count,2020-04-16 12:32:44 -0700,2020-04-16 12:32:47 -0700,1
Melody’s Apple Watch,count,2020-04-16 13:17:24 -0700,2020-04-16 13:17:27 -0700,1
Melody’s Apple Watch,count,2020-04-16 15:09:33 -0700,2020-04-16 15:09:51 -0700,2
Melody’s Apple Watch,count,2020-04-16 17:41:23 -0700,2020-04-16 17:41:25 -0700,1
Melody’s Apple Watch,count,2020-04-17 14:59:33 -0700,2020-04-17 14:59:36 -0700,1
Melody’s Apple Watch,count,2020-04-19 13:16:19 -0700,2020-04-19 13:16:22 -0700,1
Melody’s Apple Watch,count,2020-04-19 14:21:17 -0700,2020-04-19 14:21:19 -0700,1
Melody’s iPhone,count,2020-04-21 01:21:47 -0700,2020-04-21 01:21:50 -0700,1
Melody’s iPhone,count,2020-04-21 11:40:05 -0700,2020-04-21 11:40:07 -0700,1
Melody’s iPhone,count,2020-04-22 08:25:32 -0700,2020-04-22 08:25:35 -0700,1
Melody’s iPhone,count,2020-04-22 09:14:52 -0700,2020-04-22 09:16:16 -0700,2
Melody’s Apple Watch,count,2020-04-21 11:40:08 -0700,2020-04-21 11:40:11 -0700,1
Melody’s Apple Watch,count,2020-04-21 18:51:00 -0700,2020-04-21 18:51:03 -0700,1
Melody’s Apple Watch,count,2020-04-22 08:25:35 -0700,2020-04-22 08:25:37 -0700,1
Melody’s Apple Watch,count,2020-04-22 09:14:55 -0700,2020-04-22 09:16:24 -0700,2
Melody’s iPhone,count,2020-04-22 16:24:26 -0700,2020-04-22 16:24:41 -0700,1
Melody’s iPhone,count,2020-04-22 21:02:32 -0700,2020-04-22 21:02:34 -0700,1
Melody’s iPhone,count,2020-04-24 00:38:00 -0700,2020-04-24 00:38:03 -0700,1
Melody’s iPhone,count,2020-04-24 17:30:38 -0700,2020-04-24 17:30:40 -0700,1
Melody’s iPhone,count,2020-04-25 10:29:00 -0700,2020-04-25 10:33:54 -0700,3
Melody’s Apple Watch,count,2020-04-22 16:24:52 -0700,2020-04-22 16:24:55 -0700,1
Melody’s Apple Watch,count,2020-04-24 00:38:00 -0700,2020-04-24 00:38:03 -0700,1
Melody’s iPhone,count,2020-04-26 23:10:40 -0700,2020-04-26 23:11:46 -0700,1
Melody’s iPhone,count,2020-04-27 09:52:28 -0700,2020-04-27 09:52:31 -0700,1
Melody’s iPhone,count,2020-04-27 10:51:44 -0700,2020-04-27 10:51:47 -0700,1
Melody’s Apple Watch,count,2020-04-26 19:43:31 -0700,2020-04-26 19:43:33 -0700,1
Melody’s Apple Watch,count,2020-04-26 23:10:45 -0700,2020-04-26 23:10:48 -0700,1
Melody’s Apple Watch,count,2020-04-27 09:52:29 -0700,2020-04-27 09:52:32 -0700,1
Melody’s Apple Watch,count,2020-04-27 10:51:47 -0700,2020-04-27 10:51:50 -0700,1
Melody’s iPhone,count,2020-04-28 08:10:30 -0700,2020-04-28 08:10:33 -0700,1
Melody’s iPhone,count,2020-04-28 13:00:17 -0700,2020-04-28 13:01:29 -0700,4
Melody’s iPhone,count,2020-04-28 13:16:20 -0700,2020-04-28 13:19:11 -0700,2
Melody’s iPhone,count,2020-04-28 16:57:54 -0700,2020-04-28 16:57:57 -0700,1
Melody’s iPhone,count,2020-04-28 17:42:48 -0700,2020-04-28 17:43:01 -0700,1
Melody’s Apple Watch,count,2020-04-28 08:10:31 -0700,2020-04-28 08:10:34 -0700,1
Melody’s Apple Watch,count,2020-04-28 13:00:55 -0700,2020-04-28 13:01:20 -0700,2
Melody’s Apple Watch,count,2020-04-28 13:16:24 -0700,2020-04-28 13:19:13 -0700,2
Melody’s Apple Watch,count,2020-04-28 16:57:56 -0700,2020-04-28 16:57:59 -0700,1
Melody’s Apple Watch,count,2020-04-28 17:42:50 -0700,2020-04-28 17:42:52 -0700,1
Melody’s iPhone,count,2020-04-29 15:09:24 -0700,2020-04-29 15:09:26 -0700,1
Melody’s iPhone,count,2020-04-29 15:26:41 -0700,2020-04-29 15:27:09 -0700,2
Melody’s iPhone,count,2020-04-29 15:39:32 -0700,2020-04-29 15:39:58 -0700,1
Melody’s Apple Watch,count,2020-04-29 15:39:42 -0700,2020-04-29 15:39:45 -0700,1
Melody’s iPhone,count,2020-05-01 00:47:20 -0700,2020-05-01 00:47:23 -0700,1
Melody’s iPhone,count,2020-05-01 16:42:55 -0700,2020-05-01 16:42:57 -0700,1
Melody’s iPhone,count,2020-05-02 11:04:51 -0700,2020-05-02 11:04:53 -0700,1
Melody’s iPhone,count,2020-05-02 11:55:55 -0700,2020-05-02 11:57:12 -0700,2
Melody’s iPhone,count,2020-05-03 13:39:43 -0700,2020-05-03 13:39:46 -0700,1
Melody’s Apple Watch,count,2020-05-01 00:47:22 -0700,2020-05-01 00:47:24 -0700,1
Melody’s Apple Watch,count,2020-05-01 16:42:56 -0700,2020-05-01 16:42:58 -0700,1
Melody’s Apple Watch,count,2020-05-01 20:02:47 -0700,2020-05-01 20:02:49 -0700,1
Melody’s iPhone,count,2020-05-04 16:03:42 -0700,2020-05-04 16:03:45 -0700,1
Melody’s iPhone,count,2020-05-05 08:22:47 -0700,2020-05-05 08:23:00 -0700,1
Melody’s iPhone,count,2020-05-05 08:56:35 -0700,2020-05-05 08:56:38 -0700,1
Melody’s iPhone,count,2020-05-05 10:25:10 -0700,2020-05-05 10:25:13 -0700,1
Melody’s iPhone,count,2020-05-05 13:49:35 -0700,2020-05-05 13:49:40 -0700,1
Melody’s iPhone,count,2020-05-05 14:15:00 -0700,2020-05-05 14:15:15 -0700,1
Melody’s iPhone,count,2020-05-05 14:49:08 -0700,2020-05-05 14:49:16 -0700,1
Melody’s Apple Watch,count,2020-05-04 16:03:45 -0700,2020-05-04 16:03:48 -0700,1
Melody’s Apple Watch,count,2020-05-05 08:22:52 -0700,2020-05-05 08:22:54 -0700,1
Melody’s Apple Watch,count,2020-05-05 08:56:37 -0700,2020-05-05 08:56:40 -0700,1
Melody’s Apple Watch,count,2020-05-05 10:25:13 -0700,2020-05-05 10:25:15 -0700,1
Melody’s Apple Watch,count,2020-05-05 13:49:39 -0700,2020-05-05 13:49:42 -0700,1
Melody’s iPhone,count,2020-05-05 15:59:36 -0700,2020-05-05 15:59:38 -0700,1
Melody’s iPhone,count,2020-05-05 17:42:00 -0700,2020-05-05 17:42:02 -0700,1
Melody’s iPhone,count,2020-05-05 21:56:01 -0700,2020-05-05 21:56:04 -0700,1
Melody’s Apple Watch,count,2020-05-05 14:15:08 -0700,2020-05-05 14:15:10 -0700,1
Melody’s Apple Watch,count,2020-05-05 14:49:17 -0700,2020-05-05 14:49:20 -0700,1
Melody’s Apple Watch,count,2020-05-05 15:59:31 -0700,2020-05-05 15:59:34 -0700,1
Melody’s Apple Watch,count,2020-05-05 17:42:06 -0700,2020-05-05 17:42:08 -0700,1
Melody’s iPhone,count,2020-05-07 12:42:53 -0700,2020-05-07 12:42:55 -0700,1
Melody’s iPhone,count,2020-05-07 14:32:36 -0700,2020-05-07 14:32:39 -0700,1
Melody’s iPhone,count,2020-05-07 14:59:51 -0700,2020-05-07 14:59:54 -0700,1
Melody’s iPhone,count,2020-05-07 20:26:13 -0700,2020-05-07 20:26:15 -0700,1
Melody’s Apple Watch,count,2020-05-07 12:42:56 -0700,2020-05-07 12:42:58 -0700,1
Melody’s Apple Watch,count,2020-05-07 14:32:40 -0700,2020-05-07 14:32:42 -0700,1
Melody’s Apple Watch,count,2020-05-07 14:59:53 -0700,2020-05-07 14:59:56 -0700,1
Melody’s Apple Watch,count,2020-05-07 20:26:13 -0700,2020-05-07 20:26:16 -0700,1
Melody’s iPhone,count,2020-05-09 01:14:02 -0700,2020-05-09 01:14:05 -0700,1
Melody’s iPhone,count,2020-05-09 16:48:21 -0700,2020-05-09 16:48:24 -0700,1
Melody’s Apple Watch,count,2020-05-09 01:14:02 -0700,2020-05-09 01:14:10 -0700,1
Melody’s Apple Watch,count,2020-05-09 16:48:24 -0700,2020-05-09 16:48:26 -0700,1
Melody’s iPhone,count,2020-05-10 12:59:08 -0700,2020-05-10 12:59:10 -0700,1
Melody’s Apple Watch,count,2020-05-10 12:10:26 -0700,2020-05-10 12:20:20 -0700,5
Melody’s Apple Watch,count,2020-05-10 12:20:30 -0700,2020-05-10 12:26:37 -0700,9
Melody’s Apple Watch,count,2020-05-10 12:59:10 -0700,2020-05-10 12:59:13 -0700,1
Melody’s iPhone,count,2020-05-12 21:38:38 -0700,2020-05-12 21:39:31 -0700,2
Melody’s iPhone,count,2020-05-13 11:25:25 -0700,2020-05-13 11:30:09 -0700,2
Melody’s iPhone,count,2020-05-15 00:08:54 -0700,2020-05-15 00:08:56 -0700,1
Melody’s iPhone,count,2020-05-16 14:13:41 -0700,2020-05-16 14:13:44 -0700,1
Melody’s iPhone,count,2020-05-16 20:49:47 -0700,2020-05-16 20:49:52 -0700,1
Melody’s iPhone,count,2020-05-17 20:10:21 -0700,2020-05-17 20:10:24 -0700,1
Melody’s iPhone,count,2020-05-18 21:05:33 -0700,2020-05-18 21:05:35 -0700,1
Melody’s iPhone,count,2020-05-19 09:06:29 -0700,2020-05-19 09:06:31 -0700,1
Melody’s iPhone,count,2020-05-19 09:38:40 -0700,2020-05-19 09:38:42 -0700,1
Melody’s iPhone,count,2020-05-19 10:30:39 -0700,2020-05-19 10:30:41 -0700,1
Melody’s iPhone,count,2020-05-19 11:56:05 -0700,2020-05-19 11:56:07 -0700,1
Melody’s iPhone,count,2020-05-20 16:59:05 -0700,2020-05-20 16:59:08 -0700,1
Melody’s Apple Watch,count,2020-05-20 16:59:07 -0700,2020-05-20 16:59:10 -0700,1
Melody’s iPhone,count,2020-05-22 13:09:12 -0700,2020-05-22 13:16:34 -0700,2
Melody’s iPhone,count,2020-05-22 18:43:02 -0700,2020-05-22 18:43:04 -0700,1
Melody’s iPhone,count,2020-05-23 19:19:13 -0700,2020-05-23 19:19:15 -0700,1
Melody’s Apple Watch,count,2020-05-22 13:09:15 -0700,2020-05-22 13:16:37 -0700,2
Melody’s Apple Watch,count,2020-05-22 18:43:03 -0700,2020-05-22 18:43:06 -0700,1
Melody’s iPhone,count,2020-05-24 21:35:36 -0700,2020-05-24 21:35:38 -0700,1
Melody’s Apple Watch,count,2020-05-24 19:40:38 -0700,2020-05-24 19:40:40 -0700,1
Melody’s Apple Watch,count,2020-05-24 21:35:40 -0700,2020-05-24 21:35:43 -0700,1
Melody’s Apple Watch,count,2020-05-25 18:23:01 -0700,2020-05-25 18:23:04 -0700,1
Melody’s iPhone,count,2020-05-25 21:02:39 -0700,2020-05-25 21:02:42 -0700,1
Melody’s iPhone,count,2020-05-26 00:14:00 -0700,2020-05-26 00:14:03 -0700,1
Melody’s iPhone,count,2020-05-26 18:58:36 -0700,2020-05-26 18:58:39 -0700,1
Melody’s Apple Watch,count,2020-05-25 21:02:39 -0700,2020-05-25 21:02:42 -0700,1
Melody’s Apple Watch,count,2020-05-26 00:14:02 -0700,2020-05-26 00:14:05 -0700,1
Melody’s Apple Watch,count,2020-05-26 18:58:40 -0700,2020-05-26 18:58:43 -0700,1
Melody’s iPhone,count,2020-05-28 10:27:19 -0700,2020-05-28 10:36:56 -0700,12
Melody’s iPhone,count,2020-05-28 10:38:41 -0700,2020-05-28 10:48:39 -0700,8
Melody’s iPhone,count,2020-05-28 10:49:40 -0700,2020-05-28 10:50:05 -0700,3
Melody’s Apple Watch,count,2020-05-28 10:27:22 -0700,2020-05-28 10:37:01 -0700,11
Melody’s Apple Watch,count,2020-05-28 10:38:10 -0700,2020-05-28 10:48:08 -0700,7
Melody’s Apple Watch,count,2020-05-28 10:48:16 -0700,2020-05-28 10:50:06 -0700,6
Melody’s iPhone,count,2020-05-28 11:43:01 -0700,2020-05-28 11:43:04 -0700,1
Melody’s iPhone,count,2020-05-28 14:57:21 -0700,2020-05-28 14:57:23 -0700,1
Melody’s iPhone,count,2020-05-29 12:02:44 -0700,2020-05-29 12:02:47 -0700,1
Melody’s Apple Watch,count,2020-05-28 17:15:07 -0700,2020-05-28 17:15:10 -0700,1
Melody’s iPhone,count,2020-05-30 02:25:03 -0700,2020-05-30 02:25:05 -0700,1
Melody’s iPhone,count,2020-05-30 18:37:52 -0700,2020-05-30 18:37:54 -0700,1
Melody’s iPhone,count,2020-05-31 12:49:38 -0700,2020-05-31 12:49:41 -0700,1
Melody’s Apple Watch,count,2020-05-30 02:25:04 -0700,2020-05-30 02:25:07 -0700,1
Melody’s Apple Watch,count,2020-05-31 12:49:42 -0700,2020-05-31 12:49:44 -0700,1
Melody’s iPhone,count,2020-06-02 11:39:20 -0700,2020-06-02 11:44:31 -0700,2
Melody’s iPhone,count,2020-06-02 12:20:56 -0700,2020-06-02 12:20:59 -0700,1
Melody’s iPhone,count,2020-06-02 15:28:09 -0700,2020-06-02 15:33:13 -0700,2
Melody’s Apple Watch,count,2020-06-02 00:52:45 -0700,2020-06-02 00:52:48 -0700,1
Melody’s Apple Watch,count,2020-06-02 11:39:22 -0700,2020-06-02 11:44:35 -0700,2
Melody’s Apple Watch,count,2020-06-02 12:20:57 -0700,2020-06-02 12:20:59 -0700,1
Melody’s Apple Watch,count,2020-06-02 15:28:14 -0700,2020-06-02 15:33:19 -0700,2
Melody’s iPhone,count,2020-06-03 12:21:24 -0700,2020-06-03 12:21:27 -0700,1
Melody’s iPhone,count,2020-06-03 13:07:42 -0700,2020-06-03 13:07:44 -0700,1
Melody’s iPhone,count,2020-06-03 15:25:45 -0700,2020-06-03 15:25:47 -0700,1
Melody’s Apple Watch,count,2020-06-03 13:07:45 -0700,2020-06-03 13:07:47 -0700,1
Melody’s Apple Watch,count,2020-06-03 15:25:46 -0700,2020-06-03 15:25:48 -0700,1
Melody’s Apple Watch,count,2020-06-05 13:14:32 -0700,2020-06-05 13:14:35 -0700,1
Melody’s iPhone,count,2020-06-05 10:46:14 -0700,2020-06-05 10:46:16 -0700,1
Melody’s iPhone,count,2020-06-05 13:14:28 -0700,2020-06-05 13:14:31 -0700,1
Melody’s iPhone,count,2020-06-05 14:50:40 -0700,2020-06-05 15:10:28 -0700,1
Melody’s iPhone,count,2020-06-05 16:37:08 -0700,2020-06-05 16:37:11 -0700,1
Melody’s Apple Watch,count,2020-06-05 14:50:41 -0700,2020-06-05 14:50:43 -0700,1
Melody’s iPhone,count,2020-06-06 00:19:49 -0700,2020-06-06 00:19:52 -0700,1
Melody’s iPhone,count,2020-06-06 16:40:54 -0700,2020-06-06 16:40:57 -0700,1
Melody’s Apple Watch,count,2020-06-05 16:37:07 -0700,2020-06-05 16:37:10 -0700,1
Melody’s Apple Watch,count,2020-06-06 11:40:20 -0700,2020-06-06 11:40:23 -0700,1
Melody’s Apple Watch,count,2020-06-06 16:40:56 -0700,2020-06-06 16:40:59 -0700,1
Melody’s iPhone,count,2020-06-07 11:30:17 -0700,2020-06-07 11:30:20 -0700,1
Melody’s Apple Watch,count,2020-06-07 11:30:21 -0700,2020-06-07 11:30:23 -0700,1
Melody’s Apple Watch,count,2020-06-07 12:30:01 -0700,2020-06-07 12:30:03 -0700,1
Melody’s iPhone,count,2020-06-07 12:29:56 -0700,2020-06-07 12:29:59 -0700,1
Melody’s Apple Watch,count,2019-06-22 14:05:57 -0700,2019-06-22 14:06:00 -0700,1
Melody’s Apple Watch,count,2019-06-22 15:39:13 -0700,2019-06-22 15:39:16 -0700,1
Melody’s Apple Watch,count,2019-06-22 16:00:46 -0700,2019-06-22 16:01:55 -0700,5
Melody’s Apple Watch,count,2019-06-22 16:13:29 -0700,2019-06-22 16:13:31 -0700,1
Melody’s iPhone,count,2019-06-22 20:00:22 -0700,2019-06-22 20:00:37 -0700,2
Melody’s iPhone,count,2019-06-22 22:12:58 -0700,2019-06-22 22:13:01 -0700,1
Melody’s Apple Watch,count,2019-06-27 12:25:02 -0700,2019-06-27 12:25:15 -0700,2
Melody’s Apple Watch,count,2019-06-27 12:46:48 -0700,2019-06-27 12:56:56 -0700,19
Melody’s iPhone,count,2019-06-27 12:46:49 -0700,2019-06-27 12:56:18 -0700,17
Melody’s iPhone,count,2019-06-29 19:52:45 -0700,2019-06-29 19:52:48 -0700,1
Melody’s iPhone,count,2019-07-03 11:20:43 -0700,2019-07-03 11:21:45 -0700,3
Melody’s iPhone,count,2019-07-03 11:36:06 -0700,2019-07-03 11:36:08 -0700,3
Melody’s iPhone,count,2019-07-03 11:55:48 -0700,2019-07-03 12:05:39 -0700,2
Melody’s Apple Watch,count,2019-07-03 11:20:45 -0700,2019-07-03 11:21:49 -0700,3
Melody’s Apple Watch,count,2019-07-03 11:36:08 -0700,2019-07-03 11:36:10 -0700,3
Melody’s Apple Watch,count,2019-07-03 11:55:54 -0700,2019-07-03 11:55:56 -0700,1
Melody’s Apple Watch,count,2019-07-03 12:06:38 -0700,2019-07-03 12:14:17 -0700,3
Melody’s Apple Watch,count,2019-07-03 12:18:43 -0700,2019-07-03 12:19:06 -0700,2
Melody’s iPhone,count,2019-07-03 12:08:40 -0700,2019-07-03 12:14:04 -0700,2
Melody’s iPhone,count,2019-07-03 12:18:46 -0700,2019-07-03 12:19:11 -0700,2
Melody’s iPhone,count,2019-07-03 12:35:27 -0700,2019-07-03 12:35:32 -0700,1
Melody’s iPhone,count,2019-07-07 20:26:38 -0700,2019-07-07 20:26:40 -0700,1
Melody’s Apple Watch,count,2019-07-07 20:26:42 -0700,2019-07-07 20:26:44 -0700,1
Melody’s iPhone,count,2019-07-13 17:15:45 -0700,2019-07-13 17:15:48 -0700,2
Melody’s Apple Watch,count,2019-07-18 14:57:05 -0700,2019-07-18 14:57:16 -0700,1
Melody’s iPhone,count,2019-07-18 14:05:05 -0700,2019-07-18 14:05:08 -0700,2
Melody’s iPhone,count,2019-07-18 14:38:08 -0700,2019-07-18 14:38:10 -0700,1
Melody’s iPhone,count,2019-07-20 11:28:12 -0700,2019-07-20 11:28:22 -0700,1
Melody’s iPhone,count,2019-07-20 11:50:54 -0700,2019-07-20 11:50:57 -0700,1
Melody’s Apple Watch,count,2019-07-21 11:40:50 -0700,2019-07-21 11:41:06 -0700,2
Melody’s Apple Watch,count,2019-07-21 12:25:36 -0700,2019-07-21 12:35:20 -0700,14
Melody’s Apple Watch,count,2019-07-21 12:35:35 -0700,2019-07-21 12:38:24 -0700,6
Melody’s Apple Watch,count,2019-07-21 12:49:03 -0700,2019-07-21 12:49:06 -0700,1
Melody’s iPhone,count,2019-07-21 12:25:34 -0700,2019-07-21 12:35:34 -0700,16
Melody’s iPhone,count,2019-07-21 12:36:51 -0700,2019-07-21 12:37:47 -0700,4
Melody’s iPhone,count,2019-07-21 12:48:59 -0700,2019-07-21 12:52:42 -0700,2
Melody’s iPhone,count,2019-07-25 15:09:04 -0700,2019-07-25 15:09:06 -0700,1
Melody’s Apple Watch,count,2019-07-25 09:41:38 -0700,2019-07-25 09:41:41 -0700,1
Melody’s Apple Watch,count,2019-07-25 15:09:04 -0700,2019-07-25 15:09:07 -0700,1
Melody’s iPhone,count,2019-07-26 11:56:47 -0700,2019-07-26 11:56:49 -0700,1
Melody’s Apple Watch,count,2019-07-26 11:56:51 -0700,2019-07-26 11:56:54 -0700,1
Melody’s Apple Watch,count,2019-07-27 11:01:59 -0700,2019-07-27 11:06:33 -0700,11
Melody’s Apple Watch,count,2019-07-27 11:24:28 -0700,2019-07-27 11:24:30 -0700,1
Melody’s Apple Watch,count,2019-07-27 16:14:17 -0700,2019-07-27 16:14:19 -0700,1
Melody’s iPhone,count,2019-07-27 16:14:20 -0700,2019-07-27 16:14:22 -0700,1
Melody’s Apple Watch,count,2019-07-28 16:54:00 -0700,2019-07-28 16:54:03 -0700,1
Melody’s Apple Watch,count,2019-07-28 17:34:50 -0700,2019-07-28 17:34:53 -0700,1
Melody’s Apple Watch,count,2019-07-28 17:42:52 -0700,2019-07-28 17:42:54 -0700,1
Melody’s Apple Watch,count,2019-07-28 21:26:47 -0700,2019-07-28 21:26:50 -0700,1
Melody’s Apple Watch,count,2019-07-29 17:08:16 -0700,2019-07-29 17:08:19 -0700,1
Melody’s Apple Watch,count,2019-07-30 13:33:55 -0700,2019-07-30 13:33:58 -0700,1
Melody’s iPhone,count,2019-08-01 14:00:50 -0700,2019-08-01 14:00:53 -0700,1
Melody’s Apple Watch,count,2019-08-01 14:00:53 -0700,2019-08-01 14:00:56 -0700,1
Melody’s iPhone,count,2019-08-02 11:07:12 -0700,2019-08-02 11:09:28 -0700,1
Melody’s iPhone,count,2019-08-03 16:56:54 -0700,2019-08-03 16:56:56 -0700,1
Melody’s iPhone,count,2019-08-04 21:32:05 -0700,2019-08-04 21:32:20 -0700,2
Melody’s Apple Watch,count,2019-08-05 10:57:35 -0700,2019-08-05 11:07:18 -0700,21
Melody’s Apple Watch,count,2019-08-05 11:07:56 -0700,2019-08-05 11:16:28 -0700,9
Melody’s iPhone,count,2019-08-05 10:50:16 -0700,2019-08-05 11:00:12 -0700,8
Melody’s iPhone,count,2019-08-05 11:02:45 -0700,2019-08-05 11:09:41 -0700,15
Melody’s iPhone,count,2019-08-05 11:16:10 -0700,2019-08-05 11:16:12 -0700,1
Melody’s Apple Watch,count,2019-08-05 15:26:39 -0700,2019-08-05 15:26:41 -0700,1
Melody’s Apple Watch,count,2019-08-05 16:25:09 -0700,2019-08-05 16:25:12 -0700,1
Melody’s Apple Watch,count,2019-08-06 11:10:10 -0700,2019-08-06 11:10:13 -0700,1
Melody’s iPhone,count,2019-08-05 15:26:32 -0700,2019-08-05 15:26:34 -0700,1
Melody’s iPhone,count,2019-08-05 16:25:02 -0700,2019-08-05 16:26:03 -0700,1
Melody’s iPhone,count,2019-08-06 11:10:10 -0700,2019-08-06 11:11:42 -0700,1
Melody’s iPhone,count,2019-08-06 19:19:34 -0700,2019-08-06 19:19:36 -0700,1
Melody’s Apple Watch,count,2019-08-09 20:06:39 -0700,2019-08-09 20:06:42 -0700,1
Melody’s Apple Watch,count,2019-08-09 20:18:15 -0700,2019-08-09 20:28:14 -0700,3
Melody’s Apple Watch,count,2019-08-09 20:31:25 -0700,2019-08-09 20:34:45 -0700,2
Melody’s Apple Watch,count,2019-08-09 20:50:22 -0700,2019-08-09 20:52:43 -0700,2
Melody’s Apple Watch,count,2019-08-09 21:54:18 -0700,2019-08-09 21:56:16 -0700,2
Melody’s Apple Watch,count,2019-08-09 22:08:43 -0700,2019-08-09 22:15:25 -0700,4
Melody’s Apple Watch,count,2019-08-09 22:22:12 -0700,2019-08-09 22:22:14 -0700,1
Melody’s iPhone,count,2019-08-09 11:17:11 -0700,2019-08-09 11:17:13 -0700,1
Melody’s iPhone,count,2019-08-09 20:06:32 -0700,2019-08-09 20:06:34 -0700,1
Melody’s iPhone,count,2019-08-09 20:18:04 -0700,2019-08-09 20:21:49 -0700,2
Melody’s iPhone,count,2019-08-09 20:28:07 -0700,2019-08-09 20:34:45 -0700,3
Melody’s iPhone,count,2019-08-09 21:54:08 -0700,2019-08-09 22:02:21 -0700,4
Melody’s iPhone,count,2019-08-09 22:08:44 -0700,2019-08-09 22:15:28 -0700,4
Melody’s iPhone,count,2019-08-09 22:22:09 -0700,2019-08-09 22:23:00 -0700,1
Melody’s iPhone,count,2019-08-10 10:19:52 -0700,2019-08-10 10:19:54 -0700,1
Melody’s iPhone,count,2019-08-10 18:14:39 -0700,2019-08-10 18:14:41 -0700,1
Melody’s Apple Watch,count,2019-08-11 18:51:36 -0700,2019-08-11 19:01:02 -0700,4
Melody’s Apple Watch,count,2019-08-11 20:09:22 -0700,2019-08-11 20:09:25 -0700,1
Melody’s Apple Watch,count,2019-08-12 15:29:34 -0700,2019-08-12 15:29:36 -0700,1
Melody’s Apple Watch,count,2019-08-12 16:33:10 -0700,2019-08-12 16:36:57 -0700,2
Melody’s Apple Watch,count,2019-08-13 09:52:52 -0700,2019-08-13 09:52:55 -0700,1
Melody’s iPhone,count,2019-08-11 10:47:21 -0700,2019-08-11 10:47:23 -0700,1
Melody’s iPhone,count,2019-08-11 18:51:29 -0700,2019-08-11 18:51:40 -0700,1
Melody’s iPhone,count,2019-08-11 20:09:12 -0700,2019-08-11 20:09:35 -0700,1
Melody’s iPhone,count,2019-08-12 15:29:32 -0700,2019-08-12 15:29:40 -0700,1
Melody’s iPhone,count,2019-08-12 19:45:28 -0700,2019-08-12 19:45:31 -0700,1
Melody’s iPhone,count,2019-08-12 21:16:33 -0700,2019-08-12 21:16:35 -0700,1
Melody’s iPhone,count,2019-08-13 09:52:42 -0700,2019-08-13 09:53:59 -0700,1
Melody’s Apple Watch,count,2019-08-13 15:39:44 -0700,2019-08-13 15:39:46 -0700,1
Melody’s Apple Watch,count,2019-08-13 19:51:33 -0700,2019-08-13 19:51:36 -0700,1
Melody’s iPhone,count,2019-08-13 14:35:52 -0700,2019-08-13 14:35:55 -0700,1
Melody’s iPhone,count,2019-08-13 15:39:47 -0700,2019-08-13 15:39:49 -0700,1
Melody’s iPhone,count,2019-08-13 19:51:31 -0700,2019-08-13 19:51:34 -0700,1
Melody’s Apple Watch,count,2019-08-14 11:53:21 -0700,2019-08-14 11:53:23 -0700,1
Melody’s Apple Watch,count,2019-08-15 09:46:43 -0700,2019-08-15 09:46:45 -0700,1
Melody’s Apple Watch,count,2019-08-15 18:29:01 -0700,2019-08-15 18:29:04 -0700,1
Melody’s Apple Watch,count,2019-08-15 19:18:36 -0700,2019-08-15 19:18:38 -0700,1
Melody’s iPhone,count,2019-08-14 11:53:19 -0700,2019-08-14 11:53:22 -0700,1
Melody’s iPhone,count,2019-08-14 17:07:39 -0700,2019-08-14 17:07:52 -0700,1
Melody’s iPhone,count,2019-08-14 17:33:56 -0700,2019-08-14 17:33:58 -0700,1
Melody’s iPhone,count,2019-08-14 19:38:11 -0700,2019-08-14 19:38:13 -0700,1
Melody’s iPhone,count,2019-08-15 09:46:36 -0700,2019-08-15 09:46:44 -0700,1
Melody’s iPhone,count,2019-08-15 18:28:59 -0700,2019-08-15 18:29:01 -0700,1
Melody’s Apple Watch,count,2019-08-16 18:07:11 -0700,2019-08-16 18:07:14 -0700,1
Melody’s iPhone,count,2019-08-16 18:07:03 -0700,2019-08-16 18:07:21 -0700,1
Melody’s iPhone,count,2019-08-16 23:31:49 -0700,2019-08-16 23:31:51 -0700,1
Melody’s iPhone,count,2019-08-17 16:31:31 -0700,2019-08-17 16:31:44 -0700,1
Melody’s iPhone,count,2019-08-17 19:58:55 -0700,2019-08-17 19:58:58 -0700,1
Melody’s iPhone,count,2019-08-17 21:12:20 -0700,2019-08-17 21:12:28 -0700,1
Melody’s iPhone,count,2019-08-19 10:39:35 -0700,2019-08-19 10:39:43 -0700,1
Melody’s iPhone,count,2019-08-19 11:22:15 -0700,2019-08-19 12:19:06 -0700,1
Melody’s iPhone,count,2019-08-19 12:26:13 -0700,2019-08-19 12:35:20 -0700,2
Melody’s iPhone,count,2019-08-19 12:46:22 -0700,2019-08-19 12:46:24 -0700,1
Melody’s Apple Watch,count,2019-08-19 14:02:37 -0700,2019-08-19 14:02:40 -0700,1
Melody’s Apple Watch,count,2019-08-19 15:08:14 -0700,2019-08-19 15:14:51 -0700,3
Melody’s Apple Watch,count,2019-08-19 16:23:30 -0700,2019-08-19 16:23:33 -0700,1
Melody’s Apple Watch,count,2019-08-19 17:35:54 -0700,2019-08-19 17:35:57 -0700,1
Melody’s Apple Watch,count,2019-08-19 19:14:17 -0700,2019-08-19 19:14:19 -0700,1
Melody’s Apple Watch,count,2019-08-19 19:24:23 -0700,2019-08-19 19:24:25 -0700,1
Melody’s Apple Watch,count,2019-08-19 20:04:05 -0700,2019-08-19 20:04:07 -0700,1
Melody’s Apple Watch,count,2019-08-19 22:42:57 -0700,2019-08-19 22:42:59 -0700,1
Melody’s iPhone,count,2019-08-19 17:35:51 -0700,2019-08-19 17:35:54 -0700,1
Melody’s iPhone,count,2019-08-19 19:14:08 -0700,2019-08-19 19:14:39 -0700,1
Melody’s iPhone,count,2019-08-19 19:24:22 -0700,2019-08-19 19:24:24 -0700,1
Melody’s iPhone,count,2019-08-19 20:04:03 -0700,2019-08-19 20:04:06 -0700,1
Melody’s iPhone,count,2019-08-19 22:42:53 -0700,2019-08-19 22:42:56 -0700,1
Melody’s Apple Watch,count,2019-08-20 10:15:03 -0700,2019-08-20 10:19:34 -0700,2
Melody’s Apple Watch,count,2019-08-20 18:49:29 -0700,2019-08-20 18:49:32 -0700,1
Melody’s Apple Watch,count,2019-08-21 01:32:09 -0700,2019-08-21 01:32:11 -0700,1
Melody’s iPhone,count,2019-08-20 18:49:20 -0700,2019-08-20 18:49:30 -0700,1
Melody’s iPhone,count,2019-08-21 01:32:05 -0700,2019-08-21 01:32:08 -0700,1
Melody’s iPhone,count,2019-08-21 12:59:29 -0700,2019-08-21 13:00:15 -0700,1
Melody’s Apple Watch,count,2019-08-21 12:59:37 -0700,2019-08-21 12:59:39 -0700,1
Melody’s Apple Watch,count,2019-08-21 16:37:57 -0700,2019-08-21 16:38:00 -0700,1
Melody’s iPhone,count,2019-08-21 17:37:39 -0700,2019-08-21 17:37:41 -0700,1
Melody’s iPhone,count,2019-08-21 21:02:46 -0700,2019-08-21 21:02:49 -0700,1
Melody’s iPhone,count,2019-08-22 20:09:29 -0700,2019-08-22 20:10:15 -0700,1
Melody’s Apple Watch,count,2019-08-21 17:37:42 -0700,2019-08-21 17:37:45 -0700,1
Melody’s Apple Watch,count,2019-08-21 21:02:48 -0700,2019-08-21 21:02:51 -0700,1
Melody’s iPhone,count,2019-08-23 18:50:00 -0700,2019-08-23 18:51:24 -0700,1
Melody’s Apple Watch,count,2019-08-23 20:05:50 -0700,2019-08-23 20:05:52 -0700,1
Melody’s Apple Watch,count,2019-08-24 10:01:31 -0700,2019-08-24 10:01:34 -0700,1
Melody’s iPhone,count,2019-08-23 20:05:48 -0700,2019-08-23 20:05:50 -0700,1
Melody’s iPhone,count,2019-08-23 21:18:11 -0700,2019-08-23 21:18:14 -0700,1
Melody’s iPhone,count,2019-08-24 10:01:26 -0700,2019-08-24 10:01:29 -0700,1
Melody’s iPhone,count,2019-08-24 13:12:37 -0700,2019-08-24 13:17:28 -0700,8
Melody’s iPhone,count,2019-08-24 14:16:34 -0700,2019-08-24 14:16:37 -0700,1
Melody’s iPhone,count,2019-08-24 14:53:09 -0700,2019-08-24 14:53:12 -0700,1
Melody’s Apple Watch,count,2019-08-24 13:12:37 -0700,2019-08-24 13:17:29 -0700,6
Melody’s Apple Watch,count,2019-08-24 14:16:37 -0700,2019-08-24 14:16:40 -0700,1
Melody’s Apple Watch,count,2019-08-24 14:53:11 -0700,2019-08-24 14:53:14 -0700,1
Melody’s Apple Watch,count,2019-08-24 19:00:24 -0700,2019-08-24 19:00:27 -0700,1
Melody’s iPhone,count,2019-08-24 19:00:16 -0700,2019-08-24 19:00:24 -0700,1
Melody’s iPhone,count,2019-08-24 22:05:34 -0700,2019-08-24 22:05:41 -0700,1
Melody’s iPhone,count,2019-08-25 19:32:42 -0700,2019-08-25 19:32:45 -0700,1
Melody’s iPhone,count,2019-08-25 21:59:20 -0700,2019-08-25 21:59:30 -0700,1
Melody’s iPhone,count,2019-08-26 10:24:34 -0700,2019-08-26 10:24:49 -0700,2
Melody’s iPhone,count,2019-08-26 10:55:46 -0700,2019-08-26 10:55:49 -0700,1
Melody’s iPhone,count,2019-08-26 17:27:35 -0700,2019-08-26 17:27:43 -0700,1
Melody’s iPhone,count,2019-08-26 19:24:01 -0700,2019-08-26 19:24:04 -0700,1
Melody’s Apple Watch,count,2019-08-26 17:27:35 -0700,2019-08-26 17:27:43 -0700,1
Melody’s Apple Watch,count,2019-08-26 19:24:02 -0700,2019-08-26 19:24:04 -0700,1
Melody’s Apple Watch,count,2019-08-27 16:30:44 -0700,2019-08-27 16:30:47 -0700,1
Melody’s Apple Watch,count,2019-08-27 17:15:06 -0700,2019-08-27 17:15:08 -0700,1
Melody’s iPhone,count,2019-08-27 16:30:31 -0700,2019-08-27 16:30:42 -0700,1
Melody’s iPhone,count,2019-08-27 17:15:01 -0700,2019-08-27 17:15:04 -0700,1
Melody’s Apple Watch,count,2019-08-27 18:37:33 -0700,2019-08-27 18:37:35 -0700,1
Melody’s Apple Watch,count,2019-08-28 15:01:58 -0700,2019-08-28 15:02:01 -0700,1
Melody’s Apple Watch,count,2019-08-28 15:49:10 -0700,2019-08-28 15:49:12 -0700,1
Melody’s Apple Watch,count,2019-08-28 16:43:54 -0700,2019-08-28 16:43:56 -0700,1
Melody’s Apple Watch,count,2019-08-28 17:12:14 -0700,2019-08-28 17:12:16 -0700,1
Melody’s Apple Watch,count,2019-08-28 19:13:29 -0700,2019-08-28 19:13:32 -0700,1
Melody’s iPhone,count,2019-08-27 18:37:28 -0700,2019-08-27 18:37:30 -0700,1
Melody’s iPhone,count,2019-08-28 15:01:53 -0700,2019-08-28 15:02:06 -0700,1
Melody’s iPhone,count,2019-08-28 17:12:09 -0700,2019-08-28 17:12:11 -0700,1
Melody’s iPhone,count,2019-08-28 19:13:22 -0700,2019-08-28 19:14:13 -0700,1
Melody’s Apple Watch,count,2019-08-28 20:13:39 -0700,2019-08-28 20:13:41 -0700,1
Melody’s Apple Watch,count,2019-08-29 12:44:55 -0700,2019-08-29 12:44:57 -0700,1
Melody’s Apple Watch,count,2019-08-29 13:17:23 -0700,2019-08-29 13:17:25 -0700,1
Melody’s iPhone,count,2019-08-28 20:21:51 -0700,2019-08-28 20:21:53 -0700,1
Melody’s iPhone,count,2019-08-29 12:44:43 -0700,2019-08-29 12:45:06 -0700,1
Melody’s iPhone,count,2019-08-29 13:17:18 -0700,2019-08-29 13:17:20 -0700,1
Melody’s Apple Watch,count,2019-08-29 18:59:06 -0700,2019-08-29 18:59:09 -0700,1
Melody’s Apple Watch,count,2019-08-30 11:36:09 -0700,2019-08-30 11:37:01 -0700,3
Melody’s iPhone,count,2019-08-29 18:59:04 -0700,2019-08-29 19:00:13 -0700,1
Melody’s iPhone,count,2019-08-30 11:36:08 -0700,2019-08-30 11:36:57 -0700,3
Melody’s iPhone,count,2019-08-30 12:44:31 -0700,2019-08-30 12:44:39 -0700,1
Melody’s Apple Watch,count,2019-08-30 12:44:41 -0700,2019-08-30 12:44:43 -0700,1
Melody’s Apple Watch,count,2019-08-30 15:05:35 -0700,2019-08-30 15:08:57 -0700,2
Melody’s Apple Watch,count,2019-08-30 18:48:03 -0700,2019-08-30 18:48:06 -0700,1
Melody’s iPhone,count,2019-08-30 15:06:32 -0700,2019-08-30 15:08:34 -0700,1
Melody’s iPhone,count,2019-08-30 18:47:57 -0700,2019-08-30 18:48:10 -0700,1
Melody’s Apple Watch,count,2019-08-30 20:12:03 -0700,2019-08-30 20:12:13 -0700,1
Melody’s Apple Watch,count,2019-08-31 11:18:17 -0700,2019-08-31 11:18:22 -0700,1
Melody’s iPhone,count,2019-08-30 20:11:55 -0700,2019-08-30 20:11:58 -0700,1
Melody’s iPhone,count,2019-08-30 20:51:11 -0700,2019-08-30 20:51:13 -0700,1
Melody’s iPhone,count,2019-08-31 11:18:08 -0700,2019-08-31 11:18:16 -0700,1
Melody’s iPhone,count,2019-08-31 18:59:21 -0700,2019-08-31 18:59:23 -0700,1
Melody’s iPhone,count,2019-09-01 20:26:49 -0700,2019-09-01 20:26:52 -0700,1
Melody’s Apple Watch,count,2019-08-31 18:59:25 -0700,2019-08-31 18:59:27 -0700,1
Melody’s iPhone,count,2019-09-02 13:47:07 -0700,2019-09-02 13:47:09 -0700,1
Melody’s iPhone,count,2019-09-02 16:36:04 -0700,2019-09-02 16:36:07 -0700,1
Melody’s iPhone,count,2019-09-02 18:33:39 -0700,2019-09-02 18:34:12 -0700,2
Melody’s iPhone,count,2019-09-02 21:08:18 -0700,2019-09-02 21:08:23 -0700,1
Melody’s Apple Watch,count,2019-09-03 18:46:18 -0700,2019-09-03 18:46:20 -0700,1
Melody’s iPhone,count,2019-09-03 14:06:53 -0700,2019-09-03 14:07:01 -0700,1
Melody’s iPhone,count,2019-09-03 18:46:16 -0700,2019-09-03 18:46:19 -0700,1
Melody’s Apple Watch,count,2019-09-03 20:31:01 -0700,2019-09-03 20:31:04 -0700,1
Melody’s Apple Watch,count,2019-09-03 21:46:53 -0700,2019-09-03 21:46:56 -0700,1
Melody’s iPhone,count,2019-09-03 20:30:51 -0700,2019-09-03 20:31:11 -0700,1
Melody’s iPhone,count,2019-09-03 21:46:52 -0700,2019-09-03 21:46:54 -0700,1
Melody’s Apple Watch,count,2019-09-04 17:22:35 -0700,2019-09-04 17:22:37 -0700,1
Melody’s iPhone,count,2019-09-04 17:22:27 -0700,2019-09-04 17:22:35 -0700,1
Melody’s iPhone,count,2019-09-04 21:52:57 -0700,2019-09-04 21:53:05 -0700,1
Melody’s Apple Watch,count,2019-09-05 20:27:39 -0700,2019-09-05 20:27:41 -0700,1
Melody’s Apple Watch,count,2019-09-05 21:13:25 -0700,2019-09-05 21:13:28 -0700,1
Melody’s iPhone,count,2019-09-05 20:27:30 -0700,2019-09-05 20:30:11 -0700,1
Melody’s iPhone,count,2019-09-05 21:13:24 -0700,2019-09-05 21:13:26 -0700,1
Melody’s iPhone,count,2019-09-06 15:17:15 -0700,2019-09-06 15:17:18 -0700,1
Melody’s iPhone,count,2019-09-06 20:24:46 -0700,2019-09-06 20:24:48 -0700,1
Melody’s iPhone,count,2019-09-06 21:15:16 -0700,2019-09-06 21:15:24 -0700,1
Melody’s iPhone,count,2019-09-07 09:34:04 -0700,2019-09-07 09:34:06 -0700,1
Melody’s iPhone,count,2019-09-07 18:56:18 -0700,2019-09-07 18:56:23 -0700,1
Melody’s iPhone,count,2019-09-07 22:13:25 -0700,2019-09-07 22:13:28 -0700,1
Melody’s iPhone,count,2019-09-08 10:23:45 -0700,2019-09-08 10:23:48 -0700,1
Melody’s iPhone,count,2019-09-08 22:07:59 -0700,2019-09-08 22:11:06 -0700,2
Melody’s iPhone,count,2019-09-09 10:52:47 -0700,2019-09-09 10:52:49 -0700,1
Melody’s Apple Watch,count,2019-09-09 10:52:53 -0700,2019-09-09 10:52:55 -0700,1
Melody’s Apple Watch,count,2019-09-09 17:06:19 -0700,2019-09-09 17:06:22 -0700,1
Melody’s Apple Watch,count,2019-09-09 20:10:32 -0700,2019-09-09 20:10:34 -0700,1
Melody’s iPhone,count,2019-09-09 12:13:51 -0700,2019-09-09 12:13:54 -0700,1
Melody’s iPhone,count,2019-09-09 13:28:35 -0700,2019-09-09 13:28:38 -0700,1
Melody’s iPhone,count,2019-09-09 17:06:17 -0700,2019-09-09 17:06:19 -0700,1
Melody’s iPhone,count,2019-09-09 20:10:25 -0700,2019-09-09 20:11:11 -0700,1
Melody’s Apple Watch,count,2019-09-10 09:29:30 -0700,2019-09-10 09:29:32 -0700,1
Melody’s iPhone,count,2019-09-10 09:29:27 -0700,2019-09-10 09:29:30 -0700,1
Melody’s iPhone,count,2019-09-10 11:53:48 -0700,2019-09-10 11:54:27 -0700,3
Melody’s iPhone,count,2019-09-10 12:06:25 -0700,2019-09-10 12:06:30 -0700,1
Melody’s Apple Watch,count,2019-09-10 11:53:49 -0700,2019-09-10 11:54:30 -0700,3
Melody’s Apple Watch,count,2019-09-10 12:06:20 -0700,2019-09-10 12:06:22 -0700,1
Melody’s iPhone,count,2019-09-10 20:18:13 -0700,2019-09-10 20:18:31 -0700,1
Melody’s Apple Watch,count,2019-09-10 20:18:23 -0700,2019-09-10 20:18:26 -0700,1
Melody’s Apple Watch,count,2019-09-11 14:01:47 -0700,2019-09-11 14:01:50 -0700,1
Melody’s Apple Watch,count,2019-09-11 22:11:35 -0700,2019-09-11 22:11:38 -0700,1
Melody’s iPhone,count,2019-09-11 14:01:43 -0700,2019-09-11 14:01:45 -0700,1
Melody’s iPhone,count,2019-09-11 14:15:33 -0700,2019-09-11 14:15:36 -0700,1
Melody’s iPhone,count,2019-09-11 14:56:54 -0700,2019-09-11 14:56:56 -0700,1
Melody’s iPhone,count,2019-09-11 16:59:09 -0700,2019-09-11 16:59:12 -0700,1
Melody’s iPhone,count,2019-09-11 17:29:41 -0700,2019-09-11 17:29:44 -0700,1
Melody’s iPhone,count,2019-09-11 19:14:40 -0700,2019-09-11 19:14:42 -0700,1
Melody’s iPhone,count,2019-09-12 10:06:29 -0700,2019-09-12 10:06:52 -0700,1
Melody’s Apple Watch,count,2019-09-12 10:06:37 -0700,2019-09-12 10:06:40 -0700,1
Melody’s Apple Watch,count,2019-09-12 15:15:18 -0700,2019-09-12 15:15:20 -0700,1
Melody’s iPhone,count,2019-09-12 15:15:12 -0700,2019-09-12 15:15:15 -0700,1
Melody’s Apple Watch,count,2019-09-12 19:40:53 -0700,2019-09-12 19:40:55 -0700,1
Melody’s Apple Watch,count,2019-09-13 18:36:12 -0700,2019-09-13 18:36:14 -0700,1
Melody’s iPhone,count,2019-09-12 19:40:39 -0700,2019-09-12 19:42:19 -0700,1
Melody’s iPhone,count,2019-09-13 18:36:04 -0700,2019-09-13 18:36:52 -0700,1
Melody’s iPhone,count,2019-09-14 10:16:22 -0700,2019-09-14 10:16:25 -0700,1
Melody’s iPhone,count,2019-09-14 16:54:47 -0700,2019-09-14 16:54:50 -0700,1
Melody’s iPhone,count,2019-09-14 23:07:56 -0700,2019-09-14 23:07:59 -0700,1
Melody’s iPhone,count,2019-09-15 20:12:47 -0700,2019-09-15 20:12:49 -0700,1
Melody’s iPhone,count,2019-09-16 15:16:56 -0700,2019-09-16 15:16:59 -0700,1
Melody’s iPhone,count,2019-09-16 17:15:06 -0700,2019-09-16 17:15:47 -0700,1
Melody’s iPhone,count,2019-09-16 21:40:16 -0700,2019-09-16 21:40:24 -0700,1
Melody’s iPhone,count,2019-09-16 22:38:44 -0700,2019-09-16 22:38:59 -0700,1
Melody’s iPhone,count,2019-09-17 10:39:21 -0700,2019-09-17 10:39:49 -0700,1
Melody’s Apple Watch,count,2019-09-16 17:15:10 -0700,2019-09-16 17:15:13 -0700,1
Melody’s Apple Watch,count,2019-09-16 21:40:19 -0700,2019-09-16 21:40:22 -0700,1
Melody’s Apple Watch,count,2019-09-16 22:38:54 -0700,2019-09-16 22:38:59 -0700,1
Melody’s Apple Watch,count,2019-09-17 10:39:35 -0700,2019-09-17 10:39:38 -0700,1
Melody’s Apple Watch,count,2019-09-17 19:19:08 -0700,2019-09-17 19:19:11 -0700,1
Melody’s Apple Watch,count,2019-09-17 21:54:06 -0700,2019-09-17 21:54:08 -0700,1
Melody’s Apple Watch,count,2019-09-18 16:13:57 -0700,2019-09-18 16:13:59 -0700,1
Melody’s Apple Watch,count,2019-09-18 17:09:08 -0700,2019-09-18 17:09:11 -0700,1
Melody’s Apple Watch,count,2019-09-18 20:02:53 -0700,2019-09-18 20:02:55 -0700,1
Melody’s iPhone,count,2019-09-17 19:18:57 -0700,2019-09-17 19:20:09 -0700,1
Melody’s iPhone,count,2019-09-17 21:54:03 -0700,2019-09-17 21:55:12 -0700,1
Melody’s iPhone,count,2019-09-18 16:13:54 -0700,2019-09-18 16:13:56 -0700,1
Melody’s iPhone,count,2019-09-18 17:09:12 -0700,2019-09-18 17:09:20 -0700,1
Melody’s iPhone,count,2019-09-18 20:02:51 -0700,2019-09-18 20:02:53 -0700,1
Melody’s iPhone,count,2019-09-19 19:33:57 -0700,2019-09-19 19:34:00 -0700,1
Melody’s iPhone,count,2019-09-19 21:58:32 -0700,2019-09-19 21:59:00 -0700,1
Melody’s Apple Watch,count,2019-09-20 18:38:23 -0700,2019-09-20 18:38:25 -0700,1
Melody’s iPhone,count,2019-09-20 18:38:20 -0700,2019-09-20 18:38:22 -0700,1
Melody’s iPhone,count,2019-09-21 14:16:12 -0700,2019-09-21 14:16:15 -0700,1
Melody’s iPhone,count,2019-09-21 16:13:06 -0700,2019-09-21 16:14:07 -0700,2
Melody’s iPhone,count,2019-09-21 22:46:20 -0700,2019-09-21 22:46:23 -0700,1
Melody’s iPhone,count,2019-09-22 00:49:35 -0700,2019-09-22 00:49:38 -0700,1
Melody’s Apple Watch,count,2019-09-23 11:38:10 -0700,2019-09-23 11:38:13 -0700,1
Melody’s Apple Watch,count,2019-09-23 12:22:06 -0700,2019-09-23 12:22:08 -0700,1
Melody’s Apple Watch,count,2019-09-23 16:19:11 -0700,2019-09-23 16:19:13 -0700,1
Melody’s Apple Watch,count,2019-09-23 17:31:17 -0700,2019-09-23 17:31:20 -0700,1
Melody’s Apple Watch,count,2019-09-23 19:10:54 -0700,2019-09-23 19:10:57 -0700,1
Melody’s iPhone,count,2019-09-22 16:56:33 -0700,2019-09-22 16:56:35 -0700,1
Melody’s iPhone,count,2019-09-22 19:31:42 -0700,2019-09-22 19:31:45 -0700,1
Melody’s iPhone,count,2019-09-22 21:37:28 -0700,2019-09-22 21:37:30 -0700,1
Melody’s iPhone,count,2019-09-23 12:22:02 -0700,2019-09-23 12:22:04 -0700,1
Melody’s iPhone,count,2019-09-23 16:19:05 -0700,2019-09-23 16:19:08 -0700,1
Melody’s iPhone,count,2019-09-23 17:31:14 -0700,2019-09-23 17:31:16 -0700,1
Melody’s Apple Watch,count,2019-09-24 08:41:48 -0700,2019-09-24 08:41:58 -0700,1
Melody’s iPhone,count,2019-09-23 19:10:50 -0700,2019-09-23 19:11:01 -0700,1
Melody’s iPhone,count,2019-09-24 08:41:46 -0700,2019-09-24 08:41:49 -0700,1
Melody’s iPhone,count,2019-09-24 11:04:10 -0700,2019-09-24 11:04:13 -0700,1
Melody’s iPhone,count,2019-09-24 12:02:48 -0700,2019-09-24 12:02:53 -0700,1
Melody’s iPhone,count,2019-09-24 13:13:13 -0700,2019-09-24 13:13:15 -0700,1
Melody’s iPhone,count,2019-09-24 13:53:09 -0700,2019-09-24 13:53:12 -0700,1
Melody’s Apple Watch,count,2019-09-24 13:52:57 -0700,2019-09-24 13:53:00 -0700,1
Melody’s Apple Watch,count,2019-09-24 18:36:47 -0700,2019-09-24 18:36:49 -0700,1
Melody’s Apple Watch,count,2019-09-24 21:32:52 -0700,2019-09-24 21:32:55 -0700,1
Melody’s Apple Watch,count,2019-09-26 11:06:50 -0700,2019-09-26 11:06:53 -0700,1
Melody’s Apple Watch,count,2019-09-26 16:57:51 -0700,2019-09-26 16:57:54 -0700,1
Melody’s iPhone,count,2019-09-24 18:36:44 -0700,2019-09-24 18:36:47 -0700,1
Melody’s iPhone,count,2019-09-24 21:32:52 -0700,2019-09-24 21:32:54 -0700,1
Melody’s iPhone,count,2019-09-25 17:37:27 -0700,2019-09-25 17:37:30 -0700,1
Melody’s iPhone,count,2019-09-25 18:18:46 -0700,2019-09-25 18:19:29 -0700,1
Melody’s iPhone,count,2019-09-25 20:15:04 -0700,2019-09-25 20:15:07 -0700,1
Melody’s iPhone,count,2019-09-25 20:55:39 -0700,2019-09-25 20:56:56 -0700,1
Melody’s iPhone,count,2019-09-26 11:06:48 -0700,2019-09-26 11:06:50 -0700,1
Melody’s iPhone,count,2019-09-26 16:57:49 -0700,2019-09-26 16:57:52 -0700,1
Melody’s iPhone,count,2019-09-26 18:37:26 -0700,2019-09-26 18:37:29 -0700,1
Melody’s iPhone,count,2019-09-26 20:41:21 -0700,2019-09-26 20:41:24 -0700,1
Melody’s Apple Watch,count,2019-09-26 18:37:28 -0700,2019-09-26 18:37:31 -0700,1
Melody’s Apple Watch,count,2019-09-26 20:41:22 -0700,2019-09-26 20:41:24 -0700,1
Melody’s Apple Watch,count,2019-09-27 09:16:22 -0700,2019-09-27 09:16:24 -0700,1
Melody’s iPhone,count,2019-09-27 09:16:07 -0700,2019-09-27 09:16:15 -0700,1
Melody’s Apple Watch,count,2019-09-27 09:40:55 -0700,2019-09-27 09:40:58 -0700,1
Melody’s Apple Watch,count,2019-09-27 09:52:03 -0700,2019-09-27 09:52:21 -0700,2
Melody’s Apple Watch,count,2019-09-27 11:49:49 -0700,2019-09-27 11:49:51 -0700,1
Melody’s iPhone,count,2019-09-27 11:49:48 -0700,2019-09-27 11:49:50 -0700,1
Melody’s Apple Watch,count,2019-09-27 13:00:36 -0700,2019-09-27 13:00:38 -0700,1
Melody’s iPhone,count,2019-09-27 13:00:36 -0700,2019-09-27 13:00:39 -0700,1
Melody’s Apple Watch,count,2019-09-27 18:52:58 -0700,2019-09-27 18:53:00 -0700,1
Melody’s iPhone,count,2019-09-27 18:52:58 -0700,2019-09-27 18:53:51 -0700,1
Melody’s Apple Watch,count,2019-09-27 20:05:55 -0700,2019-09-27 20:05:57 -0700,1
Melody’s Apple Watch,count,2019-09-28 10:51:41 -0700,2019-09-28 10:51:43 -0700,1
Melody’s iPhone,count,2019-09-27 20:05:48 -0700,2019-09-27 20:07:07 -0700,1
Melody’s iPhone,count,2019-09-28 10:51:37 -0700,2019-09-28 10:51:39 -0700,1
Melody’s iPhone,count,2019-09-28 18:42:44 -0700,2019-09-28 18:44:36 -0700,1
Melody’s iPhone,count,2019-09-28 21:15:25 -0700,2019-09-28 21:15:50 -0700,1
Melody’s Apple Watch,count,2019-09-28 18:42:48 -0700,2019-09-28 18:42:51 -0700,1
Melody’s Apple Watch,count,2019-09-30 16:29:32 -0700,2019-09-30 16:29:35 -0700,1
Melody’s iPhone,count,2019-10-01 14:57:26 -0700,2019-10-01 14:57:29 -0700,1
Melody’s iPhone,count,2019-10-01 16:38:51 -0700,2019-10-01 16:38:54 -0700,1
Melody’s iPhone,count,2019-10-01 18:23:58 -0700,2019-10-01 18:24:00 -0700,1
Melody’s iPhone,count,2019-10-01 20:02:54 -0700,2019-10-01 20:02:57 -0700,1
Melody’s iPhone,count,2019-10-01 21:41:44 -0700,2019-10-01 21:42:38 -0700,1
Melody’s iPhone,count,2019-10-02 14:00:39 -0700,2019-10-02 14:00:41 -0700,1
Melody’s iPhone,count,2019-10-02 17:15:08 -0700,2019-10-02 17:15:11 -0700,1
Melody’s iPhone,count,2019-10-02 17:34:00 -0700,2019-10-02 17:34:10 -0700,1
Melody’s iPhone,count,2019-10-02 19:22:39 -0700,2019-10-02 19:22:41 -0700,1
Melody’s iPhone,count,2019-09-29 10:46:53 -0700,2019-09-29 10:46:55 -0700,1
Melody’s iPhone,count,2019-09-30 17:30:29 -0700,2019-09-30 17:30:32 -0700,1
Melody’s iPhone,count,2019-09-30 19:31:18 -0700,2019-09-30 19:31:21 -0700,1
Melody’s Apple Watch,count,2019-09-30 17:30:31 -0700,2019-09-30 17:30:34 -0700,1
Melody’s Apple Watch,count,2019-09-30 19:31:16 -0700,2019-09-30 19:31:42 -0700,1
Melody’s iPhone,count,2019-10-03 09:17:42 -0700,2019-10-03 09:17:44 -0700,1
Melody’s iPhone,count,2019-10-03 17:30:24 -0700,2019-10-03 17:30:45 -0700,2
Melody’s iPhone,count,2019-10-03 20:54:23 -0700,2019-10-03 20:55:24 -0700,1
Melody’s iPhone,count,2019-10-03 22:27:21 -0700,2019-10-03 22:27:26 -0700,1
Melody’s iPhone,count,2019-10-03 23:40:31 -0700,2019-10-03 23:40:49 -0700,1
Melody’s iPhone,count,2019-10-04 00:31:52 -0700,2019-10-04 00:32:00 -0700,1
Melody’s iPhone,count,2019-10-04 11:15:25 -0700,2019-10-04 11:15:28 -0700,1
Melody’s iPhone,count,2019-10-04 15:40:31 -0700,2019-10-04 15:40:33 -0700,1
Melody’s iPhone,count,2019-10-04 17:21:20 -0700,2019-10-04 17:21:30 -0700,1
Melody’s iPhone,count,2019-10-04 21:10:58 -0700,2019-10-04 21:11:01 -0700,1
Melody’s iPhone,count,2019-10-05 09:17:02 -0700,2019-10-05 09:17:04 -0700,1
Melody’s iPhone,count,2019-10-05 09:50:24 -0700,2019-10-05 09:50:27 -0700,1
Melody’s iPhone,count,2019-10-05 12:14:49 -0700,2019-10-05 12:14:52 -0700,1
Melody’s Apple Watch,count,2019-10-07 09:16:30 -0700,2019-10-07 09:16:32 -0700,1
Melody’s iPhone,count,2019-10-05 15:35:47 -0700,2019-10-05 15:35:50 -0700,1
Melody’s iPhone,count,2019-10-05 15:58:54 -0700,2019-10-05 15:58:57 -0700,1
Melody’s iPhone,count,2019-10-06 10:53:25 -0700,2019-10-06 10:53:27 -0700,1
Melody’s iPhone,count,2019-10-06 11:51:03 -0700,2019-10-06 11:51:19 -0700,1
Melody’s iPhone,count,2019-10-07 09:16:25 -0700,2019-10-07 09:16:43 -0700,1
Melody’s iPhone,count,2019-10-07 17:14:15 -0700,2019-10-07 17:14:18 -0700,1
Melody’s iPhone,count,2019-10-07 19:49:22 -0700,2019-10-07 19:49:32 -0700,1
Melody’s iPhone,count,2019-10-08 11:53:48 -0700,2019-10-08 11:53:51 -0700,1
Melody’s Apple Watch,count,2019-10-07 17:14:20 -0700,2019-10-07 17:14:23 -0700,1
Melody’s Apple Watch,count,2019-10-07 19:49:26 -0700,2019-10-07 19:53:41 -0700,2
Melody’s Apple Watch,count,2019-10-08 11:53:48 -0700,2019-10-08 11:53:50 -0700,1
Melody’s Apple Watch,count,2019-10-08 13:06:30 -0700,2019-10-08 13:06:33 -0700,1
Melody’s Apple Watch,count,2019-10-08 13:22:25 -0700,2019-10-08 13:22:28 -0700,1
Melody’s Apple Watch,count,2019-10-08 15:13:11 -0700,2019-10-08 15:15:34 -0700,2
Melody’s Apple Watch,count,2019-10-08 19:09:41 -0700,2019-10-08 19:09:44 -0700,1
Melody’s iPhone,count,2019-10-08 13:06:28 -0700,2019-10-08 13:06:31 -0700,1
Melody’s iPhone,count,2019-10-08 13:22:21 -0700,2019-10-08 13:22:23 -0700,1
Melody’s iPhone,count,2019-10-08 14:10:37 -0700,2019-10-08 14:10:40 -0700,1
Melody’s iPhone,count,2019-10-08 15:13:05 -0700,2019-10-08 15:15:38 -0700,2
Melody’s iPhone,count,2019-10-08 19:09:35 -0700,2019-10-08 19:11:02 -0700,1
Melody’s iPhone,count,2019-10-08 20:04:59 -0700,2019-10-08 20:05:27 -0700,1
Melody’s Apple Watch,count,2019-10-08 23:55:58 -0700,2019-10-08 23:56:11 -0700,1
Melody’s Apple Watch,count,2019-10-09 11:55:44 -0700,2019-10-09 11:55:47 -0700,1
Melody’s iPhone,count,2019-10-08 23:55:59 -0700,2019-10-08 23:56:02 -0700,1
Melody’s iPhone,count,2019-10-09 11:55:44 -0700,2019-10-09 11:55:46 -0700,1
Melody’s iPhone,count,2019-10-09 14:33:11 -0700,2019-10-09 14:33:13 -0700,1
Melody’s iPhone,count,2019-10-09 16:18:25 -0700,2019-10-09 16:18:28 -0700,1
Melody’s iPhone,count,2019-10-09 17:25:41 -0700,2019-10-09 17:25:44 -0700,1
Melody’s iPhone,count,2019-10-09 19:15:43 -0700,2019-10-09 19:15:46 -0700,1
Melody’s iPhone,count,2019-10-10 09:22:43 -0700,2019-10-10 09:22:54 -0700,1
Melody’s iPhone,count,2019-10-10 19:18:06 -0700,2019-10-10 19:18:08 -0700,1
Melody’s iPhone,count,2019-10-11 13:19:55 -0700,2019-10-11 13:19:57 -0700,1
Melody’s iPhone,count,2019-10-11 19:12:20 -0700,2019-10-11 19:12:23 -0700,1
Melody’s iPhone,count,2019-10-11 21:48:45 -0700,2019-10-11 21:48:48 -0700,1
Melody’s iPhone,count,2019-10-11 23:23:23 -0700,2019-10-11 23:23:25 -0700,1
Melody’s iPhone,count,2019-10-12 13:31:04 -0700,2019-10-12 13:31:06 -0700,1
Melody’s iPhone,count,2019-10-12 14:45:37 -0700,2019-10-12 14:45:39 -0700,1
Melody’s iPhone,count,2019-10-12 16:42:28 -0700,2019-10-12 17:23:12 -0700,1
Melody’s Apple Watch,count,2019-10-11 19:12:22 -0700,2019-10-11 19:12:25 -0700,1
Melody’s Apple Watch,count,2019-10-11 21:48:48 -0700,2019-10-11 21:48:50 -0700,1
Melody’s iPhone,count,2019-10-13 10:58:41 -0700,2019-10-13 11:08:24 -0700,19
Melody’s iPhone,count,2019-10-13 11:08:42 -0700,2019-10-13 11:09:25 -0700,3
Melody’s iPhone,count,2019-10-13 12:03:08 -0700,2019-10-13 12:06:20 -0700,3
Melody’s iPhone,count,2019-10-13 12:20:20 -0700,2019-10-13 12:20:22 -0700,1
Melody’s iPhone,count,2019-10-13 13:28:12 -0700,2019-10-13 13:28:15 -0700,1
Melody’s iPhone,count,2019-10-13 20:04:30 -0700,2019-10-13 20:04:32 -0700,1
Melody’s Apple Watch,count,2019-10-13 10:58:44 -0700,2019-10-13 11:08:25 -0700,19
Melody’s Apple Watch,count,2019-10-13 11:08:46 -0700,2019-10-13 11:09:11 -0700,3
Melody’s Apple Watch,count,2019-10-13 12:03:14 -0700,2019-10-13 12:03:17 -0700,1
Melody’s Apple Watch,count,2019-10-13 12:05:27 -0700,2019-10-13 12:06:26 -0700,2
Melody’s Apple Watch,count,2019-10-13 12:20:20 -0700,2019-10-13 12:20:23 -0700,1
Melody’s Apple Watch,count,2019-10-13 13:28:15 -0700,2019-10-13 13:28:18 -0700,1
Melody’s Apple Watch,count,2019-10-14 11:46:47 -0700,2019-10-14 11:46:49 -0700,1
Melody’s Apple Watch,count,2019-10-14 12:05:05 -0700,2019-10-14 12:05:07 -0700,1
Melody’s iPhone,count,2019-10-14 11:46:46 -0700,2019-10-14 11:46:48 -0700,1
Melody’s iPhone,count,2019-10-14 12:05:04 -0700,2019-10-14 12:05:06 -0700,1
Melody’s iPhone,count,2019-10-14 17:18:25 -0700,2019-10-14 17:18:27 -0700,1
Melody’s Apple Watch,count,2019-10-14 17:11:12 -0700,2019-10-14 17:18:37 -0700,2
Melody’s Apple Watch,count,2019-10-14 19:11:53 -0700,2019-10-14 19:11:56 -0700,1
Melody’s iPhone,count,2019-10-14 19:11:52 -0700,2019-10-14 19:13:21 -0700,1
Melody’s Apple Watch,count,2019-10-15 13:30:47 -0700,2019-10-15 13:30:50 -0700,1
Melody’s iPhone,count,2019-10-15 13:30:46 -0700,2019-10-15 13:30:49 -0700,1
Melody’s iPhone,count,2019-10-15 18:57:52 -0700,2019-10-15 18:57:54 -0700,1
Melody’s iPhone,count,2019-10-16 15:51:34 -0700,2019-10-16 15:52:20 -0700,1
Melody’s iPhone,count,2019-10-16 17:38:04 -0700,2019-10-16 17:38:07 -0700,1
Melody’s iPhone,count,2019-10-16 21:37:22 -0700,2019-10-16 21:37:24 -0700,1
Melody’s iPhone,count,2019-10-16 22:19:44 -0700,2019-10-16 22:19:52 -0700,1
Melody’s iPhone,count,2019-10-17 19:47:49 -0700,2019-10-17 19:49:06 -0700,1
Melody’s Apple Watch,count,2019-10-15 18:57:47 -0700,2019-10-15 18:57:50 -0700,1
Melody’s iPhone,count,2019-10-18 15:13:11 -0700,2019-10-18 15:13:13 -0700,1
Melody’s Apple Watch,count,2019-10-18 15:13:19 -0700,2019-10-18 15:16:59 -0700,1
Melody’s iPhone,count,2019-10-18 20:28:51 -0700,2019-10-18 20:28:54 -0700,1
Melody’s iPhone,count,2019-10-18 21:32:45 -0700,2019-10-18 21:32:48 -0700,1
Melody’s iPhone,count,2019-10-19 10:59:41 -0700,2019-10-19 10:59:43 -0700,1
Melody’s Apple Watch,count,2019-10-18 20:28:50 -0700,2019-10-18 20:28:53 -0700,1
Melody’s Apple Watch,count,2019-10-19 10:59:43 -0700,2019-10-19 10:59:46 -0700,1
Melody’s Apple Watch,count,2019-10-19 15:03:15 -0700,2019-10-19 15:03:17 -0700,1
Melody’s Apple Watch,count,2019-10-20 10:00:15 -0700,2019-10-20 10:10:09 -0700,15
Melody’s Apple Watch,count,2019-10-20 10:10:24 -0700,2019-10-20 10:11:08 -0700,3
Melody’s Apple Watch,count,2019-10-20 10:34:19 -0700,2019-10-20 10:34:22 -0700,1
Melody’s Apple Watch,count,2019-10-20 10:47:45 -0700,2019-10-20 10:47:48 -0700,1
Melody’s Apple Watch,count,2019-10-20 13:06:32 -0700,2019-10-20 13:06:35 -0700,1
Melody’s iPhone,count,2019-10-19 15:03:11 -0700,2019-10-19 15:03:13 -0700,1
Melody’s iPhone,count,2019-10-19 21:05:43 -0700,2019-10-19 21:05:46 -0700,1
Melody’s iPhone,count,2019-10-20 10:00:11 -0700,2019-10-20 10:10:06 -0700,16
Melody’s iPhone,count,2019-10-20 10:10:24 -0700,2019-10-20 10:11:08 -0700,3
Melody’s iPhone,count,2019-10-20 10:34:17 -0700,2019-10-20 10:35:36 -0700,2
Melody’s iPhone,count,2019-10-20 10:47:39 -0700,2019-10-20 10:47:42 -0700,1
Melody’s iPhone,count,2019-10-20 13:06:26 -0700,2019-10-20 13:06:29 -0700,1
Melody’s Apple Watch,count,2019-10-21 17:30:08 -0700,2019-10-21 17:30:11 -0700,1
Melody’s Apple Watch,count,2019-10-21 19:25:29 -0700,2019-10-21 19:25:32 -0700,1
Melody’s Apple Watch,count,2019-10-21 19:47:16 -0700,2019-10-21 19:47:19 -0700,1
Melody’s iPhone,count,2019-10-21 09:36:41 -0700,2019-10-21 09:36:43 -0700,1
Melody’s iPhone,count,2019-10-21 10:07:43 -0700,2019-10-21 10:07:46 -0700,1
Melody’s iPhone,count,2019-10-21 13:16:02 -0700,2019-10-21 13:16:05 -0700,1
Melody’s iPhone,count,2019-10-21 17:30:05 -0700,2019-10-21 17:30:07 -0700,1
Melody’s iPhone,count,2019-10-21 19:25:27 -0700,2019-10-21 19:25:30 -0700,1
Melody’s iPhone,count,2019-10-21 19:47:13 -0700,2019-10-21 19:47:23 -0700,1
Melody’s Apple Watch,count,2019-10-22 14:29:41 -0700,2019-10-22 14:29:44 -0700,1
Melody’s Apple Watch,count,2019-10-22 14:43:11 -0700,2019-10-22 14:43:13 -0700,1
Melody’s Apple Watch,count,2019-10-23 10:27:13 -0700,2019-10-23 10:27:16 -0700,1
Melody’s iPhone,count,2019-10-21 23:39:19 -0700,2019-10-21 23:39:21 -0700,1
Melody’s iPhone,count,2019-10-22 14:29:38 -0700,2019-10-22 14:29:40 -0700,1
Melody’s iPhone,count,2019-10-22 14:43:10 -0700,2019-10-22 14:43:13 -0700,1
Melody’s iPhone,count,2019-10-22 19:28:16 -0700,2019-10-22 19:28:18 -0700,1
Melody’s iPhone,count,2019-10-23 10:26:59 -0700,2019-10-23 10:27:24 -0700,1
Melody’s iPhone,count,2019-10-23 13:48:04 -0700,2019-10-23 13:48:07 -0700,1
Melody’s iPhone,count,2019-10-23 15:23:47 -0700,2019-10-23 15:23:49 -0700,1
Melody’s iPhone,count,2019-10-23 17:58:37 -0700,2019-10-23 17:58:40 -0700,1
Melody’s iPhone,count,2019-10-23 20:16:41 -0700,2019-10-23 20:16:44 -0700,1
Melody’s Apple Watch,count,2019-10-23 13:48:07 -0700,2019-10-23 13:48:10 -0700,1
Melody’s iPhone,count,2019-10-24 13:42:15 -0700,2019-10-24 13:42:22 -0700,1
Melody’s iPhone,count,2019-10-24 15:39:47 -0700,2019-10-24 15:39:50 -0700,1
Melody’s iPhone,count,2019-10-24 16:53:14 -0700,2019-10-24 16:53:16 -0700,1
Melody’s iPhone,count,2019-10-24 19:00:44 -0700,2019-10-24 19:00:46 -0700,1
Melody’s iPhone,count,2019-10-24 21:19:11 -0700,2019-10-24 21:19:14 -0700,1
Melody’s Apple Watch,count,2019-10-24 13:42:19 -0700,2019-10-24 13:42:21 -0700,1
Melody’s Apple Watch,count,2019-10-24 15:39:50 -0700,2019-10-24 15:39:52 -0700,1
Melody’s iPhone,count,2019-10-25 13:47:52 -0700,2019-10-25 13:47:55 -0700,1
Melody’s iPhone,count,2019-10-25 20:24:12 -0700,2019-10-25 20:24:15 -0700,1
Melody’s Apple Watch,count,2019-10-25 13:47:55 -0700,2019-10-25 13:47:57 -0700,1
Melody’s Apple Watch,count,2019-10-25 20:24:14 -0700,2019-10-25 20:24:16 -0700,1
Melody’s Apple Watch,count,2019-10-26 12:59:04 -0700,2019-10-26 12:59:06 -0700,1
Melody’s Apple Watch,count,2019-10-26 19:30:58 -0700,2019-10-26 19:31:24 -0700,1
Melody’s iPhone,count,2019-10-26 12:57:36 -0700,2019-10-26 12:59:06 -0700,2
Melody’s Apple Watch,count,2019-10-27 13:08:44 -0700,2019-10-27 13:18:43 -0700,14
Melody’s Apple Watch,count,2019-10-27 13:18:58 -0700,2019-10-27 13:21:11 -0700,5
Melody’s Apple Watch,count,2019-10-27 13:51:47 -0700,2019-10-27 13:51:50 -0700,1
Melody’s Apple Watch,count,2019-10-27 14:50:41 -0700,2019-10-27 14:50:44 -0700,1
Melody’s iPhone,count,2019-10-26 19:31:01 -0700,2019-10-26 19:54:26 -0700,1
Melody’s iPhone,count,2019-10-27 13:08:36 -0700,2019-10-27 13:18:26 -0700,13
Melody’s iPhone,count,2019-10-27 13:18:44 -0700,2019-10-27 13:21:07 -0700,5
Melody’s iPhone,count,2019-10-27 13:51:43 -0700,2019-10-27 13:51:46 -0700,1
Melody’s iPhone,count,2019-10-27 14:50:31 -0700,2019-10-27 14:50:57 -0700,1
Melody’s iPhone,count,2019-10-28 17:36:40 -0700,2019-10-28 17:36:43 -0700,1
Melody’s Apple Watch,count,2019-10-28 17:36:44 -0700,2019-10-28 17:36:46 -0700,1
Melody’s iPhone,count,2019-10-28 21:33:46 -0700,2019-10-28 21:33:48 -0700,1
Melody’s Apple Watch,count,2019-10-28 21:33:46 -0700,2019-10-28 21:33:48 -0700,1
Melody’s Apple Watch,count,2019-10-29 11:16:24 -0700,2019-10-29 11:16:27 -0700,1
Melody’s iPhone,count,2019-10-29 20:05:14 -0700,2019-10-29 20:12:59 -0700,2
Melody’s Apple Watch,count,2019-10-29 19:00:06 -0700,2019-10-29 19:00:09 -0700,1
Melody’s Apple Watch,count,2019-10-29 20:05:22 -0700,2019-10-29 20:11:41 -0700,2
Melody’s iPhone,count,2019-10-29 23:22:00 -0700,2019-10-29 23:27:55 -0700,4
Melody’s iPhone,count,2019-10-30 00:49:28 -0700,2019-10-30 00:49:31 -0700,1
Melody’s iPhone,count,2019-10-30 11:58:18 -0700,2019-10-30 11:58:21 -0700,1
Melody’s iPhone,count,2019-10-30 17:37:05 -0700,2019-10-30 17:37:08 -0700,1
Melody’s iPhone,count,2019-10-30 20:01:56 -0700,2019-10-30 20:01:58 -0700,1
Melody’s iPhone,count,2019-10-31 09:33:03 -0700,2019-10-31 09:58:46 -0700,1
Melody’s Apple Watch,count,2019-10-29 23:27:53 -0700,2019-10-29 23:28:39 -0700,2
Melody’s Apple Watch,count,2019-10-30 00:49:33 -0700,2019-10-30 00:49:35 -0700,1
Melody’s Apple Watch,count,2019-10-31 09:33:06 -0700,2019-10-31 09:40:09 -0700,2
Melody’s iPhone,count,2019-10-31 14:27:10 -0700,2019-10-31 14:27:12 -0700,1
Melody’s iPhone,count,2019-10-31 18:04:50 -0700,2019-10-31 18:04:53 -0700,1
Melody’s iPhone,count,2019-10-31 20:26:56 -0700,2019-10-31 20:26:59 -0700,1
Melody’s Apple Watch,count,2019-10-31 14:27:12 -0700,2019-10-31 14:27:15 -0700,1
Melody’s Apple Watch,count,2019-10-31 18:04:52 -0700,2019-10-31 18:04:55 -0700,1
Melody’s Apple Watch,count,2019-10-31 20:26:53 -0700,2019-10-31 20:27:16 -0700,1
Melody’s iPhone,count,2019-11-01 14:19:59 -0700,2019-11-01 14:20:01 -0700,1
Melody’s iPhone,count,2019-11-01 17:20:44 -0700,2019-11-01 17:20:47 -0700,1
Melody’s Apple Watch,count,2019-11-01 17:20:46 -0700,2019-11-01 17:20:48 -0700,1
Melody’s Apple Watch,count,2019-11-01 19:10:48 -0700,2019-11-01 19:10:50 -0700,1
Melody’s iPhone,count,2019-11-02 19:21:41 -0700,2019-11-02 19:21:44 -0700,1
Melody’s iPhone,count,2019-11-03 19:09:00 -0700,2019-11-03 19:14:55 -0700,2
Melody’s iPhone,count,2019-11-03 20:22:23 -0700,2019-11-03 20:22:33 -0700,2
Melody’s iPhone,count,2019-11-03 21:38:10 -0700,2019-11-03 21:38:13 -0700,1
Melody’s Apple Watch,count,2019-11-02 19:21:47 -0700,2019-11-02 19:21:50 -0700,1
Melody’s iPhone,count,2019-11-04 18:38:28 -0700,2019-11-04 18:38:31 -0700,1
Melody’s iPhone,count,2019-11-04 20:33:50 -0700,2019-11-04 20:34:28 -0700,1
Melody’s iPhone,count,2019-11-05 12:24:14 -0700,2019-11-05 12:24:16 -0700,1
Melody’s Apple Watch,count,2019-11-05 12:47:42 -0700,2019-11-05 12:47:45 -0700,1
Melody’s iPhone,count,2019-11-05 12:47:34 -0700,2019-11-05 12:48:27 -0700,1
Melody’s Apple Watch,count,2019-11-05 20:33:18 -0700,2019-11-05 20:33:20 -0700,1
Melody’s Apple Watch,count,2019-11-06 12:22:19 -0700,2019-11-06 12:22:21 -0700,1
Melody’s iPhone,count,2019-11-05 20:33:16 -0700,2019-11-05 20:33:19 -0700,1
Melody’s Apple Watch,count,2019-11-06 18:29:12 -0700,2019-11-06 18:29:15 -0700,1
Melody’s Apple Watch,count,2019-11-06 20:17:57 -0700,2019-11-06 20:17:59 -0700,1
Melody’s Apple Watch,count,2019-11-07 16:58:38 -0700,2019-11-07 16:58:40 -0700,1
Melody’s iPhone,count,2019-11-06 12:22:20 -0700,2019-11-06 12:22:22 -0700,1
Melody’s iPhone,count,2019-11-06 18:29:09 -0700,2019-11-06 18:29:12 -0700,1
Melody’s iPhone,count,2019-11-06 20:17:51 -0700,2019-11-06 20:17:53 -0700,1
Melody’s iPhone,count,2019-11-07 20:07:47 -0700,2019-11-07 20:08:07 -0700,1
Melody’s iPhone,count,2019-11-08 10:50:56 -0700,2019-11-08 10:51:04 -0700,1
Melody’s iPhone,count,2019-11-08 17:03:06 -0700,2019-11-08 17:03:08 -0700,1
Melody’s iPhone,count,2019-11-08 17:50:41 -0700,2019-11-08 17:50:44 -0700,1
Melody’s iPhone,count,2019-11-08 19:18:59 -0700,2019-11-08 19:19:02 -0700,1
Melody’s iPhone,count,2019-11-08 20:50:07 -0700,2019-11-08 20:50:09 -0700,1
Melody’s Apple Watch,count,2019-11-08 12:29:42 -0700,2019-11-08 12:29:44 -0700,1
Melody’s Apple Watch,count,2019-11-08 17:50:45 -0700,2019-11-08 17:50:47 -0700,1
Melody’s Apple Watch,count,2019-11-08 19:19:02 -0700,2019-11-08 19:19:04 -0700,1
Melody’s Apple Watch,count,2019-11-09 12:30:29 -0700,2019-11-09 12:30:31 -0700,1
Melody’s Apple Watch,count,2019-11-09 14:58:25 -0700,2019-11-09 14:58:27 -0700,1
Melody’s Apple Watch,count,2019-11-09 15:27:05 -0700,2019-11-09 15:27:08 -0700,1
Melody’s Apple Watch,count,2019-11-09 17:38:09 -0700,2019-11-09 17:38:11 -0700,1
Melody’s iPhone,count,2019-11-09 12:30:22 -0700,2019-11-09 12:30:25 -0700,1
Melody’s iPhone,count,2019-11-09 15:27:02 -0700,2019-11-09 15:27:05 -0700,1
Melody’s iPhone,count,2019-11-09 17:38:05 -0700,2019-11-09 17:38:08 -0700,1
Melody’s Apple Watch,count,2019-11-11 14:23:17 -0700,2019-11-11 14:23:20 -0700,1
Melody’s iPhone,count,2019-11-10 02:57:40 -0700,2019-11-10 02:57:43 -0700,1
Melody’s iPhone,count,2019-11-10 14:45:01 -0700,2019-11-10 14:45:04 -0700,1
Melody’s iPhone,count,2019-11-10 15:18:04 -0700,2019-11-10 15:25:33 -0700,2
Melody’s iPhone,count,2019-11-11 19:05:35 -0700,2019-11-11 19:05:38 -0700,1
Melody’s iPhone,count,2019-11-12 16:24:59 -0700,2019-11-12 16:27:48 -0700,2
Melody’s iPhone,count,2019-11-12 17:30:48 -0700,2019-11-12 17:40:05 -0700,2
Melody’s iPhone,count,2019-11-12 20:16:19 -0700,2019-11-12 20:16:21 -0700,1
Melody’s iPhone,count,2019-11-12 20:37:41 -0700,2019-11-12 20:37:44 -0700,1
Melody’s iPhone,count,2019-11-13 12:06:30 -0700,2019-11-13 12:06:32 -0700,1
Melody’s iPhone,count,2019-11-13 14:48:18 -0700,2019-11-13 14:48:20 -0700,1
Melody’s iPhone,count,2019-11-13 17:43:00 -0700,2019-11-13 18:04:20 -0700,1
Melody’s iPhone,count,2019-11-13 18:20:03 -0700,2019-11-13 18:20:05 -0700,1
Melody’s iPhone,count,2019-11-13 20:25:43 -0700,2019-11-13 20:25:46 -0700,1
Melody’s iPhone,count,2019-11-14 07:48:07 -0700,2019-11-14 07:48:10 -0700,1
Melody’s Apple Watch,count,2019-11-12 16:25:00 -0700,2019-11-12 16:27:49 -0700,2
Melody’s Apple Watch,count,2019-11-12 17:30:44 -0700,2019-11-12 17:40:09 -0700,2
Melody’s Apple Watch,count,2019-11-12 20:37:42 -0700,2019-11-12 20:37:45 -0700,1
Melody’s Apple Watch,count,2019-11-14 07:48:10 -0700,2019-11-14 07:48:13 -0700,1
Melody’s Apple Watch,count,2019-11-14 17:29:38 -0700,2019-11-14 17:31:46 -0700,2
Melody’s Apple Watch,count,2019-11-14 18:10:50 -0700,2019-11-14 18:10:53 -0700,1
Melody’s iPhone,count,2019-11-15 21:04:18 -0700,2019-11-15 21:04:21 -0700,1
Melody’s iPhone,count,2019-11-16 16:14:06 -0700,2019-11-16 16:14:09 -0700,1
Melody’s iPhone,count,2019-11-17 22:23:14 -0700,2019-11-17 22:23:29 -0700,1
Melody’s iPhone,count,2019-11-18 13:40:31 -0700,2019-11-18 13:40:33 -0700,1
Melody’s iPhone,count,2019-11-18 21:51:20 -0700,2019-11-18 21:52:32 -0700,1
Melody’s iPhone,count,2019-11-19 15:26:39 -0700,2019-11-19 15:26:42 -0700,1
Melody’s iPhone,count,2019-11-20 18:32:21 -0700,2019-11-20 18:32:24 -0700,1
Melody’s iPhone,count,2019-11-20 20:28:51 -0700,2019-11-20 20:28:54 -0700,1
Melody’s iPhone,count,2019-11-21 11:21:16 -0700,2019-11-21 11:21:19 -0700,1
Melody’s Apple Watch,count,2019-11-15 18:46:40 -0700,2019-11-15 18:46:43 -0700,1
Melody’s Apple Watch,count,2019-11-20 18:32:18 -0700,2019-11-20 18:32:20 -0700,1
Melody’s Apple Watch,count,2019-11-20 20:28:55 -0700,2019-11-20 20:29:13 -0700,1
Melody’s Apple Watch,count,2019-11-21 11:21:21 -0700,2019-11-21 11:21:23 -0700,1
Melody’s Apple Watch,count,2019-11-21 13:21:39 -0700,2019-11-21 13:21:41 -0700,1
Melody’s iPhone,count,2019-11-21 20:48:59 -0700,2019-11-21 20:49:01 -0700,1
Melody’s iPhone,count,2019-11-22 14:29:34 -0700,2019-11-22 14:54:26 -0700,1
Melody’s iPhone,count,2019-11-22 19:16:10 -0700,2019-11-22 19:16:12 -0700,1
Melody’s iPhone,count,2019-11-22 22:33:35 -0700,2019-11-22 22:33:53 -0700,1
Melody’s iPhone,count,2019-11-22 23:50:43 -0700,2019-11-22 23:50:48 -0700,1
Melody’s Apple Watch,count,2019-11-21 20:49:02 -0700,2019-11-21 20:49:04 -0700,1
Melody’s Apple Watch,count,2019-11-22 14:29:35 -0700,2019-11-22 14:29:38 -0700,1
Melody’s iPhone,count,2019-11-23 14:02:16 -0700,2019-11-23 14:02:19 -0700,1
Melody’s iPhone,count,2019-11-23 19:00:46 -0700,2019-11-23 19:00:48 -0700,1
Melody’s iPhone,count,2019-11-23 20:03:28 -0700,2019-11-23 20:03:31 -0700,1
Melody’s iPhone,count,2019-11-24 12:33:09 -0700,2019-11-24 12:33:12 -0700,1
Melody’s iPhone,count,2019-11-24 15:46:07 -0700,2019-11-24 15:46:14 -0700,1
Melody’s iPhone,count,2019-11-24 19:13:25 -0700,2019-11-24 19:13:27 -0700,1
Melody’s iPhone,count,2019-11-25 19:10:20 -0700,2019-11-25 19:17:41 -0700,2
Melody’s iPhone,count,2019-11-25 19:29:14 -0700,2019-11-25 19:29:16 -0700,1
Melody’s iPhone,count,2019-11-25 20:25:43 -0700,2019-11-25 20:25:56 -0700,1
Melody’s Apple Watch,count,2019-11-22 23:50:42 -0700,2019-11-22 23:50:45 -0700,1
Melody’s Apple Watch,count,2019-11-23 14:02:22 -0700,2019-11-23 14:02:24 -0700,1
Melody’s Apple Watch,count,2019-11-23 19:00:51 -0700,2019-11-23 19:00:54 -0700,1
Melody’s Apple Watch,count,2019-11-23 20:03:31 -0700,2019-11-23 20:03:33 -0700,1
Melody’s iPhone,count,2019-11-26 22:06:46 -0700,2019-11-26 22:07:42 -0700,1
Melody’s Apple Watch,count,2019-11-25 19:10:10 -0700,2019-11-25 19:17:43 -0700,2
Melody’s Apple Watch,count,2019-11-25 19:29:16 -0700,2019-11-25 19:29:19 -0700,1
Melody’s Apple Watch,count,2019-11-25 20:25:47 -0700,2019-11-25 20:25:50 -0700,1
Melody’s Apple Watch,count,2019-11-26 18:33:09 -0700,2019-11-26 18:33:12 -0700,1
Melody’s Apple Watch,count,2019-11-26 22:06:49 -0700,2019-11-26 22:06:51 -0700,1
Melody’s Apple Watch,count,2019-11-26 22:37:37 -0700,2019-11-26 22:37:39 -0700,1
Melody’s iPhone,count,2019-11-29 16:38:45 -0700,2019-11-29 16:38:47 -0700,1
Melody’s iPhone,count,2019-12-01 15:09:14 -0700,2019-12-01 15:09:27 -0700,1
Melody’s iPhone,count,2019-12-01 17:10:05 -0700,2019-12-01 17:10:15 -0700,1
Melody’s iPhone,count,2019-12-02 10:48:27 -0700,2019-12-02 10:48:30 -0700,1
Melody’s iPhone,count,2019-12-02 13:12:24 -0700,2019-12-02 13:12:26 -0700,1
Melody’s iPhone,count,2019-12-02 18:19:39 -0700,2019-12-02 18:19:41 -0700,1
Melody’s iPhone,count,2019-12-02 20:39:14 -0700,2019-12-02 20:40:38 -0700,1
Melody’s Apple Watch,count,2019-12-01 15:09:18 -0700,2019-12-01 15:09:20 -0700,1
Melody’s Apple Watch,count,2019-12-01 17:10:14 -0700,2019-12-01 17:10:17 -0700,1
Melody’s Apple Watch,count,2019-12-02 08:59:45 -0700,2019-12-02 09:06:55 -0700,6
Melody’s iPhone,count,2019-12-02 23:06:04 -0700,2019-12-02 23:06:06 -0700,1
Melody’s Apple Watch,count,2019-12-02 18:19:50 -0700,2019-12-02 18:19:52 -0700,1
Melody’s Apple Watch,count,2019-12-02 20:39:18 -0700,2019-12-02 20:39:21 -0700,1
Melody’s Apple Watch,count,2019-12-03 19:15:09 -0700,2019-12-03 19:15:12 -0700,1
Melody’s Apple Watch,count,2019-12-04 11:41:17 -0700,2019-12-04 11:41:19 -0700,1
Melody’s Apple Watch,count,2019-12-04 15:10:51 -0700,2019-12-04 15:10:54 -0700,1
Melody’s iPhone,count,2019-12-03 19:15:04 -0700,2019-12-03 19:15:06 -0700,1
Melody’s iPhone,count,2019-12-04 10:14:38 -0700,2019-12-04 10:14:41 -0700,1
Melody’s iPhone,count,2019-12-04 11:41:12 -0700,2019-12-04 11:41:14 -0700,1
Melody’s iPhone,count,2019-12-04 15:10:50 -0700,2019-12-04 15:10:52 -0700,1
Melody’s iPhone,count,2019-12-04 18:25:39 -0700,2019-12-04 18:25:42 -0700,1
Melody’s iPhone,count,2019-12-05 19:43:17 -0700,2019-12-05 19:44:14 -0700,1
Melody’s iPhone,count,2019-12-06 19:50:23 -0700,2019-12-06 19:50:25 -0700,1
Melody’s Apple Watch,count,2019-12-04 18:25:48 -0700,2019-12-04 18:25:51 -0700,1
Melody’s Apple Watch,count,2019-12-06 19:50:27 -0700,2019-12-06 19:50:30 -0700,1
Melody’s iPhone,count,2019-12-07 18:21:51 -0700,2019-12-07 18:21:54 -0700,1
Melody’s iPhone,count,2019-12-08 00:39:28 -0700,2019-12-08 00:39:31 -0700,1
Melody’s iPhone,count,2019-12-09 17:22:22 -0700,2019-12-09 17:22:25 -0700,1
Melody’s iPhone,count,2019-12-09 17:58:59 -0700,2019-12-09 17:59:09 -0700,1
Melody’s iPhone,count,2019-12-09 19:11:24 -0700,2019-12-09 19:11:32 -0700,1
Melody’s iPhone,count,2019-12-09 22:29:36 -0700,2019-12-09 22:29:39 -0700,1
Melody’s Apple Watch,count,2019-12-09 17:22:26 -0700,2019-12-09 17:22:28 -0700,1
Melody’s Apple Watch,count,2019-12-09 17:59:01 -0700,2019-12-09 17:59:04 -0700,1
Melody’s Apple Watch,count,2019-12-09 19:11:26 -0700,2019-12-09 19:11:29 -0700,1
Melody’s Apple Watch,count,2019-12-09 22:29:37 -0700,2019-12-09 22:29:39 -0700,1
Melody’s iPhone,count,2019-12-10 12:00:54 -0700,2019-12-10 12:00:57 -0700,1
Melody’s Apple Watch,count,2019-03-04 13:20:42 -0700,2019-03-04 13:20:44 -0700,1
MelodyGood,count,2019-02-04 13:51:06 -0700,2019-02-04 13:51:09 -0700,1
MelodyGood,count,2019-02-05 16:54:23 -0700,2019-02-05 16:54:28 -0700,1
MelodyGood,count,2019-02-06 13:27:17 -0700,2019-02-06 13:27:20 -0700,1
MelodyGood,count,2019-02-06 13:53:00 -0700,2019-02-06 13:53:03 -0700,1
MelodyGood,count,2019-02-06 17:46:36 -0700,2019-02-06 17:46:38 -0700,1
Melody’s iPhone,count,2019-03-05 12:22:00 -0700,2019-03-05 12:22:26 -0700,1
Melody’s iPhone,count,2019-03-05 13:00:35 -0700,2019-03-05 13:00:48 -0700,2
Melody’s iPhone,count,2019-03-05 17:04:21 -0700,2019-03-05 17:05:32 -0700,2
Melody’s Apple Watch,count,2019-03-05 12:22:02 -0700,2019-03-05 12:22:05 -0700,1
Melody’s Apple Watch,count,2019-03-05 13:00:39 -0700,2019-03-05 13:00:42 -0700,1
Melody’s Apple Watch,count,2019-03-05 15:58:07 -0700,2019-03-05 15:58:10 -0700,1
Melody’s Apple Watch,count,2019-03-05 17:05:34 -0700,2019-03-05 17:05:36 -0700,1
Melody’s iPhone,count,2019-03-06 13:53:41 -0700,2019-03-06 13:53:43 -0700,1
Melody’s iPhone,count,2019-03-06 17:55:08 -0700,2019-03-06 17:55:11 -0700,1
Melody’s Apple Watch,count,2019-03-06 13:53:44 -0700,2019-03-06 13:53:47 -0700,1
Melody’s Apple Watch,count,2019-03-06 17:55:12 -0700,2019-03-06 17:55:14 -0700,1
Melody’s iPhone,count,2019-03-08 11:36:27 -0700,2019-03-08 11:36:29 -0700,1
Melody’s iPhone,count,2019-03-08 18:42:20 -0700,2019-03-08 18:42:23 -0700,1
Melody’s Apple Watch,count,2019-03-08 11:36:23 -0700,2019-03-08 11:36:25 -0700,1
Melody’s Apple Watch,count,2019-03-08 18:42:23 -0700,2019-03-08 18:42:25 -0700,1
Melody’s iPhone,count,2019-03-09 10:06:29 -0700,2019-03-09 10:06:31 -0700,1
Melody’s Apple Watch,count,2019-03-09 10:06:33 -0700,2019-03-09 10:06:35 -0700,1
Melody’s Apple Watch,count,2019-03-11 12:45:49 -0700,2019-03-11 12:45:52 -0700,1
Melody’s iPhone,count,2019-03-11 12:45:45 -0700,2019-03-11 12:45:48 -0700,1
Melody’s iPhone,count,2019-03-12 13:38:44 -0700,2019-03-12 13:38:47 -0700,1
Melody’s Apple Watch,count,2019-03-12 13:38:47 -0700,2019-03-12 13:38:50 -0700,1
Melody’s Apple Watch,count,2019-03-12 17:51:03 -0700,2019-03-12 17:51:05 -0700,1
Melody’s iPhone,count,2019-03-12 19:41:43 -0700,2019-03-12 19:41:45 -0700,1
Melody’s iPhone,count,2019-03-13 12:56:23 -0700,2019-03-13 12:56:25 -0700,1
Melody’s Apple Watch,count,2019-03-12 19:41:47 -0700,2019-03-12 19:41:49 -0700,1
Melody’s Apple Watch,count,2019-03-13 12:56:32 -0700,2019-03-13 12:56:34 -0700,1
Melody’s iPhone,count,2019-03-13 16:09:42 -0700,2019-03-13 16:09:45 -0700,1
Melody’s iPhone,count,2019-03-14 13:44:09 -0700,2019-03-14 13:44:11 -0700,1
Melody’s Apple Watch,count,2019-03-13 16:09:52 -0700,2019-03-13 16:09:54 -0700,1
Melody’s iPhone,count,2019-03-14 17:45:31 -0700,2019-03-14 17:45:33 -0700,1
Melody’s iPhone,count,2019-03-14 20:33:12 -0700,2019-03-14 20:33:15 -0700,2
Melody’s Apple Watch,count,2019-03-14 13:44:18 -0700,2019-03-14 13:44:20 -0700,1
Melody’s Apple Watch,count,2019-03-14 17:45:40 -0700,2019-03-14 17:45:42 -0700,1
Melody’s iPhone,count,2019-03-15 13:09:51 -0700,2019-03-15 13:09:53 -0700,1
Melody’s Apple Watch,count,2019-03-15 13:10:01 -0700,2019-03-15 13:10:03 -0700,1
Melody’s iPhone,count,2019-03-17 14:24:23 -0700,2019-03-17 14:24:26 -0700,1
Melody’s iPhone,count,2019-03-18 13:05:24 -0700,2019-03-18 13:05:27 -0700,1
Melody’s iPhone,count,2019-03-18 15:54:53 -0700,2019-03-18 16:03:04 -0700,3
Melody’s Apple Watch,count,2019-03-18 13:05:18 -0700,2019-03-18 13:05:21 -0700,1
Melody’s Apple Watch,count,2019-03-18 15:54:56 -0700,2019-03-18 15:55:17 -0700,2
Melody’s iPhone,count,2019-03-19 16:01:13 -0700,2019-03-19 16:01:15 -0700,1
Melody’s iPhone,count,2019-03-19 16:39:21 -0700,2019-03-19 16:39:57 -0700,1
Melody’s Apple Watch,count,2019-03-19 16:01:15 -0700,2019-03-19 16:01:18 -0700,1
Melody’s Apple Watch,count,2019-03-19 16:39:29 -0700,2019-03-19 16:39:31 -0700,1
Melody’s iPhone,count,2019-03-20 12:53:52 -0700,2019-03-20 12:53:55 -0700,1
Melody’s iPhone,count,2019-03-20 15:38:10 -0700,2019-03-20 15:38:12 -0700,1
Melody’s iPhone,count,2019-03-20 17:11:13 -0700,2019-03-20 17:11:16 -0700,1
Melody’s Apple Watch,count,2019-03-20 12:53:57 -0700,2019-03-20 12:53:59 -0700,1
Melody’s Apple Watch,count,2019-03-20 15:38:14 -0700,2019-03-20 15:38:17 -0700,1
Melody’s Apple Watch,count,2019-03-20 17:11:18 -0700,2019-03-20 17:11:21 -0700,1
Melody’s iPhone,count,2019-03-21 17:42:35 -0700,2019-03-21 17:42:37 -0700,1
Melody’s iPhone,count,2019-03-22 22:18:16 -0700,2019-03-22 22:19:38 -0700,1
Melody’s Apple Watch,count,2019-03-22 22:18:26 -0700,2019-03-22 22:18:29 -0700,1
Melody’s iPhone,count,2019-03-23 12:42:34 -0700,2019-03-23 12:42:37 -0700,2
Melody’s iPhone,count,2019-03-25 10:19:13 -0700,2019-03-25 10:19:36 -0700,2
Melody’s iPhone,count,2019-03-25 10:56:05 -0700,2019-03-25 10:56:21 -0700,2
Melody’s iPhone,count,2019-03-25 12:35:43 -0700,2019-03-25 12:36:21 -0700,2
Melody’s Apple Watch,count,2019-03-25 10:19:16 -0700,2019-03-25 10:19:34 -0700,2
Melody’s Apple Watch,count,2019-03-25 10:56:08 -0700,2019-03-25 10:56:23 -0700,2
Melody’s Apple Watch,count,2019-03-25 12:35:43 -0700,2019-03-25 12:36:01 -0700,2
Melody’s Apple Watch,count,2019-03-26 11:51:52 -0700,2019-03-26 11:52:03 -0700,2
Melody’s Apple Watch,count,2019-03-26 12:20:31 -0700,2019-03-26 12:20:33 -0700,1
Melody’s Apple Watch,count,2019-03-28 11:49:28 -0700,2019-03-28 11:58:11 -0700,8
Melody’s Apple Watch,count,2019-03-28 12:00:16 -0700,2019-03-28 12:09:52 -0700,11
Melody’s Apple Watch,count,2019-03-28 12:11:22 -0700,2019-03-28 12:12:28 -0700,5
Melody’s Apple Watch,count,2019-03-28 12:39:59 -0700,2019-03-28 12:40:48 -0700,3
Melody’s iPhone,count,2019-03-28 11:49:28 -0700,2019-03-28 11:58:20 -0700,8
Melody’s iPhone,count,2019-03-28 12:00:12 -0700,2019-03-28 12:09:42 -0700,13
Melody’s iPhone,count,2019-03-28 12:11:21 -0700,2019-03-28 12:12:28 -0700,5
Melody’s iPhone,count,2019-03-28 12:40:03 -0700,2019-03-28 12:40:26 -0700,2
Melody’s iPhone,count,2019-03-29 07:18:05 -0700,2019-03-29 07:28:00 -0700,19
Melody’s iPhone,count,2019-03-29 07:28:46 -0700,2019-03-29 07:34:08 -0700,18
Melody’s iPhone,count,2019-03-29 07:39:01 -0700,2019-03-29 07:41:53 -0700,6
Melody’s Apple Watch,count,2019-03-28 12:46:40 -0700,2019-03-28 12:55:37 -0700,2
Melody’s Apple Watch,count,2019-03-28 13:19:51 -0700,2019-03-28 13:25:54 -0700,2
Melody’s Apple Watch,count,2019-03-29 07:02:24 -0700,2019-03-29 07:04:04 -0700,1
Melody’s Apple Watch,count,2019-03-29 07:18:06 -0700,2019-03-29 07:28:05 -0700,21
Melody’s Apple Watch,count,2019-03-29 07:28:51 -0700,2019-03-29 07:38:49 -0700,22
Melody’s Apple Watch,count,2019-03-29 07:39:04 -0700,2019-03-29 07:46:40 -0700,12
Melody’s Apple Watch,count,2019-03-29 07:56:30 -0700,2019-03-29 07:59:48 -0700,8
Melody’s Apple Watch,count,2019-03-29 08:06:50 -0700,2019-03-29 08:14:33 -0700,11
Melody’s Apple Watch,count,2019-03-29 08:50:46 -0700,2019-03-29 08:50:48 -0700,1
Melody’s iPhone,count,2019-03-29 07:56:36 -0700,2019-03-29 07:59:48 -0700,6
Melody’s iPhone,count,2019-03-29 08:06:47 -0700,2019-03-29 08:11:56 -0700,7
Melody’s Apple Watch,count,2019-04-01 12:56:18 -0700,2019-04-01 12:56:20 -0700,1
Melody’s iPhone,count,2019-04-01 12:56:17 -0700,2019-04-01 12:56:32 -0700,1
Melody’s Apple Watch,count,2019-04-02 11:29:50 -0700,2019-04-02 11:29:52 -0700,1
Melody’s iPhone,count,2019-04-02 11:29:46 -0700,2019-04-02 11:29:49 -0700,1
Melody’s Apple Watch,count,2019-04-03 13:03:23 -0700,2019-04-03 13:03:25 -0700,1
Melody’s Apple Watch,count,2019-04-03 16:01:24 -0700,2019-04-03 16:01:40 -0700,2
Melody’s Apple Watch,count,2019-04-03 17:27:34 -0700,2019-04-03 17:27:55 -0700,2
Melody’s iPhone,count,2019-04-03 13:03:13 -0700,2019-04-03 13:03:16 -0700,1
Melody’s iPhone,count,2019-04-03 16:01:19 -0700,2019-04-03 16:02:41 -0700,2
Melody’s iPhone,count,2019-04-03 17:27:30 -0700,2019-04-03 17:30:24 -0700,2
Melody’s Apple Watch,count,2019-04-04 13:41:04 -0700,2019-04-04 13:41:20 -0700,2
Melody’s Apple Watch,count,2019-04-04 16:12:37 -0700,2019-04-04 16:12:40 -0700,1
Melody’s iPhone,count,2019-04-04 13:41:02 -0700,2019-04-04 13:41:17 -0700,2
Melody’s iPhone,count,2019-04-04 16:12:34 -0700,2019-04-04 16:12:37 -0700,1
Melody’s Apple Watch,count,2019-04-07 13:57:22 -0700,2019-04-07 14:06:45 -0700,9
Melody’s Apple Watch,count,2019-04-07 14:09:21 -0700,2019-04-07 14:17:25 -0700,8
Melody’s Apple Watch,count,2019-04-07 14:33:42 -0700,2019-04-07 14:33:45 -0700,1
Melody’s Apple Watch,count,2019-04-08 12:56:46 -0700,2019-04-08 12:56:48 -0700,1
Melody’s iPhone,count,2019-04-08 12:56:39 -0700,2019-04-08 12:56:41 -0700,1
Melody’s iPhone,count,2019-04-10 13:05:25 -0700,2019-04-10 13:05:28 -0700,1
Melody’s Apple Watch,count,2019-04-11 13:36:23 -0700,2019-04-11 13:36:25 -0700,1
Melody’s iPhone,count,2019-04-11 13:36:20 -0700,2019-04-11 13:36:23 -0700,1
Melody’s iPhone,count,2019-04-15 12:57:44 -0700,2019-04-15 12:57:46 -0700,1
Melody’s Apple Watch,count,2019-04-15 12:57:46 -0700,2019-04-15 12:57:48 -0700,1
Melody’s iPhone,count,2019-04-16 13:47:17 -0700,2019-04-16 13:47:19 -0700,1
Melody’s Apple Watch,count,2019-04-16 10:17:22 -0700,2019-04-16 10:18:14 -0700,6
Melody’s Apple Watch,count,2019-04-16 13:47:17 -0700,2019-04-16 13:47:20 -0700,1
Melody’s Apple Watch,count,2019-04-16 15:05:38 -0700,2019-04-16 15:05:40 -0700,1
Melody’s iPhone,count,2019-04-16 19:11:21 -0700,2019-04-16 19:11:23 -0700,1
Melody’s Apple Watch,count,2019-04-16 19:11:23 -0700,2019-04-16 19:11:25 -0700,1
Melody’s Apple Watch,count,2019-04-17 12:18:24 -0700,2019-04-17 12:18:27 -0700,1
Melody’s iPhone,count,2019-04-17 12:18:22 -0700,2019-04-17 12:18:25 -0700,1
Melody’s Apple Watch,count,2019-04-17 16:30:34 -0700,2019-04-17 16:30:47 -0700,2
Melody’s Apple Watch,count,2019-04-17 17:55:34 -0700,2019-04-17 17:55:37 -0700,1
Melody’s iPhone,count,2019-04-18 14:52:29 -0700,2019-04-18 14:52:31 -0700,1
Melody’s Apple Watch,count,2019-04-18 14:52:33 -0700,2019-04-18 14:52:35 -0700,1
Melody’s iPhone,count,2019-04-20 10:16:47 -0700,2019-04-20 10:16:49 -0700,1
Melody’s Apple Watch,count,2019-04-20 10:16:56 -0700,2019-04-20 10:16:58 -0700,1
Melody’s iPhone,count,2019-04-20 20:36:20 -0700,2019-04-20 20:36:22 -0700,1
Melody’s iPhone,count,2019-04-20 21:33:48 -0700,2019-04-20 21:33:51 -0700,1
Melody’s iPhone,count,2019-04-21 12:56:10 -0700,2019-04-21 12:56:13 -0700,1
Melody’s Apple Watch,count,2019-04-21 11:08:36 -0700,2019-04-21 11:09:14 -0700,3
Melody’s Apple Watch,count,2019-04-21 12:56:27 -0700,2019-04-21 12:56:42 -0700,2
Melody’s iPhone,count,2019-04-22 13:04:16 -0700,2019-04-22 13:04:19 -0700,1
Melody’s Apple Watch,count,2019-04-22 13:04:13 -0700,2019-04-22 13:04:16 -0700,1
Melody’s Apple Watch,count,2019-04-22 15:34:02 -0700,2019-04-22 15:34:04 -0700,1
Melody’s iPhone,count,2019-04-22 15:33:59 -0700,2019-04-22 15:34:01 -0700,1
Melody’s iPhone,count,2019-04-23 13:44:45 -0700,2019-04-23 13:45:18 -0700,2
Melody’s Apple Watch,count,2019-04-23 13:37:41 -0700,2019-04-23 13:44:50 -0700,2
Melody’s Apple Watch,count,2019-04-24 10:54:43 -0700,2019-04-24 10:54:46 -0700,1
Melody’s iPhone,count,2019-04-25 17:15:07 -0700,2019-04-25 17:15:09 -0700,1
Melody’s Apple Watch,count,2019-04-25 17:15:09 -0700,2019-04-25 17:15:11 -0700,1
Melody’s Apple Watch,count,2019-04-26 12:36:32 -0700,2019-04-26 12:36:35 -0700,1
Melody’s iPhone,count,2019-04-26 14:43:45 -0700,2019-04-26 14:43:47 -0700,1
Melody’s iPhone,count,2019-04-26 15:37:37 -0700,2019-04-26 15:37:39 -0700,1
Melody’s Apple Watch,count,2019-04-26 14:43:41 -0700,2019-04-26 14:43:43 -0700,1
Melody’s Apple Watch,count,2019-04-26 15:37:39 -0700,2019-04-26 15:37:42 -0700,1
Melody’s iPhone,count,2019-04-28 11:31:39 -0700,2019-04-28 11:43:40 -0700,1
Melody’s iPhone,count,2019-04-30 13:43:57 -0700,2019-04-30 13:44:00 -0700,1
Melody’s Apple Watch,count,2019-04-30 13:44:07 -0700,2019-04-30 13:44:10 -0700,1
Melody’s iPhone,count,2019-05-01 12:53:54 -0700,2019-05-01 12:53:56 -0700,1
Melody’s Apple Watch,count,2019-05-01 12:53:57 -0700,2019-05-01 12:54:00 -0700,1
Melody’s Apple Watch,count,2019-05-06 16:20:14 -0700,2019-05-06 16:20:17 -0700,1
Melody’s iPhone,count,2019-05-07 13:38:49 -0700,2019-05-07 13:38:54 -0700,1
Melody’s iPhone,count,2019-05-08 13:12:51 -0700,2019-05-08 13:12:53 -0700,1
Melody’s iPhone,count,2019-05-08 14:17:06 -0700,2019-05-08 14:17:08 -0700,1
Melody’s Apple Watch,count,2019-05-08 13:13:03 -0700,2019-05-08 13:13:06 -0700,1
Melody’s Apple Watch,count,2019-05-10 21:07:59 -0700,2019-05-10 21:08:17 -0700,3
Melody’s Apple Watch,count,2019-05-11 13:20:53 -0700,2019-05-11 13:20:55 -0700,1
Melody’s iPhone,count,2019-05-13 12:36:55 -0700,2019-05-13 12:36:58 -0700,1
Melody’s Apple Watch,count,2019-05-13 12:37:00 -0700,2019-05-13 12:37:02 -0700,1
Melody’s iPhone,count,2019-05-17 11:57:55 -0700,2019-05-17 11:57:57 -0700,1
Melody’s iPhone,count,2019-05-18 12:28:16 -0700,2019-05-18 12:28:19 -0700,1
Melody’s Apple Watch,count,2019-05-17 11:58:04 -0700,2019-05-17 11:58:07 -0700,1
Melody’s Apple Watch,count,2019-05-18 12:28:21 -0700,2019-05-18 12:28:23 -0700,1
Melody’s Apple Watch,count,2019-05-22 17:38:34 -0700,2019-05-22 17:48:02 -0700,2
Melody’s iPhone,count,2019-05-23 13:25:11 -0700,2019-05-23 13:25:13 -0700,1
Melody’s Apple Watch,count,2019-05-23 13:25:07 -0700,2019-05-23 13:25:10 -0700,1
Melody’s Apple Watch,count,2019-05-23 13:36:01 -0700,2019-05-23 13:36:04 -0700,1
Melody’s iPhone,count,2019-05-28 15:25:51 -0700,2019-05-28 15:25:54 -0700,1
Melody’s Apple Watch,count,2019-05-30 19:24:28 -0700,2019-05-30 19:24:30 -0700,1
Melody’s Apple Watch,count,2019-05-30 21:30:53 -0700,2019-05-30 21:36:53 -0700,3
Melody’s iPhone,count,2019-05-30 19:24:20 -0700,2019-05-30 19:24:23 -0700,1
Melody’s iPhone,count,2019-05-30 21:36:35 -0700,2019-05-30 21:36:50 -0700,2
Melody’s iPhone,count,2019-06-01 17:18:34 -0700,2019-06-01 17:18:37 -0700,1
Melody’s iPhone,count,2019-06-03 10:38:04 -0700,2019-06-03 10:38:07 -0700,1
Melody’s Apple Watch,count,2019-06-03 10:38:08 -0700,2019-06-03 10:38:10 -0700,1
Melody’s Apple Watch,count,2019-06-01 17:18:39 -0700,2019-06-01 17:18:41 -0700,1
Melody’s Apple Watch,count,2019-06-01 17:39:54 -0700,2019-06-01 17:39:56 -0700,1
Melody’s Apple Watch,count,2019-06-01 18:41:03 -0700,2019-06-01 18:41:05 -0700,1
Melody’s Apple Watch,count,2019-06-04 10:39:56 -0700,2019-06-04 10:39:59 -0700,1
Melody’s iPhone,count,2019-06-06 08:52:17 -0700,2019-06-06 08:52:52 -0700,2
Melody’s iPhone,count,2019-06-06 09:08:48 -0700,2019-06-06 09:09:06 -0700,2
Melody’s iPhone,count,2019-06-06 10:45:22 -0700,2019-06-06 10:45:43 -0700,2
Melody’s Apple Watch,count,2019-06-06 08:52:22 -0700,2019-06-06 08:52:40 -0700,2
Melody’s Apple Watch,count,2019-06-06 09:08:50 -0700,2019-06-06 09:09:10 -0700,2
Melody’s iPhone,count,2019-06-07 12:30:38 -0700,2019-06-07 12:30:40 -0700,1
Melody’s iPhone,count,2019-06-11 10:36:22 -0700,2019-06-11 10:45:09 -0700,12
Melody’s iPhone,count,2019-06-11 10:55:35 -0700,2019-06-11 11:04:16 -0700,10
Melody’s iPhone,count,2019-06-11 11:09:35 -0700,2019-06-11 11:10:11 -0700,3
Melody’s Apple Watch,count,2019-06-11 10:36:22 -0700,2019-06-11 10:43:11 -0700,13
Melody’s Apple Watch,count,2019-06-11 10:55:40 -0700,2019-06-11 11:04:36 -0700,10
Melody’s Apple Watch,count,2019-06-11 11:09:32 -0700,2019-06-11 11:10:13 -0700,3
x₀ α,count,2025-07-02 21:58:18 -0700,2025-07-02 21:58:20 -0700,1
x₀ α,count,2025-07-03 21:59:50 -0700,2025-07-03 21:59:52 -0700,1
x₀ α,count,2025-07-04 18:47:46 -0700,2025-07-04 18:48:40 -0700,3
x₀ α,count,2025-07-07 21:39:04 -0700,2025-07-07 21:45:35 -0700,2
x₀ α,count,2025-07-08 22:12:37 -0700,2025-07-08 22:12:40 -0700,1
x₀ α,count,2025-07-10 22:03:13 -0700,2025-07-10 22:03:21 -0700,1
x₀ α,count,2025-07-12 22:48:54 -0700,2025-07-12 22:48:59 -0700,1
x₀ α,count,2025-07-14 20:06:44 -0700,2025-07-14 20:06:46 -0700,1
x₀ α,count,2025-07-15 21:49:24 -0700,2025-07-15 21:49:26 -0700,1
x₀ α,count,2025-07-17 02:27:51 -0700,2025-07-17 02:27:59 -0700,1
x₀ α,count,2025-07-17 21:30:31 -0700,2025-07-17 21:30:34 -0700,1
x₀ α,count,2025-07-20 15:33:30 -0700,2025-07-20 15:33:36 -0700,1
x₀ α,count,2025-07-22 21:51:40 -0700,2025-07-22 21:51:43 -0700,1
x₀ α,count,2025-07-22 22:06:45 -0700,2025-07-22 22:06:48 -0700,1
x₀ α,count,2025-07-24 19:10:06 -0700,2025-07-24 19:10:08 -0700,1
x₀ α,count,2025-07-25 23:38:41 -0700,2025-07-25 23:38:43 -0700,1
x₀ α,count,2025-07-26 18:12:16 -0700,2025-07-26 18:20:59 -0700,12
x₀ α,count,2025-07-26 18:26:19 -0700,2025-07-26 18:36:01 -0700,15
x₀ α,count,2025-07-26 18:37:08 -0700,2025-07-26 18:37:11 -0700,1
x₀ α,count,2025-07-27 13:56:29 -0700,2025-07-27 14:06:22 -0700,20
x₀ α,count,2025-07-27 14:06:37 -0700,2025-07-27 14:15:34 -0700,11
x₀ α,count,2025-07-27 14:16:56 -0700,2025-07-27 14:26:13 -0700,13
x₀ α,count,2025-07-27 14:28:01 -0700,2025-07-27 14:34:17 -0700,3
x₀ α,count,2025-07-27 14:52:15 -0700,2025-07-27 14:55:46 -0700,2
x₀ α,count,2025-07-27 15:05:28 -0700,2025-07-27 15:05:31 -0700,1
x₀ α,count,2025-07-28 19:03:41 -0700,2025-07-28 19:03:44 -0700,1
x₀ α,count,2025-07-30 21:46:11 -0700,2025-07-30 21:46:13 -0700,1
x₀ α,count,2025-08-01 14:00:12 -0700,2025-08-01 14:08:34 -0700,3
x₀ α,count,2025-08-01 15:16:37 -0700,2025-08-01 15:22:48 -0700,3
x₀ α,count,2025-08-01 16:04:18 -0700,2025-08-01 16:04:20 -0700,1
x₀ α,count,2025-08-01 19:23:27 -0700,2025-08-01 19:27:42 -0700,8
x₀ α,count,2025-08-02 20:41:30 -0700,2025-08-02 20:41:33 -0700,1
x₀ α,count,2025-08-02 21:10:07 -0700,2025-08-02 21:15:19 -0700,6
x₀ α,count,2025-08-02 21:33:16 -0700,2025-08-02 21:33:57 -0700,5
x₀ α,count,2025-08-02 22:30:45 -0700,2025-08-02 22:40:28 -0700,2
x₀ α,count,2025-08-02 22:42:57 -0700,2025-08-02 22:46:34 -0700,4
x₀ α,count,2025-08-04 21:49:36 -0700,2025-08-04 21:49:41 -0700,1
x₀ α,count,2025-08-05 21:40:30 -0700,2025-08-05 21:40:33 -0700,1
x₀ α,count,2025-08-06 19:55:34 -0700,2025-08-06 19:55:37 -0700,1
x₀ α,count,2025-08-07 22:25:04 -0700,2025-08-07 22:25:07 -0700,1
x₀ α,count,2025-08-09 14:50:44 -0700,2025-08-09 14:50:47 -0700,1
x₀ α,count,2025-08-10 13:36:56 -0700,2025-08-10 13:36:59 -0700,1
x₀ α,count,2025-08-13 22:37:59 -0700,2025-08-13 22:38:01 -0700,1
x₀ α,count,2025-08-19 13:05:31 -0700,2025-08-19 13:05:33 -0700,1
x₀ α,count,2025-08-19 13:15:36 -0700,2025-08-19 13:23:46 -0700,2
x₀ α,count,2025-08-19 18:48:59 -0700,2025-08-19 18:49:01 -0700,1
x₀ α,count,2025-08-19 20:53:22 -0700,2025-08-19 21:00:43 -0700,4
x₀ α,count,2025-08-19 21:10:15 -0700,2025-08-19 21:15:47 -0700,2
x₀ α,count,2025-08-19 21:21:04 -0700,2025-08-19 21:26:08 -0700,3
x₀ α,count,2025-08-19 21:59:49 -0700,2025-08-19 21:59:51 -0700,1
x₀ α,count,2025-08-20 08:24:33 -0700,2025-08-20 08:24:35 -0700,1
x₀ α,count,2025-08-20 21:09:28 -0700,2025-08-20 21:15:32 -0700,2
x₀ α,count,2025-08-20 22:43:17 -0700,2025-08-20 22:43:20 -0700,1
x₀ α,count,2025-08-22 18:40:03 -0700,2025-08-22 18:40:11 -0700,1
x₀ α,count,2025-08-23 19:09:24 -0700,2025-08-23 19:09:27 -0700,1
x₀ α,count,2025-08-25 22:16:24 -0700,2025-08-25 22:16:27 -0700,1
x₀ α,count,2025-08-27 22:06:31 -0700,2025-08-27 22:12:34 -0700,2
x₀ α,count,2025-08-30 19:38:11 -0700,2025-08-30 19:38:14 -0700,1
x₀ α,count,2025-08-30 23:07:08 -0700,2025-08-30 23:16:10 -0700,6
x₀ α,count,2025-08-30 23:18:00 -0700,2025-08-30 23:26:13 -0700,7
x₀ α,count,2025-08-31 19:37:45 -0700,2025-08-31 19:37:47 -0700,1
x₀ α,count,2025-09-01 21:04:24 -0700,2025-09-01 21:04:39 -0700,2
x₀ α,count,2025-09-02 17:48:06 -0700,2025-09-02 17:48:08 -0700,1
x₀ α,count,2025-09-02 18:12:11 -0700,2025-09-02 18:22:02 -0700,4
x₀ α,count,2025-09-02 18:26:53 -0700,2025-09-02 18:27:03 -0700,2
x₀ α,count,2025-09-02 18:48:52 -0700,2025-09-02 18:55:11 -0700,3
x₀ α,count,2025-09-03 22:26:13 -0700,2025-09-03 22:30:15 -0700,2
x₀ α,count,2025-09-04 21:45:57 -0700,2025-09-04 21:50:07 -0700,2
x₀ α,count,2025-09-13 02:00:22 -0700,2025-09-13 02:00:24 -0700,1
x₀ α,count,2025-09-13 11:38:26 -0700,2025-09-13 11:38:28 -0700,1
x₀ α,count,2025-09-13 18:19:34 -0700,2025-09-13 18:19:36 -0700,1
x₀ α,count,2025-09-14 09:45:28 -0700,2025-09-14 09:49:58 -0700,1
x₀ α,count,2025-09-15 20:09:34 -0700,2025-09-15 20:09:42 -0700,1
x₀ α,count,2025-09-18 01:07:19 -0700,2025-09-18 01:07:26 -0700,1
x₀ α,count,2025-09-18 09:12:25 -0700,2025-09-18 09:12:27 -0700,1
x₀ α,count,2025-09-20 21:45:25 -0700,2025-09-20 21:45:27 -0700,1
x₀ α,count,2025-09-21 12:48:02 -0700,2025-09-21 12:48:05 -0700,1
x₀ α,count,2025-09-22 20:38:39 -0700,2025-09-22 20:38:42 -0700,1
x₀ α,count,2025-09-22 20:50:25 -0700,2025-09-22 20:50:28 -0700,1
x₀ α,count,2025-09-24 01:47:54 -0700,2025-09-24 02:02:21 -0700,1
x₀ α,count,2025-09-25 01:41:50 -0700,2025-09-25 01:41:52 -0700,1
x₀ α,count,2025-09-25 16:23:51 -0700,2025-09-25 16:23:53 -0700,1
x₀ α,count,2025-09-25 16:34:56 -0700,2025-09-25 16:34:58 -0700,1
x₀ α,count,2025-09-25 21:26:09 -0700,2025-09-25 21:26:12 -0700,1
x₀ α,count,2025-09-26 01:30:50 -0700,2025-09-26 01:30:52 -0700,1
x₀ α,count,2025-09-26 14:34:38 -0700,2025-09-26 14:34:40 -0700,1
x₀ α,count,2025-09-27 13:51:36 -0700,2025-09-27 13:51:44 -0700,1
x₀ α,count,2025-09-27 14:55:50 -0700,2025-09-27 14:55:53 -0700,1
x₀ α,count,2025-09-27 18:27:32 -0700,2025-09-27 18:27:34 -0700,1
x₀ α,count,2025-09-28 23:01:12 -0700,2025-09-28 23:01:15 -0700,1
x₀ α,count,2025-09-29 01:50:46 -0700,2025-09-29 01:50:48 -0700,1
x₀ α,count,2025-09-29 22:02:22 -0700,2025-09-29 22:02:30 -0700,1
x₀ α,count,2025-09-30 21:24:13 -0700,2025-09-30 21:32:16 -0700,2
x₀ α,count,2025-10-02 11:12:08 -0700,2025-10-02 11:18:32 -0700,2
x₀ α,count,2025-10-02 11:23:44 -0700,2025-10-02 11:33:34 -0700,2
x₀ α,count,2025-10-02 12:00:02 -0700,2025-10-02 12:00:05 -0700,1
x₀ α,count,2025-10-02 12:20:27 -0700,2025-10-02 12:21:47 -0700,2
x₀ α,count,2025-10-04 15:28:37 -0700,2025-10-04 15:28:45 -0700,1
x₀ α,count,2025-10-07 21:01:51 -0700,2025-10-07 21:01:53 -0700,1
x₀ α,count,2025-10-07 21:46:29 -0700,2025-10-07 21:52:30 -0700,2
x₀ α,count,2025-10-09 21:00:53 -0700,2025-10-09 21:00:55 -0700,1
x₀ α,count,2025-10-09 21:49:30 -0700,2025-10-09 21:49:32 -0700,1
x₀ α,count,2025-10-10 18:00:43 -0700,2025-10-10 18:00:45 -0700,1
x₀ α,count,2025-10-10 18:11:56 -0700,2025-10-10 18:20:03 -0700,4
x₀ α,count,2025-10-10 18:25:04 -0700,2025-10-10 18:25:14 -0700,2
x₀ α,count,2025-10-10 18:43:53 -0700,2025-10-10 18:45:15 -0700,2
x₀ α,count,2025-10-12 17:21:47 -0700,2025-10-12 17:21:50 -0700,1
x₀ α,count,2025-10-12 17:34:12 -0700,2025-10-12 17:42:42 -0700,3
x₀ α,count,2025-10-12 18:00:34 -0700,2025-10-12 18:01:49 -0700,4
x₀ α,count,2025-10-14 20:56:30 -0700,2025-10-14 21:00:47 -0700,2
x₀ α,count,2025-10-16 02:42:55 -0700,2025-10-16 02:42:57 -0700,1
x₀ α,count,2025-10-19 22:00:24 -0700,2025-10-19 22:00:27 -0700,1
x₀ α,count,2025-10-19 23:33:09 -0700,2025-10-19 23:33:12 -0700,1
x₀ α,count,2025-10-20 00:22:48 -0700,2025-10-20 00:22:50 -0700,1
x₀ α,count,2025-10-20 15:30:17 -0700,2025-10-20 15:31:16 -0700,2
x₀ α,count,2025-10-21 01:04:11 -0700,2025-10-21 01:04:14 -0700,1
x₀ α,count,2025-10-22 01:27:41 -0700,2025-10-22 01:27:43 -0700,1
x₀ α,count,2025-10-23 21:29:28 -0700,2025-10-23 21:29:30 -0700,1
x₀ α,count,2025-10-25 01:13:12 -0700,2025-10-25 01:13:15 -0700,1
x₀ α,count,2025-10-25 11:19:07 -0700,2025-10-25 11:19:10 -0700,1
x₀ α,count,2025-10-27 22:20:05 -0700,2025-10-27 22:20:28 -0700,1
x₀ α,count,2025-10-30 01:08:52 -0700,2025-10-30 01:09:00 -0700,1
x₀ α,count,2025-10-30 10:15:33 -0700,2025-10-30 10:18:25 -0700,1
x₀ α,count,2025-10-31 10:26:12 -0700,2025-10-31 10:26:15 -0700,1
x₀ α,count,2025-11-04 01:58:42 -0700,2025-11-04 01:58:44 -0700,1
x₀ α,count,2025-11-05 01:14:58 -0700,2025-11-05 01:15:01 -0700,1
x₀ α,count,2025-11-05 23:07:31 -0700,2025-11-05 23:07:34 -0700,1
x₀ α,count,2025-11-09 11:19:07 -0700,2025-11-09 11:19:09 -0700,1
x₀ α,count,2025-11-09 18:31:40 -0700,2025-11-09 18:34:58 -0700,3
x₀ α,count,2025-11-10 02:59:18 -0700,2025-11-10 02:59:20 -0700,1
x₀ α,count,2025-11-10 16:16:46 -0700,2025-11-10 16:16:49 -0700,1
x₀ α,count,2025-11-10 17:23:13 -0700,2025-11-10 17:23:21 -0700,1
x₀ α,count,2025-11-10 20:05:57 -0700,2025-11-10 20:06:00 -0700,1
x₀ α,count,2025-11-14 01:22:28 -0700,2025-11-14 01:22:30 -0700,1
x₀ α,count,2025-11-14 14:58:16 -0700,2025-11-14 14:58:19 -0700,1
x₀ α,count,2025-11-15 14:31:12 -0700,2025-11-15 14:33:15 -0700,2
x₀ α,count,2025-11-16 17:58:22 -0700,2025-11-16 17:58:25 -0700,1
x₀ α,count,2025-11-17 09:15:42 -0700,2025-11-17 09:15:44 -0700,1
x₀ α,count,2025-11-17 20:47:06 -0700,2025-11-17 20:47:09 -0700,1
x₀ α,count,2025-11-18 00:28:06 -0700,2025-11-18 00:28:14 -0700,1
x₀ α,count,2025-11-19 01:37:12 -0700,2025-11-19 01:37:14 -0700,1
x₀ α,count,2025-11-19 21:16:23 -0700,2025-11-19 21:20:15 -0700,2
x₀ α,count,2025-11-21 22:41:48 -0700,2025-11-21 22:42:37 -0700,2
x₀ α,count,2025-11-21 23:05:12 -0700,2025-11-21 23:06:09 -0700,3
x₀ α,count,2025-11-24 02:51:14 -0700,2025-11-24 02:51:17 -0700,1
x₀ α,count,2025-11-26 21:26:14 -0700,2025-11-26 21:26:29 -0700,2
x₀ α,count,2025-11-26 22:30:50 -0700,2025-11-26 22:30:53 -0700,1
x₀ α,count,2025-11-28 21:05:51 -0700,2025-11-28 21:06:37 -0700,3
x₀ α,count,2025-11-30 15:42:51 -0700,2025-11-30 15:51:45 -0700,8
x₀ α,count,2025-11-30 15:53:33 -0700,2025-11-30 16:00:20 -0700,9
x₀ α,count,2025-11-30 16:20:07 -0700,2025-11-30 16:28:14 -0700,6
x₀ α,count,2025-11-30 16:32:09 -0700,2025-11-30 16:36:03 -0700,5
x₀ α,count,2025-11-30 16:48:48 -0700,2025-11-30 16:48:51 -0700,1
x₀ α,count,2025-11-30 17:34:06 -0700,2025-11-30 17:34:09 -0700,1
x₀ α,count,2025-12-02 22:57:02 -0700,2025-12-02 23:00:51 -0700,2
x₀ α,count,2025-12-03 20:46:12 -0700,2025-12-03 20:46:49 -0700,1
x₀ α,count,2025-12-08 18:58:27 -0700,2025-12-08 18:58:29 -0700,1
x₀ α,count,2025-12-08 21:21:53 -0700,2025-12-08 21:21:56 -0700,1
x₀ α,count,2025-12-09 20:11:58 -0700,2025-12-09 20:12:01 -0700,1
x₀ α,count,2025-12-11 21:26:03 -0700,2025-12-11 21:26:05 -0700,1
x₀ α,count,2025-12-12 19:46:05 -0700,2025-12-12 19:46:08 -0700,1
x₀ α,count,2025-12-13 23:03:32 -0700,2025-12-13 23:06:58 -0700,3
x₀ α,count,2025-12-14 19:43:48 -0700,2025-12-14 19:43:50 -0700,1
x₀ α,count,2025-12-15 22:16:16 -0700,2025-12-15 22:16:19 -0700,1
x₀ α,count,2025-12-16 01:51:14 -0700,2025-12-16 01:51:16 -0700,1
x₀ α,count,2025-12-17 21:33:37 -0700,2025-12-17 21:33:40 -0700,1
x₀ α,count,2025-12-19 15:02:37 -0700,2025-12-19 15:02:40 -0700,1
x₀ α,count,2025-12-22 12:49:14 -0700,2025-12-22 12:49:17 -0700,1
x₀ α,count,2025-12-23 21:42:33 -0700,2025-12-23 21:46:43 -0700,2
x₀ α,count,2025-12-24 20:42:34 -0700,2025-12-24 20:47:56 -0700,2
x₀ α,count,2025-12-24 22:31:16 -0700,2025-12-24 22:31:18 -0700,1
x₀ α,count,2025-12-25 05:27:59 -0700,2025-12-25 05:28:01 -0700,1
x₀ α,count,2025-12-25 17:27:47 -0700,2025-12-25 17:27:49 -0700,1
x₀ α,count,2025-12-25 23:21:23 -0700,2025-12-25 23:21:25 -0700,1
x₀ α,count,2025-12-25 23:36:55 -0700,2025-12-25 23:36:58 -0700,1
x₀ α,count,2025-12-27 17:13:24 -0700,2025-12-27 17:13:39 -0700,2
x₀ α,count,2025-12-27 19:02:25 -0700,2025-12-27 19:02:41 -0700,2
x₀ α,count,2025-12-27 20:13:08 -0700,2025-12-27 20:13:10 -0700,1
x₀ α,count,2025-12-28 00:59:03 -0700,2025-12-28 00:59:05 -0700,1
x₀ α,count,2025-12-28 02:39:22 -0700,2025-12-28 02:39:24 -0700,1
x₀ α,count,2025-12-29 15:07:29 -0700,2025-12-29 15:08:52 -0700,2
x₀ α,count,2025-12-29 15:18:50 -0700,2025-12-29 15:18:52 -0700,1
x₀ α,count,2025-12-29 23:04:48 -0700,2025-12-29 23:04:53 -0700,1
x₀ α,count,2025-12-30 21:57:08 -0700,2025-12-30 21:57:10 -0700,1
x₀ α,count,2025-12-31 21:17:27 -0700,2025-12-31 21:17:30 -0700,1
x₀ α,count,2026-01-01 01:56:33 -0700,2026-01-01 01:56:40 -0700,1
x₀ α,count,2026-01-02 21:59:46 -0700,2026-01-02 21:59:49 -0700,1
x₀ α,count,2026-01-02 22:25:53 -0700,2026-01-02 22:25:56 -0700,1
x₀ α,count,2026-01-03 18:44:19 -0700,2026-01-03 18:44:27 -0700,1
x₀ α,count,2026-01-05 14:56:28 -0700,2026-01-05 14:56:31 -0700,1
x₀ α,count,2026-01-05 23:10:05 -0700,2026-01-05 23:13:29 -0700,2
x₀ α,count,2026-01-06 22:28:12 -0700,2026-01-06 22:28:15 -0700,1
x₀ α,count,2026-01-09 22:40:02 -0700,2026-01-09 22:40:04 -0700,1
x₀ α,count,2026-01-10 23:41:11 -0700,2026-01-10 23:41:27 -0700,2
x₀ α,count,2026-01-11 01:29:14 -0700,2026-01-11 01:29:22 -0700,1
x₀ α,count,2026-01-11 22:15:07 -0700,2026-01-11 22:15:10 -0700,1
x₀ α,count,2026-01-12 18:48:02 -0700,2026-01-12 18:48:04 -0700,1
x₀ α,count,2026-01-13 23:07:45 -0700,2026-01-13 23:07:48 -0700,1
x₀ α,count,2026-01-14 00:20:31 -0700,2026-01-14 00:20:34 -0700,1
x₀ α,count,2026-01-15 00:41:27 -0700,2026-01-15 00:41:30 -0700,1
x₀ α,count,2026-01-15 03:48:47 -0700,2026-01-15 03:48:50 -0700,1
x₀ α,count,2026-01-15 23:04:59 -0700,2026-01-15 23:05:01 -0700,1
x₀ α,count,2026-01-19 23:18:26 -0700,2026-01-19 23:18:28 -0700,1
x₀ α,count,2026-01-20 23:24:30 -0700,2026-01-20 23:24:33 -0700,1
x₀ α,count,2026-01-21 22:30:02 -0700,2026-01-21 22:30:05 -0700,1
x₀ α,count,2026-01-22 01:56:19 -0700,2026-01-22 01:56:22 -0700,1
x₀ α,count,2026-01-22 23:59:47 -0700,2026-01-22 23:59:49 -0700,1
x₀ α,count,2026-01-23 21:17:11 -0700,2026-01-23 21:17:27 -0700,2
x₀ α,count,2026-01-23 22:57:34 -0700,2026-01-23 22:57:36 -0700,1
x₀ α,count,2026-01-26 22:02:43 -0700,2026-01-26 22:05:22 -0700,2
x₀ α,count,2026-01-27 22:15:35 -0700,2026-01-27 22:15:40 -0700,1
x₀ α,count,2026-01-29 20:51:00 -0700,2026-01-29 20:58:08 -0700,2
x₀ α,count,2026-02-02 22:54:58 -0700,2026-02-02 22:55:00 -0700,1
x₀ α,count,2026-02-02 23:32:55 -0700,2026-02-02 23:32:57 -0700,1
x₀ α,count,2026-02-03 23:00:02 -0700,2026-02-03 23:00:04 -0700,1
x₀ α,count,2026-02-04 02:42:13 -0700,2026-02-04 02:42:15 -0700,1
x₀ α,count,2026-02-04 15:21:47 -0700,2026-02-04 15:21:49 -0700,1
x₀ α,count,2026-02-04 18:23:01 -0700,2026-02-04 18:23:04 -0700,1
x₀ α,count,2026-02-04 21:52:12 -0700,2026-02-04 21:52:14 -0700,1
x₀ α,count,2026-02-05 01:13:05 -0700,2026-02-05 01:13:08 -0700,1
x₀ α,count,2026-02-17 00:25:36 -0700,2026-02-17 00:25:39 -0700,1
x₀ α,count,2026-02-19 21:59:02 -0700,2026-02-19 21:59:04 -0700,1
x₀ α,count,2026-02-22 14:11:21 -0700,2026-02-22 14:17:43 -0700,2
x₀ α,count,2026-02-22 16:40:46 -0700,2026-02-22 16:40:49 -0700,1
x₀ α,count,2026-02-24 05:54:24 -0700,2026-02-24 05:54:27 -0700,1
x₀ α,count,2026-02-25 15:45:53 -0700,2026-02-25 15:45:56 -0700,1
x₀ α,count,2026-02-27 18:57:49 -0700,2026-02-27 19:02:19 -0700,2
x₀ α,count,2026-03-01 22:22:43 -0700,2026-03-01 22:23:30 -0700,4
x₀ α,count,2026-03-05 00:04:21 -0700,2026-03-05 00:04:29 -0700,1
x₀ α,count,2026-03-06 18:07:31 -0700,2026-03-06 18:07:33 -0700,1
x₀ α,count,2026-03-15 10:47:17 -0700,2026-03-15 10:47:28 -0700,2
x₀ α,count,2026-03-15 11:09:27 -0700,2026-03-15 11:09:30 -0700,2
x₀ α,count,2026-03-17 16:02:55 -0700,2026-03-17 16:02:58 -0700,1
x₀ α,count,2026-03-17 21:48:36 -0700,2026-03-17 21:48:38 -0700,1
x₀ α,count,2026-03-20 19:22:11 -0700,2026-03-20 19:22:14 -0700,1
x₀ α,count,2026-03-22 22:21:38 -0700,2026-03-22 22:31:02 -0700,3
x₀ α,count,2026-03-22 22:34:41 -0700,2026-03-22 22:41:13 -0700,6
x₀ α,count,2026-03-24 23:33:41 -0700,2026-03-24 23:33:59 -0700,2
x₀ α,count,2026-03-25 22:39:18 -0700,2026-03-25 22:39:21 -0700,1
x₀ α,count,2026-03-26 23:23:09 -0700,2026-03-26 23:23:17 -0700,1
x₀ α,count,2026-03-29 20:59:37 -0700,2026-03-29 20:59:39 -0700,1
x₀ α,count,2026-03-30 23:22:26 -0700,2026-03-30 23:22:31 -0700,1
x₀ α,count,2026-03-31 12:05:52 -0700,2026-03-31 12:05:55 -0700,1
x₀ α,count,2026-03-31 20:55:00 -0700,2026-03-31 20:55:03 -0700,1
x₀ α,count,2026-04-01 18:13:39 -0700,2026-04-01 18:19:51 -0700,2
x₀ α,count,2026-04-02 22:41:58 -0700,2026-04-02 22:42:22 -0700,2
x₀ α,count,2026-04-02 23:56:09 -0700,2026-04-02 23:56:27 -0700,2
x₀ α,count,2026-04-03 10:19:26 -0700,2026-04-03 10:20:15 -0700,3
x₀ α,count,2026-04-03 15:11:37 -0700,2026-04-03 15:11:39 -0700,1
x₀ α,count,2026-04-03 18:13:25 -0700,2026-04-03 18:13:41 -0700,2
x₀ α,count,2026-04-06 21:38:24 -0700,2026-04-06 21:38:27 -0700,1
x₀ α,count,2026-04-08 23:01:50 -0700,2026-04-08 23:01:52 -0700,1
x₀ α,count,2026-04-09 15:56:40 -0700,2026-04-09 15:56:42 -0700,1
x₀ α,count,2026-04-09 16:17:19 -0700,2026-04-09 16:17:50 -0700,2
x₀ α,count,2026-04-10 22:59:29 -0700,2026-04-10 22:59:32 -0700,1
x₀ α,count,2026-04-13 18:06:54 -0700,2026-04-13 18:06:56 -0700,1
x₀ α,count,2026-04-13 20:31:42 -0700,2026-04-13 20:31:45 -0700,1
x₀ α,count,2026-04-13 21:25:13 -0700,2026-04-13 21:26:00 -0700,3
x₀ α,count,2026-04-15 19:20:09 -0700,2026-04-15 19:20:11 -0700,1
x₀ α,count,2026-04-16 19:11:13 -0700,2026-04-16 19:16:27 -0700,2
x₀ α,count,2026-04-17 15:49:53 -0700,2026-04-17 15:49:56 -0700,3
x₀ α,count,2026-04-19 16:46:44 -0700,2026-04-19 16:46:47 -0700,1
x₀ α,count,2026-04-20 14:42:46 -0700,2026-04-20 14:42:48 -0700,1
x₀ α,count,2026-04-21 16:33:03 -0700,2026-04-21 16:41:13 -0700,3
x₀ α,count,2026-04-21 16:45:00 -0700,2026-04-21 16:45:02 -0700,1
x₀ α,count,2026-04-21 21:42:55 -0700,2026-04-21 21:42:58 -0700,1
x₀ α,count,2026-04-21 22:18:45 -0700,2026-04-21 22:18:48 -0700,1
x₀ α,count,2026-04-22 22:51:39 -0700,2026-04-22 22:51:41 -0700,1
x₀ α,count,2026-04-26 18:37:21 -0700,2026-04-26 18:37:26 -0700,1
x₀ α,count,2026-04-27 23:16:49 -0700,2026-04-27 23:16:52 -0700,1
x₀ α,count,2026-05-01 23:04:59 -0700,2026-05-01 23:05:01 -0700,1
x₀ α,count,2026-05-05 00:33:19 -0700,2026-05-05 00:33:22 -0700,1
x₀ α,count,2026-05-05 22:47:04 -0700,2026-05-05 22:47:06 -0700,1
x₀ α,count,2026-05-06 23:15:01 -0700,2026-05-06 23:15:03 -0700,1
x₀ α,count,2026-05-07 23:58:36 -0700,2026-05-07 23:58:38 -0700,1
x₀ α,count,2026-05-09 10:44:54 -0700,2026-05-09 11:22:32 -0700,1
x₀ α,count,2026-05-10 21:22:16 -0700,2026-05-10 21:22:23 -0700,1
x₀ α,count,2026-05-13 13:54:29 -0700,2026-05-13 13:54:31 -0700,1
x₀ α,count,2026-05-13 18:00:43 -0700,2026-05-13 18:07:13 -0700,2
x₀ α,count,2026-05-14 07:44:57 -0700,2026-05-14 07:45:00 -0700,1
x₀ α,count,2026-05-15 08:15:52 -0700,2026-05-15 08:15:54 -0700,1
x₀ α,count,2026-05-18 11:34:17 -0700,2026-05-18 11:34:19 -0700,1
x₀ α,count,2026-05-20 20:48:50 -0700,2026-05-20 20:49:06 -0700,2
x₀ α,count,2026-05-20 21:44:24 -0700,2026-05-20 21:44:40 -0700,2
x₀ α,count,2026-05-22 14:08:03 -0700,2026-05-22 14:08:18 -0700,2
x₀ α,count,2026-05-24 23:30:45 -0700,2026-05-24 23:31:03 -0700,2
x₀ α,count,2026-05-25 14:03:52 -0700,2026-05-25 14:03:54 -0700,1
x₀ α,count,2026-05-25 15:32:02 -0700,2026-05-25 15:37:06 -0700,7
x₀ α,count,2026-05-25 16:46:25 -0700,2026-05-25 16:51:42 -0700,2
x₀ α,count,2026-05-25 17:06:59 -0700,2026-05-25 17:16:19 -0700,18
x₀ α,count,2026-05-25 17:18:45 -0700,2026-05-25 17:24:31 -0700,7
x₀ α,count,2026-05-25 20:20:31 -0700,2026-05-25 20:20:33 -0700,1
x₀ α,count,2026-05-26 16:34:05 -0700,2026-05-26 16:34:07 -0700,1
x₀ α,count,2026-05-27 14:08:32 -0700,2026-05-27 14:08:35 -0700,1
x₀ α,count,2026-05-28 19:50:30 -0700,2026-05-28 19:50:33 -0700,1
x₀ α,count,2026-05-29 10:50:11 -0700,2026-05-29 10:50:13 -0700,1
x₀ α,count,2026-05-29 19:33:28 -0700,2026-05-29 19:33:44 -0700,2
x₀ α,count,2026-05-29 22:17:44 -0700,2026-05-29 22:18:00 -0700,2
x₀ α,count,2026-05-30 14:10:31 -0700,2026-05-30 14:10:49 -0700,2
x₀ α,count,2026-06-02 22:50:41 -0700,2026-06-02 22:55:19 -0700,2
x₀ α,count,2026-06-04 16:52:54 -0700,2026-06-04 16:56:10 -0700,2
x₀ α,count,2026-06-05 21:03:27 -0700,2026-06-05 21:03:30 -0700,1
x₀ α,count,2026-06-06 20:19:33 -0700,2026-06-06 20:28:13 -0700,2
x₀ α,count,2026-06-07 21:07:56 -0700,2026-06-07 21:07:58 -0700,1
x₀ α,count,2026-06-08 23:12:39 -0700,2026-06-08 23:12:41 -0700,1
x₀ α,count,2026-06-10 13:57:32 -0700,2026-06-10 13:57:35 -0700,1
x₀ α,count,2026-06-11 23:03:16 -0700,2026-06-11 23:03:18 -0700,1
x₀ α,count,2026-06-12 18:07:17 -0700,2026-06-12 18:07:30 -0700,2
x₀ α,count,2026-06-13 20:20:37 -0700,2026-06-13 20:20:40 -0700,1
