source_name,unit,start_date,end_date,value
Melody’s Apple Watch,ms,2019-03-04 08:43:34 -0700,2019-03-04 08:44:35 -0700,50.5538
Melody’s Apple Watch,ms,2019-03-04 09:35:19 -0700,2019-03-04 09:36:24 -0700,56.2639
Melody’s Apple Watch,ms,2019-03-04 13:41:47 -0700,2019-03-04 13:42:52 -0700,20.8432
Melody’s Apple Watch,ms,2019-03-05 13:34:43 -0700,2019-03-05 13:35:48 -0700,39.1863
Melody’s Apple Watch,ms,2019-03-05 15:19:37 -0700,2019-03-05 15:20:42 -0700,26.7699
Melody’s Apple Watch,ms,2019-03-06 14:09:15 -0700,2019-03-06 14:10:20 -0700,57.6211
Melody’s Apple Watch,ms,2019-03-07 17:37:53 -0700,2019-03-07 17:38:58 -0700,48.6094
Melody’s Apple Watch,ms,2019-03-08 12:43:36 -0700,2019-03-08 12:44:42 -0700,50.386
Melody’s Apple Watch,ms,2019-03-08 21:23:20 -0700,2019-03-08 21:24:25 -0700,50.4474
Melody’s Apple Watch,ms,2019-03-10 16:15:54 -0700,2019-03-10 16:16:56 -0700,8.43819
Melody’s Apple Watch,ms,2019-03-10 19:41:23 -0700,2019-03-10 19:42:28 -0700,36.4031
Melody’s Apple Watch,ms,2019-03-11 07:39:57 -0700,2019-03-11 07:40:58 -0700,25.4301
Melody’s Apple Watch,ms,2019-03-11 09:21:15 -0700,2019-03-11 09:22:15 -0700,33.1983
Melody’s Apple Watch,ms,2019-03-11 13:21:41 -0700,2019-03-11 13:22:41 -0700,14.5043
Melody’s Apple Watch,ms,2019-03-11 19:01:32 -0700,2019-03-11 19:02:35 -0700,51.7639
Melody’s Apple Watch,ms,2019-03-12 13:20:14 -0700,2019-03-12 13:21:20 -0700,31.7175
Melody’s Apple Watch,ms,2019-03-13 11:03:43 -0700,2019-03-13 11:04:44 -0700,38.5183
Melody’s Apple Watch,ms,2019-03-13 13:12:40 -0700,2019-03-13 13:13:42 -0700,27.7106
Melody’s Apple Watch,ms,2019-03-13 13:33:53 -0700,2019-03-13 13:34:58 -0700,50.1498
Melody’s Apple Watch,ms,2019-03-14 18:08:37 -0700,2019-03-14 18:09:39 -0700,18.395
Melody’s Apple Watch,ms,2019-03-14 18:12:29 -0700,2019-03-14 18:13:31 -0700,13.2122
Melody’s Apple Watch,ms,2019-03-15 17:24:19 -0700,2019-03-15 17:25:23 -0700,39.2564
Melody’s Apple Watch,ms,2019-03-15 19:19:13 -0700,2019-03-15 19:20:15 -0700,31.8237
Melody’s Apple Watch,ms,2019-03-16 08:52:12 -0700,2019-03-16 08:53:17 -0700,54.9579
Melody’s Apple Watch,ms,2019-03-16 09:03:13 -0700,2019-03-16 09:04:19 -0700,36.9468
Melody’s Apple Watch,ms,2019-03-16 09:20:20 -0700,2019-03-16 09:21:25 -0700,60.9775
Melody’s Apple Watch,ms,2019-03-16 13:44:29 -0700,2019-03-16 13:45:34 -0700,43.6005
Melody’s Apple Watch,ms,2019-03-16 16:22:39 -0700,2019-03-16 16:23:45 -0700,39.6729
Melody’s Apple Watch,ms,2019-03-18 13:44:15 -0700,2019-03-18 13:45:16 -0700,44.2147
Melody’s Apple Watch,ms,2019-03-18 17:48:41 -0700,2019-03-18 17:49:41 -0700,44.2782
Melody’s Apple Watch,ms,2019-03-19 12:41:00 -0700,2019-03-19 12:42:01 -0700,17.1756
Melody’s Apple Watch,ms,2019-03-19 13:46:00 -0700,2019-03-19 13:47:05 -0700,50.6699
Melody’s Apple Watch,ms,2019-03-19 17:36:51 -0700,2019-03-19 17:37:57 -0700,42.4382
Melody’s Apple Watch,ms,2019-03-20 09:32:10 -0700,2019-03-20 09:33:10 -0700,54.1122
Melody’s Apple Watch,ms,2019-03-20 15:44:56 -0700,2019-03-20 15:45:57 -0700,18.5767
Melody’s Apple Watch,ms,2019-03-21 10:09:34 -0700,2019-03-21 10:10:35 -0700,39.6059
Melody’s Apple Watch,ms,2019-03-22 10:45:20 -0700,2019-03-22 10:46:24 -0700,51.8369
Melody’s Apple Watch,ms,2019-03-22 11:40:14 -0700,2019-03-22 11:41:19 -0700,17.9705
Melody’s Apple Watch,ms,2019-03-22 17:23:57 -0700,2019-03-22 17:25:02 -0700,28.4687
Melody’s Apple Watch,ms,2019-03-22 22:28:33 -0700,2019-03-22 22:29:34 -0700,19.6214
Melody’s Apple Watch,ms,2019-03-22 22:53:48 -0700,2019-03-22 22:54:53 -0700,17.0761
Melody’s Apple Watch,ms,2019-03-23 09:13:42 -0700,2019-03-23 09:14:47 -0700,34.2865
Melody’s Apple Watch,ms,2019-03-23 11:34:22 -0700,2019-03-23 11:35:27 -0700,47.837
Melody’s Apple Watch,ms,2019-03-25 16:40:35 -0700,2019-03-25 16:41:41 -0700,34.847
Melody’s Apple Watch,ms,2019-03-25 17:20:02 -0700,2019-03-25 17:21:08 -0700,35.9792
Melody’s Apple Watch,ms,2019-03-26 16:07:28 -0700,2019-03-26 16:08:32 -0700,25.2463
Melody’s Apple Watch,ms,2019-03-26 21:12:11 -0700,2019-03-26 21:13:12 -0700,40.3039
Melody’s Apple Watch,ms,2019-03-27 11:25:00 -0700,2019-03-27 11:26:05 -0700,32.9166
Melody’s Apple Watch,ms,2019-03-27 13:22:29 -0700,2019-03-27 13:23:34 -0700,40.6179
Melody’s Apple Watch,ms,2019-03-28 16:33:49 -0700,2019-03-28 16:34:50 -0700,10.6448
Melody’s Apple Watch,ms,2019-03-28 16:36:27 -0700,2019-03-28 16:37:32 -0700,10.6917
Melody’s Apple Watch,ms,2019-03-28 18:05:35 -0700,2019-03-28 18:06:40 -0700,28.986
Melody’s Apple Watch,ms,2019-03-28 19:43:54 -0700,2019-03-28 19:44:59 -0700,16.3707
Melody’s Apple Watch,ms,2019-03-29 10:17:42 -0700,2019-03-29 10:18:47 -0700,16.5473
Melody’s Apple Watch,ms,2019-03-29 11:59:01 -0700,2019-03-29 12:00:03 -0700,22.5832
Melody’s Apple Watch,ms,2019-03-29 13:21:28 -0700,2019-03-29 13:22:33 -0700,28.2611
Melody’s Apple Watch,ms,2019-03-29 15:54:09 -0700,2019-03-29 15:55:15 -0700,22.543
Melody’s Apple Watch,ms,2019-03-29 18:54:37 -0700,2019-03-29 18:55:42 -0700,15.3175
Melody’s Apple Watch,ms,2019-03-29 19:21:43 -0700,2019-03-29 19:22:44 -0700,31.9521
Melody’s Apple Watch,ms,2019-03-29 23:19:22 -0700,2019-03-29 23:20:26 -0700,41.228
Melody’s Apple Watch,ms,2019-03-30 08:27:44 -0700,2019-03-30 08:28:45 -0700,34.4574
Melody’s Apple Watch,ms,2019-03-30 11:23:40 -0700,2019-03-30 11:24:45 -0700,27.6473
Melody’s Apple Watch,ms,2019-03-30 14:36:25 -0700,2019-03-30 14:37:26 -0700,29.0248
Melody’s Apple Watch,ms,2019-04-01 08:52:36 -0700,2019-04-01 08:53:41 -0700,45.1366
Melody’s Apple Watch,ms,2019-04-01 13:40:40 -0700,2019-04-01 13:41:46 -0700,19.7721
Melody’s Apple Watch,ms,2019-04-01 17:15:06 -0700,2019-04-01 17:16:07 -0700,29.3353
Melody’s Apple Watch,ms,2019-04-01 20:54:48 -0700,2019-04-01 20:55:54 -0700,40.3237
Melody’s Apple Watch,ms,2019-04-02 12:09:02 -0700,2019-04-02 12:10:06 -0700,29.2468
Melody’s Apple Watch,ms,2019-04-02 16:09:39 -0700,2019-04-02 16:10:39 -0700,24.2287
Melody’s Apple Watch,ms,2019-04-03 20:11:31 -0700,2019-04-03 20:12:37 -0700,33.6443
Melody’s Apple Watch,ms,2019-04-03 20:13:45 -0700,2019-04-03 20:14:48 -0700,23.2325
Melody’s Apple Watch,ms,2019-04-03 21:40:15 -0700,2019-04-03 21:41:20 -0700,27.6519
Melody’s Apple Watch,ms,2019-04-04 01:55:33 -0700,2019-04-04 01:56:38 -0700,36.7721
Melody’s Apple Watch,ms,2019-04-04 16:23:08 -0700,2019-04-04 16:24:10 -0700,46.4987
Melody’s Apple Watch,ms,2019-04-04 18:04:28 -0700,2019-04-04 18:05:30 -0700,20.2268
Melody’s Apple Watch,ms,2019-04-04 19:47:11 -0700,2019-04-04 19:48:16 -0700,27.9341
Melody’s Apple Watch,ms,2019-04-05 22:51:15 -0700,2019-04-05 22:52:20 -0700,29.2895
Melody’s Apple Watch,ms,2019-04-06 09:21:21 -0700,2019-04-06 09:22:22 -0700,41.582
Melody’s Apple Watch,ms,2019-04-06 17:57:08 -0700,2019-04-06 17:58:13 -0700,41.4495
Melody’s Apple Watch,ms,2019-04-06 21:13:15 -0700,2019-04-06 21:14:16 -0700,27.7049
Melody’s Apple Watch,ms,2019-04-07 13:30:06 -0700,2019-04-07 13:31:11 -0700,67.5606
Melody’s Apple Watch,ms,2019-04-07 15:08:50 -0700,2019-04-07 15:10:01 -0700,56.3679
Melody’s Apple Watch,ms,2019-04-07 15:18:54 -0700,2019-04-07 15:19:58 -0700,27.426
Melody’s Apple Watch,ms,2019-04-07 15:20:57 -0700,2019-04-07 15:22:08 -0700,62.1716
Melody’s Apple Watch,ms,2019-04-07 21:05:22 -0700,2019-04-07 21:06:23 -0700,40.9664
Melody’s Apple Watch,ms,2019-04-07 22:17:17 -0700,2019-04-07 22:18:22 -0700,37.0068
Melody’s Apple Watch,ms,2019-04-08 11:41:37 -0700,2019-04-08 11:42:38 -0700,12.5661
Melody’s Apple Watch,ms,2019-04-08 13:33:25 -0700,2019-04-08 13:34:26 -0700,23.7829
Melody’s Apple Watch,ms,2019-04-08 17:39:27 -0700,2019-04-08 17:40:32 -0700,45.2085
Melody’s Apple Watch,ms,2019-04-10 21:50:19 -0700,2019-04-10 21:51:20 -0700,33.9227
Melody’s Apple Watch,ms,2019-04-11 02:24:32 -0700,2019-04-11 02:25:37 -0700,40.1123
Melody’s Apple Watch,ms,2019-04-11 02:26:44 -0700,2019-04-11 02:27:49 -0700,31.9335
Melody’s Apple Watch,ms,2019-04-11 13:42:26 -0700,2019-04-11 13:43:32 -0700,9.82026
Melody’s Apple Watch,ms,2019-04-11 21:54:36 -0700,2019-04-11 21:55:42 -0700,27.1328
Melody’s Apple Watch,ms,2019-04-12 01:33:27 -0700,2019-04-12 01:34:32 -0700,44.8651
Melody’s Apple Watch,ms,2019-04-12 03:33:32 -0700,2019-04-12 03:34:34 -0700,46.7333
Melody’s Apple Watch,ms,2019-04-12 05:33:40 -0700,2019-04-12 05:34:46 -0700,63.0436
Melody’s Apple Watch,ms,2019-04-12 07:33:27 -0700,2019-04-12 07:34:33 -0700,67.3851
Melody’s Apple Watch,ms,2019-04-12 09:44:13 -0700,2019-04-12 09:45:18 -0700,15.7619
Melody’s Apple Watch,ms,2019-04-12 11:50:05 -0700,2019-04-12 11:51:06 -0700,34.2285
Melody’s Apple Watch,ms,2019-04-12 15:21:32 -0700,2019-04-12 15:22:35 -0700,28.477
Melody’s Apple Watch,ms,2019-04-12 15:33:56 -0700,2019-04-12 15:34:57 -0700,14.3592
Melody’s Apple Watch,ms,2019-04-12 19:42:00 -0700,2019-04-12 19:43:01 -0700,26.2988
Melody’s Apple Watch,ms,2019-04-13 10:45:59 -0700,2019-04-13 10:47:00 -0700,33.6183
Melody’s Apple Watch,ms,2019-04-14 19:33:26 -0700,2019-04-14 19:34:31 -0700,16.9908
Melody’s Apple Watch,ms,2019-04-15 13:51:11 -0700,2019-04-15 13:52:16 -0700,44.7053
Melody’s Apple Watch,ms,2019-04-15 21:03:15 -0700,2019-04-15 21:04:19 -0700,39.4327
Melody’s Apple Watch,ms,2019-04-16 00:26:45 -0700,2019-04-16 00:27:47 -0700,44.8748
Melody’s Apple Watch,ms,2019-04-16 01:33:28 -0700,2019-04-16 01:34:34 -0700,49.4039
Melody’s Apple Watch,ms,2019-04-16 03:33:26 -0700,2019-04-16 03:34:31 -0700,56.7803
Melody’s Apple Watch,ms,2019-04-16 05:33:28 -0700,2019-04-16 05:34:34 -0700,42.4676
Melody’s Apple Watch,ms,2019-04-16 12:46:07 -0700,2019-04-16 12:47:10 -0700,69.7849
Melody’s Apple Watch,ms,2019-04-16 13:05:22 -0700,2019-04-16 13:06:24 -0700,16.9926
Melody’s Apple Watch,ms,2019-04-16 18:06:25 -0700,2019-04-16 18:07:31 -0700,20.8911
Melody’s Apple Watch,ms,2019-04-17 11:06:56 -0700,2019-04-17 11:08:00 -0700,10.6639
Melody’s Apple Watch,ms,2019-04-17 18:15:09 -0700,2019-04-17 18:16:14 -0700,25.1035
Melody’s Apple Watch,ms,2019-04-17 22:09:38 -0700,2019-04-17 22:10:39 -0700,26.0744
Melody’s Apple Watch,ms,2019-04-17 23:49:27 -0700,2019-04-17 23:50:32 -0700,46.1452
Melody’s Apple Watch,ms,2019-04-18 01:33:32 -0700,2019-04-18 01:34:34 -0700,69.509
Melody’s Apple Watch,ms,2019-04-18 03:33:26 -0700,2019-04-18 03:34:31 -0700,73.6605
Melody’s Apple Watch,ms,2019-04-18 05:36:43 -0700,2019-04-18 05:37:48 -0700,50.8761
Melody’s Apple Watch,ms,2019-04-18 07:33:25 -0700,2019-04-18 07:34:30 -0700,59.8415
Melody’s Apple Watch,ms,2019-04-18 09:45:11 -0700,2019-04-18 09:46:12 -0700,20.5
Melody’s Apple Watch,ms,2019-04-18 12:10:25 -0700,2019-04-18 12:11:30 -0700,36.7466
Melody’s Apple Watch,ms,2019-04-18 13:57:32 -0700,2019-04-18 13:58:33 -0700,27.8293
Melody’s Apple Watch,ms,2019-04-18 17:49:52 -0700,2019-04-18 17:50:57 -0700,29.219
Melody’s Apple Watch,ms,2019-04-18 19:51:05 -0700,2019-04-18 19:52:10 -0700,16.6001
Melody’s Apple Watch,ms,2019-04-19 10:20:29 -0700,2019-04-19 10:21:30 -0700,38.7347
Melody’s Apple Watch,ms,2019-04-19 18:40:46 -0700,2019-04-19 18:41:47 -0700,38.4968
Melody’s Apple Watch,ms,2019-04-20 15:13:55 -0700,2019-04-20 15:15:00 -0700,55.1402
Melody’s Apple Watch,ms,2019-04-20 15:34:14 -0700,2019-04-20 15:35:17 -0700,38.4122
Melody’s Apple Watch,ms,2019-04-21 10:17:37 -0700,2019-04-21 10:18:38 -0700,19.4936
Melody’s Apple Watch,ms,2019-04-21 18:57:52 -0700,2019-04-21 18:58:53 -0700,17.5089
Melody’s Apple Watch,ms,2019-04-21 19:46:04 -0700,2019-04-21 19:47:05 -0700,31.4484
Melody’s Apple Watch,ms,2019-04-21 22:45:14 -0700,2019-04-21 22:46:18 -0700,35.8164
Melody’s Apple Watch,ms,2019-04-22 11:42:21 -0700,2019-04-22 11:43:23 -0700,37.9967
Melody’s Apple Watch,ms,2019-04-22 14:11:11 -0700,2019-04-22 14:12:11 -0700,38.435
Melody’s Apple Watch,ms,2019-04-23 12:44:28 -0700,2019-04-23 12:45:33 -0700,32.3622
Melody’s Apple Watch,ms,2019-04-23 16:01:17 -0700,2019-04-23 16:02:21 -0700,20.4007
Melody’s Apple Watch,ms,2019-04-23 18:20:54 -0700,2019-04-23 18:21:55 -0700,21.1439
Melody’s Apple Watch,ms,2019-04-23 21:10:29 -0700,2019-04-23 21:11:34 -0700,30.1579
Melody’s Apple Watch,ms,2019-04-23 21:44:23 -0700,2019-04-23 21:45:23 -0700,32.7233
Melody’s Apple Watch,ms,2019-04-24 15:02:44 -0700,2019-04-24 15:03:49 -0700,17.161
Melody’s Apple Watch,ms,2019-04-24 17:35:53 -0700,2019-04-24 17:36:54 -0700,26.6704
Melody’s Apple Watch,ms,2019-04-24 21:14:31 -0700,2019-04-24 21:15:32 -0700,35.7858
Melody’s Apple Watch,ms,2019-04-24 23:12:04 -0700,2019-04-24 23:13:09 -0700,31.002
Melody’s Apple Watch,ms,2019-04-25 08:14:31 -0700,2019-04-25 08:15:36 -0700,38.931
Melody’s Apple Watch,ms,2019-04-25 10:36:33 -0700,2019-04-25 10:37:39 -0700,14.173
Melody’s Apple Watch,ms,2019-04-25 14:13:08 -0700,2019-04-25 14:14:11 -0700,29.5275
Melody’s Apple Watch,ms,2019-04-25 16:54:13 -0700,2019-04-25 16:55:18 -0700,18.6983
Melody’s Apple Watch,ms,2019-04-25 18:07:25 -0700,2019-04-25 18:08:31 -0700,29.858
Melody’s Apple Watch,ms,2019-04-25 20:22:20 -0700,2019-04-25 20:23:26 -0700,35.6669
Melody’s Apple Watch,ms,2019-04-26 09:51:09 -0700,2019-04-26 09:52:15 -0700,70.1222
Melody’s Apple Watch,ms,2019-04-26 10:05:06 -0700,2019-04-26 10:06:11 -0700,40.3066
Melody’s Apple Watch,ms,2019-04-26 12:50:07 -0700,2019-04-26 12:51:11 -0700,49.2367
Melody’s Apple Watch,ms,2019-04-26 14:45:44 -0700,2019-04-26 14:46:49 -0700,68.9941
Melody’s Apple Watch,ms,2019-04-26 18:45:56 -0700,2019-04-26 18:46:57 -0700,50.4876
Melody’s Apple Watch,ms,2019-04-26 22:49:41 -0700,2019-04-26 22:50:42 -0700,11.2347
Melody’s Apple Watch,ms,2019-04-27 18:05:11 -0700,2019-04-27 18:06:12 -0700,37.6206
Melody’s Apple Watch,ms,2019-04-27 20:05:08 -0700,2019-04-27 20:06:14 -0700,30.2552
Melody’s Apple Watch,ms,2019-04-28 11:22:36 -0700,2019-04-28 11:23:36 -0700,55.1396
Melody’s Apple Watch,ms,2019-04-28 18:28:27 -0700,2019-04-28 18:29:27 -0700,19.2962
Melody’s Apple Watch,ms,2019-04-28 20:27:44 -0700,2019-04-28 20:28:45 -0700,39.4359
Melody’s Apple Watch,ms,2019-04-28 22:15:17 -0700,2019-04-28 22:16:18 -0700,28.0033
Melody’s Apple Watch,ms,2019-04-29 08:32:10 -0700,2019-04-29 08:33:15 -0700,72.3995
Melody’s Apple Watch,ms,2019-04-29 12:07:14 -0700,2019-04-29 12:08:15 -0700,18.5489
Melody’s Apple Watch,ms,2019-04-29 22:01:41 -0700,2019-04-29 22:02:43 -0700,53.5975
Melody’s Apple Watch,ms,2019-04-29 22:40:40 -0700,2019-04-29 22:41:45 -0700,26.0456
Melody’s Apple Watch,ms,2019-04-30 13:26:36 -0700,2019-04-30 13:27:41 -0700,14.907
Melody’s Apple Watch,ms,2019-04-30 16:08:36 -0700,2019-04-30 16:09:37 -0700,21.052
Melody’s Apple Watch,ms,2019-04-30 16:19:58 -0700,2019-04-30 16:20:59 -0700,29.2874
Melody’s Apple Watch,ms,2019-04-30 18:21:15 -0700,2019-04-30 18:22:16 -0700,25.0225
Melody’s Apple Watch,ms,2019-04-30 21:20:44 -0700,2019-04-30 21:21:49 -0700,21.1305
Melody’s Apple Watch,ms,2019-04-30 22:19:59 -0700,2019-04-30 22:21:01 -0700,15.8282
Melody’s Apple Watch,ms,2019-05-01 13:08:05 -0700,2019-05-01 13:09:09 -0700,45.7028
Melody’s Apple Watch,ms,2019-05-01 15:20:40 -0700,2019-05-01 15:21:45 -0700,72.4862
Melody’s Apple Watch,ms,2019-05-01 16:21:13 -0700,2019-05-01 16:22:14 -0700,23.101
Melody’s Apple Watch,ms,2019-05-01 22:33:55 -0700,2019-05-01 22:34:56 -0700,26.5141
Melody’s Apple Watch,ms,2019-05-02 12:55:15 -0700,2019-05-02 12:56:15 -0700,34.0556
Melody’s Apple Watch,ms,2019-05-03 14:28:26 -0700,2019-05-03 14:29:31 -0700,51.1585
Melody’s Apple Watch,ms,2019-05-04 13:30:23 -0700,2019-05-04 13:31:28 -0700,27.0982
Melody’s Apple Watch,ms,2019-05-05 12:46:46 -0700,2019-05-05 12:47:51 -0700,48.4897
Melody’s Apple Watch,ms,2019-05-05 14:36:04 -0700,2019-05-05 14:37:09 -0700,57.6151
Melody’s Apple Watch,ms,2019-05-05 16:31:34 -0700,2019-05-05 16:32:39 -0700,49.5946
Melody’s Apple Watch,ms,2019-05-05 18:55:13 -0700,2019-05-05 18:56:14 -0700,43.7393
Melody’s Apple Watch,ms,2019-05-05 22:19:56 -0700,2019-05-05 22:21:02 -0700,43.5833
Melody’s Apple Watch,ms,2019-05-06 00:19:58 -0700,2019-05-06 00:21:04 -0700,42.9971
Melody’s Apple Watch,ms,2019-05-06 02:20:18 -0700,2019-05-06 02:21:20 -0700,57.972
Melody’s Apple Watch,ms,2019-05-06 04:20:27 -0700,2019-05-06 04:21:32 -0700,60.3438
Melody’s Apple Watch,ms,2019-05-06 06:19:54 -0700,2019-05-06 06:20:59 -0700,51.4733
Melody’s Apple Watch,ms,2019-05-06 08:19:55 -0700,2019-05-06 08:21:01 -0700,56.0781
Melody’s Apple Watch,ms,2019-05-06 14:58:44 -0700,2019-05-06 14:59:49 -0700,32.8024
Melody’s Apple Watch,ms,2019-05-06 17:16:01 -0700,2019-05-06 17:17:02 -0700,40.75
Melody’s Apple Watch,ms,2019-05-08 14:48:09 -0700,2019-05-08 14:49:15 -0700,46.6925
Melody’s Apple Watch,ms,2019-05-08 18:49:12 -0700,2019-05-08 18:50:17 -0700,21.0297
Melody’s Apple Watch,ms,2019-05-08 20:42:35 -0700,2019-05-08 20:43:41 -0700,44.6983
Melody’s Apple Watch,ms,2019-05-08 22:22:22 -0700,2019-05-08 22:23:28 -0700,15.3052
Melody’s Apple Watch,ms,2019-05-09 14:27:51 -0700,2019-05-09 14:28:51 -0700,34.3943
Melody’s Apple Watch,ms,2019-05-09 17:15:44 -0700,2019-05-09 17:16:46 -0700,25.0337
Melody’s Apple Watch,ms,2019-05-10 12:02:58 -0700,2019-05-10 12:04:03 -0700,34.7293
Melody’s Apple Watch,ms,2019-05-10 15:38:58 -0700,2019-05-10 15:40:03 -0700,22.2739
Melody’s Apple Watch,ms,2019-05-10 20:46:42 -0700,2019-05-10 20:47:47 -0700,31.7342
Melody’s Apple Watch,ms,2019-05-11 11:01:56 -0700,2019-05-11 11:02:57 -0700,27.3164
Melody’s Apple Watch,ms,2019-05-11 13:57:11 -0700,2019-05-11 13:58:16 -0700,25.2834
Melody’s Apple Watch,ms,2019-05-12 17:29:13 -0700,2019-05-12 17:30:16 -0700,22.1289
Melody’s Apple Watch,ms,2019-05-13 11:23:44 -0700,2019-05-13 11:24:45 -0700,37.5724
Melody’s Apple Watch,ms,2019-05-13 13:49:23 -0700,2019-05-13 13:50:29 -0700,46.4321
Melody’s Apple Watch,ms,2019-05-14 10:07:09 -0700,2019-05-14 10:08:15 -0700,17.7808
Melody’s Apple Watch,ms,2019-05-14 10:15:41 -0700,2019-05-14 10:16:42 -0700,13.5381
Melody’s Apple Watch,ms,2019-05-14 12:38:52 -0700,2019-05-14 12:39:58 -0700,20.8866
Melody’s Apple Watch,ms,2019-05-14 13:27:04 -0700,2019-05-14 13:28:09 -0700,14.069
Melody’s Apple Watch,ms,2019-05-15 07:36:50 -0700,2019-05-15 07:37:52 -0700,58.5326
Melody’s Apple Watch,ms,2019-05-15 12:26:34 -0700,2019-05-15 12:27:37 -0700,64.2383
Melody’s Apple Watch,ms,2019-05-15 13:42:19 -0700,2019-05-15 13:43:24 -0700,34.5896
Melody’s Apple Watch,ms,2019-05-15 17:23:26 -0700,2019-05-15 17:24:30 -0700,30.7185
Melody’s Apple Watch,ms,2019-05-18 17:02:56 -0700,2019-05-18 17:04:01 -0700,24.7064
Melody’s Apple Watch,ms,2019-05-20 15:38:27 -0700,2019-05-20 15:39:30 -0700,42.1678
Melody’s Apple Watch,ms,2019-05-20 16:54:44 -0700,2019-05-20 16:55:47 -0700,21.3717
Melody’s Apple Watch,ms,2019-05-20 19:29:41 -0700,2019-05-20 19:30:43 -0700,15.0021
Melody’s Apple Watch,ms,2019-05-21 08:39:39 -0700,2019-05-21 08:40:41 -0700,45.2113
Melody’s Apple Watch,ms,2019-05-22 14:46:50 -0700,2019-05-22 14:47:19 -0700,19.0115
Melody’s Apple Watch,ms,2019-05-23 12:42:56 -0700,2019-05-23 12:43:57 -0700,21.5094
Melody’s Apple Watch,ms,2019-05-23 14:34:16 -0700,2019-05-23 14:35:16 -0700,42.6651
Melody’s Apple Watch,ms,2019-05-23 17:41:29 -0700,2019-05-23 17:42:32 -0700,36.6529
Melody’s Apple Watch,ms,2019-05-24 12:34:45 -0700,2019-05-24 12:35:46 -0700,32.6382
Melody’s Apple Watch,ms,2019-05-27 18:43:00 -0700,2019-05-27 18:44:03 -0700,35.2677
Melody’s Apple Watch,ms,2019-05-28 17:25:57 -0700,2019-05-28 17:26:58 -0700,36.8494
Melody’s Apple Watch,ms,2019-05-28 19:31:21 -0700,2019-05-28 19:32:25 -0700,42.9942
Melody’s Apple Watch,ms,2019-05-28 21:44:24 -0700,2019-05-28 21:45:25 -0700,8.34978
Melody’s Apple Watch,ms,2019-05-29 11:35:40 -0700,2019-05-29 11:36:45 -0700,28.0368
Melody’s Apple Watch,ms,2019-06-01 10:13:29 -0700,2019-06-01 10:14:31 -0700,35.7413
Melody’s Apple Watch,ms,2019-06-03 13:51:43 -0700,2019-06-03 13:52:43 -0700,31.721
Melody’s Apple Watch,ms,2019-06-03 14:51:30 -0700,2019-06-03 14:52:30 -0700,44.2253
Melody’s Apple Watch,ms,2019-06-03 16:35:50 -0700,2019-06-03 16:37:01 -0700,33.9784
Melody’s Apple Watch,ms,2019-06-03 18:40:38 -0700,2019-06-03 18:41:40 -0700,26.0396
Melody’s Apple Watch,ms,2019-06-05 13:08:06 -0700,2019-06-05 13:09:11 -0700,53.4123
Melody’s Apple Watch,ms,2019-06-05 15:31:18 -0700,2019-06-05 15:32:19 -0700,31.0579
Melody’s Apple Watch,ms,2019-06-06 16:04:30 -0700,2019-06-06 16:05:34 -0700,39.0104
Melody’s Apple Watch,ms,2019-06-06 16:07:12 -0700,2019-06-06 16:08:16 -0700,18.214
Melody’s Apple Watch,ms,2019-06-10 08:01:01 -0700,2019-06-10 08:02:01 -0700,38.6531
Melody’s Apple Watch,ms,2019-06-10 08:03:12 -0700,2019-06-10 08:04:13 -0700,98.0915
Melody’s Apple Watch,ms,2019-06-11 07:42:55 -0700,2019-06-11 07:44:00 -0700,51.5691
Melody’s Apple Watch,ms,2019-06-11 07:46:27 -0700,2019-06-11 07:47:32 -0700,54.6923
Melody’s Apple Watch,ms,2019-06-11 08:48:38 -0700,2019-06-11 08:49:44 -0700,72.0048
Melody’s Apple Watch,ms,2019-06-11 18:30:31 -0700,2019-06-11 18:31:34 -0700,21.6658
Melody’s Apple Watch,ms,2019-06-14 18:35:13 -0700,2019-06-14 18:36:18 -0700,35.8696
Melody’s Apple Watch,ms,2019-06-15 12:09:45 -0700,2019-06-15 12:10:49 -0700,4.81209
Melody’s Apple Watch,ms,2019-06-17 20:14:45 -0700,2019-06-17 20:15:50 -0700,37.822
Melody’s Apple Watch,ms,2019-06-17 22:04:36 -0700,2019-06-17 22:05:36 -0700,14.5043
Melody’s Apple Watch,ms,2019-06-18 13:01:47 -0700,2019-06-18 13:02:52 -0700,17.6467
Melody’s Apple Watch,ms,2019-06-18 14:26:55 -0700,2019-06-18 14:27:57 -0700,19.3956
Melody’s Apple Watch,ms,2019-06-19 16:19:23 -0700,2019-06-19 16:20:26 -0700,31.4106
Melody’s Apple Watch,ms,2019-06-19 16:21:37 -0700,2019-06-19 16:22:38 -0700,33.4678
Melody’s Apple Watch,ms,2019-06-19 17:52:39 -0700,2019-06-19 17:53:41 -0700,29.9614
Melody’s Apple Watch,ms,2019-06-20 11:36:11 -0700,2019-06-20 11:37:16 -0700,40.8121
Melody’s Apple Watch,ms,2019-06-20 15:36:09 -0700,2019-06-20 15:37:12 -0700,23.4761
Melody’s Apple Watch,ms,2019-06-20 17:36:30 -0700,2019-06-20 17:37:34 -0700,27.1374
Melody’s Apple Watch,ms,2019-06-21 12:43:15 -0700,2019-06-21 12:44:15 -0700,39.008
Melody’s Apple Watch,ms,2019-06-21 13:38:17 -0700,2019-06-21 13:39:22 -0700,33.884
Melody’s Apple Watch,ms,2019-06-21 16:00:40 -0700,2019-06-21 16:01:46 -0700,40.5224
Melody’s Apple Watch,ms,2019-06-21 20:29:14 -0700,2019-06-21 20:30:19 -0700,29.3087
Melody’s Apple Watch,ms,2019-06-21 22:23:04 -0700,2019-06-21 22:24:06 -0700,43.5416
Melody’s Apple Watch,ms,2019-06-22 15:08:36 -0700,2019-06-22 15:09:36 -0700,19.693
Melody’s Apple Watch,ms,2019-06-23 15:33:24 -0700,2019-06-23 15:34:29 -0700,27.8826
Melody’s Apple Watch,ms,2019-06-24 12:20:48 -0700,2019-06-24 12:21:52 -0700,22.2352
Melody’s Apple Watch,ms,2019-06-24 14:14:18 -0700,2019-06-24 14:15:29 -0700,72.1608
Melody’s Apple Watch,ms,2019-06-24 15:01:27 -0700,2019-06-24 15:02:27 -0700,22.119
Melody’s Apple Watch,ms,2019-06-24 16:44:49 -0700,2019-06-24 16:45:54 -0700,34.8855
Melody’s Apple Watch,ms,2019-06-25 12:20:55 -0700,2019-06-25 12:22:00 -0700,36.349
Melody’s Apple Watch,ms,2019-06-25 13:23:07 -0700,2019-06-25 13:24:12 -0700,71.5869
Melody’s Apple Watch,ms,2019-06-25 19:02:30 -0700,2019-06-25 19:03:35 -0700,31.9404
Melody’s Apple Watch,ms,2019-06-25 19:54:16 -0700,2019-06-25 19:55:22 -0700,29.1612
Melody’s Apple Watch,ms,2019-06-25 21:01:41 -0700,2019-06-25 21:02:45 -0700,16.8217
Melody’s Apple Watch,ms,2019-06-26 13:07:27 -0700,2019-06-26 13:08:32 -0700,28.5307
Melody’s Apple Watch,ms,2019-06-26 15:44:41 -0700,2019-06-26 15:45:46 -0700,20.1029
Melody’s Apple Watch,ms,2019-06-26 16:51:12 -0700,2019-06-26 16:52:13 -0700,39.1942
Melody’s Apple Watch,ms,2019-06-26 19:21:26 -0700,2019-06-26 19:22:27 -0700,21.1054
Melody’s Apple Watch,ms,2019-06-27 14:53:26 -0700,2019-06-27 14:54:27 -0700,7.37394
Melody’s Apple Watch,ms,2019-06-27 16:43:44 -0700,2019-06-27 16:44:45 -0700,15.111
Melody’s Apple Watch,ms,2019-06-27 18:48:19 -0700,2019-06-27 18:49:24 -0700,23.368
Melody’s Apple Watch,ms,2019-06-29 14:56:48 -0700,2019-06-29 14:57:53 -0700,36.4777
Melody’s Apple Watch,ms,2019-07-01 20:05:18 -0700,2019-07-01 20:06:19 -0700,13.2063
Melody’s Apple Watch,ms,2019-07-01 21:18:15 -0700,2019-07-01 21:19:20 -0700,18.3661
Melody’s Apple Watch,ms,2019-07-02 07:51:38 -0700,2019-07-02 07:52:39 -0700,67.8454
Melody’s Apple Watch,ms,2019-07-02 11:21:27 -0700,2019-07-02 11:22:33 -0700,64.3083
Melody’s Apple Watch,ms,2019-07-02 18:05:44 -0700,2019-07-02 18:06:45 -0700,36.0278
Melody’s Apple Watch,ms,2019-07-05 18:39:52 -0700,2019-07-05 18:40:57 -0700,33.8305
Melody’s Apple Watch,ms,2019-07-05 18:43:38 -0700,2019-07-05 18:44:39 -0700,49.4299
Melody’s Apple Watch,ms,2019-07-06 18:42:55 -0700,2019-07-06 18:44:01 -0700,20.0811
Melody’s Apple Watch,ms,2019-07-06 21:48:24 -0700,2019-07-06 21:49:29 -0700,27.7466
Melody’s Apple Watch,ms,2019-07-07 17:43:36 -0700,2019-07-07 17:44:38 -0700,14.9416
Melody’s Apple Watch,ms,2019-07-07 18:59:20 -0700,2019-07-07 19:00:21 -0700,26.3688
Melody’s Apple Watch,ms,2019-07-08 13:18:06 -0700,2019-07-08 13:19:10 -0700,33.3804
Melody’s Apple Watch,ms,2019-07-08 13:21:48 -0700,2019-07-08 13:22:52 -0700,21.5414
Melody’s Apple Watch,ms,2019-07-08 22:08:45 -0700,2019-07-08 22:09:45 -0700,19.5384
Melody’s Apple Watch,ms,2019-07-09 00:42:56 -0700,2019-07-09 00:44:01 -0700,20.2962
Melody’s Apple Watch,ms,2019-07-09 02:42:58 -0700,2019-07-09 02:44:03 -0700,31.0363
Melody’s Apple Watch,ms,2019-07-09 04:42:55 -0700,2019-07-09 04:44:00 -0700,39.2157
Melody’s Apple Watch,ms,2019-07-09 06:42:57 -0700,2019-07-09 06:44:03 -0700,33.0624
Melody’s Apple Watch,ms,2019-07-09 08:42:54 -0700,2019-07-09 08:44:00 -0700,60.1716
Melody’s Apple Watch,ms,2019-07-09 10:42:57 -0700,2019-07-09 10:44:02 -0700,46.6771
Melody’s Apple Watch,ms,2019-07-09 13:28:57 -0700,2019-07-09 13:30:01 -0700,35.3801
Melody’s Apple Watch,ms,2019-07-09 15:50:40 -0700,2019-07-09 15:51:42 -0700,27.1765
Melody’s Apple Watch,ms,2019-07-09 17:49:33 -0700,2019-07-09 17:50:34 -0700,49.706
Melody’s Apple Watch,ms,2019-07-09 18:49:26 -0700,2019-07-09 18:50:31 -0700,28.3593
Melody’s Apple Watch,ms,2019-07-10 10:30:01 -0700,2019-07-10 10:31:02 -0700,17.2527
Melody’s Apple Watch,ms,2019-07-10 12:43:12 -0700,2019-07-10 12:44:17 -0700,39.8395
Melody’s Apple Watch,ms,2019-07-10 18:00:26 -0700,2019-07-10 18:01:30 -0700,35.6931
Melody’s Apple Watch,ms,2019-07-11 22:07:49 -0700,2019-07-11 22:08:51 -0700,37.7276
Melody’s Apple Watch,ms,2019-07-12 19:53:56 -0700,2019-07-12 19:55:01 -0700,26.1127
Melody’s Apple Watch,ms,2019-07-12 21:56:17 -0700,2019-07-12 21:57:22 -0700,22.6564
Melody’s Apple Watch,ms,2019-07-13 00:42:58 -0700,2019-07-13 00:44:03 -0700,31.807
Melody’s Apple Watch,ms,2019-07-13 02:42:59 -0700,2019-07-13 02:44:00 -0700,27.2259
Melody’s Apple Watch,ms,2019-07-13 04:43:51 -0700,2019-07-13 04:44:57 -0700,41.4879
Melody’s Apple Watch,ms,2019-07-13 06:43:08 -0700,2019-07-13 06:44:13 -0700,53.967
Melody’s Apple Watch,ms,2019-07-13 19:19:50 -0700,2019-07-13 19:20:55 -0700,25.0824
Melody’s Apple Watch,ms,2019-07-13 20:59:06 -0700,2019-07-13 21:00:08 -0700,48.154
Melody’s Apple Watch,ms,2019-07-13 22:42:55 -0700,2019-07-13 22:44:00 -0700,41.9471
Melody’s Apple Watch,ms,2019-07-14 00:42:57 -0700,2019-07-14 00:44:02 -0700,36.8485
Melody’s Apple Watch,ms,2019-07-14 02:42:54 -0700,2019-07-14 02:43:59 -0700,51.7059
Melody’s Apple Watch,ms,2019-07-14 04:43:35 -0700,2019-07-14 04:44:41 -0700,62.439
Melody’s Apple Watch,ms,2019-07-14 06:59:04 -0700,2019-07-14 07:00:09 -0700,69.6186
Melody’s Apple Watch,ms,2019-07-14 15:28:00 -0700,2019-07-14 15:29:00 -0700,36.818
Melody’s Apple Watch,ms,2019-07-16 12:11:13 -0700,2019-07-16 12:12:16 -0700,15.4556
Melody’s Apple Watch,ms,2019-07-16 12:51:17 -0700,2019-07-16 12:52:18 -0700,35.9026
Melody’s Apple Watch,ms,2019-07-17 11:04:06 -0700,2019-07-17 11:05:11 -0700,65.9564
Melody’s Apple Watch,ms,2019-07-17 13:02:47 -0700,2019-07-17 13:03:52 -0700,11.9295
Melody’s Apple Watch,ms,2019-07-17 14:45:31 -0700,2019-07-17 14:46:36 -0700,58.4824
Melody’s Apple Watch,ms,2019-07-17 18:59:13 -0700,2019-07-17 19:00:18 -0700,39.9898
Melody’s Apple Watch,ms,2019-07-17 20:43:44 -0700,2019-07-17 20:44:50 -0700,24.34
Melody’s Apple Watch,ms,2019-07-18 07:36:36 -0700,2019-07-18 07:37:40 -0700,33.8757
Melody’s Apple Watch,ms,2019-07-18 10:52:35 -0700,2019-07-18 10:53:40 -0700,69.2243
Melody’s Apple Watch,ms,2019-07-19 16:09:17 -0700,2019-07-19 16:10:20 -0700,51.1438
Melody’s Apple Watch,ms,2019-07-20 15:43:02 -0700,2019-07-20 15:44:03 -0700,56.1115
Melody’s Apple Watch,ms,2019-07-20 16:18:09 -0700,2019-07-20 16:19:14 -0700,43.9346
Melody’s Apple Watch,ms,2019-07-21 16:49:47 -0700,2019-07-21 16:50:48 -0700,21.6838
Melody’s Apple Watch,ms,2019-07-21 16:51:59 -0700,2019-07-21 16:53:00 -0700,13.5681
Melody’s Apple Watch,ms,2019-07-23 10:19:47 -0700,2019-07-23 10:20:49 -0700,48.108
Melody’s Apple Watch,ms,2019-07-23 16:16:33 -0700,2019-07-23 16:17:38 -0700,22.6481
Melody’s Apple Watch,ms,2019-07-23 19:12:35 -0700,2019-07-23 19:13:38 -0700,44.7887
Melody’s Apple Watch,ms,2019-07-23 19:14:44 -0700,2019-07-23 19:15:44 -0700,28.1353
Melody’s Apple Watch,ms,2019-07-24 10:39:11 -0700,2019-07-24 10:40:13 -0700,45.2493
Melody’s Apple Watch,ms,2019-07-24 11:07:22 -0700,2019-07-24 11:08:22 -0700,67.124
Melody’s Apple Watch,ms,2019-07-24 15:04:03 -0700,2019-07-24 15:05:04 -0700,56.7775
Melody’s Apple Watch,ms,2019-07-27 11:54:51 -0700,2019-07-27 11:55:56 -0700,36.0672
Melody’s Apple Watch,ms,2019-07-28 11:22:03 -0700,2019-07-28 11:23:08 -0700,26.9235
Melody’s Apple Watch,ms,2019-07-28 17:51:24 -0700,2019-07-28 17:52:25 -0700,29.9124
Melody’s Apple Watch,ms,2019-07-28 20:42:55 -0700,2019-07-28 20:44:00 -0700,30.499
Melody’s Apple Watch,ms,2019-07-28 22:48:11 -0700,2019-07-28 22:49:17 -0700,31.8914
Melody’s Apple Watch,ms,2019-07-29 12:07:34 -0700,2019-07-29 12:08:35 -0700,44.7765
Melody’s Apple Watch,ms,2019-07-30 12:01:03 -0700,2019-07-30 12:02:05 -0700,26.967
Melody’s Apple Watch,ms,2019-07-31 10:53:06 -0700,2019-07-31 10:54:11 -0700,33.4701
Melody’s Apple Watch,ms,2019-07-31 20:26:10 -0700,2019-07-31 20:27:14 -0700,49.9794
Melody’s Apple Watch,ms,2019-08-01 20:30:29 -0700,2019-08-01 20:31:31 -0700,30.75
Melody’s Apple Watch,ms,2019-08-01 20:58:42 -0700,2019-08-01 20:59:47 -0700,23.3653
Melody’s Apple Watch,ms,2019-08-02 02:58:01 -0700,2019-08-02 02:59:06 -0700,40.631
Melody’s Apple Watch,ms,2019-08-02 04:58:07 -0700,2019-08-02 04:59:09 -0700,25.6344
Melody’s Apple Watch,ms,2019-08-02 06:58:00 -0700,2019-08-02 06:59:05 -0700,37.4783
Melody’s Apple Watch,ms,2019-08-02 16:30:53 -0700,2019-08-02 16:31:59 -0700,17.1847
Melody’s Apple Watch,ms,2019-08-03 14:51:11 -0700,2019-08-03 14:52:11 -0700,31.1087
Melody’s Apple Watch,ms,2019-08-05 08:51:28 -0700,2019-08-05 08:52:34 -0700,72.0633
Melody’s Apple Watch,ms,2019-08-05 14:02:51 -0700,2019-08-05 14:03:56 -0700,23.5478
Melody’s Apple Watch,ms,2019-08-05 17:18:58 -0700,2019-08-05 17:20:01 -0700,29.1247
Melody’s Apple Watch,ms,2019-08-05 17:28:59 -0700,2019-08-05 17:30:03 -0700,29.014
Melody’s Apple Watch,ms,2019-08-06 06:21:07 -0700,2019-08-06 06:22:13 -0700,50.5043
Melody’s Apple Watch,ms,2019-08-06 06:57:24 -0700,2019-08-06 06:58:29 -0700,67.5842
Melody’s Apple Watch,ms,2019-08-06 11:06:59 -0700,2019-08-06 11:08:00 -0700,36.6717
Melody’s Apple Watch,ms,2019-08-06 21:54:24 -0700,2019-08-06 21:55:29 -0700,46.9574
Melody’s Apple Watch,ms,2019-08-08 12:37:06 -0700,2019-08-08 12:38:12 -0700,68.7559
Melody’s Apple Watch,ms,2019-08-08 14:24:23 -0700,2019-08-08 14:25:27 -0700,20.9866
Melody’s Apple Watch,ms,2019-08-08 17:43:16 -0700,2019-08-08 17:44:21 -0700,47.15
Melody’s Apple Watch,ms,2019-08-11 17:43:47 -0700,2019-08-11 17:44:52 -0700,44.486
Melody’s Apple Watch,ms,2019-08-11 17:45:58 -0700,2019-08-11 17:46:59 -0700,32.5471
Melody’s Apple Watch,ms,2019-08-11 20:15:28 -0700,2019-08-11 20:16:34 -0700,48.5618
Melody’s Apple Watch,ms,2019-08-12 11:25:58 -0700,2019-08-12 11:26:58 -0700,93.3133
Melody’s Apple Watch,ms,2019-08-12 14:57:55 -0700,2019-08-12 14:58:56 -0700,54.8076
Melody’s Apple Watch,ms,2019-08-15 16:30:32 -0700,2019-08-15 16:31:37 -0700,29.2991
Melody’s Apple Watch,ms,2019-08-18 12:17:11 -0700,2019-08-18 12:18:12 -0700,36.4439
Melody’s Apple Watch,ms,2019-08-18 13:44:13 -0700,2019-08-18 13:45:18 -0700,46.8875
Melody’s Apple Watch,ms,2019-08-19 14:27:49 -0700,2019-08-19 14:28:54 -0700,28.5734
Melody’s Apple Watch,ms,2019-08-19 17:50:01 -0700,2019-08-19 17:51:01 -0700,20.5616
Melody’s Apple Watch,ms,2019-08-19 20:15:57 -0700,2019-08-19 20:17:02 -0700,35.316
Melody’s Apple Watch,ms,2019-08-19 21:42:16 -0700,2019-08-19 21:43:19 -0700,18.9621
Melody’s Apple Watch,ms,2019-08-20 15:18:28 -0700,2019-08-20 15:19:29 -0700,17.2391
Melody’s Apple Watch,ms,2019-08-20 17:40:00 -0700,2019-08-20 17:41:03 -0700,38.9286
Melody’s Apple Watch,ms,2019-08-20 19:49:20 -0700,2019-08-20 19:50:24 -0700,19.708
Melody’s Apple Watch,ms,2019-08-21 00:06:23 -0700,2019-08-21 00:07:25 -0700,37.8137
Melody’s Apple Watch,ms,2019-08-21 01:53:56 -0700,2019-08-21 01:55:02 -0700,32.524
Melody’s Apple Watch,ms,2019-08-21 15:41:26 -0700,2019-08-21 15:42:28 -0700,76.1187
Melody’s Apple Watch,ms,2019-08-21 16:52:27 -0700,2019-08-21 16:53:32 -0700,67.58
Melody’s Apple Watch,ms,2019-08-21 18:02:40 -0700,2019-08-21 18:03:46 -0700,25.6216
Melody’s Apple Watch,ms,2019-08-26 12:26:28 -0700,2019-08-26 12:27:29 -0700,22.4109
Melody’s Apple Watch,ms,2019-08-26 13:41:51 -0700,2019-08-26 13:42:56 -0700,17.4642
Melody’s Apple Watch,ms,2019-08-26 15:14:40 -0700,2019-08-26 15:15:45 -0700,21.4738
Melody’s Apple Watch,ms,2019-08-26 17:00:05 -0700,2019-08-26 17:01:10 -0700,42.4654
Melody’s Apple Watch,ms,2019-08-27 17:50:24 -0700,2019-08-27 17:51:25 -0700,19.6326
Melody’s Apple Watch,ms,2019-08-28 14:46:31 -0700,2019-08-28 14:47:32 -0700,24.4719
Melody’s Apple Watch,ms,2019-08-28 15:21:50 -0700,2019-08-28 15:22:55 -0700,23.0733
Melody’s Apple Watch,ms,2019-08-29 13:41:29 -0700,2019-08-29 13:42:30 -0700,27.6479
Melody’s Apple Watch,ms,2019-08-29 19:44:40 -0700,2019-08-29 19:45:45 -0700,28.4682
Melody’s Apple Watch,ms,2019-08-30 15:27:57 -0700,2019-08-30 15:29:02 -0700,49.8103
Melody’s Apple Watch,ms,2019-08-30 17:49:08 -0700,2019-08-30 17:50:11 -0700,39.8803
Melody’s Apple Watch,ms,2019-08-31 12:08:58 -0700,2019-08-31 12:10:01 -0700,21.8103
Melody’s Apple Watch,ms,2019-09-03 18:50:44 -0700,2019-09-03 18:51:49 -0700,35.7954
Melody’s Apple Watch,ms,2019-09-03 20:53:55 -0700,2019-09-03 20:55:01 -0700,15.2213
Melody’s Apple Watch,ms,2019-09-03 23:08:05 -0700,2019-09-03 23:09:10 -0700,17.0734
Melody’s Apple Watch,ms,2019-09-05 17:21:37 -0700,2019-09-05 17:22:41 -0700,45.2521
Melody’s Apple Watch,ms,2019-09-05 20:42:49 -0700,2019-09-05 20:43:50 -0700,43.6241
Melody’s Apple Watch,ms,2019-09-09 09:40:32 -0700,2019-09-09 09:41:33 -0700,38.6919
Melody’s Apple Watch,ms,2019-09-09 13:32:56 -0700,2019-09-09 13:34:01 -0700,30.64
Melody’s Apple Watch,ms,2019-09-09 14:20:20 -0700,2019-09-09 14:21:25 -0700,31.1057
Melody’s Apple Watch,ms,2019-09-09 16:04:58 -0700,2019-09-09 16:05:59 -0700,28.0914
Melody’s Apple Watch,ms,2019-09-10 12:03:05 -0700,2019-09-10 12:04:06 -0700,33.7648
Melody’s Apple Watch,ms,2019-09-10 13:34:53 -0700,2019-09-10 13:35:54 -0700,28.2268
Melody’s Apple Watch,ms,2019-09-10 16:44:05 -0700,2019-09-10 16:45:06 -0700,32.0439
Melody’s Apple Watch,ms,2019-09-10 20:34:42 -0700,2019-09-10 20:35:47 -0700,40.4444
Melody’s Apple Watch,ms,2019-09-10 20:42:53 -0700,2019-09-10 20:43:59 -0700,26.4422
Melody’s Apple Watch,ms,2019-09-11 22:30:55 -0700,2019-09-11 22:31:55 -0700,25.6271
Melody’s Apple Watch,ms,2019-09-12 10:42:45 -0700,2019-09-12 10:43:50 -0700,48.4478
Melody’s Apple Watch,ms,2019-09-12 12:39:27 -0700,2019-09-12 12:40:29 -0700,38.4008
Melody’s Apple Watch,ms,2019-09-16 16:40:26 -0700,2019-09-16 16:41:27 -0700,19.6961
Melody’s Apple Watch,ms,2019-09-16 17:59:13 -0700,2019-09-16 18:00:18 -0700,25.8807
Melody’s Apple Watch,ms,2019-09-16 19:59:54 -0700,2019-09-16 20:00:59 -0700,59.5373
Melody’s Apple Watch,ms,2019-09-16 22:41:50 -0700,2019-09-16 22:42:52 -0700,51.2055
Melody’s Apple Watch,ms,2019-09-17 12:35:44 -0700,2019-09-17 12:36:44 -0700,36.3301
Melody’s Apple Watch,ms,2019-09-17 18:09:04 -0700,2019-09-17 18:10:15 -0700,124.01
Melody’s Apple Watch,ms,2019-09-18 14:15:54 -0700,2019-09-18 14:16:56 -0700,45.0076
Melody’s Apple Watch,ms,2019-09-19 13:58:45 -0700,2019-09-19 13:59:47 -0700,29.2468
Melody’s Apple Watch,ms,2019-09-19 15:57:47 -0700,2019-09-19 15:58:52 -0700,21.2632
Melody’s Apple Watch,ms,2019-09-23 13:34:49 -0700,2019-09-23 13:35:52 -0700,40.7707
Melody’s Apple Watch,ms,2019-09-23 15:25:41 -0700,2019-09-23 15:26:46 -0700,32.0234
Melody’s Apple Watch,ms,2019-09-23 17:04:36 -0700,2019-09-23 17:05:38 -0700,39.2556
Melody’s Apple Watch,ms,2019-09-24 14:01:18 -0700,2019-09-24 14:02:21 -0700,52.702
Melody’s Apple Watch,ms,2019-09-24 15:17:29 -0700,2019-09-24 15:18:33 -0700,39.0272
Melody’s Apple Watch,ms,2019-09-24 18:10:53 -0700,2019-09-24 18:11:57 -0700,41.5226
Melody’s Apple Watch,ms,2019-09-24 19:44:11 -0700,2019-09-24 19:45:16 -0700,27.4032
Melody’s Apple Watch,ms,2019-09-26 18:58:32 -0700,2019-09-26 18:59:35 -0700,49.2938
Melody’s Apple Watch,ms,2019-09-26 19:08:38 -0700,2019-09-26 19:09:42 -0700,73.1565
Melody’s Apple Watch,ms,2019-09-26 21:09:13 -0700,2019-09-26 21:10:14 -0700,30.7449
Melody’s Apple Watch,ms,2019-09-27 08:01:13 -0700,2019-09-27 08:02:18 -0700,50.6082
Melody’s Apple Watch,ms,2019-09-27 12:13:07 -0700,2019-09-27 12:14:12 -0700,30.5645
Melody’s Apple Watch,ms,2019-09-27 19:18:07 -0700,2019-09-27 19:19:12 -0700,36.8027
Melody’s Apple Watch,ms,2019-09-28 14:47:53 -0700,2019-09-28 14:48:56 -0700,40.584
Melody’s Apple Watch,ms,2019-09-30 17:19:40 -0700,2019-09-30 17:20:43 -0700,33.6749
Melody’s Apple Watch,ms,2019-09-30 19:15:32 -0700,2019-09-30 19:16:38 -0700,35.1701
Melody’s Apple Watch,ms,2019-10-07 13:18:37 -0700,2019-10-07 13:19:42 -0700,13.4861
Melody’s Apple Watch,ms,2019-10-07 16:25:14 -0700,2019-10-07 16:26:19 -0700,45.2327
Melody’s Apple Watch,ms,2019-10-08 14:14:28 -0700,2019-10-08 14:15:33 -0700,65.4093
Melody’s Apple Watch,ms,2019-10-08 14:20:09 -0700,2019-10-08 14:21:10 -0700,42.9746
Melody’s Apple Watch,ms,2019-10-08 16:49:18 -0700,2019-10-08 16:50:23 -0700,46.2736
Melody’s Apple Watch,ms,2019-10-08 22:06:14 -0700,2019-10-08 22:07:15 -0700,30.7683
Melody’s Apple Watch,ms,2019-10-09 10:08:07 -0700,2019-10-09 10:09:08 -0700,36.4486
Melody’s Apple Watch,ms,2019-10-11 09:33:21 -0700,2019-10-11 09:34:27 -0700,59.1883
Melody’s Apple Watch,ms,2019-10-11 14:07:53 -0700,2019-10-11 14:08:55 -0700,74.4009
Melody’s Apple Watch,ms,2019-10-11 14:10:02 -0700,2019-10-11 14:11:07 -0700,47.9818
Melody’s Apple Watch,ms,2019-10-14 10:06:30 -0700,2019-10-14 10:07:31 -0700,34.9571
Melody’s Apple Watch,ms,2019-10-14 10:08:41 -0700,2019-10-14 10:09:42 -0700,43.3352
Melody’s Apple Watch,ms,2019-10-14 16:21:27 -0700,2019-10-14 16:22:38 -0700,106.676
Melody’s Apple Watch,ms,2019-10-14 19:42:13 -0700,2019-10-14 19:43:15 -0700,22.1416
Melody’s Apple Watch,ms,2019-10-15 16:19:08 -0700,2019-10-15 16:20:09 -0700,35.846
Melody’s Apple Watch,ms,2019-10-20 17:54:18 -0700,2019-10-20 17:55:23 -0700,33.7454
Melody’s Apple Watch,ms,2019-10-20 18:14:26 -0700,2019-10-20 18:15:32 -0700,41.2583
Melody’s Apple Watch,ms,2019-10-20 19:21:15 -0700,2019-10-20 19:22:20 -0700,21.1453
Melody’s Apple Watch,ms,2019-10-20 21:09:16 -0700,2019-10-20 21:10:21 -0700,16.2884
Melody’s Apple Watch,ms,2019-10-21 15:42:36 -0700,2019-10-21 15:43:37 -0700,26.5742
Melody’s Apple Watch,ms,2019-10-21 17:33:42 -0700,2019-10-21 17:34:43 -0700,26.7599
Melody’s Apple Watch,ms,2019-10-23 09:07:11 -0700,2019-10-23 09:08:16 -0700,58.0711
Melody’s Apple Watch,ms,2019-10-23 09:09:33 -0700,2019-10-23 09:10:38 -0700,70.1129
Melody’s Apple Watch,ms,2019-10-23 13:56:14 -0700,2019-10-23 13:57:16 -0700,15.3328
Melody’s Apple Watch,ms,2019-10-25 14:03:50 -0700,2019-10-25 14:04:55 -0700,26.8538
Melody’s Apple Watch,ms,2019-10-26 15:09:44 -0700,2019-10-26 15:10:45 -0700,15.9393
Melody’s Apple Watch,ms,2019-10-27 14:18:02 -0700,2019-10-27 14:19:07 -0700,18.5775
Melody’s Apple Watch,ms,2019-10-27 21:36:19 -0700,2019-10-27 21:37:24 -0700,33.0265
Melody’s Apple Watch,ms,2019-10-28 13:03:59 -0700,2019-10-28 13:05:04 -0700,19.939
Melody’s Apple Watch,ms,2019-10-28 17:17:34 -0700,2019-10-28 17:18:35 -0700,16.4012
Melody’s Apple Watch,ms,2019-10-28 20:35:23 -0700,2019-10-28 20:36:27 -0700,22.8028
Melody’s Apple Watch,ms,2019-10-28 23:09:13 -0700,2019-10-28 23:10:18 -0700,20.1013
Melody’s Apple Watch,ms,2019-10-29 01:09:14 -0700,2019-10-29 01:10:20 -0700,35.4753
Melody’s Apple Watch,ms,2019-10-29 03:09:17 -0700,2019-10-29 03:10:22 -0700,37.668
Melody’s Apple Watch,ms,2019-10-29 09:40:28 -0700,2019-10-29 09:41:29 -0700,69.5153
Melody’s Apple Watch,ms,2019-10-29 15:27:46 -0700,2019-10-29 15:28:47 -0700,44.1772
Melody’s Apple Watch,ms,2019-10-29 22:14:51 -0700,2019-10-29 22:15:52 -0700,243.45
Melody’s Apple Watch,ms,2019-10-31 17:59:17 -0700,2019-10-31 18:00:17 -0700,15.7222
Melody’s Apple Watch,ms,2019-10-31 19:55:49 -0700,2019-10-31 19:56:50 -0700,107.71
Melody’s Apple Watch,ms,2019-10-31 20:16:47 -0700,2019-10-31 20:17:52 -0700,67.791
Melody’s Apple Watch,ms,2019-11-04 14:38:55 -0700,2019-11-04 14:39:56 -0700,20.151
Melody’s Apple Watch,ms,2019-11-05 12:50:18 -0700,2019-11-05 12:51:23 -0700,52.2057
Melody’s Apple Watch,ms,2019-11-05 20:07:27 -0700,2019-11-05 20:08:29 -0700,36.7916
Melody’s Apple Watch,ms,2019-11-05 20:12:45 -0700,2019-11-05 20:13:50 -0700,35.6195
Melody’s Apple Watch,ms,2019-11-06 13:56:20 -0700,2019-11-06 13:57:23 -0700,53.4936
Melody’s Apple Watch,ms,2019-11-06 16:15:44 -0700,2019-11-06 16:16:45 -0700,8.84767
Melody’s Apple Watch,ms,2019-11-06 18:52:07 -0700,2019-11-06 18:53:12 -0700,29.4491
Melody’s Apple Watch,ms,2019-11-06 20:39:04 -0700,2019-11-06 20:40:09 -0700,48.5142
Melody’s Apple Watch,ms,2019-11-07 13:57:16 -0700,2019-11-07 13:58:21 -0700,60.2702
Melody’s Apple Watch,ms,2019-11-07 14:05:43 -0700,2019-11-07 14:06:48 -0700,31.3369
Melody’s Apple Watch,ms,2019-11-08 15:35:04 -0700,2019-11-08 15:36:08 -0700,16.0439
Melody’s Apple Watch,ms,2019-11-09 16:17:19 -0700,2019-11-09 16:18:21 -0700,43.8705
Melody’s Apple Watch,ms,2019-11-12 22:38:58 -0700,2019-11-12 22:39:59 -0700,27.0266
Melody’s Apple Watch,ms,2019-11-14 09:15:43 -0700,2019-11-14 09:16:44 -0700,54.3915
Melody’s Apple Watch,ms,2019-11-15 16:05:53 -0700,2019-11-15 16:06:54 -0700,25.7985
Melody’s Apple Watch,ms,2019-11-17 18:04:30 -0700,2019-11-17 18:05:31 -0700,22.6385
Melody’s Apple Watch,ms,2019-11-20 15:24:54 -0700,2019-11-20 15:26:00 -0700,29.6395
Melody’s Apple Watch,ms,2019-11-20 18:45:23 -0700,2019-11-20 18:46:24 -0700,40.3318
Melody’s Apple Watch,ms,2019-11-21 12:44:30 -0700,2019-11-21 12:45:30 -0700,67.431
Melody’s Apple Watch,ms,2019-11-25 17:34:58 -0700,2019-11-25 17:35:58 -0700,63.6136
Melody’s Apple Watch,ms,2019-11-25 23:24:38 -0700,2019-11-25 23:25:43 -0700,41.4209
Melody’s Apple Watch,ms,2019-11-26 01:24:35 -0700,2019-11-26 01:25:35 -0700,14.6842
Melody’s Apple Watch,ms,2019-11-26 13:34:47 -0700,2019-11-26 13:35:50 -0700,16.9134
Melody’s Apple Watch,ms,2019-11-26 20:02:10 -0700,2019-11-26 20:03:15 -0700,46.8155
Melody’s Apple Watch,ms,2019-11-27 15:00:53 -0700,2019-11-27 15:01:58 -0700,34.5805
Melody’s Apple Watch,ms,2019-11-27 15:34:34 -0700,2019-11-27 15:35:40 -0700,46.7052
Melody’s Apple Watch,ms,2019-11-27 19:45:41 -0700,2019-11-27 19:46:41 -0700,19.9844
Melody’s Apple Watch,ms,2019-11-28 16:11:43 -0700,2019-11-28 16:12:46 -0700,37.0561
Melody’s Apple Watch,ms,2019-11-30 02:07:42 -0700,2019-11-30 02:08:47 -0700,49.9806
Melody’s Apple Watch,ms,2019-12-01 18:09:33 -0700,2019-12-01 18:10:38 -0700,15.3348
Melody’s Apple Watch,ms,2019-12-01 19:17:56 -0700,2019-12-01 19:19:07 -0700,23.7177
Melody’s Apple Watch,ms,2019-12-01 19:34:06 -0700,2019-12-01 19:35:09 -0700,9.93259
Melody’s Apple Watch,ms,2019-12-02 14:19:44 -0700,2019-12-02 14:20:49 -0700,25.6503
Melody’s Apple Watch,ms,2019-12-02 19:38:19 -0700,2019-12-02 19:39:23 -0700,32.3941
Melody’s Apple Watch,ms,2019-12-03 16:06:20 -0700,2019-12-03 16:07:25 -0700,18.911
Melody’s Apple Watch,ms,2019-12-04 11:47:23 -0700,2019-12-04 11:48:24 -0700,33.2688
Melody’s Apple Watch,ms,2019-12-04 16:17:57 -0700,2019-12-04 16:19:03 -0700,23.7684
Melody’s Apple Watch,ms,2019-12-04 19:40:04 -0700,2019-12-04 19:41:08 -0700,29.8789
Melody’s Apple Watch,ms,2019-12-04 22:00:47 -0700,2019-12-04 22:01:52 -0700,25.3365
Melody’s Apple Watch,ms,2019-12-06 20:02:01 -0700,2019-12-06 20:03:07 -0700,33.5522
Melody’s Apple Watch,ms,2019-12-06 20:09:40 -0700,2019-12-06 20:10:44 -0700,18.5809
Melody’s Apple Watch,ms,2019-12-06 22:34:43 -0700,2019-12-06 22:35:48 -0700,48.8313
Melody’s Apple Watch,ms,2019-12-08 13:59:56 -0700,2019-12-08 14:00:57 -0700,41.6597
Melody’s Apple Watch,ms,2019-12-08 16:17:05 -0700,2019-12-08 16:18:06 -0700,40.432
Melody’s Apple Watch,ms,2019-12-08 20:41:44 -0700,2019-12-08 20:42:48 -0700,26.4386
Melody’s Apple Watch,ms,2019-12-08 22:32:19 -0700,2019-12-08 22:33:21 -0700,26.5094
Melody’s Apple Watch,ms,2019-12-09 18:10:40 -0700,2019-12-09 18:11:41 -0700,11.936
Melody’s Apple Watch,ms,2019-12-09 20:11:05 -0700,2019-12-09 20:12:10 -0700,54.0208
Melody’s Apple Watch,ms,2019-12-09 23:41:24 -0700,2019-12-09 23:42:25 -0700,29.1419
Melody’s Apple Watch,ms,2019-12-10 00:32:25 -0700,2019-12-10 00:33:29 -0700,41.5279
Melody’s Apple Watch,ms,2019-12-10 12:22:06 -0700,2019-12-10 12:23:11 -0700,31.753
Melody’s Apple Watch,ms,2019-12-10 20:11:58 -0700,2019-12-10 20:13:00 -0700,33.4617
Melody’s Apple Watch,ms,2019-12-11 00:09:36 -0700,2019-12-11 00:10:41 -0700,34.3202
Melody’s Apple Watch,ms,2019-12-11 08:51:38 -0700,2019-12-11 08:52:39 -0700,26.4988
Melody’s Apple Watch,ms,2019-12-11 23:28:38 -0700,2019-12-11 23:29:43 -0700,7.76007
Melody’s Apple Watch,ms,2019-12-11 23:31:44 -0700,2019-12-11 23:32:45 -0700,13.31
Melody’s Apple Watch,ms,2019-12-12 13:38:34 -0700,2019-12-12 13:39:39 -0700,30.0073
Melody’s Apple Watch,ms,2019-12-12 14:53:22 -0700,2019-12-12 14:54:28 -0700,24.6107
Melody’s Apple Watch,ms,2019-12-13 17:29:55 -0700,2019-12-13 17:30:59 -0700,15.4414
Melody’s Apple Watch,ms,2019-12-13 18:16:26 -0700,2019-12-13 18:17:26 -0700,19.2386
Melody’s Apple Watch,ms,2019-12-14 16:01:33 -0700,2019-12-14 16:02:34 -0700,30.6839
Melody’s Apple Watch,ms,2019-12-14 17:57:10 -0700,2019-12-14 17:58:16 -0700,40.6163
Melody’s Apple Watch,ms,2019-12-14 19:56:28 -0700,2019-12-14 19:57:31 -0700,40.5809
Melody’s Apple Watch,ms,2019-12-16 16:00:50 -0700,2019-12-16 16:01:55 -0700,49.7142
Melody’s Apple Watch,ms,2019-12-16 17:55:52 -0700,2019-12-16 17:56:52 -0700,19.6707
Melody’s Apple Watch,ms,2019-12-17 09:00:04 -0700,2019-12-17 09:01:07 -0700,20.393
Melody’s Apple Watch,ms,2019-12-18 11:56:51 -0700,2019-12-18 11:57:56 -0700,29.5867
Melody’s Apple Watch,ms,2019-12-18 15:14:34 -0700,2019-12-18 15:15:36 -0700,31.6188
Melody’s Apple Watch,ms,2019-12-18 22:06:45 -0700,2019-12-18 22:07:50 -0700,28.3874
Melody’s Apple Watch,ms,2019-12-19 11:39:17 -0700,2019-12-19 11:40:21 -0700,25.427
Melody’s Apple Watch,ms,2019-12-19 16:44:27 -0700,2019-12-19 16:45:32 -0700,17.6175
Melody’s Apple Watch,ms,2019-12-21 10:59:53 -0700,2019-12-21 11:00:58 -0700,63.4557
Melody’s Apple Watch,ms,2019-12-21 11:03:15 -0700,2019-12-21 11:04:20 -0700,32.6803
Melody’s Apple Watch,ms,2019-12-21 16:24:21 -0700,2019-12-21 16:25:27 -0700,44.2867
Melody’s Apple Watch,ms,2019-12-22 15:12:16 -0700,2019-12-22 15:13:17 -0700,22.5083
Melody’s Apple Watch,ms,2019-12-22 16:36:06 -0700,2019-12-22 16:37:07 -0700,16.8967
Melody’s Apple Watch,ms,2019-12-22 19:54:37 -0700,2019-12-22 19:55:42 -0700,15.1791
Melody’s Apple Watch,ms,2019-12-23 08:54:44 -0700,2019-12-23 08:55:47 -0700,19.4535
Melody’s Apple Watch,ms,2019-12-23 16:11:25 -0700,2019-12-23 16:12:26 -0700,30.4518
Melody’s Apple Watch,ms,2019-12-23 16:27:47 -0700,2019-12-23 16:28:53 -0700,43.2969
Melody’s Apple Watch,ms,2019-12-24 16:31:10 -0700,2019-12-24 16:32:15 -0700,28.8227
Melody’s Apple Watch,ms,2019-12-24 18:38:14 -0700,2019-12-24 18:39:19 -0700,37.7185
Melody’s Apple Watch,ms,2019-12-26 15:22:02 -0700,2019-12-26 15:23:03 -0700,36.7704
Melody’s Apple Watch,ms,2019-12-27 00:24:11 -0700,2019-12-27 00:25:16 -0700,22.9728
Melody’s Apple Watch,ms,2019-12-27 13:02:32 -0700,2019-12-27 13:03:38 -0700,27.9508
Melody’s Apple Watch,ms,2019-12-27 14:18:44 -0700,2019-12-27 14:19:49 -0700,36.4048
Melody’s Apple Watch,ms,2019-12-27 16:26:02 -0700,2019-12-27 16:27:03 -0700,56.2789
Melody’s Apple Watch,ms,2019-12-28 23:59:32 -0700,2019-12-29 00:00:32 -0700,16.4858
Melody’s Apple Watch,ms,2019-12-29 00:02:54 -0700,2019-12-29 00:03:59 -0700,9.1498
Melody’s Apple Watch,ms,2019-12-29 03:54:00 -0700,2019-12-29 03:55:05 -0700,12.3136
Melody’s Apple Watch,ms,2019-12-29 05:54:02 -0700,2019-12-29 05:55:07 -0700,25.3155
Melody’s Apple Watch,ms,2019-12-29 07:54:04 -0700,2019-12-29 07:55:09 -0700,27.4579
Melody’s Apple Watch,ms,2019-12-29 09:54:00 -0700,2019-12-29 09:55:06 -0700,47.5986
Melody’s Apple Watch,ms,2019-12-29 11:54:02 -0700,2019-12-29 11:55:07 -0700,50.4282
Melody’s Apple Watch,ms,2019-12-29 13:54:03 -0700,2019-12-29 13:55:04 -0700,41.1354
Melody’s Apple Watch,ms,2020-01-01 18:09:09 -0700,2020-01-01 18:10:20 -0700,63.0996
Melody’s Apple Watch,ms,2020-01-01 18:13:47 -0700,2020-01-01 18:14:52 -0700,31.1659
Melody’s Apple Watch,ms,2020-01-01 20:14:09 -0700,2020-01-01 20:15:14 -0700,30.4087
Melody’s Apple Watch,ms,2020-01-02 17:21:07 -0700,2020-01-02 17:22:09 -0700,32.619
Melody’s Apple Watch,ms,2020-01-02 21:54:29 -0700,2020-01-02 21:55:34 -0700,19.237
Melody’s Apple Watch,ms,2020-01-02 23:55:07 -0700,2020-01-02 23:56:12 -0700,23.8681
Melody’s Apple Watch,ms,2020-01-03 23:20:17 -0700,2020-01-03 23:21:18 -0700,33.3991
Melody’s Apple Watch,ms,2020-01-04 03:54:02 -0700,2020-01-04 03:55:07 -0700,26.4031
Melody’s Apple Watch,ms,2020-01-04 05:54:04 -0700,2020-01-04 05:55:09 -0700,37.5566
Melody’s Apple Watch,ms,2020-01-04 07:54:01 -0700,2020-01-04 07:55:06 -0700,69.41
Melody’s Apple Watch,ms,2020-01-04 09:54:02 -0700,2020-01-04 09:55:08 -0700,56.865
Melody’s Apple Watch,ms,2020-01-04 17:59:36 -0700,2020-01-04 18:00:39 -0700,32.0234
Melody’s Apple Watch,ms,2020-01-04 22:35:42 -0700,2020-01-04 22:36:47 -0700,24.2564
Melody’s Apple Watch,ms,2020-01-05 01:55:59 -0700,2020-01-05 01:57:04 -0700,22.4541
Melody’s Apple Watch,ms,2020-01-05 03:54:01 -0700,2020-01-05 03:55:07 -0700,37.0759
Melody’s Apple Watch,ms,2020-01-05 05:54:04 -0700,2020-01-05 05:55:08 -0700,33.9356
Melody’s Apple Watch,ms,2020-01-05 07:54:00 -0700,2020-01-05 07:55:05 -0700,35.5334
Melody’s Apple Watch,ms,2020-01-05 09:54:20 -0700,2020-01-05 09:55:22 -0700,54.9033
Melody’s Apple Watch,ms,2020-01-05 15:37:34 -0700,2020-01-05 15:38:35 -0700,24.0936
Melody’s Apple Watch,ms,2020-01-05 15:42:41 -0700,2020-01-05 15:43:46 -0700,24.7045
Melody’s Apple Watch,ms,2020-01-05 15:54:03 -0700,2020-01-05 15:55:08 -0700,29.33
Melody’s Apple Watch,ms,2020-01-05 17:56:21 -0700,2020-01-05 17:57:25 -0700,30.5727
Melody’s Apple Watch,ms,2020-01-05 23:45:13 -0700,2020-01-05 23:46:18 -0700,32.6497
Melody’s Apple Watch,ms,2020-01-06 19:43:54 -0700,2020-01-06 19:44:56 -0700,19.6628
Melody’s Apple Watch,ms,2020-01-06 19:54:17 -0700,2020-01-06 19:55:22 -0700,16.5265
Melody’s Apple Watch,ms,2020-01-06 21:54:00 -0700,2020-01-06 21:55:06 -0700,20.5502
Melody’s Apple Watch,ms,2020-01-06 23:54:03 -0700,2020-01-06 23:55:08 -0700,36.0962
Melody’s Apple Watch,ms,2020-01-07 01:54:00 -0700,2020-01-07 01:55:05 -0700,30.2552
Melody’s Apple Watch,ms,2020-01-07 03:54:00 -0700,2020-01-07 03:55:02 -0700,32.9621
Melody’s Apple Watch,ms,2020-01-07 05:54:04 -0700,2020-01-07 05:55:09 -0700,45.9674
Melody’s Apple Watch,ms,2020-01-07 09:07:28 -0700,2020-01-07 09:08:33 -0700,10.7674
Melody’s Apple Watch,ms,2020-01-07 14:19:23 -0700,2020-01-07 14:20:29 -0700,43.74
Melody’s Apple Watch,ms,2020-01-07 15:55:55 -0700,2020-01-07 15:56:56 -0700,40.8786
Melody’s Apple Watch,ms,2020-01-08 20:43:37 -0700,2020-01-08 20:44:37 -0700,41.0175
Melody’s Apple Watch,ms,2020-01-08 21:56:07 -0700,2020-01-08 21:57:11 -0700,23.3278
Melody’s Apple Watch,ms,2020-01-08 23:54:23 -0700,2020-01-08 23:55:28 -0700,49.1948
Melody’s Apple Watch,ms,2020-01-09 11:00:41 -0700,2020-01-09 11:01:47 -0700,51.8031
Melody’s Apple Watch,ms,2020-01-10 09:01:15 -0700,2020-01-10 09:02:20 -0700,106.76
Melody’s Apple Watch,ms,2020-01-10 09:03:27 -0700,2020-01-10 09:04:32 -0700,34.3657
Melody’s Apple Watch,ms,2020-01-10 11:24:57 -0700,2020-01-10 11:25:58 -0700,23.7592
Melody’s Apple Watch,ms,2020-01-10 22:40:45 -0700,2020-01-10 22:41:46 -0700,15.3114
Melody’s Apple Watch,ms,2020-01-10 23:54:02 -0700,2020-01-10 23:55:07 -0700,49.8636
Melody’s Apple Watch,ms,2020-01-11 15:55:27 -0700,2020-01-11 15:56:32 -0700,55.1113
Melody’s Apple Watch,ms,2020-01-15 18:22:15 -0700,2020-01-15 18:23:16 -0700,16.1507
Melody’s Apple Watch,ms,2020-01-15 18:44:26 -0700,2020-01-15 18:45:29 -0700,14.6725
Melody’s Apple Watch,ms,2020-01-15 22:06:10 -0700,2020-01-15 22:07:16 -0700,22.7088
Melody’s Apple Watch,ms,2020-01-15 22:12:03 -0700,2020-01-15 22:13:08 -0700,28.6455
Melody’s Apple Watch,ms,2020-01-16 00:11:57 -0700,2020-01-16 00:13:00 -0700,39.4509
Melody’s Apple Watch,ms,2020-01-18 16:55:13 -0700,2020-01-18 16:56:15 -0700,73.1911
Melody’s Apple Watch,ms,2020-01-20 16:50:28 -0700,2020-01-20 16:51:30 -0700,13.5404
Melody’s Apple Watch,ms,2020-01-20 18:28:40 -0700,2020-01-20 18:29:45 -0700,26.2744
Melody’s Apple Watch,ms,2020-01-20 21:03:46 -0700,2020-01-20 21:04:48 -0700,23.0054
Melody’s Apple Watch,ms,2020-01-20 22:12:02 -0700,2020-01-20 22:13:06 -0700,22.3341
Melody’s Apple Watch,ms,2020-01-21 21:00:48 -0700,2020-01-21 21:01:49 -0700,24.367
Melody’s Apple Watch,ms,2020-01-21 22:13:06 -0700,2020-01-21 22:14:11 -0700,31.1889
Melody’s Apple Watch,ms,2020-01-21 23:34:48 -0700,2020-01-21 23:35:51 -0700,30.6482
Melody’s Apple Watch,ms,2020-01-22 00:11:53 -0700,2020-01-22 00:12:58 -0700,51.7264
Melody’s Apple Watch,ms,2020-01-22 02:28:02 -0700,2020-01-22 02:29:07 -0700,77.8749
Melody’s Apple Watch,ms,2020-01-22 04:11:54 -0700,2020-01-22 04:12:59 -0700,55.9017
Melody’s Apple Watch,ms,2020-01-22 06:11:51 -0700,2020-01-22 06:12:56 -0700,50.4604
Melody’s Apple Watch,ms,2020-01-22 08:11:52 -0700,2020-01-22 08:12:57 -0700,58.5438
Melody’s Apple Watch,ms,2020-01-22 10:17:10 -0700,2020-01-22 10:18:15 -0700,33.3439
Melody’s Apple Watch,ms,2020-01-22 16:18:18 -0700,2020-01-22 16:19:22 -0700,31.4394
Melody’s Apple Watch,ms,2020-01-23 18:48:26 -0700,2020-01-23 18:49:31 -0700,27.434
Melody’s Apple Watch,ms,2020-01-23 23:17:33 -0700,2020-01-23 23:18:38 -0700,59.3649
Melody’s Apple Watch,ms,2020-01-24 00:29:36 -0700,2020-01-24 00:30:42 -0700,31.1388
Melody’s Apple Watch,ms,2020-01-24 20:51:53 -0700,2020-01-24 20:52:54 -0700,11.6344
Melody’s Apple Watch,ms,2020-01-25 00:33:07 -0700,2020-01-25 00:34:13 -0700,23.5916
Melody’s Apple Watch,ms,2020-01-25 02:11:55 -0700,2020-01-25 02:13:00 -0700,67.3883
Melody’s Apple Watch,ms,2020-01-25 04:11:51 -0700,2020-01-25 04:12:56 -0700,30.3912
Melody’s Apple Watch,ms,2020-01-25 06:11:54 -0700,2020-01-25 06:12:59 -0700,41.6458
Melody’s Apple Watch,ms,2020-01-25 08:28:37 -0700,2020-01-25 08:29:42 -0700,30.6084
Melody’s Apple Watch,ms,2020-01-25 10:12:39 -0700,2020-01-25 10:13:44 -0700,49.464
Melody’s Apple Watch,ms,2020-01-25 18:48:00 -0700,2020-01-25 18:49:00 -0700,46.3782
Melody’s Apple Watch,ms,2020-01-25 22:12:23 -0700,2020-01-25 22:13:24 -0700,29.1955
Melody’s Apple Watch,ms,2020-01-26 00:11:50 -0700,2020-01-26 00:12:56 -0700,39.8066
Melody’s Apple Watch,ms,2020-01-26 02:11:52 -0700,2020-01-26 02:12:57 -0700,31.1508
Melody’s Apple Watch,ms,2020-01-26 04:11:54 -0700,2020-01-26 04:12:59 -0700,40.1139
Melody’s Apple Watch,ms,2020-01-26 06:11:51 -0700,2020-01-26 06:12:56 -0700,79.4607
Melody’s Apple Watch,ms,2020-01-26 08:11:52 -0700,2020-01-26 08:12:57 -0700,50.2805
Melody’s Apple Watch,ms,2020-01-26 10:11:54 -0700,2020-01-26 10:12:59 -0700,77.5129
Melody’s Apple Watch,ms,2020-01-26 12:44:18 -0700,2020-01-26 12:45:23 -0700,92.8578
Melody’s Apple Watch,ms,2020-01-26 14:28:01 -0700,2020-01-26 14:29:06 -0700,90.8976
Melody’s Apple Watch,ms,2020-01-26 18:12:57 -0700,2020-01-26 18:13:59 -0700,41.067
Melody’s Apple Watch,ms,2020-01-26 22:16:13 -0700,2020-01-26 22:17:15 -0700,8.00586
Melody’s Apple Watch,ms,2020-01-27 00:35:44 -0700,2020-01-27 00:36:49 -0700,17.6157
Melody’s Apple Watch,ms,2020-01-27 02:12:06 -0700,2020-01-27 02:13:07 -0700,19.3407
Melody’s Apple Watch,ms,2020-01-27 04:11:51 -0700,2020-01-27 04:12:54 -0700,27.9106
Melody’s Apple Watch,ms,2020-01-27 06:11:50 -0700,2020-01-27 06:12:56 -0700,21.0476
Melody’s Apple Watch,ms,2020-01-27 08:11:52 -0700,2020-01-27 08:12:58 -0700,80.3002
Melody’s Apple Watch,ms,2020-01-27 10:41:54 -0700,2020-01-27 10:43:00 -0700,30.0292
Melody’s Apple Watch,ms,2020-01-27 14:12:45 -0700,2020-01-27 14:13:45 -0700,24.5815
Melody’s Apple Watch,ms,2020-01-27 16:35:59 -0700,2020-01-27 16:37:04 -0700,23.9361
Melody’s Apple Watch,ms,2020-01-27 21:45:56 -0700,2020-01-27 21:46:59 -0700,19.8274
Melody’s Apple Watch,ms,2020-01-27 22:07:21 -0700,2020-01-27 22:08:25 -0700,18.6179
Melody’s Apple Watch,ms,2020-01-27 22:11:55 -0700,2020-01-27 22:12:57 -0700,29.9416
Melody’s Apple Watch,ms,2020-01-28 01:05:49 -0700,2020-01-28 01:06:54 -0700,30.5747
Melody’s Apple Watch,ms,2020-01-28 02:11:56 -0700,2020-01-28 02:13:01 -0700,36.4692
Melody’s Apple Watch,ms,2020-01-28 04:11:53 -0700,2020-01-28 04:12:58 -0700,58.0194
Melody’s Apple Watch,ms,2020-01-28 06:11:55 -0700,2020-01-28 06:13:00 -0700,57.0033
Melody’s Apple Watch,ms,2020-01-28 10:13:20 -0700,2020-01-28 10:14:20 -0700,31.237
Melody’s Apple Watch,ms,2020-01-28 12:45:19 -0700,2020-01-28 12:46:25 -0700,35.4974
Melody’s Apple Watch,ms,2020-01-28 16:35:57 -0700,2020-01-28 16:37:02 -0700,38.4561
Melody’s Apple Watch,ms,2020-01-29 00:11:54 -0700,2020-01-29 00:12:59 -0700,37.0869
Melody’s Apple Watch,ms,2020-01-29 02:11:52 -0700,2020-01-29 02:12:57 -0700,32.9147
Melody’s Apple Watch,ms,2020-01-29 04:11:53 -0700,2020-01-29 04:12:59 -0700,76.1512
Melody’s Apple Watch,ms,2020-01-29 06:11:55 -0700,2020-01-29 06:12:55 -0700,72.9794
Melody’s Apple Watch,ms,2020-01-29 08:11:52 -0700,2020-01-29 08:12:57 -0700,81.5437
Melody’s Apple Watch,ms,2020-01-29 12:50:08 -0700,2020-01-29 12:51:09 -0700,46.5208
Melody’s Apple Watch,ms,2020-01-29 14:45:24 -0700,2020-01-29 14:46:26 -0700,23.721
Melody’s Apple Watch,ms,2020-01-29 17:40:01 -0700,2020-01-29 17:41:04 -0700,13.0372
Melody’s Apple Watch,ms,2020-01-29 19:21:07 -0700,2020-01-29 19:22:12 -0700,32.0917
Melody’s Apple Watch,ms,2020-01-29 22:44:46 -0700,2020-01-29 22:45:50 -0700,20.6791
Melody’s Apple Watch,ms,2020-01-30 13:18:00 -0700,2020-01-30 13:19:01 -0700,26.096
Melody’s Apple Watch,ms,2020-01-30 15:15:34 -0700,2020-01-30 15:16:40 -0700,91.057
Melody’s Apple Watch,ms,2020-01-30 21:17:35 -0700,2020-01-30 21:18:40 -0700,16.663
Melody’s Apple Watch,ms,2020-01-30 23:37:30 -0700,2020-01-30 23:38:31 -0700,23.7645
Melody’s Apple Watch,ms,2020-01-31 01:17:36 -0700,2020-01-31 01:18:38 -0700,22.7802
Melody’s Apple Watch,ms,2020-01-31 03:17:34 -0700,2020-01-31 03:18:40 -0700,40.3438
Melody’s Apple Watch,ms,2020-01-31 05:17:32 -0700,2020-01-31 05:18:37 -0700,52.4809
Melody’s Apple Watch,ms,2020-01-31 07:17:35 -0700,2020-01-31 07:18:38 -0700,40.4861
Melody’s Apple Watch,ms,2020-01-31 09:17:35 -0700,2020-01-31 09:18:40 -0700,39.1599
Melody’s Apple Watch,ms,2020-01-31 23:34:17 -0700,2020-01-31 23:35:21 -0700,47.9068
Melody’s Apple Watch,ms,2020-02-01 01:34:59 -0700,2020-02-01 01:36:00 -0700,66.9202
Melody’s Apple Watch,ms,2020-02-01 03:17:32 -0700,2020-02-01 03:18:37 -0700,45.8571
Melody’s Apple Watch,ms,2020-02-01 05:17:34 -0700,2020-02-01 05:18:39 -0700,9.1515
Melody’s Apple Watch,ms,2020-02-01 07:17:31 -0700,2020-02-01 07:18:36 -0700,48.6903
Melody’s Apple Watch,ms,2020-02-01 09:18:24 -0700,2020-02-01 09:19:28 -0700,59.9844
Melody’s Apple Watch,ms,2020-02-01 21:55:04 -0700,2020-02-01 21:56:10 -0700,22.5097
Melody’s Apple Watch,ms,2020-02-01 23:22:42 -0700,2020-02-01 23:23:47 -0700,18.6246
Melody’s Apple Watch,ms,2020-02-02 03:18:28 -0700,2020-02-02 03:19:32 -0700,30.2851
Melody’s Apple Watch,ms,2020-02-02 05:17:33 -0700,2020-02-02 05:18:34 -0700,28.8141
Melody’s Apple Watch,ms,2020-02-02 07:17:31 -0700,2020-02-02 07:18:36 -0700,41.8644
Melody’s Apple Watch,ms,2020-02-02 09:17:30 -0700,2020-02-02 09:18:33 -0700,65.7001
Melody’s Apple Watch,ms,2020-02-02 11:49:00 -0700,2020-02-02 11:50:06 -0700,32.4394
Melody’s Apple Watch,ms,2020-02-02 14:59:30 -0700,2020-02-02 15:00:30 -0700,44.3952
Melody’s Apple Watch,ms,2020-02-02 21:51:09 -0700,2020-02-02 21:52:12 -0700,45.4849
Melody’s Apple Watch,ms,2020-02-02 23:37:20 -0700,2020-02-02 23:38:25 -0700,21.9289
Melody’s Apple Watch,ms,2020-02-03 11:20:38 -0700,2020-02-03 11:21:42 -0700,48.1774
Melody’s Apple Watch,ms,2020-02-03 13:17:37 -0700,2020-02-03 13:18:38 -0700,85.4773
Melody’s Apple Watch,ms,2020-02-03 17:22:36 -0700,2020-02-03 17:23:42 -0700,48.1294
Melody’s Apple Watch,ms,2020-02-03 19:33:39 -0700,2020-02-03 19:34:44 -0700,42.8296
Melody’s Apple Watch,ms,2020-02-03 22:01:48 -0700,2020-02-03 22:02:52 -0700,37.8789
Melody’s Apple Watch,ms,2020-02-03 23:40:00 -0700,2020-02-03 23:41:05 -0700,43.6148
Melody’s Apple Watch,ms,2020-02-04 01:34:18 -0700,2020-02-04 01:35:19 -0700,40.8603
Melody’s Apple Watch,ms,2020-02-04 03:17:35 -0700,2020-02-04 03:18:41 -0700,31.1468
Melody’s Apple Watch,ms,2020-02-04 05:17:32 -0700,2020-02-04 05:18:37 -0700,47.0239
Melody’s Apple Watch,ms,2020-02-04 07:19:04 -0700,2020-02-04 07:20:09 -0700,73.2581
Melody’s Apple Watch,ms,2020-02-04 09:17:52 -0700,2020-02-04 09:18:58 -0700,15.5272
Melody’s Apple Watch,ms,2020-02-04 11:55:26 -0700,2020-02-04 11:56:31 -0700,31.299
Melody’s Apple Watch,ms,2020-02-04 15:20:12 -0700,2020-02-04 15:21:17 -0700,29.2201
Melody’s Apple Watch,ms,2020-02-05 13:40:46 -0700,2020-02-05 13:41:48 -0700,33.9513
Melody’s Apple Watch,ms,2020-02-05 17:27:33 -0700,2020-02-05 17:28:38 -0700,45.633
Melody’s Apple Watch,ms,2020-02-05 17:31:06 -0700,2020-02-05 17:32:10 -0700,40.2764
Melody’s Apple Watch,ms,2020-02-06 12:14:19 -0700,2020-02-06 12:15:20 -0700,24.9675
Melody’s Apple Watch,ms,2020-02-06 14:56:13 -0700,2020-02-06 14:57:19 -0700,50.7925
Melody’s Apple Watch,ms,2020-02-06 18:06:31 -0700,2020-02-06 18:07:36 -0700,18.7675
Melody’s Apple Watch,ms,2020-02-07 14:04:04 -0700,2020-02-07 14:05:10 -0700,35.9726
Melody’s Apple Watch,ms,2020-02-07 14:06:21 -0700,2020-02-07 14:07:22 -0700,12.7989
Melody’s Apple Watch,ms,2020-02-07 15:47:23 -0700,2020-02-07 15:48:29 -0700,34.4746
Melody’s Apple Watch,ms,2020-02-07 17:37:33 -0700,2020-02-07 17:38:36 -0700,36.4752
Melody’s Apple Watch,ms,2020-02-07 19:33:17 -0700,2020-02-07 19:34:22 -0700,55.9257
Melody’s Apple Watch,ms,2020-02-07 23:49:28 -0700,2020-02-07 23:50:33 -0700,53.6586
Melody’s Apple Watch,ms,2020-02-08 01:17:35 -0700,2020-02-08 01:18:40 -0700,26.1462
Melody’s Apple Watch,ms,2020-02-08 03:17:31 -0700,2020-02-08 03:18:33 -0700,91.9334
Melody’s Apple Watch,ms,2020-02-08 05:17:30 -0700,2020-02-08 05:18:35 -0700,47.8252
Melody’s Apple Watch,ms,2020-02-08 07:17:32 -0700,2020-02-08 07:18:37 -0700,78.4108
Melody’s Apple Watch,ms,2020-02-08 09:17:34 -0700,2020-02-08 09:18:38 -0700,60.8358
Melody’s Apple Watch,ms,2020-02-08 11:17:30 -0700,2020-02-08 11:18:35 -0700,128.559
Melody’s Apple Watch,ms,2020-02-08 15:17:36 -0700,2020-02-08 15:18:40 -0700,24.9499
Melody’s Apple Watch,ms,2020-02-08 21:51:11 -0700,2020-02-08 21:52:16 -0700,32.2151
Melody’s Apple Watch,ms,2020-02-09 11:13:59 -0700,2020-02-09 11:15:04 -0700,48.4613
Melody’s Apple Watch,ms,2020-02-09 11:18:36 -0700,2020-02-09 11:19:41 -0700,35.0268
Melody’s Apple Watch,ms,2020-02-09 15:15:22 -0700,2020-02-09 15:16:23 -0700,44.8769
Melody’s Apple Watch,ms,2020-02-10 14:36:11 -0700,2020-02-10 14:37:16 -0700,53.1625
Melody’s Apple Watch,ms,2020-02-10 14:54:35 -0700,2020-02-10 14:55:40 -0700,38.3251
Melody’s Apple Watch,ms,2020-02-10 15:17:31 -0700,2020-02-10 15:18:36 -0700,48.2856
Melody’s Apple Watch,ms,2020-02-10 20:24:17 -0700,2020-02-10 20:25:17 -0700,26.8124
Melody’s Apple Watch,ms,2020-02-10 21:39:20 -0700,2020-02-10 21:40:21 -0700,25.1166
Melody’s Apple Watch,ms,2020-02-10 23:20:08 -0700,2020-02-10 23:21:13 -0700,23.8341
Melody’s Apple Watch,ms,2020-02-11 01:17:34 -0700,2020-02-11 01:18:40 -0700,19.0033
Melody’s Apple Watch,ms,2020-02-11 03:17:31 -0700,2020-02-11 03:18:36 -0700,39.9875
Melody’s Apple Watch,ms,2020-02-11 05:17:33 -0700,2020-02-11 05:18:38 -0700,89.5202
Melody’s Apple Watch,ms,2020-02-11 07:17:35 -0700,2020-02-11 07:18:40 -0700,59.4601
Melody’s Apple Watch,ms,2020-02-11 11:37:05 -0700,2020-02-11 11:38:06 -0700,31.8699
Melody’s Apple Watch,ms,2020-02-11 14:44:50 -0700,2020-02-11 14:45:55 -0700,23.7289
Melody’s Apple Watch,ms,2020-02-11 15:20:38 -0700,2020-02-11 15:21:42 -0700,48.6692
Melody’s Apple Watch,ms,2020-02-11 17:42:18 -0700,2020-02-11 17:43:19 -0700,58.2859
Melody’s Apple Watch,ms,2020-02-11 19:40:19 -0700,2020-02-11 19:41:21 -0700,31.0292
Melody’s Apple Watch,ms,2020-02-11 23:22:56 -0700,2020-02-11 23:23:57 -0700,23.6458
Melody’s Apple Watch,ms,2020-02-12 01:17:34 -0700,2020-02-12 01:18:39 -0700,31.9022
Melody’s Apple Watch,ms,2020-02-12 03:17:30 -0700,2020-02-12 03:18:36 -0700,43.3727
Melody’s Apple Watch,ms,2020-02-12 07:17:32 -0700,2020-02-12 07:18:37 -0700,66.8609
Melody’s Apple Watch,ms,2020-02-12 09:17:33 -0700,2020-02-12 09:18:34 -0700,50.1647
Melody’s Apple Watch,ms,2020-02-12 15:34:44 -0700,2020-02-12 15:35:50 -0700,54.2074
Melody’s Apple Watch,ms,2020-02-12 19:55:02 -0700,2020-02-12 19:56:03 -0700,31.1338
Melody’s Apple Watch,ms,2020-02-12 21:49:17 -0700,2020-02-12 21:50:18 -0700,12.2806
Melody’s Apple Watch,ms,2020-02-12 23:43:17 -0700,2020-02-12 23:44:22 -0700,48.411
Melody’s Apple Watch,ms,2020-02-13 01:28:58 -0700,2020-02-13 01:30:01 -0700,45.2334
Melody’s Apple Watch,ms,2020-02-13 03:17:33 -0700,2020-02-13 03:18:38 -0700,38.6846
Melody’s Apple Watch,ms,2020-02-13 05:17:34 -0700,2020-02-13 05:18:40 -0700,58.0097
Melody’s Apple Watch,ms,2020-02-13 07:17:32 -0700,2020-02-13 07:18:36 -0700,74.7228
Melody’s Apple Watch,ms,2020-02-13 09:17:34 -0700,2020-02-13 09:18:35 -0700,35.4771
Melody’s Apple Watch,ms,2020-02-13 12:37:35 -0700,2020-02-13 12:38:38 -0700,19.9797
Melody’s Apple Watch,ms,2020-02-13 13:22:30 -0700,2020-02-13 13:23:35 -0700,32.6535
Melody’s Apple Watch,ms,2020-02-13 22:11:31 -0700,2020-02-13 22:12:32 -0700,47.0146
Melody’s Apple Watch,ms,2020-02-14 17:19:33 -0700,2020-02-14 17:20:38 -0700,49.5398
Melody’s Apple Watch,ms,2020-02-15 13:19:17 -0700,2020-02-15 13:20:20 -0700,33.608
Melody’s Apple Watch,ms,2020-02-15 17:17:35 -0700,2020-02-15 17:18:37 -0700,17.3826
Melody’s Apple Watch,ms,2020-02-15 19:17:32 -0700,2020-02-15 19:18:34 -0700,26.9676
Melody’s Apple Watch,ms,2020-02-15 23:04:20 -0700,2020-02-15 23:05:24 -0700,35.7954
Melody’s Apple Watch,ms,2020-02-16 22:14:18 -0700,2020-02-16 22:15:19 -0700,33.8858
Melody’s Apple Watch,ms,2020-02-16 22:57:10 -0700,2020-02-16 22:58:15 -0700,25.2636
Melody’s Apple Watch,ms,2020-02-17 00:58:35 -0700,2020-02-17 00:59:38 -0700,30.4395
Melody’s Apple Watch,ms,2020-02-17 14:34:00 -0700,2020-02-17 14:35:06 -0700,44.3741
Melody’s Apple Watch,ms,2020-02-17 20:03:47 -0700,2020-02-17 20:04:52 -0700,26.5718
Melody’s Apple Watch,ms,2020-02-18 02:11:12 -0700,2020-02-18 02:12:18 -0700,75.3633
Melody’s Apple Watch,ms,2020-02-18 02:56:51 -0700,2020-02-18 02:57:57 -0700,37.6314
Melody’s Apple Watch,ms,2020-02-18 04:39:44 -0700,2020-02-18 04:40:48 -0700,25.7852
Melody’s Apple Watch,ms,2020-02-18 06:39:45 -0700,2020-02-18 06:40:50 -0700,44.1149
Melody’s Apple Watch,ms,2020-02-18 11:10:43 -0700,2020-02-18 11:11:48 -0700,57.5815
Melody’s Apple Watch,ms,2020-02-18 12:59:41 -0700,2020-02-18 13:00:46 -0700,36.155
Melody’s Apple Watch,ms,2020-02-18 16:46:42 -0700,2020-02-18 16:47:47 -0700,17.2092
Melody’s Apple Watch,ms,2020-02-18 19:03:04 -0700,2020-02-18 19:04:05 -0700,32.0283
Melody’s Apple Watch,ms,2020-02-18 20:59:51 -0700,2020-02-18 21:00:54 -0700,31.6356
Melody’s Apple Watch,ms,2020-02-19 10:35:08 -0700,2020-02-19 10:36:13 -0700,40.4023
Melody’s Apple Watch,ms,2020-02-19 10:56:55 -0700,2020-02-19 10:57:56 -0700,26.2536
Melody’s Apple Watch,ms,2020-02-19 13:44:01 -0700,2020-02-19 13:45:06 -0700,75.0033
Melody’s Apple Watch,ms,2020-02-19 17:09:09 -0700,2020-02-19 17:10:14 -0700,41.5527
Melody’s Apple Watch,ms,2020-02-19 20:44:01 -0700,2020-02-19 20:45:05 -0700,20.756
Melody’s Apple Watch,ms,2020-02-19 22:56:43 -0700,2020-02-19 22:57:43 -0700,33.6749
Melody’s Apple Watch,ms,2020-02-20 00:39:45 -0700,2020-02-20 00:40:50 -0700,43.0886
Melody’s Apple Watch,ms,2020-02-20 02:39:47 -0700,2020-02-20 02:40:52 -0700,80.1693
Melody’s Apple Watch,ms,2020-02-20 04:39:44 -0700,2020-02-20 04:40:49 -0700,80.9992
Melody’s Apple Watch,ms,2020-02-20 06:39:46 -0700,2020-02-20 06:40:51 -0700,54.1964
Melody’s Apple Watch,ms,2020-02-20 08:39:47 -0700,2020-02-20 08:40:53 -0700,27.6089
Melody’s Apple Watch,ms,2020-02-20 12:24:07 -0700,2020-02-20 12:25:09 -0700,22.7067
Melody’s Apple Watch,ms,2020-02-21 12:39:46 -0700,2020-02-21 12:40:51 -0700,14.2982
Melody’s Apple Watch,ms,2020-02-21 13:07:36 -0700,2020-02-21 13:10:47 -0700,67.1733
Melody’s Apple Watch,ms,2020-02-21 16:45:07 -0700,2020-02-21 16:46:12 -0700,44.4093
Melody’s Apple Watch,ms,2020-02-22 01:03:52 -0700,2020-02-22 01:04:57 -0700,43.0015
Melody’s Apple Watch,ms,2020-02-23 11:37:13 -0700,2020-02-23 11:38:14 -0700,65.4962
Melody’s Apple Watch,ms,2020-02-23 12:39:46 -0700,2020-02-23 12:40:51 -0700,76.2873
Melody’s Apple Watch,ms,2020-02-23 16:42:24 -0700,2020-02-23 16:43:29 -0700,23.7579
Melody’s Apple Watch,ms,2020-02-23 19:04:58 -0700,2020-02-23 19:05:59 -0700,21.4009
Melody’s Apple Watch,ms,2020-02-23 20:41:16 -0700,2020-02-23 20:42:21 -0700,41.8621
Melody’s Apple Watch,ms,2020-02-24 01:42:50 -0700,2020-02-24 01:43:56 -0700,42.035
Melody’s Apple Watch,ms,2020-02-24 11:02:44 -0700,2020-02-24 11:03:49 -0700,7.88194
Melody’s Apple Watch,ms,2020-02-24 14:01:13 -0700,2020-02-24 14:02:16 -0700,19.8297
Melody’s Apple Watch,ms,2020-02-24 15:19:29 -0700,2020-02-24 15:20:30 -0700,17.8544
Melody’s Apple Watch,ms,2020-02-24 17:24:01 -0700,2020-02-24 17:25:04 -0700,40.0164
Melody’s Apple Watch,ms,2020-02-25 00:39:48 -0700,2020-02-25 00:40:52 -0700,27.1788
Melody’s Apple Watch,ms,2020-02-25 02:39:44 -0700,2020-02-25 02:40:49 -0700,21.9217
Melody’s Apple Watch,ms,2020-02-25 04:39:46 -0700,2020-02-25 04:40:51 -0700,44.2761
Melody’s Apple Watch,ms,2020-02-25 06:39:47 -0700,2020-02-25 06:40:53 -0700,48.7276
Melody’s Apple Watch,ms,2020-02-25 08:39:47 -0700,2020-02-25 08:40:50 -0700,39.9672
Melody’s Apple Watch,ms,2020-02-25 15:09:49 -0700,2020-02-25 15:10:49 -0700,19.5967
Melody’s Apple Watch,ms,2020-02-25 17:48:00 -0700,2020-02-25 17:49:02 -0700,30.9521
Melody’s Apple Watch,ms,2020-02-25 19:02:00 -0700,2020-02-25 19:03:00 -0700,22.0546
Melody’s Apple Watch,ms,2020-02-25 21:13:44 -0700,2020-02-25 21:14:49 -0700,20.9523
Melody’s Apple Watch,ms,2020-02-26 14:09:27 -0700,2020-02-26 14:10:33 -0700,34.8757
Melody’s Apple Watch,ms,2020-02-26 14:16:19 -0700,2020-02-26 14:17:20 -0700,23.7829
Melody’s Apple Watch,ms,2020-02-26 18:37:05 -0700,2020-02-26 18:38:07 -0700,17.6883
Melody’s Apple Watch,ms,2020-02-26 20:11:29 -0700,2020-02-26 20:12:30 -0700,19.5528
Melody’s Apple Watch,ms,2020-02-26 22:06:21 -0700,2020-02-26 22:07:27 -0700,24.5351
Melody’s Apple Watch,ms,2020-02-27 12:35:46 -0700,2020-02-27 12:36:51 -0700,31.1338
Melody’s Apple Watch,ms,2020-02-27 16:03:06 -0700,2020-02-27 16:04:08 -0700,44.6815
Melody’s Apple Watch,ms,2020-02-27 17:59:14 -0700,2020-02-27 18:00:15 -0700,36.9932
Melody’s Apple Watch,ms,2020-02-27 19:55:11 -0700,2020-02-27 19:56:12 -0700,28.1536
Melody’s Apple Watch,ms,2020-02-28 01:07:19 -0700,2020-02-28 01:08:25 -0700,44.7675
Melody’s Apple Watch,ms,2020-02-28 01:55:14 -0700,2020-02-28 01:56:16 -0700,41.1263
Melody’s Apple Watch,ms,2020-02-28 03:55:13 -0700,2020-02-28 03:56:18 -0700,56.9825
Melody’s Apple Watch,ms,2020-02-28 05:55:10 -0700,2020-02-28 05:56:15 -0700,84.9139
Melody’s Apple Watch,ms,2020-02-28 07:55:12 -0700,2020-02-28 07:56:17 -0700,42.6439
Melody’s Apple Watch,ms,2020-02-28 17:25:52 -0700,2020-02-28 17:26:56 -0700,40.51
Melody’s Apple Watch,ms,2020-03-02 08:35:33 -0700,2020-03-02 08:36:34 -0700,73.071
Melody’s Apple Watch,ms,2020-03-02 10:59:46 -0700,2020-03-02 11:00:47 -0700,24.4406
Melody’s Apple Watch,ms,2020-03-02 14:08:26 -0700,2020-03-02 14:09:31 -0700,40.9699
Melody’s Apple Watch,ms,2020-03-02 14:52:45 -0700,2020-03-02 14:53:48 -0700,27.4886
Melody’s Apple Watch,ms,2020-03-02 17:09:19 -0700,2020-03-02 17:10:21 -0700,49.1579
Melody’s Apple Watch,ms,2020-03-02 21:59:07 -0700,2020-03-02 22:00:12 -0700,28.7663
Melody’s Apple Watch,ms,2020-03-03 11:58:09 -0700,2020-03-03 11:59:10 -0700,43.7935
Melody’s Apple Watch,ms,2020-03-03 18:02:41 -0700,2020-03-03 18:03:46 -0700,27.5102
Melody’s Apple Watch,ms,2020-03-03 21:31:18 -0700,2020-03-03 21:32:18 -0700,20.9672
Melody’s Apple Watch,ms,2020-03-03 22:08:45 -0700,2020-03-03 22:09:51 -0700,29.3981
Melody’s Apple Watch,ms,2020-03-04 01:55:11 -0700,2020-03-04 01:56:16 -0700,37.0203
Melody’s Apple Watch,ms,2020-03-04 03:55:13 -0700,2020-03-04 03:56:19 -0700,123.336
Melody’s Apple Watch,ms,2020-03-04 05:55:10 -0700,2020-03-04 05:56:16 -0700,69.4244
Melody’s Apple Watch,ms,2020-03-04 07:55:13 -0700,2020-03-04 07:56:17 -0700,77.9214
Melody’s Apple Watch,ms,2020-03-04 14:07:21 -0700,2020-03-04 14:08:26 -0700,34.4511
Melody’s Apple Watch,ms,2020-03-05 16:10:37 -0700,2020-03-05 16:11:38 -0700,51.9116
Melody’s Apple Watch,ms,2020-03-05 19:06:46 -0700,2020-03-05 19:07:50 -0700,38.0029
Melody’s Apple Watch,ms,2020-03-05 20:29:29 -0700,2020-03-05 20:30:34 -0700,28.8368
Melody’s Apple Watch,ms,2020-03-06 00:33:31 -0700,2020-03-06 00:34:37 -0700,32.0166
Melody’s Apple Watch,ms,2020-03-06 10:19:21 -0700,2020-03-06 10:20:26 -0700,57.1385
Melody’s Apple Watch,ms,2020-03-06 17:07:54 -0700,2020-03-06 17:08:55 -0700,29.2596
Melody’s Apple Watch,ms,2020-03-06 18:13:47 -0700,2020-03-06 18:14:52 -0700,27.0728
Melody’s Apple Watch,ms,2020-03-06 20:40:41 -0700,2020-03-06 20:41:45 -0700,32.0585
Melody’s Apple Watch,ms,2020-03-06 22:10:31 -0700,2020-03-06 22:11:32 -0700,35.7308
Melody’s Apple Watch,ms,2020-03-07 08:42:55 -0700,2020-03-07 08:44:00 -0700,84.6604
Melody’s Apple Watch,ms,2020-03-07 14:15:42 -0700,2020-03-07 14:16:43 -0700,34.1266
Melody’s Apple Watch,ms,2020-03-07 15:47:43 -0700,2020-03-07 15:48:46 -0700,38.808
Melody’s Apple Watch,ms,2020-03-07 16:10:32 -0700,2020-03-07 16:11:37 -0700,53.8035
Melody’s Apple Watch,ms,2020-03-07 21:09:15 -0700,2020-03-07 21:10:21 -0700,20.5951
Melody’s Apple Watch,ms,2020-03-07 22:11:42 -0700,2020-03-07 22:12:47 -0700,20.8087
Melody’s Apple Watch,ms,2020-03-08 00:13:07 -0700,2020-03-08 00:14:12 -0700,28.6105
Melody’s Apple Watch,ms,2020-03-08 02:10:34 -0700,2020-03-08 02:11:39 -0700,49.2722
Melody’s Apple Watch,ms,2020-03-08 04:10:30 -0700,2020-03-08 04:11:36 -0700,67.4416
Melody’s Apple Watch,ms,2020-03-08 06:10:32 -0700,2020-03-08 06:11:38 -0700,61.6228
Melody’s Apple Watch,ms,2020-03-08 08:10:49 -0700,2020-03-08 08:11:54 -0700,57.2385
Melody’s Apple Watch,ms,2020-03-08 10:10:32 -0700,2020-03-08 10:11:36 -0700,70.655
Melody’s Apple Watch,ms,2020-03-08 12:10:33 -0700,2020-03-08 12:11:38 -0700,60.0312
Melody’s Apple Watch,ms,2020-03-08 18:31:18 -0700,2020-03-08 18:32:23 -0700,49.3204
Melody’s Apple Watch,ms,2020-03-08 20:10:32 -0700,2020-03-08 20:11:36 -0700,35.05
Melody’s Apple Watch,ms,2020-03-08 22:48:47 -0700,2020-03-08 22:49:53 -0700,29.7269
Melody’s Apple Watch,ms,2020-03-09 10:11:10 -0700,2020-03-09 10:12:15 -0700,58.1722
Melody’s Apple Watch,ms,2020-03-09 10:14:21 -0700,2020-03-09 10:15:22 -0700,28.5449
Melody’s Apple Watch,ms,2020-03-09 14:10:30 -0700,2020-03-09 14:11:36 -0700,30.3006
Melody’s Apple Watch,ms,2020-03-09 16:37:34 -0700,2020-03-09 16:38:35 -0700,16.4478
Melody’s Apple Watch,ms,2020-03-09 20:12:02 -0700,2020-03-09 20:13:07 -0700,45.4711
Melody’s Apple Watch,ms,2020-03-09 22:21:33 -0700,2020-03-09 22:22:35 -0700,28.3692
Melody’s Apple Watch,ms,2020-03-10 00:10:33 -0700,2020-03-10 00:11:37 -0700,40.3787
Melody’s Apple Watch,ms,2020-03-10 11:01:32 -0700,2020-03-10 11:02:35 -0700,48.4452
Melody’s Apple Watch,ms,2020-03-10 13:50:13 -0700,2020-03-10 13:51:23 -0700,56.18
Melody’s Apple Watch,ms,2020-03-10 14:14:57 -0700,2020-03-10 14:16:00 -0700,31.298
Melody’s Apple Watch,ms,2020-03-10 16:27:33 -0700,2020-03-10 16:28:39 -0700,44.8818
Melody’s Apple Watch,ms,2020-03-10 22:10:35 -0700,2020-03-10 22:11:38 -0700,21.7586
Melody’s Apple Watch,ms,2020-03-11 00:33:07 -0700,2020-03-11 00:34:13 -0700,36.6069
Melody’s Apple Watch,ms,2020-03-11 02:11:39 -0700,2020-03-11 02:12:40 -0700,30.8737
Melody’s Apple Watch,ms,2020-03-11 04:10:31 -0700,2020-03-11 04:11:37 -0700,58.9343
Melody’s Apple Watch,ms,2020-03-11 06:26:45 -0700,2020-03-11 06:27:50 -0700,46.0896
Melody’s Apple Watch,ms,2020-03-11 08:10:32 -0700,2020-03-11 08:11:37 -0700,76.1758
Melody’s Apple Watch,ms,2020-03-11 10:28:09 -0700,2020-03-11 10:29:10 -0700,26.7453
Melody’s Apple Watch,ms,2020-03-11 12:46:30 -0700,2020-03-11 12:47:35 -0700,41.1316
Melody’s Apple Watch,ms,2020-03-11 22:21:25 -0700,2020-03-11 22:22:26 -0700,12.105
Melody’s Apple Watch,ms,2020-03-12 00:10:32 -0700,2020-03-12 00:11:37 -0700,24.8269
Melody’s Apple Watch,ms,2020-03-12 02:11:10 -0700,2020-03-12 02:12:14 -0700,26.8677
Melody’s Apple Watch,ms,2020-03-12 04:10:31 -0700,2020-03-12 04:11:36 -0700,40.2244
Melody’s Apple Watch,ms,2020-03-12 06:10:33 -0700,2020-03-12 06:11:38 -0700,41.4533
Melody’s Apple Watch,ms,2020-03-12 08:10:30 -0700,2020-03-12 08:11:35 -0700,51.0233
Melody’s Apple Watch,ms,2020-03-12 12:42:04 -0700,2020-03-12 12:43:08 -0700,27.3404
Melody’s Apple Watch,ms,2020-03-12 23:57:08 -0700,2020-03-12 23:58:13 -0700,27.0278
Melody’s Apple Watch,ms,2020-03-13 00:10:29 -0700,2020-03-13 00:11:35 -0700,24.7146
Melody’s Apple Watch,ms,2020-03-13 02:10:30 -0700,2020-03-13 02:11:31 -0700,47.2467
Melody’s Apple Watch,ms,2020-03-13 04:10:30 -0700,2020-03-13 04:11:33 -0700,49.093
Melody’s Apple Watch,ms,2020-03-13 06:10:30 -0700,2020-03-13 06:11:35 -0700,48.7622
Melody’s Apple Watch,ms,2020-03-13 10:24:08 -0700,2020-03-13 10:25:13 -0700,37.8723
Melody’s Apple Watch,ms,2020-03-13 14:29:26 -0700,2020-03-13 14:30:27 -0700,49.1388
Melody’s Apple Watch,ms,2020-03-13 18:36:16 -0700,2020-03-13 18:37:22 -0700,24.1052
Melody’s Apple Watch,ms,2020-03-13 22:10:34 -0700,2020-03-13 22:11:39 -0700,34.2491
Melody’s Apple Watch,ms,2020-03-14 13:43:33 -0700,2020-03-14 13:44:38 -0700,34.4501
Melody’s Apple Watch,ms,2020-03-14 16:53:44 -0700,2020-03-14 16:54:49 -0700,22.4486
Melody’s Apple Watch,ms,2020-03-14 22:28:38 -0700,2020-03-14 22:29:44 -0700,24.5089
Melody’s Apple Watch,ms,2020-03-15 00:28:50 -0700,2020-03-15 00:29:56 -0700,52.798
Melody’s Apple Watch,ms,2020-03-16 13:16:40 -0700,2020-03-16 13:17:45 -0700,42.7529
Melody’s Apple Watch,ms,2020-03-16 14:29:11 -0700,2020-03-16 14:30:11 -0700,30.4626
Melody’s Apple Watch,ms,2020-03-16 16:39:35 -0700,2020-03-16 16:40:40 -0700,28.986
Melody’s Apple Watch,ms,2020-03-18 16:25:09 -0700,2020-03-18 16:26:14 -0700,47.5493
Melody’s Apple Watch,ms,2020-03-19 14:31:41 -0700,2020-03-19 14:32:42 -0700,20.9948
Melody’s Apple Watch,ms,2020-03-19 16:12:53 -0700,2020-03-19 16:13:53 -0700,58.2631
Melody’s Apple Watch,ms,2020-03-19 18:21:30 -0700,2020-03-19 18:22:35 -0700,23.4867
Melody’s Apple Watch,ms,2020-03-19 20:40:26 -0700,2020-03-19 20:41:31 -0700,32.8053
Melody’s Apple Watch,ms,2020-03-20 11:39:41 -0700,2020-03-20 11:40:46 -0700,46.8762
Melody’s Apple Watch,ms,2020-03-20 12:27:57 -0700,2020-03-20 12:29:00 -0700,47.6353
Melody’s Apple Watch,ms,2020-03-21 20:16:08 -0700,2020-03-21 20:17:12 -0700,23.3533
Melody’s Apple Watch,ms,2020-03-21 22:12:26 -0700,2020-03-21 22:13:31 -0700,28.7119
Melody’s Apple Watch,ms,2020-03-22 00:33:40 -0700,2020-03-22 00:34:43 -0700,26.0384
Melody’s Apple Watch,ms,2020-03-22 16:10:33 -0700,2020-03-22 16:11:38 -0700,39.5142
Melody’s Apple Watch,ms,2020-03-22 18:55:59 -0700,2020-03-22 18:57:04 -0700,33.6071
Melody’s Apple Watch,ms,2020-03-23 09:01:58 -0700,2020-03-23 09:02:59 -0700,35.0642
Melody’s Apple Watch,ms,2020-03-23 10:26:21 -0700,2020-03-23 10:27:26 -0700,29.688
Melody’s Apple Watch,ms,2020-03-23 12:53:00 -0700,2020-03-23 12:54:02 -0700,60.4333
Melody’s Apple Watch,ms,2020-03-23 14:10:34 -0700,2020-03-23 14:11:35 -0700,55.6732
Melody’s Apple Watch,ms,2020-03-23 18:10:31 -0700,2020-03-23 18:11:34 -0700,30.4159
Melody’s Apple Watch,ms,2020-03-23 20:58:37 -0700,2020-03-23 20:59:38 -0700,31.5916
Melody’s Apple Watch,ms,2020-03-24 14:28:07 -0700,2020-03-24 14:29:08 -0700,27.8747
Melody’s Apple Watch,ms,2020-03-24 16:41:36 -0700,2020-03-24 16:42:41 -0700,27.4932
Melody’s Apple Watch,ms,2020-03-24 20:12:42 -0700,2020-03-24 20:13:47 -0700,58.1539
Melody’s Apple Watch,ms,2020-03-24 22:21:09 -0700,2020-03-24 22:22:14 -0700,36.343
Melody’s Apple Watch,ms,2020-03-26 15:00:58 -0700,2020-03-26 15:02:03 -0700,24.664
Melody’s Apple Watch,ms,2020-03-26 16:02:03 -0700,2020-03-26 16:03:04 -0700,13.7784
Melody’s Apple Watch,ms,2020-03-26 18:48:08 -0700,2020-03-26 18:49:09 -0700,52.7417
Melody’s Apple Watch,ms,2020-03-26 22:10:30 -0700,2020-03-26 22:11:35 -0700,17.8448
Melody’s Apple Watch,ms,2020-03-27 08:44:53 -0700,2020-03-27 08:45:58 -0700,50.7863
Melody’s Apple Watch,ms,2020-03-27 09:06:57 -0700,2020-03-27 09:08:02 -0700,17.0386
Melody’s Apple Watch,ms,2020-03-27 12:48:09 -0700,2020-03-27 12:49:09 -0700,51.3572
Melody’s Apple Watch,ms,2020-03-27 18:10:30 -0700,2020-03-27 18:11:31 -0700,36.9907
Melody’s Apple Watch,ms,2020-03-27 20:34:53 -0700,2020-03-27 20:35:54 -0700,56.2656
Melody’s Apple Watch,ms,2020-03-29 22:28:42 -0700,2020-03-29 22:29:47 -0700,35.8626
Melody’s Apple Watch,ms,2020-03-30 00:32:09 -0700,2020-03-30 00:33:10 -0700,50.4523
Melody’s Apple Watch,ms,2020-03-31 00:49:12 -0700,2020-03-31 00:50:13 -0700,28.7304
Melody’s Apple Watch,ms,2020-04-03 09:54:33 -0700,2020-04-03 09:55:39 -0700,27.5023
Melody’s Apple Watch,ms,2020-04-03 09:56:45 -0700,2020-04-03 09:57:51 -0700,30.3212
Melody’s Apple Watch,ms,2020-04-03 11:46:53 -0700,2020-04-03 11:47:58 -0700,21.1572
Melody’s Apple Watch,ms,2020-04-03 14:34:22 -0700,2020-04-03 14:35:27 -0700,44.0802
Melody’s Apple Watch,ms,2020-04-06 16:20:38 -0700,2020-04-06 16:21:39 -0700,22.9701
Melody’s Apple Watch,ms,2020-04-06 19:49:16 -0700,2020-04-06 19:50:21 -0700,14.9656
Melody’s Apple Watch,ms,2020-04-06 22:02:17 -0700,2020-04-06 22:03:21 -0700,29.0802
Melody’s Apple Watch,ms,2020-04-07 00:07:30 -0700,2020-04-07 00:08:30 -0700,45.2341
Melody’s Apple Watch,ms,2020-04-07 01:46:22 -0700,2020-04-07 01:47:27 -0700,47.6911
Melody’s Apple Watch,ms,2020-04-07 03:46:22 -0700,2020-04-07 03:47:24 -0700,37.7732
Melody’s Apple Watch,ms,2020-04-07 06:02:27 -0700,2020-04-07 06:03:32 -0700,30.3026
Melody’s Apple Watch,ms,2020-04-07 23:15:52 -0700,2020-04-07 23:16:57 -0700,35.4013
Melody’s Apple Watch,ms,2020-04-07 23:47:29 -0700,2020-04-07 23:48:34 -0700,34.3111
Melody’s Apple Watch,ms,2020-04-08 01:46:21 -0700,2020-04-08 01:47:27 -0700,56.7759
Melody’s Apple Watch,ms,2020-04-08 04:02:25 -0700,2020-04-08 04:03:30 -0700,54.1618
Melody’s Apple Watch,ms,2020-04-08 06:02:28 -0700,2020-04-08 06:03:34 -0700,73.4732
Melody’s Apple Watch,ms,2020-04-08 07:46:25 -0700,2020-04-08 07:47:30 -0700,78.3055
Melody’s Apple Watch,ms,2020-04-08 19:46:24 -0700,2020-04-08 19:47:25 -0700,49.7811
Melody’s Apple Watch,ms,2020-04-08 23:47:12 -0700,2020-04-08 23:48:18 -0700,29.3471
Melody’s Apple Watch,ms,2020-04-11 21:27:09 -0700,2020-04-11 21:28:10 -0700,25.9398
Melody’s Apple Watch,ms,2020-04-11 22:14:20 -0700,2020-04-11 22:15:24 -0700,44.5442
Melody’s Apple Watch,ms,2020-04-12 00:01:54 -0700,2020-04-12 00:02:57 -0700,33.0908
Melody’s Apple Watch,ms,2020-04-13 08:27:37 -0700,2020-04-13 08:28:41 -0700,57.2118
Melody’s Apple Watch,ms,2020-04-13 11:27:31 -0700,2020-04-13 11:28:36 -0700,25.7166
Melody’s Apple Watch,ms,2020-04-13 14:17:19 -0700,2020-04-13 14:18:21 -0700,17.1154
Melody’s Apple Watch,ms,2020-04-13 16:43:47 -0700,2020-04-13 16:44:48 -0700,19.6461
Melody’s Apple Watch,ms,2020-04-13 21:47:18 -0700,2020-04-13 21:48:21 -0700,13.8902
Melody’s Apple Watch,ms,2020-04-16 09:50:26 -0700,2020-04-16 09:51:32 -0700,39.8419
Melody’s Apple Watch,ms,2020-04-16 13:48:22 -0700,2020-04-16 13:49:27 -0700,26.8747
Melody’s Apple Watch,ms,2020-04-16 17:59:27 -0700,2020-04-16 18:00:28 -0700,34.4084
Melody’s Apple Watch,ms,2020-04-17 12:30:59 -0700,2020-04-17 12:32:04 -0700,65.4036
Melody’s Apple Watch,ms,2020-04-19 12:17:33 -0700,2020-04-19 12:18:34 -0700,40.2741
Melody’s Apple Watch,ms,2020-04-19 13:47:23 -0700,2020-04-19 13:48:27 -0700,44.5228
Melody’s Apple Watch,ms,2020-04-19 18:25:42 -0700,2020-04-19 18:26:46 -0700,17.423
Melody’s Apple Watch,ms,2020-04-19 20:22:03 -0700,2020-04-19 20:23:08 -0700,43.5739
Melody’s Apple Watch,ms,2020-04-20 00:20:19 -0700,2020-04-20 00:21:24 -0700,28.9903
Melody’s Apple Watch,ms,2020-04-20 01:47:21 -0700,2020-04-20 01:48:26 -0700,30.3593
Melody’s Apple Watch,ms,2020-04-20 03:47:18 -0700,2020-04-20 03:48:23 -0700,11.9896
Melody’s Apple Watch,ms,2020-04-20 05:47:21 -0700,2020-04-20 05:48:25 -0700,24.8747
Melody’s Apple Watch,ms,2020-04-20 07:47:22 -0700,2020-04-20 07:48:27 -0700,31.289
Melody’s Apple Watch,ms,2020-04-20 09:47:22 -0700,2020-04-20 09:48:27 -0700,17.1063
Melody’s Apple Watch,ms,2020-04-21 13:49:31 -0700,2020-04-21 13:50:33 -0700,30.8525
Melody’s Apple Watch,ms,2020-04-21 15:47:20 -0700,2020-04-21 15:48:25 -0700,32.6094
Melody’s Apple Watch,ms,2020-04-21 18:58:15 -0700,2020-04-21 18:59:16 -0700,11.6122
Melody’s Apple Watch,ms,2020-04-22 09:47:26 -0700,2020-04-22 09:48:26 -0700,19.2695
Melody’s Apple Watch,ms,2020-04-22 11:54:07 -0700,2020-04-22 11:55:08 -0700,46.3425
Melody’s Apple Watch,ms,2020-04-22 13:51:33 -0700,2020-04-22 13:52:35 -0700,30.1735
Melody’s Apple Watch,ms,2020-04-22 16:41:45 -0700,2020-04-22 16:42:51 -0700,24.881
Melody’s Apple Watch,ms,2020-04-22 17:48:47 -0700,2020-04-22 17:49:53 -0700,36.6316
Melody’s Apple Watch,ms,2020-04-23 20:04:22 -0700,2020-04-23 20:05:25 -0700,24.1473
Melody’s Apple Watch,ms,2020-04-23 21:48:56 -0700,2020-04-23 21:49:57 -0700,12.9675
Melody’s Apple Watch,ms,2020-04-24 00:25:50 -0700,2020-04-24 00:26:54 -0700,27.8489
Melody’s Apple Watch,ms,2020-04-26 21:30:51 -0700,2020-04-26 21:31:56 -0700,10.2179
Melody’s Apple Watch,ms,2020-04-26 22:35:23 -0700,2020-04-26 22:36:28 -0700,13.2027
Melody’s Apple Watch,ms,2020-04-27 08:52:07 -0700,2020-04-27 08:53:07 -0700,40.5863
Melody’s Apple Watch,ms,2020-04-27 11:46:51 -0700,2020-04-27 11:47:55 -0700,18.4323
Melody’s Apple Watch,ms,2020-04-27 20:37:39 -0700,2020-04-27 20:38:39 -0700,40.2655
Melody’s Apple Watch,ms,2020-04-27 22:35:11 -0700,2020-04-27 22:36:17 -0700,12.6923
Melody’s Apple Watch,ms,2020-04-28 01:56:39 -0700,2020-04-28 01:57:44 -0700,35.0339
Melody’s Apple Watch,ms,2020-04-28 02:32:51 -0700,2020-04-28 02:33:56 -0700,31.75
Melody’s Apple Watch,ms,2020-04-28 04:32:07 -0700,2020-04-28 04:33:13 -0700,28.5788
Melody’s Apple Watch,ms,2020-04-28 06:32:05 -0700,2020-04-28 06:33:10 -0700,44.8706
Melody’s Apple Watch,ms,2020-04-28 13:28:06 -0700,2020-04-28 13:29:11 -0700,13.5819
Melody’s Apple Watch,ms,2020-04-28 17:05:33 -0700,2020-04-28 17:06:37 -0700,22.2935
Melody’s Apple Watch,ms,2020-04-28 18:32:52 -0700,2020-04-28 18:33:53 -0700,20.9605
Melody’s Apple Watch,ms,2020-04-28 20:33:45 -0700,2020-04-28 20:34:46 -0700,16.2615
Melody’s Apple Watch,ms,2020-04-29 09:37:10 -0700,2020-04-29 09:38:13 -0700,43.4058
Melody’s Apple Watch,ms,2020-04-29 17:05:25 -0700,2020-04-29 17:06:25 -0700,35.3456
Melody’s Apple Watch,ms,2020-04-29 19:06:53 -0700,2020-04-29 19:07:59 -0700,24.3066
Melody’s Apple Watch,ms,2020-04-30 14:32:37 -0700,2020-04-30 14:33:42 -0700,32.5903
Melody’s Apple Watch,ms,2020-04-30 16:32:04 -0700,2020-04-30 16:33:09 -0700,36.8951
Melody’s Apple Watch,ms,2020-04-30 20:33:03 -0700,2020-04-30 20:34:07 -0700,30.8494
Melody’s Apple Watch,ms,2020-05-01 01:26:26 -0700,2020-05-01 01:27:31 -0700,39.2635
Melody’s Apple Watch,ms,2020-05-01 13:29:25 -0700,2020-05-01 13:30:26 -0700,19.1156
Melody’s Apple Watch,ms,2020-05-01 14:32:07 -0700,2020-05-01 14:33:13 -0700,49.6078
Melody’s Apple Watch,ms,2020-05-01 18:09:48 -0700,2020-05-01 18:10:50 -0700,51.3967
Melody’s Apple Watch,ms,2020-05-01 19:04:26 -0700,2020-05-01 19:05:28 -0700,23.2567
Melody’s Apple Watch,ms,2020-05-01 20:33:59 -0700,2020-05-01 20:35:02 -0700,19.1768
Melody’s Apple Watch,ms,2020-05-05 09:01:23 -0700,2020-05-05 09:02:27 -0700,18.3593
Melody’s Apple Watch,ms,2020-05-05 10:33:56 -0700,2020-05-05 10:34:57 -0700,27.7094
Melody’s Apple Watch,ms,2020-05-05 16:55:41 -0700,2020-05-05 16:56:46 -0700,20.0343
Melody’s Apple Watch,ms,2020-05-06 12:27:11 -0700,2020-05-06 12:28:16 -0700,35.9253
Melody’s Apple Watch,ms,2020-05-06 15:22:25 -0700,2020-05-06 15:23:25 -0700,51.4873
Melody’s Apple Watch,ms,2020-05-06 16:32:07 -0700,2020-05-06 16:33:12 -0700,36.0832
Melody’s Apple Watch,ms,2020-05-06 18:38:06 -0700,2020-05-06 18:39:09 -0700,30.9273
Melody’s Apple Watch,ms,2020-05-06 20:51:47 -0700,2020-05-06 20:52:52 -0700,42.9433
Melody’s Apple Watch,ms,2020-05-06 22:34:19 -0700,2020-05-06 22:35:24 -0700,28.664
Melody’s Apple Watch,ms,2020-05-07 15:28:10 -0700,2020-05-07 15:29:11 -0700,14.6789
Melody’s Apple Watch,ms,2020-05-07 18:47:50 -0700,2020-05-07 18:48:56 -0700,8.53852
Melody’s Apple Watch,ms,2020-05-07 21:21:31 -0700,2020-05-07 21:22:34 -0700,14.5215
Melody’s Apple Watch,ms,2020-05-07 23:00:49 -0700,2020-05-07 23:01:49 -0700,35.4524
Melody’s Apple Watch,ms,2020-05-08 00:32:07 -0700,2020-05-08 00:33:13 -0700,15.9746
Melody’s Apple Watch,ms,2020-05-08 08:52:22 -0700,2020-05-08 08:53:27 -0700,41.8569
Melody’s Apple Watch,ms,2020-05-08 12:02:22 -0700,2020-05-08 12:03:28 -0700,38.8877
Melody’s Apple Watch,ms,2020-05-08 21:01:35 -0700,2020-05-08 21:02:40 -0700,18.9291
Melody’s Apple Watch,ms,2020-05-08 22:56:45 -0700,2020-05-08 22:57:50 -0700,31.4692
Melody’s Apple Watch,ms,2020-05-09 00:40:42 -0700,2020-05-09 00:41:42 -0700,35.5985
Melody’s Apple Watch,ms,2020-05-09 23:18:04 -0700,2020-05-09 23:19:09 -0700,35.602
Melody’s Apple Watch,ms,2020-05-10 02:48:14 -0700,2020-05-10 02:49:19 -0700,41.1339
Melody’s Apple Watch,ms,2020-05-10 04:32:10 -0700,2020-05-10 04:33:11 -0700,48.8883
Melody’s Apple Watch,ms,2020-05-10 06:32:03 -0700,2020-05-10 06:33:08 -0700,75.0758
Melody’s Apple Watch,ms,2020-05-10 08:32:08 -0700,2020-05-10 08:33:10 -0700,45.183
Melody’s Apple Watch,ms,2020-05-10 10:56:55 -0700,2020-05-10 10:57:56 -0700,47.7912
Melody’s Apple Watch,ms,2020-05-10 20:36:21 -0700,2020-05-10 20:37:24 -0700,30.2252
Melody’s Apple Watch,ms,2020-05-11 00:32:08 -0700,2020-05-11 00:33:09 -0700,46.5329
Melody’s Apple Watch,ms,2020-05-11 02:32:11 -0700,2020-05-11 02:33:16 -0700,21.9901
Melody’s Apple Watch,ms,2020-05-11 04:32:07 -0700,2020-05-11 04:33:08 -0700,57.2052
Melody’s Apple Watch,ms,2020-05-11 06:32:06 -0700,2020-05-11 06:33:10 -0700,86.8281
Melody’s Apple Watch,ms,2020-05-11 08:48:14 -0700,2020-05-11 08:49:19 -0700,66.3994
Melody’s Apple Watch,ms,2020-05-11 16:37:45 -0700,2020-05-11 16:38:46 -0700,42.5088
Melody’s Apple Watch,ms,2020-05-11 19:43:33 -0700,2020-05-11 19:44:35 -0700,37.5366
Melody’s Apple Watch,ms,2020-05-11 20:13:46 -0700,2020-05-11 20:14:47 -0700,41.454
Melody’s Apple Watch,ms,2020-05-11 20:32:33 -0700,2020-05-11 20:33:39 -0700,29.1789
Melody’s Apple Watch,ms,2020-05-11 22:53:48 -0700,2020-05-11 22:54:53 -0700,22.2022
Melody’s Apple Watch,ms,2020-05-12 10:44:47 -0700,2020-05-12 10:45:53 -0700,16.6808
Melody’s Apple Watch,ms,2020-05-12 10:47:36 -0700,2020-05-12 10:48:40 -0700,16.4507
Melody’s Apple Watch,ms,2020-05-12 20:20:58 -0700,2020-05-12 20:22:03 -0700,16.4934
Melody’s Apple Watch,ms,2020-05-12 20:24:27 -0700,2020-05-12 20:25:30 -0700,17.5143
Melody’s Apple Watch,ms,2020-05-14 17:11:42 -0700,2020-05-14 17:12:47 -0700,35.1123
Melody’s Apple Watch,ms,2020-05-14 18:41:18 -0700,2020-05-14 18:42:19 -0700,36.5257
Melody’s Apple Watch,ms,2020-05-15 18:20:51 -0700,2020-05-15 18:21:53 -0700,25.3402
Melody’s Apple Watch,ms,2020-05-15 18:38:58 -0700,2020-05-15 18:39:11 -0700,7.61372
Melody’s Apple Watch,ms,2020-05-15 18:50:57 -0700,2020-05-15 18:52:01 -0700,33.4813
Melody’s Apple Watch,ms,2020-05-15 20:53:44 -0700,2020-05-15 20:54:45 -0700,30.6013
Melody’s Apple Watch,ms,2020-05-20 11:18:40 -0700,2020-05-20 11:19:42 -0700,24.3381
Melody’s Apple Watch,ms,2020-05-20 18:09:23 -0700,2020-05-20 18:10:24 -0700,35.6362
Melody’s Apple Watch,ms,2020-05-21 15:05:47 -0700,2020-05-21 15:06:52 -0700,30.1517
Melody’s Apple Watch,ms,2020-05-21 19:05:32 -0700,2020-05-21 19:06:37 -0700,56.3793
Melody’s Apple Watch,ms,2020-05-21 20:55:38 -0700,2020-05-21 20:56:43 -0700,30.8606
Melody’s Apple Watch,ms,2020-05-22 00:55:43 -0700,2020-05-22 00:56:44 -0700,60.1062
Melody’s Apple Watch,ms,2020-05-22 02:55:40 -0700,2020-05-22 02:56:46 -0700,51.3663
Melody’s Apple Watch,ms,2020-05-22 04:55:41 -0700,2020-05-22 04:56:42 -0700,95.5252
Melody’s Apple Watch,ms,2020-05-22 07:55:25 -0700,2020-05-22 07:56:30 -0700,35.5185
Melody’s Apple Watch,ms,2020-05-22 08:55:42 -0700,2020-05-22 08:56:47 -0700,20.4068
Melody’s Apple Watch,ms,2020-05-22 14:36:57 -0700,2020-05-22 14:38:01 -0700,23.0183
Melody’s Apple Watch,ms,2020-05-22 15:13:09 -0700,2020-05-22 15:14:10 -0700,26.7091
Melody’s Apple Watch,ms,2020-05-22 17:04:54 -0700,2020-05-22 17:05:56 -0700,18.0087
Melody’s Apple Watch,ms,2020-05-22 19:04:13 -0700,2020-05-22 19:05:18 -0700,18.3337
Melody’s Apple Watch,ms,2020-05-22 21:01:19 -0700,2020-05-22 21:02:20 -0700,22.2886
Melody’s Apple Watch,ms,2020-05-22 22:57:21 -0700,2020-05-22 22:58:26 -0700,16.5567
Melody’s Apple Watch,ms,2020-05-23 20:07:42 -0700,2020-05-23 20:08:42 -0700,26.383
Melody’s Apple Watch,ms,2020-05-23 21:02:05 -0700,2020-05-23 21:03:10 -0700,31.1809
Melody’s Apple Watch,ms,2020-05-24 01:18:02 -0700,2020-05-24 01:19:08 -0700,55.0415
Melody’s Apple Watch,ms,2020-05-24 03:13:50 -0700,2020-05-24 03:14:52 -0700,34.7824
Melody’s Apple Watch,ms,2020-05-24 05:14:44 -0700,2020-05-24 05:15:46 -0700,45.167
Melody’s Apple Watch,ms,2020-05-24 06:55:43 -0700,2020-05-24 06:56:48 -0700,32.9782
Melody’s Apple Watch,ms,2020-05-24 08:55:41 -0700,2020-05-24 08:56:46 -0700,33.5596
Melody’s Apple Watch,ms,2020-05-24 10:55:42 -0700,2020-05-24 10:56:48 -0700,68.1295
Melody’s Apple Watch,ms,2020-05-24 15:05:35 -0700,2020-05-24 15:06:39 -0700,26.256
Melody’s Apple Watch,ms,2020-05-24 19:25:53 -0700,2020-05-24 19:26:58 -0700,39.9875
Melody’s Apple Watch,ms,2020-05-24 23:00:12 -0700,2020-05-24 23:01:13 -0700,19.9656
Melody’s Apple Watch,ms,2020-05-25 03:30:22 -0700,2020-05-25 03:31:27 -0700,28.8401
Melody’s Apple Watch,ms,2020-05-25 14:35:01 -0700,2020-05-25 14:36:06 -0700,66.4125
Melody’s Apple Watch,ms,2020-05-25 15:31:07 -0700,2020-05-25 15:32:10 -0700,25.2741
Melody’s Apple Watch,ms,2020-05-25 16:56:58 -0700,2020-05-25 16:58:03 -0700,26.6822
Melody’s Apple Watch,ms,2020-05-25 19:15:07 -0700,2020-05-25 19:16:12 -0700,30.5563
Melody’s Apple Watch,ms,2020-05-25 21:41:21 -0700,2020-05-25 21:42:22 -0700,18.0883
Melody’s Apple Watch,ms,2020-05-25 23:02:08 -0700,2020-05-25 23:03:09 -0700,31.3618
Melody’s Apple Watch,ms,2020-05-26 04:55:41 -0700,2020-05-26 04:56:46 -0700,79.7073
Melody’s Apple Watch,ms,2020-05-26 07:01:06 -0700,2020-05-26 07:02:07 -0700,24.3619
Melody’s Apple Watch,ms,2020-05-26 08:55:39 -0700,2020-05-26 08:56:44 -0700,51.9254
Melody’s Apple Watch,ms,2020-05-26 10:55:41 -0700,2020-05-26 10:56:46 -0700,97.5961
Melody’s Apple Watch,ms,2020-05-26 12:57:58 -0700,2020-05-26 12:58:59 -0700,19.5304
Melody’s Apple Watch,ms,2020-05-26 15:01:07 -0700,2020-05-26 15:02:11 -0700,47.471
Melody’s Apple Watch,ms,2020-05-26 17:50:25 -0700,2020-05-26 17:51:30 -0700,27.2339
Melody’s Apple Watch,ms,2020-05-26 19:51:38 -0700,2020-05-26 19:52:41 -0700,46.9235
Melody’s Apple Watch,ms,2020-05-26 21:02:00 -0700,2020-05-26 21:03:04 -0700,16.6396
Melody’s Apple Watch,ms,2020-05-27 04:59:15 -0700,2020-05-27 05:00:17 -0700,30.8884
Melody’s Apple Watch,ms,2020-05-27 05:01:48 -0700,2020-05-27 05:02:54 -0700,19.9656
Melody’s Apple Watch,ms,2020-05-27 09:16:50 -0700,2020-05-27 09:17:54 -0700,14.6693
Melody’s Apple Watch,ms,2020-05-27 11:34:06 -0700,2020-05-27 11:35:07 -0700,36.231
Melody’s Apple Watch,ms,2020-05-28 15:06:53 -0700,2020-05-28 15:07:54 -0700,21.0394
Melody’s Apple Watch,ms,2020-05-28 19:20:17 -0700,2020-05-28 19:21:23 -0700,22.1564
Melody’s Apple Watch,ms,2020-05-29 20:53:45 -0700,2020-05-29 20:54:49 -0700,14.1056
Melody’s Apple Watch,ms,2020-05-29 20:58:40 -0700,2020-05-29 20:59:46 -0700,61.1928
Melody’s Apple Watch,ms,2020-05-31 13:47:59 -0700,2020-05-31 13:49:05 -0700,48.4375
Melody’s Apple Watch,ms,2020-06-01 18:46:37 -0700,2020-06-01 18:47:41 -0700,15.9119
Melody’s Apple Watch,ms,2020-06-01 20:39:53 -0700,2020-06-01 20:40:58 -0700,27.18
Melody’s Apple Watch,ms,2020-06-01 22:39:50 -0700,2020-06-01 22:40:55 -0700,37.5242
Melody’s Apple Watch,ms,2020-06-02 01:02:05 -0700,2020-06-02 01:03:06 -0700,39.3772
Melody’s Apple Watch,ms,2020-06-02 12:47:52 -0700,2020-06-02 12:48:55 -0700,15.1358
Melody’s Apple Watch,ms,2020-06-02 12:50:01 -0700,2020-06-02 12:51:02 -0700,14.9776
Melody’s Apple Watch,ms,2020-06-02 15:53:17 -0700,2020-06-02 15:54:19 -0700,8.7714
Melody’s Apple Watch,ms,2020-06-02 16:59:51 -0700,2020-06-02 17:00:52 -0700,13.4594
Melody’s Apple Watch,ms,2020-06-02 19:21:52 -0700,2020-06-02 19:22:57 -0700,16.5274
Melody’s Apple Watch,ms,2020-06-03 12:11:53 -0700,2020-06-03 12:12:59 -0700,19.5168
Melody’s Apple Watch,ms,2020-06-03 14:09:52 -0700,2020-06-03 14:10:53 -0700,17.4937
Melody’s Apple Watch,ms,2020-06-03 17:43:24 -0700,2020-06-03 17:44:25 -0700,20.1463
Melody’s Apple Watch,ms,2020-06-04 19:27:48 -0700,2020-06-04 19:28:49 -0700,20.0234
Melody’s Apple Watch,ms,2020-06-04 21:14:41 -0700,2020-06-04 21:15:46 -0700,40.3159
Melody’s Apple Watch,ms,2020-06-04 23:30:44 -0700,2020-06-04 23:31:49 -0700,24.8609
Melody’s Apple Watch,ms,2020-06-05 01:31:14 -0700,2020-06-05 01:32:19 -0700,68.7632
Melody’s Apple Watch,ms,2020-06-05 03:14:40 -0700,2020-06-05 03:15:46 -0700,31.7116
Melody’s Apple Watch,ms,2020-06-05 17:39:19 -0700,2020-06-05 17:40:25 -0700,29.7416
Melody’s Apple Watch,ms,2020-06-05 19:48:28 -0700,2020-06-05 19:49:34 -0700,15.0312
Melody’s Apple Watch,ms,2020-06-05 21:40:35 -0700,2020-06-05 21:41:36 -0700,11.0057
Melody’s Apple Watch,ms,2020-06-06 14:59:44 -0700,2020-06-06 15:00:45 -0700,22.9653
Melody’s Apple Watch,ms,2020-06-06 15:14:37 -0700,2020-06-06 15:15:42 -0700,30.8352
Melody’s Apple Watch,ms,2020-06-06 17:19:20 -0700,2020-06-06 17:20:26 -0700,25.4657
Melody’s Apple Watch,ms,2020-06-06 21:21:20 -0700,2020-06-06 21:22:25 -0700,40.7339
Melody’s Apple Watch,ms,2020-06-07 22:55:54 -0700,2020-06-07 22:56:45 -0700,14.6416
Melody’s Apple Watch,ms,2020-06-07 22:57:52 -0700,2020-06-07 22:58:57 -0700,21.3878
Melody’s Apple Watch,ms,2020-06-07 23:14:43 -0700,2020-06-07 23:15:48 -0700,38.3137
Melody’s Apple Watch,ms,2020-06-08 01:33:22 -0700,2020-06-08 01:34:27 -0700,29.9406
Melody’s Apple Watch,ms,2020-06-08 03:14:42 -0700,2020-06-08 03:15:44 -0700,74.7521
Melody’s Apple Watch,ms,2020-06-08 05:14:38 -0700,2020-06-08 05:15:41 -0700,37.7227
Melody’s Apple Watch,ms,2020-06-08 07:29:53 -0700,2020-06-08 07:30:58 -0700,58.1711
Melody’s Apple Watch,ms,2020-06-08 09:14:40 -0700,2020-06-08 09:15:44 -0700,58.228
Melody’s Apple Watch,ms,2020-06-08 12:12:14 -0700,2020-06-08 12:13:19 -0700,19.1597
Melody’s Apple Watch,ms,2020-06-08 13:35:55 -0700,2020-06-08 13:36:58 -0700,47.8357
Melody’s Apple Watch,ms,2020-06-10 15:14:40 -0700,2020-06-10 15:15:46 -0700,36.8519
Melody’s Apple Watch,ms,2020-06-10 17:26:47 -0700,2020-06-10 17:27:47 -0700,13.8778
Melody’s Apple Watch,ms,2020-06-11 08:16:26 -0700,2020-06-11 08:17:31 -0700,34.392
Melody’s Apple Watch,ms,2020-06-11 12:13:51 -0700,2020-06-11 12:14:53 -0700,26.9548
Melody’s Apple Watch,ms,2020-06-11 14:16:12 -0700,2020-06-11 14:17:17 -0700,15.9501
Melody’s Apple Watch,ms,2020-06-11 16:18:13 -0700,2020-06-11 16:19:15 -0700,9.63068
Melody’s Apple Watch,ms,2020-06-11 18:41:52 -0700,2020-06-11 18:42:58 -0700,25.1091
Melody’s Apple Watch,ms,2020-06-11 19:19:44 -0700,2020-06-11 19:20:50 -0700,18.7783
Melody’s Apple Watch,ms,2020-06-11 22:15:34 -0700,2020-06-11 22:16:38 -0700,27.5772
Melody’s Apple Watch,ms,2020-06-11 23:23:47 -0700,2020-06-11 23:24:50 -0700,34.5552
Melody’s Apple Watch,ms,2020-06-12 03:14:41 -0700,2020-06-12 03:15:46 -0700,36.7534
Melody’s Apple Watch,ms,2020-06-12 05:14:40 -0700,2020-06-12 05:15:42 -0700,32.1072
Melody’s Apple Watch,ms,2020-06-12 07:14:39 -0700,2020-06-12 07:15:44 -0700,34.6365
Melody’s Apple Watch,ms,2020-06-12 09:14:41 -0700,2020-06-12 09:15:46 -0700,43.1226
Melody’s Apple Watch,ms,2020-06-12 14:15:49 -0700,2020-06-12 14:16:50 -0700,25.3414
Melody’s Apple Watch,ms,2020-06-12 14:44:28 -0700,2020-06-12 14:45:29 -0700,24.5662
Melody’s Apple Watch,ms,2020-06-12 15:14:36 -0700,2020-06-12 15:15:41 -0700,19.7974
Melody’s Apple Watch,ms,2020-06-12 19:25:01 -0700,2020-06-12 19:26:02 -0700,41.4352
Melody’s Apple Watch,ms,2020-06-12 21:15:42 -0700,2020-06-12 21:16:43 -0700,17.1391
Melody’s Apple Watch,ms,2020-06-12 23:14:44 -0700,2020-06-12 23:15:45 -0700,29.5698
Melody’s Apple Watch,ms,2020-06-13 12:33:37 -0700,2020-06-13 12:34:39 -0700,32.0254
Melody’s Apple Watch,ms,2020-06-13 18:17:43 -0700,2020-06-13 18:18:44 -0700,84.4501
Melody’s Apple Watch,ms,2020-06-13 20:22:20 -0700,2020-06-13 20:23:21 -0700,31.495
Melody’s Apple Watch,ms,2020-06-14 11:18:51 -0700,2020-06-14 11:19:56 -0700,33.9641
Melody’s Apple Watch,ms,2020-06-14 13:35:27 -0700,2020-06-14 13:36:30 -0700,26.3889
Melody’s Apple Watch,ms,2020-06-14 19:50:14 -0700,2020-06-14 19:51:14 -0700,27.6677
Melody’s Apple Watch,ms,2020-06-14 20:28:58 -0700,2020-06-14 20:30:01 -0700,26.8445
Melody’s Apple Watch,ms,2020-06-14 22:19:58 -0700,2020-06-14 22:21:03 -0700,22.5486
Melody’s Apple Watch,ms,2020-06-15 12:36:14 -0700,2020-06-15 12:37:16 -0700,39.6043
Melody’s Apple Watch,ms,2020-06-15 14:19:55 -0700,2020-06-15 14:20:59 -0700,50.6434
Melody’s Apple Watch,ms,2020-06-15 16:18:52 -0700,2020-06-15 16:19:56 -0700,25.1918
Melody’s Apple Watch,ms,2020-06-15 20:19:10 -0700,2020-06-15 20:20:12 -0700,27.3244
Melody’s Apple Watch,ms,2020-06-16 12:26:55 -0700,2020-06-16 12:27:56 -0700,46.8201
Melody’s Apple Watch,ms,2020-06-16 16:42:26 -0700,2020-06-16 16:43:27 -0700,15.3134
Melody’s Apple Watch,ms,2020-06-16 19:32:11 -0700,2020-06-16 19:33:12 -0700,37.2685
Melody’s Apple Watch,ms,2020-06-16 20:20:52 -0700,2020-06-16 20:21:55 -0700,36.5701
Melody’s Apple Watch,ms,2020-06-16 22:35:43 -0700,2020-06-16 22:36:48 -0700,15.0665
Melody’s Apple Watch,ms,2020-06-17 10:09:45 -0700,2020-06-17 10:10:49 -0700,24.3683
Melody’s Apple Watch,ms,2020-06-17 16:30:19 -0700,2020-06-17 16:31:24 -0700,30.749
Melody’s Apple Watch,ms,2020-06-17 20:30:30 -0700,2020-06-17 20:31:34 -0700,33.1436
Melody’s Apple Watch,ms,2020-06-17 22:13:55 -0700,2020-06-17 22:15:00 -0700,24.6602
Melody’s Apple Watch,ms,2020-06-18 00:09:47 -0700,2020-06-18 00:10:52 -0700,34.2162
Melody’s Apple Watch,ms,2020-06-18 02:25:51 -0700,2020-06-18 02:26:56 -0700,51.4429
Melody’s Apple Watch,ms,2020-06-18 04:09:47 -0700,2020-06-18 04:10:53 -0700,54.0706
Melody’s Apple Watch,ms,2020-06-18 12:09:44 -0700,2020-06-18 12:10:46 -0700,30.5701
Melody’s Apple Watch,ms,2020-06-18 16:39:32 -0700,2020-06-18 16:40:37 -0700,21.7701
Melody’s Apple Watch,ms,2020-06-18 18:12:49 -0700,2020-06-18 18:13:54 -0700,51.7289
Melody’s Apple Watch,ms,2020-06-18 20:10:22 -0700,2020-06-18 20:11:27 -0700,52.8979
Melody’s Apple Watch,ms,2020-06-18 22:09:47 -0700,2020-06-18 22:10:49 -0700,19.8793
Melody’s Apple Watch,ms,2020-06-19 10:15:18 -0700,2020-06-19 10:16:20 -0700,104.965
Melody’s Apple Watch,ms,2020-06-19 12:40:46 -0700,2020-06-19 12:41:51 -0700,36.461
Melody’s Apple Watch,ms,2020-06-19 16:59:11 -0700,2020-06-19 17:00:13 -0700,25.9928
Melody’s Apple Watch,ms,2020-06-19 19:31:03 -0700,2020-06-19 19:32:04 -0700,26.7833
Melody’s Apple Watch,ms,2020-06-19 22:11:20 -0700,2020-06-19 22:12:21 -0700,17.7896
Melody’s Apple Watch,ms,2020-06-20 00:25:54 -0700,2020-06-20 00:27:00 -0700,20.4037
Melody’s Apple Watch,ms,2020-06-20 02:09:46 -0700,2020-06-20 02:10:51 -0700,18.1418
Melody’s Apple Watch,ms,2020-06-20 04:10:48 -0700,2020-06-20 04:11:53 -0700,22.3914
Melody’s Apple Watch,ms,2020-06-20 06:09:46 -0700,2020-06-20 06:10:50 -0700,28.5351
Melody’s Apple Watch,ms,2020-06-20 08:09:47 -0700,2020-06-20 08:10:52 -0700,33.0227
Melody’s Apple Watch,ms,2020-06-20 17:43:20 -0700,2020-06-20 17:44:20 -0700,30.5256
Melody’s Apple Watch,ms,2020-06-20 18:46:08 -0700,2020-06-20 18:47:09 -0700,24.0013
Melody’s Apple Watch,ms,2020-06-20 20:22:02 -0700,2020-06-20 20:23:07 -0700,29.8538
Melody’s Apple Watch,ms,2020-06-20 22:11:09 -0700,2020-06-20 22:12:13 -0700,48.9132
Melody’s Apple Watch,ms,2020-06-21 00:09:45 -0700,2020-06-21 00:10:50 -0700,37.3062
Melody’s Apple Watch,ms,2020-06-21 12:45:30 -0700,2020-06-21 12:46:33 -0700,42.96
Melody’s Apple Watch,ms,2020-06-21 12:48:54 -0700,2020-06-21 12:49:55 -0700,23.3894
Melody’s Apple Watch,ms,2020-06-21 15:38:23 -0700,2020-06-21 15:39:23 -0700,21.5697
Melody’s Apple Watch,ms,2020-06-21 16:16:29 -0700,2020-06-21 16:17:30 -0700,41.9061
Melody’s Apple Watch,ms,2020-06-21 19:50:10 -0700,2020-06-21 19:51:15 -0700,45.0527
Melody’s Apple Watch,ms,2020-06-21 23:30:56 -0700,2020-06-21 23:31:59 -0700,40.5301
Melody’s Apple Watch,ms,2020-06-21 23:33:05 -0700,2020-06-21 23:34:11 -0700,35.6274
Melody’s Apple Watch,ms,2020-06-22 00:12:07 -0700,2020-06-22 00:13:12 -0700,49.8159
Melody’s Apple Watch,ms,2020-06-22 07:36:16 -0700,2020-06-22 07:37:21 -0700,52.2386
Melody’s Apple Watch,ms,2020-06-22 08:09:47 -0700,2020-06-22 08:10:53 -0700,67.2565
Melody’s Apple Watch,ms,2020-06-22 10:09:44 -0700,2020-06-22 10:10:49 -0700,57.4032
Melody’s Apple Watch,ms,2020-06-22 14:44:05 -0700,2020-06-22 14:45:08 -0700,45.4663
Melody’s Apple Watch,ms,2020-06-22 16:26:34 -0700,2020-06-22 16:27:39 -0700,30.0177
Melody’s Apple Watch,ms,2020-06-22 18:38:47 -0700,2020-06-22 18:39:51 -0700,22.0156
Melody’s Apple Watch,ms,2020-06-22 20:36:09 -0700,2020-06-22 20:37:15 -0700,27.7511
Melody’s Apple Watch,ms,2020-06-23 15:21:51 -0700,2020-06-23 15:22:56 -0700,5.34585
Melody’s Apple Watch,ms,2020-06-23 15:47:28 -0700,2020-06-23 15:48:30 -0700,15.1647
Melody’s Apple Watch,ms,2020-06-23 16:28:42 -0700,2020-06-23 16:29:43 -0700,31.9051
Melody’s Apple Watch,ms,2020-06-23 21:26:39 -0700,2020-06-23 21:27:40 -0700,17.2482
Melody’s Apple Watch,ms,2020-06-23 23:28:36 -0700,2020-06-23 23:29:37 -0700,11.8546
Melody’s Apple Watch,ms,2020-06-24 08:50:59 -0700,2020-06-24 08:52:04 -0700,31.227
Melody’s Apple Watch,ms,2020-06-24 08:53:13 -0700,2020-06-24 08:54:16 -0700,28.01
Melody’s Apple Watch,ms,2020-06-24 12:45:43 -0700,2020-06-24 12:46:44 -0700,49.5517
Melody’s Apple Watch,ms,2020-06-24 12:49:20 -0700,2020-06-24 12:50:21 -0700,32.0015
Melody’s Apple Watch,ms,2020-06-24 16:13:34 -0700,2020-06-24 16:14:39 -0700,25.8445
Melody’s Apple Watch,ms,2020-06-24 18:10:53 -0700,2020-06-24 18:11:56 -0700,45.4044
Melody’s Apple Watch,ms,2020-06-25 14:09:04 -0700,2020-06-25 14:10:05 -0700,34.5371
Melody’s Apple Watch,ms,2020-06-25 14:16:51 -0700,2020-06-25 14:17:52 -0700,40.9428
Melody’s Apple Watch,ms,2020-06-25 19:05:05 -0700,2020-06-25 19:06:10 -0700,36.767
Melody’s Apple Watch,ms,2020-06-25 20:25:01 -0700,2020-06-25 20:26:02 -0700,62.1224
Melody’s Apple Watch,ms,2020-06-25 22:11:09 -0700,2020-06-25 22:12:14 -0700,17.8553
Melody’s Apple Watch,ms,2020-06-26 14:09:43 -0700,2020-06-26 14:10:49 -0700,34.5697
Melody’s Apple Watch,ms,2020-06-26 20:09:44 -0700,2020-06-26 20:10:45 -0700,18.0139
Melody’s Apple Watch,ms,2020-06-27 02:09:48 -0700,2020-06-27 02:10:53 -0700,21.5566
Melody’s Apple Watch,ms,2020-06-27 04:09:45 -0700,2020-06-27 04:10:50 -0700,26.1797
Melody’s Apple Watch,ms,2020-06-27 06:09:46 -0700,2020-06-27 06:10:51 -0700,44.7584
Melody’s Apple Watch,ms,2020-06-27 08:10:08 -0700,2020-06-27 08:11:13 -0700,41.8136
Melody’s Apple Watch,ms,2020-06-27 10:21:50 -0700,2020-06-27 10:22:55 -0700,55.9754
Melody’s Apple Watch,ms,2020-06-27 20:10:18 -0700,2020-06-27 20:11:23 -0700,33.977
Melody’s Apple Watch,ms,2020-06-28 15:17:20 -0700,2020-06-28 15:18:20 -0700,15.6784
Melody’s Apple Watch,ms,2020-06-28 16:12:46 -0700,2020-06-28 16:13:48 -0700,21.5276
Melody’s Apple Watch,ms,2020-06-28 18:09:44 -0700,2020-06-28 18:10:49 -0700,36.2685
Melody’s Apple Watch,ms,2020-06-28 20:12:51 -0700,2020-06-28 20:13:56 -0700,46.4099
Melody’s Apple Watch,ms,2020-06-29 00:13:33 -0700,2020-06-29 00:14:38 -0700,50.5309
Melody’s Apple Watch,ms,2020-06-29 11:09:36 -0700,2020-06-29 11:10:37 -0700,40.1419
Melody’s Apple Watch,ms,2020-06-29 22:06:16 -0700,2020-06-29 22:07:21 -0700,13.2842
Melody’s Apple Watch,ms,2020-06-30 14:17:40 -0700,2020-06-30 14:18:45 -0700,36.8621
Melody’s Apple Watch,ms,2020-06-30 19:09:07 -0700,2020-06-30 19:10:12 -0700,30.9233
Melody’s Apple Watch,ms,2020-07-01 00:09:46 -0700,2020-07-01 00:10:52 -0700,41.5211
Melody’s Apple Watch,ms,2020-07-01 17:23:14 -0700,2020-07-01 17:24:19 -0700,17.4696
Melody’s Apple Watch,ms,2020-07-01 23:22:28 -0700,2020-07-01 23:23:29 -0700,55.9252
Melody’s Apple Watch,ms,2020-07-02 00:25:32 -0700,2020-07-02 00:26:32 -0700,22.7486
Melody’s Apple Watch,ms,2020-07-02 01:37:14 -0700,2020-07-02 01:38:20 -0700,36.7857
Melody’s Apple Watch,ms,2020-07-02 03:07:06 -0700,2020-07-02 03:08:11 -0700,31.9599
Melody’s Apple Watch,ms,2020-07-02 05:07:08 -0700,2020-07-02 05:08:13 -0700,32.3207
Melody’s Apple Watch,ms,2020-07-02 07:07:05 -0700,2020-07-02 07:08:10 -0700,38.8072
Melody’s Apple Watch,ms,2020-07-02 09:07:07 -0700,2020-07-02 09:08:12 -0700,48.871
Melody’s Apple Watch,ms,2020-07-02 17:18:15 -0700,2020-07-02 17:19:20 -0700,28.7261
Melody’s Apple Watch,ms,2020-07-02 17:22:43 -0700,2020-07-02 17:23:47 -0700,18.1779
Melody’s Apple Watch,ms,2020-07-03 01:07:06 -0700,2020-07-03 01:08:11 -0700,30.9667
Melody’s Apple Watch,ms,2020-07-03 03:07:08 -0700,2020-07-03 03:08:13 -0700,49.5435
Melody’s Apple Watch,ms,2020-07-03 05:07:05 -0700,2020-07-03 05:08:10 -0700,36.5445
Melody’s Apple Watch,ms,2020-07-03 07:07:21 -0700,2020-07-03 07:08:27 -0700,38.1772
Melody’s Apple Watch,ms,2020-07-03 11:07:06 -0700,2020-07-03 11:08:07 -0700,26.145
Melody’s Apple Watch,ms,2020-07-03 13:09:03 -0700,2020-07-03 13:10:04 -0700,34.8828
Melody’s Apple Watch,ms,2020-07-03 19:51:36 -0700,2020-07-03 19:52:38 -0700,27.2844
Melody’s Apple Watch,ms,2020-07-04 15:20:02 -0700,2020-07-04 15:21:03 -0700,55.3737
Melody’s Apple Watch,ms,2020-07-04 17:47:04 -0700,2020-07-04 17:48:05 -0700,49.4254
Melody’s Apple Watch,ms,2020-07-04 19:11:01 -0700,2020-07-04 19:12:02 -0700,21.0861
Melody’s Apple Watch,ms,2020-07-04 21:07:04 -0700,2020-07-04 21:08:09 -0700,69.8856
Melody’s Apple Watch,ms,2020-07-05 01:07:05 -0700,2020-07-05 01:08:10 -0700,34.0533
Melody’s Apple Watch,ms,2020-07-05 03:07:06 -0700,2020-07-05 03:08:07 -0700,52.9776
Melody’s Apple Watch,ms,2020-07-05 05:07:28 -0700,2020-07-05 05:08:34 -0700,49.3521
Melody’s Apple Watch,ms,2020-07-05 07:07:05 -0700,2020-07-05 07:08:11 -0700,70.0678
Melody’s Apple Watch,ms,2020-07-05 09:07:07 -0700,2020-07-05 09:08:12 -0700,64.499
Melody’s Apple Watch,ms,2020-07-06 00:24:18 -0700,2020-07-06 00:25:19 -0700,18.4238
Melody’s Apple Watch,ms,2020-07-06 01:08:00 -0700,2020-07-06 01:09:06 -0700,22.0482
Melody’s Apple Watch,ms,2020-07-06 03:23:14 -0700,2020-07-06 03:24:19 -0700,25.6832
Melody’s Apple Watch,ms,2020-07-06 07:08:00 -0700,2020-07-06 07:09:05 -0700,58.6707
Melody’s Apple Watch,ms,2020-07-06 09:07:07 -0700,2020-07-06 09:08:12 -0700,27.1546
Melody’s Apple Watch,ms,2020-07-06 11:23:11 -0700,2020-07-06 11:24:16 -0700,70.5319
Melody’s Apple Watch,ms,2020-07-06 14:29:35 -0700,2020-07-06 14:30:40 -0700,45.2824
Melody’s Apple Watch,ms,2020-07-06 15:11:27 -0700,2020-07-06 15:12:32 -0700,40.8832
Melody’s Apple Watch,ms,2020-07-06 22:35:24 -0700,2020-07-06 22:36:29 -0700,25.807
Melody’s Apple Watch,ms,2020-07-07 11:21:51 -0700,2020-07-07 11:22:56 -0700,29.813
Melody’s Apple Watch,ms,2020-07-07 21:21:08 -0700,2020-07-07 21:22:13 -0700,24.2796
Melody’s Apple Watch,ms,2020-07-07 21:41:40 -0700,2020-07-07 21:42:45 -0700,20.5396
Melody’s Apple Watch,ms,2020-07-08 11:50:31 -0700,2020-07-08 11:51:32 -0700,24.1001
Melody’s Apple Watch,ms,2020-07-08 13:32:44 -0700,2020-07-08 13:33:45 -0700,26.3451
Melody’s Apple Watch,ms,2020-07-08 21:51:03 -0700,2020-07-08 21:52:07 -0700,30.7246
Melody’s Apple Watch,ms,2020-07-08 22:10:45 -0700,2020-07-08 22:11:45 -0700,31.604
Melody’s Apple Watch,ms,2020-07-09 16:10:21 -0700,2020-07-09 16:11:27 -0700,40.1754
Melody’s Apple Watch,ms,2020-07-09 18:34:48 -0700,2020-07-09 18:35:54 -0700,26.477
Melody’s Apple Watch,ms,2020-07-09 19:08:57 -0700,2020-07-09 19:10:00 -0700,21.3819
Melody’s Apple Watch,ms,2020-07-09 23:12:42 -0700,2020-07-09 23:13:47 -0700,22.1091
Melody’s Apple Watch,ms,2020-07-10 16:18:23 -0700,2020-07-10 16:19:29 -0700,30.3016
Melody’s Apple Watch,ms,2020-07-10 19:07:03 -0700,2020-07-10 19:08:08 -0700,63.6273
Melody’s Apple Watch,ms,2020-07-11 18:58:23 -0700,2020-07-11 18:59:28 -0700,34.8165
Melody’s Apple Watch,ms,2020-07-11 21:00:54 -0700,2020-07-11 21:01:55 -0700,13.4757
Melody’s Apple Watch,ms,2020-07-11 22:57:25 -0700,2020-07-11 22:58:30 -0700,35.6721
Melody’s Apple Watch,ms,2020-07-12 13:11:31 -0700,2020-07-12 13:12:36 -0700,8.72317
Melody’s Apple Watch,ms,2020-07-14 10:57:58 -0700,2020-07-14 10:59:03 -0700,29.8234
Melody’s Apple Watch,ms,2020-07-14 11:00:10 -0700,2020-07-14 11:01:15 -0700,34.155
Melody’s Apple Watch,ms,2020-07-14 15:54:51 -0700,2020-07-14 15:55:56 -0700,22.5818
Melody’s Apple Watch,ms,2020-07-14 16:48:00 -0700,2020-07-14 16:49:04 -0700,51.3742
Melody’s Apple Watch,ms,2020-07-14 18:46:37 -0700,2020-07-14 18:47:38 -0700,35.5695
Melody’s Apple Watch,ms,2020-07-15 11:15:29 -0700,2020-07-15 11:16:33 -0700,25.5453
Melody’s Apple Watch,ms,2020-07-15 12:22:16 -0700,2020-07-15 12:23:17 -0700,18.9679
Melody’s Apple Watch,ms,2020-07-15 17:09:05 -0700,2020-07-15 17:10:07 -0700,25.8711
Melody’s Apple Watch,ms,2020-07-15 18:20:13 -0700,2020-07-15 18:21:18 -0700,26.5165
Melody’s Apple Watch,ms,2020-07-15 21:06:48 -0700,2020-07-15 21:07:50 -0700,18.977
Melody’s Apple Watch,ms,2020-07-16 13:06:34 -0700,2020-07-16 13:07:40 -0700,83.2132
Melody’s Apple Watch,ms,2020-07-16 14:38:52 -0700,2020-07-16 14:39:55 -0700,38.9515
Melody’s Apple Watch,ms,2020-07-17 18:21:38 -0700,2020-07-17 18:22:43 -0700,46.9355
Melody’s Apple Watch,ms,2020-07-17 20:22:01 -0700,2020-07-17 20:23:05 -0700,39.3923
Melody’s Apple Watch,ms,2020-07-17 22:22:39 -0700,2020-07-17 22:23:43 -0700,37.097
Melody’s Apple Watch,ms,2020-07-18 00:30:09 -0700,2020-07-18 00:31:15 -0700,25.6125
Melody’s Apple Watch,ms,2020-07-18 02:19:21 -0700,2020-07-18 02:20:26 -0700,24.0325
Melody’s Apple Watch,ms,2020-07-18 04:19:17 -0700,2020-07-18 04:20:18 -0700,27.7826
Melody’s Apple Watch,ms,2020-07-18 06:20:45 -0700,2020-07-18 06:21:50 -0700,43.9744
Melody’s Apple Watch,ms,2020-07-18 08:19:16 -0700,2020-07-18 08:20:22 -0700,39.7492
Melody’s Apple Watch,ms,2020-07-18 10:19:22 -0700,2020-07-18 10:20:24 -0700,52.0108
Melody’s Apple Watch,ms,2020-07-18 13:44:10 -0700,2020-07-18 13:45:15 -0700,31.6889
Melody’s Apple Watch,ms,2020-07-18 16:20:22 -0700,2020-07-18 16:21:26 -0700,26.6259
Melody’s Apple Watch,ms,2020-07-18 18:25:52 -0700,2020-07-18 18:26:57 -0700,27.7444
Melody’s Apple Watch,ms,2020-07-18 21:07:41 -0700,2020-07-18 21:08:46 -0700,28.4319
Melody’s Apple Watch,ms,2020-07-18 23:18:24 -0700,2020-07-18 23:19:30 -0700,18.6698
Melody’s Apple Watch,ms,2020-07-20 14:33:09 -0700,2020-07-20 14:34:10 -0700,15.2828
Melody’s Apple Watch,ms,2020-07-20 19:31:57 -0700,2020-07-20 19:32:57 -0700,34.4783
Melody’s Apple Watch,ms,2020-07-20 19:57:08 -0700,2020-07-20 19:58:09 -0700,34.8048
Melody’s Apple Watch,ms,2020-07-21 11:59:23 -0700,2020-07-21 12:00:25 -0700,54.6992
Melody’s Apple Watch,ms,2020-07-21 12:09:13 -0700,2020-07-21 12:10:16 -0700,38.3471
Melody’s Apple Watch,ms,2020-07-21 19:50:32 -0700,2020-07-21 19:51:35 -0700,70.9916
Melody’s Apple Watch,ms,2020-07-21 22:29:39 -0700,2020-07-21 22:30:44 -0700,21.8989
Melody’s Apple Watch,ms,2020-07-22 12:02:06 -0700,2020-07-22 12:03:11 -0700,33.3101
Melody’s Apple Watch,ms,2020-07-22 14:05:36 -0700,2020-07-22 14:06:37 -0700,14.5752
Melody’s Apple Watch,ms,2020-07-22 15:49:48 -0700,2020-07-22 15:50:52 -0700,14.2193
Melody’s Apple Watch,ms,2020-07-22 19:33:35 -0700,2020-07-22 19:34:35 -0700,27.0959
Melody’s Apple Watch,ms,2020-07-23 01:33:35 -0700,2020-07-23 01:34:40 -0700,26.1068
Melody’s Apple Watch,ms,2020-07-24 08:52:50 -0700,2020-07-24 08:53:51 -0700,24.3336
Melody’s Apple Watch,ms,2020-07-25 10:35:41 -0700,2020-07-25 10:36:47 -0700,33.5876
Melody’s Apple Watch,ms,2020-07-25 19:36:55 -0700,2020-07-25 19:37:55 -0700,20.0998
Melody’s Apple Watch,ms,2020-07-26 19:45:11 -0700,2020-07-26 19:46:14 -0700,40.5447
Melody’s Apple Watch,ms,2020-07-27 01:33:32 -0700,2020-07-27 01:34:37 -0700,36.9696
Melody’s Apple Watch,ms,2020-07-27 03:33:34 -0700,2020-07-27 03:34:39 -0700,38.0378
Melody’s Apple Watch,ms,2020-07-27 05:33:35 -0700,2020-07-27 05:34:41 -0700,51.8724
Melody’s Apple Watch,ms,2020-07-27 07:33:32 -0700,2020-07-27 07:34:37 -0700,53.7134
Melody’s Apple Watch,ms,2020-07-27 17:44:06 -0700,2020-07-27 17:45:11 -0700,34.2509
Melody’s Apple Watch,ms,2020-07-28 12:32:47 -0700,2020-07-28 12:33:52 -0700,48.5489
Melody’s Apple Watch,ms,2020-07-28 13:33:34 -0700,2020-07-28 13:34:39 -0700,22.518
Melody’s Apple Watch,ms,2020-07-28 15:47:37 -0700,2020-07-28 15:48:38 -0700,28.6771
Melody’s Apple Watch,ms,2020-07-28 18:21:47 -0700,2020-07-28 18:22:48 -0700,27.2764
Melody’s Apple Watch,ms,2020-07-29 17:32:27 -0700,2020-07-29 17:33:29 -0700,29.9625
Melody’s Apple Watch,ms,2020-07-29 17:52:12 -0700,2020-07-29 17:53:13 -0700,24.6779
Melody’s Apple Watch,ms,2020-07-29 19:33:56 -0700,2020-07-29 19:35:02 -0700,21.9588
Melody’s Apple Watch,ms,2020-07-29 23:52:31 -0700,2020-07-29 23:53:36 -0700,15.6605
Melody’s Apple Watch,ms,2020-07-30 15:12:59 -0700,2020-07-30 15:14:04 -0700,32.8843
Melody’s Apple Watch,ms,2020-07-30 17:13:47 -0700,2020-07-30 17:14:52 -0700,26.2833
Melody’s Apple Watch,ms,2020-07-30 19:15:49 -0700,2020-07-30 19:16:50 -0700,32.9877
Melody’s Apple Watch,ms,2020-07-31 01:34:21 -0700,2020-07-31 01:35:22 -0700,31.9374
Melody’s Apple Watch,ms,2020-07-31 03:13:01 -0700,2020-07-31 03:14:04 -0700,40.0866
Melody’s Apple Watch,ms,2020-07-31 05:13:04 -0700,2020-07-31 05:14:06 -0700,39.1511
Melody’s Apple Watch,ms,2020-07-31 07:13:02 -0700,2020-07-31 07:14:08 -0700,48.1157
Melody’s Apple Watch,ms,2020-07-31 09:12:59 -0700,2020-07-31 09:14:04 -0700,57.0088
Melody’s Apple Watch,ms,2020-07-31 15:41:27 -0700,2020-07-31 15:42:28 -0700,40.5648
Melody’s Apple Watch,ms,2020-08-01 20:01:54 -0700,2020-08-01 20:02:59 -0700,23.1692
Melody’s Apple Watch,ms,2020-08-01 21:31:22 -0700,2020-08-01 21:32:24 -0700,26.7593
Melody’s Apple Watch,ms,2020-08-03 13:40:01 -0700,2020-08-03 13:41:06 -0700,24.3477
Melody’s Apple Watch,ms,2020-08-03 18:15:33 -0700,2020-08-03 18:16:38 -0700,15.5935
Melody’s Apple Watch,ms,2020-08-03 19:46:07 -0700,2020-08-03 19:47:08 -0700,78.5056
Melody’s Apple Watch,ms,2020-08-03 21:29:45 -0700,2020-08-03 21:30:50 -0700,31.301
Melody’s Apple Watch,ms,2020-08-04 17:54:01 -0700,2020-08-04 17:55:02 -0700,23.9674
Melody’s Apple Watch,ms,2020-08-04 19:47:50 -0700,2020-08-04 19:48:52 -0700,44.4578
Melody’s Apple Watch,ms,2020-08-04 21:16:04 -0700,2020-08-04 21:17:09 -0700,16.1478
Melody’s Apple Watch,ms,2020-08-06 17:42:33 -0700,2020-08-06 17:43:34 -0700,19.7484
Melody’s Apple Watch,ms,2020-08-10 09:57:08 -0700,2020-08-10 09:58:10 -0700,22.6812
Melody’s Apple Watch,ms,2020-08-10 13:38:29 -0700,2020-08-10 13:39:29 -0700,25.7215
Melody’s Apple Watch,ms,2020-08-10 14:01:08 -0700,2020-08-10 14:02:13 -0700,11.9491
Melody’s Apple Watch,ms,2020-08-10 16:25:45 -0700,2020-08-10 16:26:46 -0700,12.8123
Melody’s Apple Watch,ms,2020-08-10 17:15:45 -0700,2020-08-10 17:16:47 -0700,17.2092
Melody’s Apple Watch,ms,2020-08-10 19:57:19 -0700,2020-08-10 19:58:21 -0700,14.1167
Melody’s Apple Watch,ms,2020-08-10 21:13:48 -0700,2020-08-10 21:14:49 -0700,32.341
Melody’s Apple Watch,ms,2020-08-12 14:13:51 -0700,2020-08-12 14:14:54 -0700,16.6602
Melody’s Apple Watch,ms,2020-08-12 14:40:47 -0700,2020-08-12 14:41:48 -0700,26.5724
Melody’s Apple Watch,ms,2020-08-12 14:48:30 -0700,2020-08-12 14:49:35 -0700,33.6289
Melody’s Apple Watch,ms,2020-08-13 16:38:47 -0700,2020-08-13 16:39:48 -0700,28.9914
Melody’s Apple Watch,ms,2020-08-13 18:45:23 -0700,2020-08-13 18:46:23 -0700,34.067
Melody’s Apple Watch,ms,2020-08-14 11:29:38 -0700,2020-08-14 11:30:41 -0700,17.2301
Melody’s Apple Watch,ms,2020-08-14 11:38:18 -0700,2020-08-14 11:39:22 -0700,16.8198
Melody’s Apple Watch,ms,2020-08-14 15:52:39 -0700,2020-08-14 15:53:43 -0700,20.915
Melody’s Apple Watch,ms,2020-08-14 22:07:26 -0700,2020-08-14 22:08:31 -0700,19.8416
Melody’s Apple Watch,ms,2020-08-14 23:32:53 -0700,2020-08-14 23:33:58 -0700,36.6145
Melody’s Apple Watch,ms,2020-08-15 01:32:55 -0700,2020-08-15 01:34:00 -0700,23.6736
Melody’s Apple Watch,ms,2020-08-15 20:29:30 -0700,2020-08-15 20:30:31 -0700,27.7635
Melody’s Apple Watch,ms,2020-08-15 21:33:47 -0700,2020-08-15 21:34:47 -0700,25.4399
Melody’s Apple Watch,ms,2020-08-16 09:39:57 -0700,2020-08-16 09:41:03 -0700,28.3019
Melody’s Apple Watch,ms,2020-08-16 11:32:53 -0700,2020-08-16 11:33:58 -0700,49.5505
Melody’s Apple Watch,ms,2020-08-16 15:39:38 -0700,2020-08-16 15:40:43 -0700,17.297
Melody’s Apple Watch,ms,2020-08-16 17:32:55 -0700,2020-08-16 17:34:01 -0700,53.6429
Melody’s Apple Watch,ms,2020-08-16 22:25:47 -0700,2020-08-16 22:26:48 -0700,38.75
Melody’s Apple Watch,ms,2020-08-16 23:51:47 -0700,2020-08-16 23:52:50 -0700,39.6074
Melody’s Apple Watch,ms,2020-08-17 08:25:30 -0700,2020-08-17 08:26:30 -0700,62.0458
Melody’s Apple Watch,ms,2020-08-17 08:46:54 -0700,2020-08-17 08:47:59 -0700,36.868
Melody’s Apple Watch,ms,2020-08-17 10:42:30 -0700,2020-08-17 10:43:35 -0700,24.0793
Melody’s Apple Watch,ms,2020-08-17 17:00:07 -0700,2020-08-17 17:01:12 -0700,23.8786
Melody’s Apple Watch,ms,2020-08-17 19:55:38 -0700,2020-08-17 19:56:41 -0700,40.8886
Melody’s Apple Watch,ms,2020-08-17 22:01:38 -0700,2020-08-17 22:02:43 -0700,30.6686
Melody’s Apple Watch,ms,2020-08-17 23:37:26 -0700,2020-08-17 23:38:31 -0700,20.9926
Melody’s Apple Watch,ms,2020-08-18 01:32:53 -0700,2020-08-18 01:33:58 -0700,43.9638
Melody’s Apple Watch,ms,2020-08-18 03:32:54 -0700,2020-08-18 03:33:59 -0700,39.1815
Melody’s Apple Watch,ms,2020-08-18 05:32:56 -0700,2020-08-18 05:34:01 -0700,36.3043
Melody’s Apple Watch,ms,2020-08-18 09:48:58 -0700,2020-08-18 09:50:04 -0700,38.8869
Melody’s Apple Watch,ms,2020-08-18 20:30:45 -0700,2020-08-18 20:31:48 -0700,38.8024
Melody’s Apple Watch,ms,2020-08-19 08:38:50 -0700,2020-08-19 08:39:54 -0700,29.5296
Melody’s Apple Watch,ms,2020-08-19 16:45:57 -0700,2020-08-19 16:46:58 -0700,19.6906
Melody’s Apple Watch,ms,2020-08-19 17:57:50 -0700,2020-08-19 17:58:51 -0700,33.5247
Melody’s Apple Watch,ms,2020-08-24 10:12:06 -0700,2020-08-24 10:13:11 -0700,19.7001
Melody’s Apple Watch,ms,2020-08-24 13:27:52 -0700,2020-08-24 13:28:57 -0700,41.2197
Melody’s Apple Watch,ms,2020-08-24 18:05:35 -0700,2020-08-24 18:06:35 -0700,18.4298
Melody’s Apple Watch,ms,2020-08-24 18:08:22 -0700,2020-08-24 18:09:27 -0700,13.337
Melody’s Apple Watch,ms,2020-08-24 20:04:46 -0700,2020-08-24 20:05:46 -0700,25.8952
Melody’s Apple Watch,ms,2020-08-24 21:50:50 -0700,2020-08-24 21:51:55 -0700,9.25
Melody’s Apple Watch,ms,2020-08-25 13:48:30 -0700,2020-08-25 13:49:31 -0700,12.083
Melody’s Apple Watch,ms,2020-08-25 15:04:54 -0700,2020-08-25 15:05:57 -0700,19.1319
Melody’s Apple Watch,ms,2020-08-25 20:52:15 -0700,2020-08-25 20:53:20 -0700,13.6416
Melody’s Apple Watch,ms,2020-08-26 16:15:32 -0700,2020-08-26 16:16:33 -0700,9.44391
Melody’s Apple Watch,ms,2020-08-26 20:11:14 -0700,2020-08-26 20:12:19 -0700,29.1451
Melody’s Apple Watch,ms,2020-08-26 22:40:03 -0700,2020-08-26 22:41:08 -0700,34.045
Melody’s Apple Watch,ms,2020-08-27 15:15:56 -0700,2020-08-27 15:16:57 -0700,22.5111
Melody’s Apple Watch,ms,2020-08-27 15:24:38 -0700,2020-08-27 15:25:39 -0700,20.4106
Melody’s Apple Watch,ms,2020-08-27 21:34:18 -0700,2020-08-27 21:35:23 -0700,26.916
Melody’s Apple Watch,ms,2020-08-28 14:43:44 -0700,2020-08-28 14:44:49 -0700,25.7767
Melody’s Apple Watch,ms,2020-08-28 19:16:53 -0700,2020-08-28 19:17:57 -0700,15.6085
Melody’s Apple Watch,ms,2020-08-29 10:10:19 -0700,2020-08-29 10:11:19 -0700,50.1809
Melody’s Apple Watch,ms,2020-08-29 11:39:21 -0700,2020-08-29 11:40:26 -0700,53.2946
Melody’s Apple Watch,ms,2020-08-29 12:30:08 -0700,2020-08-29 12:31:13 -0700,63.7779
Melody’s Apple Watch,ms,2020-08-29 14:30:08 -0700,2020-08-29 14:31:13 -0700,22.4486
Melody’s Apple Watch,ms,2020-08-29 16:56:38 -0700,2020-08-29 16:57:39 -0700,24.5179
Melody’s Apple Watch,ms,2020-08-29 18:53:04 -0700,2020-08-29 18:54:09 -0700,35.8931
Melody’s Apple Watch,ms,2020-08-31 12:29:48 -0700,2020-08-31 12:30:51 -0700,35.3677
Melody’s Apple Watch,ms,2020-08-31 19:16:14 -0700,2020-08-31 19:17:20 -0700,28.229
Melody’s Apple Watch,ms,2020-08-31 20:01:55 -0700,2020-08-31 20:02:56 -0700,26.1582
Melody’s Apple Watch,ms,2020-08-31 22:07:33 -0700,2020-08-31 22:08:38 -0700,20.9985
Melody’s Apple Watch,ms,2020-09-01 00:01:35 -0700,2020-09-01 00:02:40 -0700,34.0377
Melody’s Apple Watch,ms,2020-09-01 02:01:37 -0700,2020-09-01 02:02:42 -0700,42.7946
Melody’s Apple Watch,ms,2020-09-01 04:01:38 -0700,2020-09-01 04:02:44 -0700,34.4511
Melody’s Apple Watch,ms,2020-09-01 06:01:35 -0700,2020-09-01 06:02:40 -0700,62.7844
Melody’s Apple Watch,ms,2020-09-01 08:01:41 -0700,2020-09-01 08:02:43 -0700,47.6314
Melody’s Apple Watch,ms,2020-09-01 10:01:54 -0700,2020-09-01 10:02:59 -0700,26.0864
Melody’s Apple Watch,ms,2020-09-01 12:31:48 -0700,2020-09-01 12:32:52 -0700,33.2077
Melody’s Apple Watch,ms,2020-09-02 12:17:52 -0700,2020-09-02 12:18:57 -0700,41.2167
Melody’s Apple Watch,ms,2020-09-04 14:11:57 -0700,2020-09-04 14:12:58 -0700,20.8056
Melody’s Apple Watch,ms,2020-09-11 09:17:18 -0700,2020-09-11 09:18:21 -0700,56.4087
Melody’s Apple Watch,ms,2020-09-11 12:25:20 -0700,2020-09-11 12:26:21 -0700,39.9977
Melody’s Apple Watch,ms,2020-09-11 13:14:01 -0700,2020-09-11 13:15:03 -0700,25.35
Melody’s Apple Watch,ms,2020-09-11 23:48:35 -0700,2020-09-11 23:49:37 -0700,20.8402
Melody’s Apple Watch,ms,2020-09-13 17:17:33 -0700,2020-09-13 17:18:38 -0700,26.7044
Melody’s Apple Watch,ms,2020-09-13 21:45:49 -0700,2020-09-13 21:46:52 -0700,24.9355
Melody’s Apple Watch,ms,2020-09-13 23:15:34 -0700,2020-09-13 23:16:39 -0700,7.31651
Melody’s Apple Watch,ms,2020-09-14 10:13:35 -0700,2020-09-14 10:14:41 -0700,41.6398
Melody’s Apple Watch,ms,2020-09-14 12:35:44 -0700,2020-09-14 12:36:49 -0700,27.0832
Melody’s Apple Watch,ms,2020-09-14 14:30:17 -0700,2020-09-14 14:31:22 -0700,31.4036
Melody’s Apple Watch,ms,2020-09-15 09:47:26 -0700,2020-09-15 09:48:32 -0700,13.6691
Melody’s Apple Watch,ms,2020-09-15 09:49:43 -0700,2020-09-15 09:50:48 -0700,16.9106
Melody’s Apple Watch,ms,2020-09-15 10:11:33 -0700,2020-09-15 10:12:35 -0700,42.4323
Melody’s Apple Watch,ms,2020-09-15 12:13:30 -0700,2020-09-15 12:14:30 -0700,31.1629
Melody’s Apple Watch,ms,2020-09-15 14:37:53 -0700,2020-09-15 14:38:54 -0700,46.4253
Melody’s Apple Watch,ms,2020-09-15 16:11:49 -0700,2020-09-15 16:12:54 -0700,22.5956
Melody’s Apple Watch,ms,2020-09-15 18:58:42 -0700,2020-09-15 18:59:43 -0700,14.2083
Melody’s Apple Watch,ms,2020-09-16 09:32:50 -0700,2020-09-16 09:33:55 -0700,25.9296
Melody’s Apple Watch,ms,2020-09-16 11:24:54 -0700,2020-09-16 11:25:59 -0700,23.246
Melody’s Apple Watch,ms,2020-09-16 19:19:01 -0700,2020-09-16 19:20:07 -0700,29.1086
Melody’s Apple Watch,ms,2020-09-16 21:08:23 -0700,2020-09-16 21:09:28 -0700,38.7516
Melody’s Apple Watch,ms,2020-09-17 08:47:41 -0700,2020-09-17 08:48:43 -0700,51.3773
Melody’s Apple Watch,ms,2020-09-17 10:12:07 -0700,2020-09-17 10:13:08 -0700,21.1202
Melody’s Apple Watch,ms,2020-09-17 19:13:56 -0700,2020-09-17 19:14:58 -0700,43.5818
Melody’s Apple Watch,ms,2020-09-17 19:16:05 -0700,2020-09-17 19:17:10 -0700,25.7949
Melody’s Apple Watch,ms,2020-09-18 11:34:54 -0700,2020-09-18 11:35:58 -0700,37.0321
Melody’s Apple Watch,ms,2020-09-18 13:18:36 -0700,2020-09-18 13:19:41 -0700,17.9618
Melody’s Apple Watch,ms,2020-09-18 20:45:52 -0700,2020-09-18 20:46:52 -0700,21.3329
Melody’s Apple Watch,ms,2020-09-18 21:03:09 -0700,2020-09-18 21:04:14 -0700,29.0119
Melody’s Apple Watch,ms,2020-09-18 22:58:51 -0700,2020-09-18 22:59:56 -0700,26.1343
Melody’s Apple Watch,ms,2020-09-19 00:58:53 -0700,2020-09-19 00:59:58 -0700,36.9966
Melody’s Apple Watch,ms,2020-09-19 02:58:55 -0700,2020-09-19 03:00:00 -0700,36.355
Melody’s Apple Watch,ms,2020-09-19 05:14:54 -0700,2020-09-19 05:15:59 -0700,34.7275
Melody’s Apple Watch,ms,2020-09-19 06:59:26 -0700,2020-09-19 07:00:31 -0700,23.6405
Melody’s Apple Watch,ms,2020-09-19 15:19:54 -0700,2020-09-19 15:20:57 -0700,65.7086
Melody’s Apple Watch,ms,2020-09-19 17:51:42 -0700,2020-09-19 17:52:46 -0700,27.2809
Melody’s Apple Watch,ms,2020-09-19 19:02:18 -0700,2020-09-19 19:03:22 -0700,18.4932
Melody’s Apple Watch,ms,2020-09-19 21:24:44 -0700,2020-09-19 21:25:47 -0700,11.4687
Melody’s Apple Watch,ms,2020-09-19 23:18:40 -0700,2020-09-19 23:19:42 -0700,6.79384
Melody’s Apple Watch,ms,2020-09-20 01:06:59 -0700,2020-09-20 01:08:00 -0700,48.2033
Melody’s Apple Watch,ms,2020-09-21 11:06:18 -0700,2020-09-21 11:07:20 -0700,20.497
Melody’s Apple Watch,ms,2020-09-21 14:59:20 -0700,2020-09-21 15:00:23 -0700,32.3603
Melody’s Apple Watch,ms,2020-09-21 17:46:03 -0700,2020-09-21 17:47:07 -0700,15.1173
Melody’s Apple Watch,ms,2020-09-21 19:01:33 -0700,2020-09-21 19:02:34 -0700,16.5151
Melody’s Apple Watch,ms,2020-09-22 08:49:29 -0700,2020-09-22 08:50:30 -0700,22.9177
Melody’s Apple Watch,ms,2020-09-22 09:28:20 -0700,2020-09-22 09:29:25 -0700,37.1273
Melody’s Apple Watch,ms,2020-09-22 11:32:22 -0700,2020-09-22 11:33:24 -0700,42.472
Melody’s Apple Watch,ms,2020-09-22 13:35:41 -0700,2020-09-22 13:36:42 -0700,34.7864
Melody’s Apple Watch,ms,2020-09-22 15:00:56 -0700,2020-09-22 15:01:57 -0700,25.7506
Melody’s Apple Watch,ms,2020-09-22 19:22:49 -0700,2020-09-22 19:23:54 -0700,18.5312
Melody’s Apple Watch,ms,2020-09-22 21:12:12 -0700,2020-09-22 21:13:16 -0700,26.3463
Melody’s Apple Watch,ms,2020-09-22 23:11:22 -0700,2020-09-22 23:12:28 -0700,19.7903
Melody’s Apple Watch,ms,2020-09-23 00:59:00 -0700,2020-09-23 01:00:05 -0700,36.1646
Melody’s Apple Watch,ms,2020-09-23 02:58:52 -0700,2020-09-23 02:59:57 -0700,13.1565
Melody’s Apple Watch,ms,2020-09-23 04:58:54 -0700,2020-09-23 04:59:59 -0700,32.1996
Melody’s Apple Watch,ms,2020-09-23 06:58:51 -0700,2020-09-23 06:59:56 -0700,30.4621
Melody’s Apple Watch,ms,2020-09-23 08:59:48 -0700,2020-09-23 09:00:53 -0700,29.1751
Melody’s Apple Watch,ms,2020-09-23 15:55:57 -0700,2020-09-23 15:57:02 -0700,29.0506
Melody’s Apple Watch,ms,2020-09-24 11:06:46 -0700,2020-09-24 11:07:49 -0700,57.3809
Melody’s Apple Watch,ms,2020-09-24 15:13:16 -0700,2020-09-24 15:14:18 -0700,41.1012
Melody’s Apple Watch,ms,2020-09-24 19:30:44 -0700,2020-09-24 19:31:45 -0700,34.8308
Melody’s Apple Watch,ms,2020-09-25 13:16:38 -0700,2020-09-25 13:17:39 -0700,14.6895
Melody’s Apple Watch,ms,2020-09-26 09:32:16 -0700,2020-09-26 09:33:17 -0700,47.852
Melody’s Apple Watch,ms,2020-09-26 10:51:04 -0700,2020-09-26 10:52:09 -0700,35.2154
Melody’s Apple Watch,ms,2020-09-26 15:55:20 -0700,2020-09-26 15:56:21 -0700,19.2362
Melody’s Apple Watch,ms,2020-09-26 17:31:58 -0700,2020-09-26 17:33:03 -0700,31.0544
Melody’s Apple Watch,ms,2020-09-26 19:15:57 -0700,2020-09-26 19:17:02 -0700,22.3837
Melody’s Apple Watch,ms,2020-09-26 23:05:09 -0700,2020-09-26 23:06:14 -0700,33.035
Melody’s Apple Watch,ms,2020-09-27 11:43:25 -0700,2020-09-27 11:44:28 -0700,57.1276
Melody’s Apple Watch,ms,2020-09-27 14:09:58 -0700,2020-09-27 14:11:03 -0700,22.7617
Melody’s Apple Watch,ms,2020-09-27 15:47:14 -0700,2020-09-27 15:48:15 -0700,22.4423
Melody’s Apple Watch,ms,2020-09-27 18:02:05 -0700,2020-09-27 18:03:09 -0700,29.7532
Melody’s Apple Watch,ms,2020-09-27 18:50:14 -0700,2020-09-27 18:51:15 -0700,20.4657
Melody’s Apple Watch,ms,2020-09-28 11:01:31 -0700,2020-09-28 11:02:35 -0700,23.3003
Melody’s Apple Watch,ms,2020-09-28 14:48:00 -0700,2020-09-28 14:49:04 -0700,35.8268
Melody’s Apple Watch,ms,2020-09-28 16:47:34 -0700,2020-09-28 16:48:39 -0700,45.4677
Melody’s Apple Watch,ms,2020-09-28 18:48:01 -0700,2020-09-28 18:49:04 -0700,31.6761
Melody’s Apple Watch,ms,2020-09-28 20:48:16 -0700,2020-09-28 20:49:21 -0700,31.8267
Melody’s Apple Watch,ms,2020-09-28 23:27:37 -0700,2020-09-28 23:28:42 -0700,13.6152
Melody’s Apple Watch,ms,2020-09-29 00:47:34 -0700,2020-09-29 00:48:39 -0700,33.187
Melody’s Apple Watch,ms,2020-09-29 03:03:42 -0700,2020-09-29 03:04:48 -0700,27.3553
Melody’s Apple Watch,ms,2020-09-29 04:47:34 -0700,2020-09-29 04:48:39 -0700,66.2637
Melody’s Apple Watch,ms,2020-09-29 06:47:31 -0700,2020-09-29 06:48:36 -0700,40.6148
Melody’s Apple Watch,ms,2020-09-29 08:47:31 -0700,2020-09-29 08:48:33 -0700,55.1815
Melody’s Apple Watch,ms,2020-09-29 12:11:15 -0700,2020-09-29 12:12:16 -0700,26.9432
Melody’s Apple Watch,ms,2020-09-29 12:47:32 -0700,2020-09-29 12:48:33 -0700,35.6217
Melody’s Apple Watch,ms,2020-09-29 14:47:35 -0700,2020-09-29 14:48:40 -0700,40.6855
Melody’s Apple Watch,ms,2020-09-29 16:47:33 -0700,2020-09-29 16:48:34 -0700,42.7953
Melody’s Apple Watch,ms,2020-09-30 11:05:18 -0700,2020-09-30 11:06:19 -0700,53.5292
Melody’s Apple Watch,ms,2020-09-30 21:26:48 -0700,2020-09-30 21:27:53 -0700,36.269
Melody’s Apple Watch,ms,2020-09-30 22:48:55 -0700,2020-09-30 22:50:00 -0700,35.7255
Melody’s Apple Watch,ms,2020-10-01 01:06:12 -0700,2020-10-01 01:07:18 -0700,16.9023
Melody’s Apple Watch,ms,2020-10-01 02:48:09 -0700,2020-10-01 02:49:14 -0700,33.7768
Melody’s Apple Watch,ms,2020-10-01 04:47:31 -0700,2020-10-01 04:48:36 -0700,70.4827
Melody’s Apple Watch,ms,2020-10-01 06:47:33 -0700,2020-10-01 06:48:38 -0700,45.2417
Melody’s Apple Watch,ms,2020-10-01 08:48:59 -0700,2020-10-01 08:50:00 -0700,20.175
Melody’s Apple Watch,ms,2020-10-01 10:55:02 -0700,2020-10-01 10:56:05 -0700,35.1461
Melody’s Apple Watch,ms,2020-10-01 13:24:41 -0700,2020-10-01 13:25:43 -0700,52.6112
Melody’s Apple Watch,ms,2020-10-01 14:55:10 -0700,2020-10-01 14:56:14 -0700,65.4895
Melody’s Apple Watch,ms,2020-10-01 16:51:40 -0700,2020-10-01 16:52:45 -0700,58.1625
Melody’s Apple Watch,ms,2020-10-01 18:47:32 -0700,2020-10-01 18:48:32 -0700,27.5817
Melody’s Apple Watch,ms,2020-10-01 20:51:29 -0700,2020-10-01 20:52:35 -0700,41.9054
Melody’s Apple Watch,ms,2020-10-01 23:13:05 -0700,2020-10-01 23:14:10 -0700,40.9329
Melody’s Apple Watch,ms,2020-10-02 00:47:34 -0700,2020-10-02 00:48:38 -0700,34.372
Melody’s Apple Watch,ms,2020-10-02 02:47:35 -0700,2020-10-02 02:48:40 -0700,37.7028
Melody’s Apple Watch,ms,2020-10-02 04:47:31 -0700,2020-10-02 04:48:32 -0700,34.9097
Melody’s Apple Watch,ms,2020-10-02 07:42:37 -0700,2020-10-02 07:43:41 -0700,20.7613
Melody’s Apple Watch,ms,2020-10-02 11:12:26 -0700,2020-10-02 11:13:32 -0700,27.0601
Melody’s Apple Watch,ms,2020-10-02 13:04:21 -0700,2020-10-02 13:05:26 -0700,50.865
Melody’s Apple Watch,ms,2020-10-02 15:11:42 -0700,2020-10-02 15:12:42 -0700,30.0707
Melody’s Apple Watch,ms,2020-10-03 16:22:58 -0700,2020-10-03 16:24:02 -0700,13.3662
Melody’s Apple Watch,ms,2020-10-03 22:10:19 -0700,2020-10-03 22:11:20 -0700,20.5586
Melody’s Apple Watch,ms,2020-10-03 23:09:17 -0700,2020-10-03 23:10:22 -0700,9.57699
Melody’s Apple Watch,ms,2020-10-04 00:47:33 -0700,2020-10-04 00:48:38 -0700,22.1388
Melody’s Apple Watch,ms,2020-10-04 02:47:30 -0700,2020-10-04 02:48:35 -0700,22.7555
Melody’s Apple Watch,ms,2020-10-04 04:47:32 -0700,2020-10-04 04:48:37 -0700,22.9183
Melody’s Apple Watch,ms,2020-10-04 06:47:34 -0700,2020-10-04 06:48:39 -0700,28.0825
Melody’s Apple Watch,ms,2020-10-04 17:53:52 -0700,2020-10-04 17:54:57 -0700,28.0797
Melody’s Apple Watch,ms,2020-10-04 18:01:19 -0700,2020-10-04 18:02:24 -0700,20.6987
Melody’s Apple Watch,ms,2020-10-04 18:49:51 -0700,2020-10-04 18:50:56 -0700,28.0903
Melody’s Apple Watch,ms,2020-10-04 20:47:49 -0700,2020-10-04 20:48:53 -0700,29.1569
Melody’s Apple Watch,ms,2020-10-04 22:48:48 -0700,2020-10-04 22:49:54 -0700,58.2473
Melody’s Apple Watch,ms,2020-10-05 00:47:31 -0700,2020-10-05 00:48:36 -0700,35.6239
Melody’s Apple Watch,ms,2020-10-05 02:47:33 -0700,2020-10-05 02:48:38 -0700,47.7048
Melody’s Apple Watch,ms,2020-10-05 04:47:30 -0700,2020-10-05 04:48:35 -0700,39.1144
Melody’s Apple Watch,ms,2020-10-05 09:35:13 -0700,2020-10-05 09:36:16 -0700,48.5245
Melody’s Apple Watch,ms,2020-10-05 13:40:37 -0700,2020-10-05 13:41:40 -0700,20.2338
Melody’s Apple Watch,ms,2020-10-05 17:50:29 -0700,2020-10-05 17:51:35 -0700,21.1084
Melody’s Apple Watch,ms,2020-10-05 20:48:04 -0700,2020-10-05 20:49:09 -0700,53.8435
Melody’s Apple Watch,ms,2020-10-05 23:23:33 -0700,2020-10-05 23:24:38 -0700,27.1213
Melody’s Apple Watch,ms,2020-10-06 10:51:48 -0700,2020-10-06 10:52:49 -0700,32.9716
Melody’s Apple Watch,ms,2020-10-06 14:48:37 -0700,2020-10-06 14:49:42 -0700,34.6221
Melody’s Apple Watch,ms,2020-10-06 17:11:45 -0700,2020-10-06 17:12:48 -0700,35.2216
Melody’s Apple Watch,ms,2020-10-06 19:12:32 -0700,2020-10-06 19:13:37 -0700,44.7549
Melody’s Apple Watch,ms,2020-10-06 21:29:57 -0700,2020-10-06 21:31:02 -0700,28.0964
Melody’s Apple Watch,ms,2020-10-07 10:13:41 -0700,2020-10-07 10:14:46 -0700,44.3058
Melody’s Apple Watch,ms,2020-10-07 11:00:59 -0700,2020-10-07 11:02:03 -0700,21.5812
Melody’s Apple Watch,ms,2020-10-07 20:31:11 -0700,2020-10-07 20:32:16 -0700,29.5783
Melody’s Apple Watch,ms,2020-10-07 21:27:37 -0700,2020-10-07 21:28:43 -0700,37.027
Melody’s Apple Watch,ms,2020-10-08 01:07:19 -0700,2020-10-08 01:08:24 -0700,37.3296
Melody’s Apple Watch,ms,2020-10-08 03:07:21 -0700,2020-10-08 03:08:26 -0700,31.865
Melody’s Apple Watch,ms,2020-10-08 05:07:18 -0700,2020-10-08 05:08:23 -0700,30.052
Melody’s Apple Watch,ms,2020-10-08 07:07:20 -0700,2020-10-08 07:08:25 -0700,29.9541
Melody’s Apple Watch,ms,2020-10-08 09:35:08 -0700,2020-10-08 09:36:10 -0700,39.0992
Melody’s Apple Watch,ms,2020-10-08 11:32:34 -0700,2020-10-08 11:33:38 -0700,35.9887
Melody’s Apple Watch,ms,2020-10-08 13:59:38 -0700,2020-10-08 14:00:43 -0700,20.25
Melody’s Apple Watch,ms,2020-10-08 15:55:08 -0700,2020-10-08 15:56:10 -0700,36.5244
Melody’s Apple Watch,ms,2020-10-08 17:36:33 -0700,2020-10-08 17:37:38 -0700,22.2085
Melody’s Apple Watch,ms,2020-10-08 22:29:14 -0700,2020-10-08 22:30:16 -0700,26.8351
Melody’s Apple Watch,ms,2020-10-08 23:32:56 -0700,2020-10-08 23:33:56 -0700,37.7119
Melody’s Apple Watch,ms,2020-10-09 09:11:07 -0700,2020-10-09 09:12:13 -0700,21.0787
Melody’s Apple Watch,ms,2020-10-09 11:11:44 -0700,2020-10-09 11:12:49 -0700,31.1649
Melody’s Apple Watch,ms,2020-10-09 13:33:13 -0700,2020-10-09 13:34:14 -0700,44.7689
Melody’s Apple Watch,ms,2020-10-09 15:54:10 -0700,2020-10-09 15:55:16 -0700,24.4438
Melody’s Apple Watch,ms,2020-10-09 20:00:10 -0700,2020-10-09 20:01:16 -0700,36.8417
Melody’s Apple Watch,ms,2020-10-10 14:25:10 -0700,2020-10-10 14:26:16 -0700,24.577
Melody’s Apple Watch,ms,2020-10-10 14:28:43 -0700,2020-10-10 14:29:47 -0700,52.262
Melody’s Apple Watch,ms,2020-10-10 21:27:49 -0700,2020-10-10 21:28:54 -0700,29.0032
Melody’s Apple Watch,ms,2020-10-11 01:28:04 -0700,2020-10-11 01:29:05 -0700,38.2304
Melody’s Apple Watch,ms,2020-10-11 05:41:47 -0700,2020-10-11 05:42:52 -0700,42.9884
Melody’s Apple Watch,ms,2020-10-11 07:26:11 -0700,2020-10-11 07:27:14 -0700,29.9103
Melody’s Apple Watch,ms,2020-10-11 09:25:41 -0700,2020-10-11 09:26:46 -0700,38.3194
Melody’s Apple Watch,ms,2020-10-11 13:25:43 -0700,2020-10-11 13:26:46 -0700,24.0735
Melody’s Apple Watch,ms,2020-10-11 15:38:46 -0700,2020-10-11 15:39:47 -0700,73.276
Melody’s Apple Watch,ms,2020-10-12 11:31:33 -0700,2020-10-12 11:32:39 -0700,27.8557
Melody’s Apple Watch,ms,2020-10-12 17:36:15 -0700,2020-10-12 17:37:16 -0700,43.4144
Melody’s Apple Watch,ms,2020-10-12 22:12:01 -0700,2020-10-12 22:13:02 -0700,33.3143
Melody’s Apple Watch,ms,2020-10-13 00:01:34 -0700,2020-10-13 00:02:34 -0700,44.7591
Melody’s Apple Watch,ms,2020-10-13 01:27:33 -0700,2020-10-13 01:28:36 -0700,29.0043
Melody’s Apple Watch,ms,2020-10-13 03:25:38 -0700,2020-10-13 03:26:43 -0700,32.3941
Melody’s Apple Watch,ms,2020-10-13 05:25:40 -0700,2020-10-13 05:26:45 -0700,40.9268
Melody’s Apple Watch,ms,2020-10-13 07:25:42 -0700,2020-10-13 07:26:47 -0700,29.0452
Melody’s Apple Watch,ms,2020-10-13 09:26:03 -0700,2020-10-13 09:27:04 -0700,17.5312
Melody’s Apple Watch,ms,2020-10-13 11:45:42 -0700,2020-10-13 11:46:47 -0700,40.2112
Melody’s Apple Watch,ms,2020-10-13 15:40:01 -0700,2020-10-13 15:41:03 -0700,50.0362
Melody’s Apple Watch,ms,2020-10-13 17:29:25 -0700,2020-10-13 17:30:27 -0700,43.1161
Melody’s Apple Watch,ms,2020-10-13 22:24:26 -0700,2020-10-13 22:25:27 -0700,9.73878
Melody’s Apple Watch,ms,2020-10-13 23:44:53 -0700,2020-10-13 23:45:57 -0700,22.8377
Melody’s Apple Watch,ms,2020-10-14 01:25:39 -0700,2020-10-14 01:26:44 -0700,20.5746
Melody’s Apple Watch,ms,2020-10-14 03:25:41 -0700,2020-10-14 03:26:46 -0700,28.9838
Melody’s Apple Watch,ms,2020-10-14 05:25:38 -0700,2020-10-14 05:26:43 -0700,23.7592
Melody’s Apple Watch,ms,2020-10-14 07:26:30 -0700,2020-10-14 07:27:35 -0700,48.6493
Melody’s Apple Watch,ms,2020-10-14 09:25:42 -0700,2020-10-14 09:26:47 -0700,50.5433
Melody’s Apple Watch,ms,2020-10-14 13:39:34 -0700,2020-10-14 13:40:34 -0700,31.7736
Melody’s Apple Watch,ms,2020-10-14 15:25:41 -0700,2020-10-14 15:26:46 -0700,14.8577
Melody’s Apple Watch,ms,2020-10-14 18:53:48 -0700,2020-10-14 18:54:53 -0700,20.6579
Melody’s Apple Watch,ms,2020-10-14 23:47:07 -0700,2020-10-14 23:48:12 -0700,27.4488
Melody’s Apple Watch,ms,2020-10-15 08:48:10 -0700,2020-10-15 08:49:12 -0700,16.7929
Melody’s Apple Watch,ms,2020-10-15 08:50:43 -0700,2020-10-15 08:51:49 -0700,46.461
Melody’s Apple Watch,ms,2020-10-15 13:08:25 -0700,2020-10-15 13:09:26 -0700,12.4009
Melody’s Apple Watch,ms,2020-10-15 14:00:17 -0700,2020-10-15 14:01:20 -0700,13.1968
Melody’s Apple Watch,ms,2020-10-15 15:51:08 -0700,2020-10-15 15:52:08 -0700,19.6278
Melody’s Apple Watch,ms,2020-10-15 17:25:41 -0700,2020-10-15 17:26:47 -0700,48.8544
Melody’s Apple Watch,ms,2020-10-15 19:25:39 -0700,2020-10-15 19:26:41 -0700,33.0719
Melody’s Apple Watch,ms,2020-10-15 21:26:01 -0700,2020-10-15 21:27:03 -0700,42.3578
Melody’s Apple Watch,ms,2020-10-15 23:26:41 -0700,2020-10-15 23:27:45 -0700,23.8196
Melody’s Apple Watch,ms,2020-10-16 01:48:14 -0700,2020-10-16 01:49:19 -0700,41.7724
Melody’s Apple Watch,ms,2020-10-16 05:25:41 -0700,2020-10-16 05:26:45 -0700,79.2827
Melody’s Apple Watch,ms,2020-10-16 07:26:01 -0700,2020-10-16 07:27:07 -0700,65.4322
Melody’s Apple Watch,ms,2020-10-16 09:36:00 -0700,2020-10-16 09:37:04 -0700,27.8456
Melody’s Apple Watch,ms,2020-10-19 09:34:34 -0700,2020-10-19 09:35:35 -0700,27.0416
Melody’s Apple Watch,ms,2020-10-19 16:05:09 -0700,2020-10-19 16:06:10 -0700,29.836
Melody’s Apple Watch,ms,2020-10-19 19:23:20 -0700,2020-10-19 19:24:20 -0700,24.8483
Melody’s Apple Watch,ms,2020-10-20 08:12:59 -0700,2020-10-20 08:14:04 -0700,49.9043
Melody’s Apple Watch,ms,2020-10-20 09:34:05 -0700,2020-10-20 09:35:06 -0700,49.8886
Melody’s Apple Watch,ms,2020-10-20 11:48:44 -0700,2020-10-20 11:49:45 -0700,30.8545
Melody’s Apple Watch,ms,2020-10-20 20:12:11 -0700,2020-10-20 20:13:17 -0700,27.6355
Melody’s Apple Watch,ms,2020-10-20 21:33:04 -0700,2020-10-20 21:34:08 -0700,36.3808
Melody’s Apple Watch,ms,2020-10-21 11:34:34 -0700,2020-10-21 11:35:35 -0700,44.5786
Melody’s Apple Watch,ms,2020-10-21 16:03:47 -0700,2020-10-21 16:04:48 -0700,16.6939
Melody’s Apple Watch,ms,2020-10-21 17:35:13 -0700,2020-10-21 17:36:14 -0700,11.3826
Melody’s Apple Watch,ms,2020-10-21 21:56:08 -0700,2020-10-21 21:57:09 -0700,39.2747
Melody’s Apple Watch,ms,2020-10-21 23:52:28 -0700,2020-10-21 23:53:33 -0700,37.1559
Melody’s Apple Watch,ms,2020-10-22 01:50:32 -0700,2020-10-22 01:51:37 -0700,27.1282
Melody’s Apple Watch,ms,2020-10-22 03:33:04 -0700,2020-10-22 03:34:10 -0700,29.95
Melody’s Apple Watch,ms,2020-10-22 07:33:05 -0700,2020-10-22 07:34:11 -0700,57.0296
Melody’s Apple Watch,ms,2020-10-22 13:53:30 -0700,2020-10-22 13:54:35 -0700,34.4157
Melody’s Apple Watch,ms,2020-10-22 15:51:04 -0700,2020-10-22 15:52:09 -0700,55.6541
Melody’s Apple Watch,ms,2020-10-22 21:43:38 -0700,2020-10-22 21:44:44 -0700,23.7737
Melody’s Apple Watch,ms,2020-10-22 23:49:57 -0700,2020-10-22 23:51:02 -0700,23.9713
Melody’s Apple Watch,ms,2020-10-23 01:33:04 -0700,2020-10-23 01:34:09 -0700,30.8079
Melody’s Apple Watch,ms,2020-10-23 03:33:05 -0700,2020-10-23 03:34:11 -0700,43.6062
Melody’s Apple Watch,ms,2020-10-23 05:33:02 -0700,2020-10-23 05:34:07 -0700,74.722
Melody’s Apple Watch,ms,2020-10-23 07:33:03 -0700,2020-10-23 07:34:04 -0700,76.2897
Melody’s Apple Watch,ms,2020-10-23 09:54:07 -0700,2020-10-23 09:55:08 -0700,52.9563
Melody’s Apple Watch,ms,2020-10-23 21:52:40 -0700,2020-10-23 21:53:45 -0700,30.636
Melody’s Apple Watch,ms,2020-10-23 23:52:46 -0700,2020-10-23 23:53:51 -0700,51.1914
Melody’s Apple Watch,ms,2020-10-24 01:34:25 -0700,2020-10-24 01:35:28 -0700,20.8971
Melody’s Apple Watch,ms,2020-10-24 03:33:04 -0700,2020-10-24 03:34:10 -0700,28.5219
Melody’s Apple Watch,ms,2020-10-24 05:33:06 -0700,2020-10-24 05:34:11 -0700,38.0427
Melody’s Apple Watch,ms,2020-10-24 07:33:03 -0700,2020-10-24 07:34:08 -0700,39.0968
Melody’s Apple Watch,ms,2020-10-24 10:01:46 -0700,2020-10-24 10:02:51 -0700,35.6388
Melody’s Apple Watch,ms,2020-10-24 12:02:51 -0700,2020-10-24 12:03:52 -0700,45.4326
Melody’s Apple Watch,ms,2020-10-24 15:30:03 -0700,2020-10-24 15:31:04 -0700,76.587
Melody’s Apple Watch,ms,2020-10-24 15:33:05 -0700,2020-10-24 15:34:05 -0700,33.2988
Melody’s Apple Watch,ms,2020-10-24 17:46:56 -0700,2020-10-24 17:47:58 -0700,28.5044
Melody’s Apple Watch,ms,2020-10-24 20:11:04 -0700,2020-10-24 20:12:05 -0700,27.6824
Melody’s Apple Watch,ms,2020-10-25 17:19:57 -0700,2020-10-25 17:20:58 -0700,12.1321
Melody’s Apple Watch,ms,2020-10-25 17:22:07 -0700,2020-10-25 17:23:10 -0700,22.3921
Melody’s Apple Watch,ms,2020-10-25 17:33:42 -0700,2020-10-25 17:34:47 -0700,10.6536
Melody’s Apple Watch,ms,2020-10-25 23:47:02 -0700,2020-10-25 23:48:03 -0700,28.6411
Melody’s Apple Watch,ms,2020-10-26 01:33:05 -0700,2020-10-26 01:34:10 -0700,20.0031
Melody’s Apple Watch,ms,2020-10-26 05:33:07 -0700,2020-10-26 05:34:10 -0700,44.4311
Melody’s Apple Watch,ms,2020-10-26 07:33:02 -0700,2020-10-26 07:34:07 -0700,41.0586
Melody’s Apple Watch,ms,2020-10-26 09:42:38 -0700,2020-10-26 09:43:44 -0700,46.3816
Melody’s Apple Watch,ms,2020-10-26 17:39:00 -0700,2020-10-26 17:40:01 -0700,49.6601
Melody’s Apple Watch,ms,2020-10-26 17:52:58 -0700,2020-10-26 17:54:03 -0700,32.7309
Melody’s Apple Watch,ms,2020-10-26 19:33:33 -0700,2020-10-26 19:34:38 -0700,21.8918
Melody’s Apple Watch,ms,2020-10-26 21:35:25 -0700,2020-10-26 21:36:30 -0700,25.9362
Melody’s Apple Watch,ms,2020-10-27 12:22:03 -0700,2020-10-27 12:23:08 -0700,38.1428
Melody’s Apple Watch,ms,2020-10-27 14:03:52 -0700,2020-10-27 14:04:53 -0700,31.5406
Melody’s Apple Watch,ms,2020-10-27 18:17:40 -0700,2020-10-27 18:18:45 -0700,8
Melody’s Apple Watch,ms,2020-10-27 19:34:31 -0700,2020-10-27 19:35:33 -0700,48.0429
Melody’s Apple Watch,ms,2020-10-27 22:55:11 -0700,2020-10-27 22:56:17 -0700,36.3292
Melody’s Apple Watch,ms,2020-10-27 23:33:03 -0700,2020-10-27 23:34:09 -0700,43.604
Melody’s Apple Watch,ms,2020-10-28 03:57:51 -0700,2020-10-28 03:58:56 -0700,42.72
Melody’s Apple Watch,ms,2020-10-28 05:33:03 -0700,2020-10-28 05:34:09 -0700,40.2244
Melody’s Apple Watch,ms,2020-10-28 07:33:05 -0700,2020-10-28 07:34:10 -0700,54.4759
Melody’s Apple Watch,ms,2020-10-28 10:13:09 -0700,2020-10-28 10:14:14 -0700,30.1766
Melody’s Apple Watch,ms,2020-10-28 16:29:32 -0700,2020-10-28 16:30:37 -0700,13.8327
Melody’s Apple Watch,ms,2020-10-28 17:35:33 -0700,2020-10-28 17:36:34 -0700,22.236
Melody’s Apple Watch,ms,2020-10-28 20:00:54 -0700,2020-10-28 20:01:57 -0700,22.5707
Melody’s Apple Watch,ms,2020-10-28 21:53:55 -0700,2020-10-28 21:54:56 -0700,38.9407
Melody’s Apple Watch,ms,2020-10-29 01:34:15 -0700,2020-10-29 01:35:17 -0700,19.7088
Melody’s Apple Watch,ms,2020-10-29 03:33:03 -0700,2020-10-29 03:34:08 -0700,36.2043
Melody’s Apple Watch,ms,2020-10-29 05:33:05 -0700,2020-10-29 05:34:10 -0700,31.861
Melody’s Apple Watch,ms,2020-10-29 07:33:04 -0700,2020-10-29 07:34:07 -0700,41.9404
Melody’s Apple Watch,ms,2020-10-30 12:00:31 -0700,2020-10-30 12:01:32 -0700,33.4187
Melody’s Apple Watch,ms,2020-10-30 14:16:13 -0700,2020-10-30 14:17:18 -0700,10.9001
Melody’s Apple Watch,ms,2020-10-30 17:51:37 -0700,2020-10-30 17:52:40 -0700,25.5245
Melody’s Apple Watch,ms,2020-10-31 12:45:13 -0700,2020-10-31 12:46:14 -0700,23.6458
Melody’s Apple Watch,ms,2020-10-31 14:12:17 -0700,2020-10-31 14:13:20 -0700,30.7429
Melody’s Apple Watch,ms,2020-11-02 09:16:36 -0700,2020-11-02 09:17:39 -0700,34.4683
Melody’s Apple Watch,ms,2020-11-02 09:19:40 -0700,2020-11-02 09:20:46 -0700,37.7152
Melody’s Apple Watch,ms,2020-11-02 09:52:09 -0700,2020-11-02 09:53:14 -0700,36.5573
Melody’s Apple Watch,ms,2020-11-02 11:56:14 -0700,2020-11-02 11:57:18 -0700,40.614
Melody’s Apple Watch,ms,2020-11-02 19:33:41 -0700,2020-11-02 19:34:46 -0700,14.4741
Melody’s Apple Watch,ms,2020-11-02 21:37:29 -0700,2020-11-02 21:38:30 -0700,15.3623
Melody’s Apple Watch,ms,2020-11-02 23:34:11 -0700,2020-11-02 23:35:17 -0700,22.4304
Melody’s Apple Watch,ms,2020-11-03 01:33:02 -0700,2020-11-03 01:34:04 -0700,33.6229
Melody’s Apple Watch,ms,2020-11-03 03:33:02 -0700,2020-11-03 03:34:07 -0700,22.2036
Melody’s Apple Watch,ms,2020-11-03 05:33:04 -0700,2020-11-03 05:34:09 -0700,38.5398
Melody’s Apple Watch,ms,2020-11-03 07:33:03 -0700,2020-11-03 07:34:05 -0700,44.7786
Melody’s Apple Watch,ms,2020-11-04 15:35:25 -0700,2020-11-04 15:36:26 -0700,30.3197
Melody’s Apple Watch,ms,2020-11-05 02:35:34 -0700,2020-11-05 02:36:39 -0700,37.394
Melody’s Apple Watch,ms,2020-11-05 04:35:36 -0700,2020-11-05 04:36:41 -0700,28.5974
Melody’s Apple Watch,ms,2020-11-05 06:35:33 -0700,2020-11-05 06:36:38 -0700,33.9743
Melody’s Apple Watch,ms,2020-11-05 10:14:29 -0700,2020-11-05 10:15:34 -0700,35.9731
Melody’s Apple Watch,ms,2020-11-05 11:05:23 -0700,2020-11-05 11:06:28 -0700,15.2766
Melody’s Apple Watch,ms,2020-11-05 12:40:52 -0700,2020-11-05 12:41:57 -0700,21.9502
Melody’s Apple Watch,ms,2020-11-05 15:07:00 -0700,2020-11-05 15:08:00 -0700,28.7761
Melody’s Apple Watch,ms,2020-11-05 16:35:37 -0700,2020-11-05 16:36:42 -0700,74.1721
Melody’s Apple Watch,ms,2020-11-05 22:36:38 -0700,2020-11-05 22:37:43 -0700,17.8238
Melody’s Apple Watch,ms,2020-11-06 00:35:35 -0700,2020-11-06 00:36:40 -0700,31.6267
Melody’s Apple Watch,ms,2020-11-06 02:35:37 -0700,2020-11-06 02:36:42 -0700,45.1802
Melody’s Apple Watch,ms,2020-11-06 04:35:33 -0700,2020-11-06 04:36:39 -0700,61.2087
Melody’s Apple Watch,ms,2020-11-06 06:35:39 -0700,2020-11-06 06:36:40 -0700,57.704
Melody’s Apple Watch,ms,2020-11-06 08:45:22 -0700,2020-11-06 08:46:28 -0700,35.2287
Melody’s Apple Watch,ms,2020-11-06 10:42:44 -0700,2020-11-06 10:43:44 -0700,33.9107
Melody’s Apple Watch,ms,2020-11-06 14:36:17 -0700,2020-11-06 14:37:18 -0700,34.0083
Melody’s Apple Watch,ms,2020-11-06 16:35:33 -0700,2020-11-06 16:36:34 -0700,31.7042
Melody’s Apple Watch,ms,2020-11-06 20:35:01 -0700,2020-11-06 20:36:07 -0700,28.7457
Melody’s Apple Watch,ms,2020-11-07 00:35:40 -0700,2020-11-07 00:36:41 -0700,34.8613
Melody’s Apple Watch,ms,2020-11-07 02:35:38 -0700,2020-11-07 02:36:43 -0700,18.5135
Melody’s Apple Watch,ms,2020-11-07 04:35:35 -0700,2020-11-07 04:36:40 -0700,50.7802
Melody’s Apple Watch,ms,2020-11-07 06:36:30 -0700,2020-11-07 06:37:32 -0700,53.6878
Melody’s Apple Watch,ms,2020-11-07 08:35:33 -0700,2020-11-07 08:36:38 -0700,69.5899
Melody’s Apple Watch,ms,2020-11-07 17:23:31 -0700,2020-11-07 17:24:32 -0700,38.0263
Melody’s Apple Watch,ms,2020-11-07 22:36:29 -0700,2020-11-07 22:37:35 -0700,20.0219
Melody’s Apple Watch,ms,2020-11-08 00:35:36 -0700,2020-11-08 00:36:42 -0700,45.1186
Melody’s Apple Watch,ms,2020-11-08 02:36:18 -0700,2020-11-08 02:37:23 -0700,49.3457
Melody’s Apple Watch,ms,2020-11-08 04:35:35 -0700,2020-11-08 04:36:40 -0700,54.618
Melody’s Apple Watch,ms,2020-11-08 06:35:37 -0700,2020-11-08 06:36:42 -0700,52.3295
Melody’s Apple Watch,ms,2020-11-08 08:35:37 -0700,2020-11-08 08:36:39 -0700,75.213
Melody’s Apple Watch,ms,2020-11-08 16:37:40 -0700,2020-11-08 16:38:44 -0700,19.4631
Melody’s Apple Watch,ms,2020-11-08 19:55:09 -0700,2020-11-08 19:56:15 -0700,41.9173
Melody’s Apple Watch,ms,2020-11-08 22:36:37 -0700,2020-11-08 22:37:38 -0700,30.131
Melody’s Apple Watch,ms,2020-11-09 02:35:36 -0700,2020-11-09 02:36:41 -0700,50.6717
Melody’s Apple Watch,ms,2020-11-09 04:35:58 -0700,2020-11-09 04:37:03 -0700,33.2227
Melody’s Apple Watch,ms,2020-11-09 06:35:35 -0700,2020-11-09 06:36:40 -0700,95.5265
Melody’s Apple Watch,ms,2020-11-09 08:35:35 -0700,2020-11-09 08:36:36 -0700,75.8716
Melody’s Apple Watch,ms,2020-11-09 12:38:33 -0700,2020-11-09 12:39:37 -0700,24.5089
Melody’s Apple Watch,ms,2020-11-09 16:37:05 -0700,2020-11-09 16:38:08 -0700,21.0802
Melody’s Apple Watch,ms,2020-11-09 18:37:33 -0700,2020-11-09 18:38:35 -0700,41.6946
Melody’s Apple Watch,ms,2020-11-09 21:07:47 -0700,2020-11-09 21:08:50 -0700,17.9705
Melody’s Apple Watch,ms,2020-11-09 22:55:39 -0700,2020-11-09 22:56:44 -0700,61.3076
Melody’s Apple Watch,ms,2020-11-10 00:55:13 -0700,2020-11-10 00:56:17 -0700,32.3265
Melody’s Apple Watch,ms,2020-11-10 02:35:36 -0700,2020-11-10 02:36:42 -0700,36.3456
Melody’s Apple Watch,ms,2020-11-10 04:51:43 -0700,2020-11-10 04:52:49 -0700,41.9054
Melody’s Apple Watch,ms,2020-11-10 06:35:42 -0700,2020-11-10 06:36:43 -0700,27.593
Melody’s Apple Watch,ms,2020-11-10 08:51:48 -0700,2020-11-10 08:52:50 -0700,53.6342
Melody’s Apple Watch,ms,2020-11-10 10:35:37 -0700,2020-11-10 10:36:43 -0700,45.6851
Melody’s Apple Watch,ms,2020-11-10 16:38:00 -0700,2020-11-10 16:39:03 -0700,29.362
Melody’s Apple Watch,ms,2020-11-10 19:39:47 -0700,2020-11-10 19:40:52 -0700,34.4029
Melody’s Apple Watch,ms,2020-11-10 22:35:55 -0700,2020-11-10 22:37:00 -0700,35.4216
Melody’s Apple Watch,ms,2020-11-11 16:41:53 -0700,2020-11-11 16:42:58 -0700,74.2092
Melody’s Apple Watch,ms,2020-11-11 19:30:55 -0700,2020-11-11 19:31:56 -0700,42.7493
Melody’s Apple Watch,ms,2020-11-11 20:25:30 -0700,2020-11-11 20:26:35 -0700,25.419
Melody’s Apple Watch,ms,2020-11-12 02:25:31 -0700,2020-11-12 02:26:34 -0700,46.0638
Melody’s Apple Watch,ms,2020-11-12 04:25:32 -0700,2020-11-12 04:26:37 -0700,58.5865
Melody’s Apple Watch,ms,2020-11-12 06:25:29 -0700,2020-11-12 06:26:34 -0700,34.2892
Melody’s Apple Watch,ms,2020-11-12 08:26:08 -0700,2020-11-12 08:27:12 -0700,97.0857
Melody’s Apple Watch,ms,2020-11-12 12:47:59 -0700,2020-11-12 12:49:04 -0700,44.4522
Melody’s Apple Watch,ms,2020-11-12 14:26:40 -0700,2020-11-12 14:27:41 -0700,25.1781
Melody’s Apple Watch,ms,2020-11-12 22:52:09 -0700,2020-11-12 22:53:10 -0700,16.8856
Melody’s Apple Watch,ms,2020-11-12 23:37:32 -0700,2020-11-12 23:38:37 -0700,15.5844
Melody’s Apple Watch,ms,2020-11-13 13:42:39 -0700,2020-11-13 13:43:40 -0700,36.2466
Melody’s Apple Watch,ms,2020-11-13 17:45:46 -0700,2020-11-13 17:46:51 -0700,25.8155
Melody’s Apple Watch,ms,2020-11-17 14:58:44 -0700,2020-11-17 14:59:49 -0700,45.7876
Melody’s Apple Watch,ms,2020-11-17 21:00:04 -0700,2020-11-17 21:01:09 -0700,43.0073
Melody’s Apple Watch,ms,2020-11-18 00:58:55 -0700,2020-11-18 00:59:56 -0700,29.1215
Melody’s Apple Watch,ms,2020-11-18 11:53:01 -0700,2020-11-18 11:54:02 -0700,65.6506
Melody’s Apple Watch,ms,2020-11-18 13:10:02 -0700,2020-11-18 13:11:03 -0700,36.4452
Melody’s Apple Watch,ms,2020-11-18 15:20:41 -0700,2020-11-18 15:21:42 -0700,42.1055
Melody’s Apple Watch,ms,2020-11-18 17:01:28 -0700,2020-11-18 17:02:29 -0700,19.7832
Melody’s Apple Watch,ms,2020-11-18 18:58:40 -0700,2020-11-18 18:59:41 -0700,19.3488
Melody’s Apple Watch,ms,2020-11-18 23:16:13 -0700,2020-11-18 23:17:18 -0700,25.5025
Melody’s Apple Watch,ms,2020-11-19 09:08:06 -0700,2020-11-19 09:09:11 -0700,33.1568
Melody’s Apple Watch,ms,2020-11-19 11:09:59 -0700,2020-11-19 11:11:00 -0700,18.3644
Melody’s Apple Watch,ms,2020-11-19 17:10:24 -0700,2020-11-19 17:11:29 -0700,40.6256
Melody’s Apple Watch,ms,2020-11-19 19:08:01 -0700,2020-11-19 19:09:05 -0700,25.3655
Melody’s Apple Watch,ms,2020-11-20 09:16:07 -0700,2020-11-20 09:17:08 -0700,50.5532
Melody’s Apple Watch,ms,2020-11-20 12:58:42 -0700,2020-11-20 12:59:47 -0700,66.0445
Melody’s Apple Watch,ms,2020-11-21 16:47:08 -0700,2020-11-21 16:48:09 -0700,12.2411
Melody’s Apple Watch,ms,2020-11-21 16:50:30 -0700,2020-11-21 16:51:31 -0700,22.7308
Melody’s Apple Watch,ms,2020-11-21 17:14:44 -0700,2020-11-21 17:15:50 -0700,30.1061
Melody’s Apple Watch,ms,2020-11-21 19:17:51 -0700,2020-11-21 19:18:56 -0700,12.9071
Melody’s Apple Watch,ms,2020-11-21 20:58:41 -0700,2020-11-21 20:59:46 -0700,31.9961
Melody’s Apple Watch,ms,2020-11-22 02:58:43 -0700,2020-11-22 02:59:48 -0700,30.4939
Melody’s Apple Watch,ms,2020-11-22 04:58:39 -0700,2020-11-22 04:59:45 -0700,58.1222
Melody’s Apple Watch,ms,2020-11-22 06:58:41 -0700,2020-11-22 06:59:47 -0700,47.8716
Melody’s Apple Watch,ms,2020-11-22 08:58:43 -0700,2020-11-22 08:59:43 -0700,87.3238
Melody’s Apple Watch,ms,2020-11-22 15:00:10 -0700,2020-11-22 15:01:11 -0700,27.818
Melody’s Apple Watch,ms,2020-11-22 17:15:25 -0700,2020-11-22 17:16:31 -0700,35.7106
Melody’s Apple Watch,ms,2020-11-23 00:06:12 -0700,2020-11-23 00:07:18 -0700,25.9952
Melody’s Apple Watch,ms,2020-11-23 01:36:22 -0700,2020-11-23 01:37:27 -0700,54.0139
Melody’s Apple Watch,ms,2020-11-23 03:32:31 -0700,2020-11-23 03:33:36 -0700,34.6735
Melody’s Apple Watch,ms,2020-11-23 04:58:43 -0700,2020-11-23 04:59:48 -0700,24.4476
Melody’s Apple Watch,ms,2020-11-23 06:58:40 -0700,2020-11-23 06:59:45 -0700,33.8388
Melody’s Apple Watch,ms,2020-11-23 08:58:42 -0700,2020-11-23 08:59:47 -0700,42.7156
Melody’s Apple Watch,ms,2020-11-23 10:59:02 -0700,2020-11-23 11:00:04 -0700,32.3265
Melody’s Apple Watch,ms,2020-11-23 12:59:41 -0700,2020-11-23 13:00:41 -0700,35.2207
Melody’s Apple Watch,ms,2020-11-23 17:15:55 -0700,2020-11-23 17:16:59 -0700,23.7421
Melody’s Apple Watch,ms,2020-11-23 18:59:36 -0700,2020-11-23 19:00:41 -0700,31.9228
Melody’s Apple Watch,ms,2020-11-23 20:58:55 -0700,2020-11-23 20:59:56 -0700,30.898
Melody’s Apple Watch,ms,2020-11-24 18:49:14 -0700,2020-11-24 18:50:19 -0700,25.3439
Melody’s Apple Watch,ms,2020-11-25 15:07:48 -0700,2020-11-25 15:08:50 -0700,34.4338
Melody’s Apple Watch,ms,2020-11-26 16:58:41 -0700,2020-11-26 16:59:46 -0700,27.5273
Melody’s Apple Watch,ms,2020-11-26 22:58:41 -0700,2020-11-26 22:59:46 -0700,36.8706
Melody’s Apple Watch,ms,2020-11-27 01:42:41 -0700,2020-11-27 01:43:46 -0700,39.9461
Melody’s Apple Watch,ms,2020-11-27 03:14:49 -0700,2020-11-27 03:15:54 -0700,45.4175
Melody’s Apple Watch,ms,2020-11-27 19:51:24 -0700,2020-11-27 19:52:25 -0700,18.2414
Melody’s Apple Watch,ms,2020-11-28 14:40:12 -0700,2020-11-28 14:41:15 -0700,40.9542
Melody’s Apple Watch,ms,2020-11-28 15:58:51 -0700,2020-11-28 15:59:54 -0700,39.4493
Melody’s Apple Watch,ms,2020-11-28 23:29:38 -0700,2020-11-28 23:30:39 -0700,59.0291
Melody’s Apple Watch,ms,2020-11-29 01:18:16 -0700,2020-11-29 01:19:18 -0700,35.1194
Melody’s Apple Watch,ms,2020-11-29 21:57:03 -0700,2020-11-29 21:58:07 -0700,37.2944
Melody’s Apple Watch,ms,2020-11-29 22:59:28 -0700,2020-11-29 23:00:29 -0700,19.8715
Melody’s Apple Watch,ms,2020-11-30 09:58:56 -0700,2020-11-30 10:00:01 -0700,23.5942
Melody’s Apple Watch,ms,2020-11-30 14:59:11 -0700,2020-11-30 15:00:13 -0700,15.2746
Melody’s Apple Watch,ms,2020-11-30 21:13:08 -0700,2020-11-30 21:14:13 -0700,15.1462
Melody’s Apple Watch,ms,2020-11-30 22:59:39 -0700,2020-11-30 23:00:40 -0700,33.008
Melody’s Apple Watch,ms,2020-12-01 00:59:13 -0700,2020-12-01 01:00:13 -0700,45.3786
Melody’s Apple Watch,ms,2020-12-01 03:22:13 -0700,2020-12-01 03:23:18 -0700,24.8835
Melody’s Apple Watch,ms,2020-12-01 04:58:44 -0700,2020-12-01 04:59:45 -0700,65.827
Melody’s Apple Watch,ms,2020-12-01 07:21:34 -0700,2020-12-01 07:22:38 -0700,16.7649
Melody’s Apple Watch,ms,2020-12-01 08:59:10 -0700,2020-12-01 09:00:15 -0700,33.1823
Melody’s Apple Watch,ms,2020-12-01 17:01:12 -0700,2020-12-01 17:02:18 -0700,24.2487
Melody’s Apple Watch,ms,2020-12-01 20:59:38 -0700,2020-12-01 21:00:44 -0700,12.0208
Melody’s Apple Watch,ms,2020-12-02 00:58:41 -0700,2020-12-02 00:59:46 -0700,23.504
Melody’s Apple Watch,ms,2020-12-02 02:58:43 -0700,2020-12-02 02:59:48 -0700,36.7406
Melody’s Apple Watch,ms,2020-12-02 04:59:05 -0700,2020-12-02 05:00:10 -0700,49.553
Melody’s Apple Watch,ms,2020-12-02 06:58:41 -0700,2020-12-02 06:59:46 -0700,31.1368
Melody’s Apple Watch,ms,2020-12-02 08:58:40 -0700,2020-12-02 08:59:43 -0700,53.8841
Melody’s Apple Watch,ms,2020-12-02 11:33:21 -0700,2020-12-02 11:34:23 -0700,40.1505
Melody’s Apple Watch,ms,2020-12-02 16:35:02 -0700,2020-12-02 16:36:07 -0700,23.5213
Melody’s Apple Watch,ms,2020-12-02 21:00:06 -0700,2020-12-02 21:01:11 -0700,28.8363
Melody’s Apple Watch,ms,2020-12-02 22:24:57 -0700,2020-12-02 22:26:03 -0700,28.701
Melody’s Apple Watch,ms,2020-12-03 00:21:20 -0700,2020-12-03 00:22:24 -0700,21.1453
Melody’s Apple Watch,ms,2020-12-03 02:21:23 -0700,2020-12-03 02:22:26 -0700,26.3344
Melody’s Apple Watch,ms,2020-12-03 04:21:22 -0700,2020-12-03 04:22:23 -0700,95.7663
Melody’s Apple Watch,ms,2020-12-03 06:21:19 -0700,2020-12-03 06:22:25 -0700,37.6862
Melody’s Apple Watch,ms,2020-12-03 08:21:17 -0700,2020-12-03 08:22:21 -0700,48.94
Melody’s Apple Watch,ms,2020-12-03 15:20:44 -0700,2020-12-03 15:21:45 -0700,12.1295
Melody’s Apple Watch,ms,2020-12-03 17:29:56 -0700,2020-12-03 17:31:01 -0700,43.8477
Melody’s Apple Watch,ms,2020-12-03 19:28:59 -0700,2020-12-03 19:30:00 -0700,24.1493
Melody’s Apple Watch,ms,2020-12-04 00:21:18 -0700,2020-12-04 00:22:24 -0700,26.764
Melody’s Apple Watch,ms,2020-12-04 02:21:16 -0700,2020-12-04 02:22:20 -0700,37.7814
Melody’s Apple Watch,ms,2020-12-04 04:21:21 -0700,2020-12-04 04:22:22 -0700,80.2177
Melody’s Apple Watch,ms,2020-12-04 06:21:44 -0700,2020-12-04 06:22:49 -0700,129.348
Melody’s Apple Watch,ms,2020-12-04 08:21:16 -0700,2020-12-04 08:22:21 -0700,83.7675
Melody’s Apple Watch,ms,2020-12-04 19:00:26 -0700,2020-12-04 19:01:28 -0700,25.8372
Melody’s Apple Watch,ms,2020-12-04 20:52:57 -0700,2020-12-04 20:54:03 -0700,31.222
Melody’s Apple Watch,ms,2020-12-04 23:15:08 -0700,2020-12-04 23:16:09 -0700,19.2216
Melody’s Apple Watch,ms,2020-12-05 01:10:07 -0700,2020-12-05 01:11:12 -0700,48.0364
Melody’s Apple Watch,ms,2020-12-05 02:52:58 -0700,2020-12-05 02:54:04 -0700,29.4034
Melody’s Apple Watch,ms,2020-12-05 06:52:59 -0700,2020-12-05 06:54:04 -0700,73.2509
Melody’s Apple Watch,ms,2020-12-05 08:53:01 -0700,2020-12-05 08:54:06 -0700,47.944
Melody’s Apple Watch,ms,2020-12-05 18:55:54 -0700,2020-12-05 18:56:55 -0700,26.7699
Melody’s Apple Watch,ms,2020-12-05 23:29:11 -0700,2020-12-05 23:30:16 -0700,38.9286
Melody’s Apple Watch,ms,2020-12-06 01:09:29 -0700,2020-12-06 01:10:30 -0700,38.5016
Melody’s Apple Watch,ms,2020-12-06 02:52:57 -0700,2020-12-06 02:54:02 -0700,54.1081
Melody’s Apple Watch,ms,2020-12-06 04:52:59 -0700,2020-12-06 04:54:04 -0700,34.5932
Melody’s Apple Watch,ms,2020-12-06 06:53:46 -0700,2020-12-06 06:54:51 -0700,42.9134
Melody’s Apple Watch,ms,2020-12-06 08:52:57 -0700,2020-12-06 08:53:58 -0700,32.4133
Melody’s Apple Watch,ms,2020-12-06 10:52:59 -0700,2020-12-06 10:54:05 -0700,33.1078
Melody’s Apple Watch,ms,2020-12-06 13:00:59 -0700,2020-12-06 13:02:04 -0700,28.7728
Melody’s Apple Watch,ms,2020-12-06 14:53:03 -0700,2020-12-06 14:54:05 -0700,28.1991
Melody’s Apple Watch,ms,2020-12-07 01:08:09 -0700,2020-12-07 01:09:14 -0700,37.5433
Melody’s Apple Watch,ms,2020-12-07 02:53:00 -0700,2020-12-07 02:54:05 -0700,37.8459
Melody’s Apple Watch,ms,2020-12-07 04:52:57 -0700,2020-12-07 04:54:02 -0700,41.099
Melody’s Apple Watch,ms,2020-12-07 06:52:59 -0700,2020-12-07 06:54:04 -0700,42.6864
Melody’s Apple Watch,ms,2020-12-07 10:05:24 -0700,2020-12-07 10:06:25 -0700,22.1049
Melody’s Apple Watch,ms,2020-12-07 11:32:00 -0700,2020-12-07 11:33:05 -0700,37.6024
Melody’s Apple Watch,ms,2020-12-07 12:54:17 -0700,2020-12-07 12:55:22 -0700,28.8672
Melody’s Apple Watch,ms,2020-12-07 14:56:42 -0700,2020-12-07 14:57:44 -0700,25.4067
Melody’s Apple Watch,ms,2020-12-07 20:13:46 -0700,2020-12-07 20:14:47 -0700,71.1829
Melody’s Apple Watch,ms,2020-12-08 00:52:59 -0700,2020-12-08 00:54:03 -0700,30.4744
Melody’s Apple Watch,ms,2020-12-08 02:53:00 -0700,2020-12-08 02:54:05 -0700,23.6339
Melody’s Apple Watch,ms,2020-12-08 04:52:57 -0700,2020-12-08 04:54:02 -0700,36.0893
Melody’s Apple Watch,ms,2020-12-08 06:52:59 -0700,2020-12-08 06:54:04 -0700,46.502
Melody’s Apple Watch,ms,2020-12-08 08:53:02 -0700,2020-12-08 08:54:06 -0700,53.6225
Melody’s Apple Watch,ms,2020-12-08 10:53:00 -0700,2020-12-08 10:54:02 -0700,30.9475
Melody’s Apple Watch,ms,2020-12-08 12:54:42 -0700,2020-12-08 12:55:44 -0700,35.3818
Melody’s Apple Watch,ms,2020-12-08 15:01:15 -0700,2020-12-08 15:02:17 -0700,36.0832
Melody’s Apple Watch,ms,2020-12-08 19:53:05 -0700,2020-12-08 19:54:10 -0700,27.5216
Melody’s Apple Watch,ms,2020-12-08 21:10:59 -0700,2020-12-08 21:12:03 -0700,44.6003
Melody’s Apple Watch,ms,2020-12-09 00:33:36 -0700,2020-12-09 00:34:41 -0700,26.0084
Melody’s Apple Watch,ms,2020-12-09 02:52:57 -0700,2020-12-09 02:54:03 -0700,68.9746
Melody’s Apple Watch,ms,2020-12-09 04:52:59 -0700,2020-12-09 04:54:05 -0700,23.4641
Melody’s Apple Watch,ms,2020-12-09 06:53:46 -0700,2020-12-09 06:54:51 -0700,55.8083
Melody’s Apple Watch,ms,2020-12-09 08:52:58 -0700,2020-12-09 08:54:03 -0700,28.5799
Melody’s Apple Watch,ms,2020-12-09 19:13:12 -0700,2020-12-09 19:14:15 -0700,25.2401
Melody’s Apple Watch,ms,2020-12-09 23:15:01 -0700,2020-12-09 23:16:04 -0700,33.0804
Melody’s Apple Watch,ms,2020-12-10 00:52:56 -0700,2020-12-10 00:54:01 -0700,30.349
Melody’s Apple Watch,ms,2020-12-10 02:52:58 -0700,2020-12-10 02:54:03 -0700,29.3439
Melody’s Apple Watch,ms,2020-12-10 04:53:00 -0700,2020-12-10 04:54:05 -0700,34.6807
Melody’s Apple Watch,ms,2020-12-10 06:52:56 -0700,2020-12-10 06:54:02 -0700,51.1285
Melody’s Apple Watch,ms,2020-12-10 11:10:49 -0700,2020-12-10 11:11:54 -0700,21.7471
Melody’s Apple Watch,ms,2020-12-10 15:30:38 -0700,2020-12-10 15:31:43 -0700,31.4742
Melody’s Apple Watch,ms,2020-12-10 22:54:00 -0700,2020-12-10 22:55:06 -0700,42.2988
Melody’s Apple Watch,ms,2020-12-11 00:54:35 -0700,2020-12-11 00:55:40 -0700,16.965
Melody’s Apple Watch,ms,2020-12-11 04:53:00 -0700,2020-12-11 04:54:06 -0700,36.3559
Melody’s Apple Watch,ms,2020-12-11 06:53:52 -0700,2020-12-11 06:54:54 -0700,45.3769
Melody’s Apple Watch,ms,2020-12-11 08:53:00 -0700,2020-12-11 08:54:06 -0700,45.4526
Melody’s Apple Watch,ms,2020-12-11 16:55:44 -0700,2020-12-11 16:56:44 -0700,28.9277
Melody’s Apple Watch,ms,2020-12-14 12:09:05 -0700,2020-12-14 12:10:05 -0700,43.6649
Melody’s Apple Watch,ms,2020-12-14 14:11:37 -0700,2020-12-14 14:12:43 -0700,24.2687
Melody’s Apple Watch,ms,2020-12-14 16:18:58 -0700,2020-12-14 16:20:01 -0700,41.4977
Melody’s Apple Watch,ms,2020-12-14 18:10:48 -0700,2020-12-14 18:11:49 -0700,23.2433
Melody’s Apple Watch,ms,2020-12-14 20:13:20 -0700,2020-12-14 20:14:21 -0700,34.2929
Melody’s Apple Watch,ms,2020-12-14 22:14:28 -0700,2020-12-14 22:15:34 -0700,33.2688
Melody’s Apple Watch,ms,2020-12-15 00:29:47 -0700,2020-12-15 00:30:48 -0700,19.9969
Melody’s Apple Watch,ms,2020-12-15 16:16:13 -0700,2020-12-15 16:17:14 -0700,33.4734
Melody’s Apple Watch,ms,2020-12-15 22:15:04 -0700,2020-12-15 22:16:09 -0700,22.8364
Melody’s Apple Watch,ms,2020-12-16 02:18:16 -0700,2020-12-16 02:19:22 -0700,22.0567
Melody’s Apple Watch,ms,2020-12-16 04:10:34 -0700,2020-12-16 04:11:38 -0700,17.181
Melody’s Apple Watch,ms,2020-12-16 06:10:35 -0700,2020-12-16 06:11:40 -0700,67.1267
Melody’s Apple Watch,ms,2020-12-16 08:27:27 -0700,2020-12-16 08:28:29 -0700,42.5573
Melody’s Apple Watch,ms,2020-12-16 10:22:07 -0700,2020-12-16 10:23:11 -0700,34.7994
Melody’s Apple Watch,ms,2020-12-16 14:04:28 -0700,2020-12-16 14:05:29 -0700,34.0606
Melody’s Apple Watch,ms,2020-12-16 22:49:51 -0700,2020-12-16 22:50:52 -0700,39.5
Melody’s Apple Watch,ms,2020-12-17 12:29:27 -0700,2020-12-17 12:30:32 -0700,46.7112
Melody’s Apple Watch,ms,2020-12-17 17:55:49 -0700,2020-12-17 17:56:54 -0700,30.9324
Melody’s Apple Watch,ms,2020-12-17 18:12:36 -0700,2020-12-17 18:13:41 -0700,27.7894
Melody’s Apple Watch,ms,2020-12-17 20:26:10 -0700,2020-12-17 20:27:10 -0700,23.7632
Melody’s Apple Watch,ms,2020-12-21 13:24:56 -0700,2020-12-21 13:26:01 -0700,30.2934
Melody’s Apple Watch,ms,2020-12-21 16:29:32 -0700,2020-12-21 16:30:33 -0700,49.7908
Melody’s Apple Watch,ms,2020-12-21 20:06:37 -0700,2020-12-21 20:07:39 -0700,19.3027
Melody’s Apple Watch,ms,2020-12-21 20:30:25 -0700,2020-12-21 20:31:30 -0700,40.4969
Melody’s Apple Watch,ms,2020-12-22 17:12:03 -0700,2020-12-22 17:13:05 -0700,60.6934
Melody’s Apple Watch,ms,2020-12-22 20:59:50 -0700,2020-12-22 21:00:55 -0700,48.4968
Melody’s Apple Watch,ms,2020-12-22 23:54:35 -0700,2020-12-22 23:55:36 -0700,52.7737
Melody’s Apple Watch,ms,2020-12-23 00:42:48 -0700,2020-12-23 00:43:53 -0700,21.5682
Melody’s Apple Watch,ms,2020-12-24 15:01:58 -0700,2020-12-24 15:03:01 -0700,30.8211
Melody’s Apple Watch,ms,2020-12-24 20:56:55 -0700,2020-12-24 20:58:00 -0700,44.5986
Melody’s Apple Watch,ms,2020-12-25 00:42:06 -0700,2020-12-25 00:43:08 -0700,18.4221
Melody’s Apple Watch,ms,2020-12-28 00:55:19 -0700,2020-12-28 00:56:24 -0700,73.1471
Melody’s Apple Watch,ms,2020-12-28 01:48:19 -0700,2020-12-28 01:49:21 -0700,53.2688
Melody’s Apple Watch,ms,2020-12-28 12:49:04 -0700,2020-12-28 12:50:05 -0700,86.6916
Melody’s Apple Watch,ms,2020-12-28 17:22:20 -0700,2020-12-28 17:23:25 -0700,24.5815
Melody’s Apple Watch,ms,2020-12-28 21:09:21 -0700,2020-12-28 21:10:23 -0700,11.565
Melody’s Apple Watch,ms,2020-12-28 22:09:50 -0700,2020-12-28 22:10:52 -0700,16.2654
Melody’s Apple Watch,ms,2020-12-28 23:58:00 -0700,2020-12-28 23:59:01 -0700,22.236
Melody’s Apple Watch,ms,2020-12-29 02:00:10 -0700,2020-12-29 02:01:15 -0700,16.1826
Melody’s Apple Watch,ms,2020-12-29 03:41:47 -0700,2020-12-29 03:42:52 -0700,64.5949
Melody’s Apple Watch,ms,2020-12-29 07:41:47 -0700,2020-12-29 07:42:52 -0700,53.9734
Melody’s Apple Watch,ms,2020-12-29 09:42:12 -0700,2020-12-29 09:43:14 -0700,40.7331
Melody’s Apple Watch,ms,2020-12-29 11:44:38 -0700,2020-12-29 11:45:41 -0700,34.916
Melody’s Apple Watch,ms,2020-12-29 14:26:36 -0700,2020-12-29 14:27:39 -0700,34.1202
Melody’s Apple Watch,ms,2020-12-29 23:00:20 -0700,2020-12-29 23:01:21 -0700,23.2836
Melody’s Apple Watch,ms,2020-12-29 23:42:43 -0700,2020-12-29 23:43:47 -0700,48.7266
Melody’s Apple Watch,ms,2020-12-30 11:21:40 -0700,2020-12-30 11:22:42 -0700,29.6637
Melody’s Apple Watch,ms,2020-12-30 13:41:47 -0700,2020-12-30 13:42:48 -0700,27.2075
Melody’s Apple Watch,ms,2020-12-30 17:20:40 -0700,2020-12-30 17:21:40 -0700,193.186
Melody’s Apple Watch,ms,2020-12-30 19:55:22 -0700,2020-12-30 19:56:26 -0700,21.3863
Melody’s Apple Watch,ms,2020-12-31 08:56:27 -0700,2020-12-31 08:57:29 -0700,25.2797
Melody’s Apple Watch,ms,2020-12-31 10:24:11 -0700,2020-12-31 10:25:16 -0700,23.5226
Melody’s Apple Watch,ms,2020-12-31 16:42:14 -0700,2020-12-31 16:43:19 -0700,31.4265
Melody’s Apple Watch,ms,2020-12-31 17:42:51 -0700,2020-12-31 17:43:56 -0700,24.2049
Melody’s Apple Watch,ms,2021-01-01 20:34:42 -0700,2021-01-01 20:35:43 -0700,39.8654
Melody’s Apple Watch,ms,2021-01-01 22:07:46 -0700,2021-01-01 22:08:47 -0700,34.0675
Melody’s Apple Watch,ms,2021-01-01 22:11:14 -0700,2021-01-01 22:12:19 -0700,26.6658
Melody’s Apple Watch,ms,2021-01-02 02:35:33 -0700,2021-01-02 02:36:38 -0700,23.1193
Melody’s Apple Watch,ms,2021-01-02 03:42:19 -0700,2021-01-02 03:43:25 -0700,14.3571
Melody’s Apple Watch,ms,2021-01-02 07:41:47 -0700,2021-01-02 07:42:52 -0700,46.1533
Melody’s Apple Watch,ms,2021-01-02 09:42:14 -0700,2021-01-02 09:43:19 -0700,73.4617
Melody’s Apple Watch,ms,2021-01-02 13:15:11 -0700,2021-01-02 13:16:13 -0700,39.5861
Melody’s Apple Watch,ms,2021-01-02 15:15:13 -0700,2021-01-02 15:16:19 -0700,27.9279
Melody’s Apple Watch,ms,2021-01-02 21:45:24 -0700,2021-01-02 21:46:24 -0700,15.9286
Melody’s Apple Watch,ms,2021-01-03 21:24:51 -0700,2021-01-03 21:25:56 -0700,61.7166
Melody’s Apple Watch,ms,2021-01-04 01:41:48 -0700,2021-01-04 01:42:54 -0700,32.2994
Melody’s Apple Watch,ms,2021-01-04 03:41:48 -0700,2021-01-04 03:42:53 -0700,59.4564
Melody’s Apple Watch,ms,2021-01-04 05:41:45 -0700,2021-01-04 05:42:50 -0700,54.1952
Melody’s Apple Watch,ms,2021-01-04 07:41:47 -0700,2021-01-04 07:42:52 -0700,75.9704
Melody’s Apple Watch,ms,2021-01-04 09:41:49 -0700,2021-01-04 09:42:54 -0700,46.4045
Melody’s Apple Watch,ms,2021-01-04 13:41:47 -0700,2021-01-04 13:42:49 -0700,23.3399
Melody’s Apple Watch,ms,2021-01-04 15:46:15 -0700,2021-01-04 15:47:17 -0700,36.8574
Melody’s Apple Watch,ms,2021-01-04 19:26:58 -0700,2021-01-04 19:28:00 -0700,17.7412
Melody’s Apple Watch,ms,2021-01-04 19:56:17 -0700,2021-01-04 19:57:22 -0700,21.2684
Melody’s Apple Watch,ms,2021-01-04 21:41:46 -0700,2021-01-04 21:42:50 -0700,26.9444
Melody’s Apple Watch,ms,2021-01-04 23:42:03 -0700,2021-01-04 23:43:05 -0700,42.2611
Melody’s Apple Watch,ms,2021-01-05 13:55:58 -0700,2021-01-05 13:56:59 -0700,37.7086
Melody’s Apple Watch,ms,2021-01-05 22:19:29 -0700,2021-01-05 22:20:34 -0700,53.2963
Melody’s Apple Watch,ms,2021-01-05 23:41:46 -0700,2021-01-05 23:42:51 -0700,38.0936
Melody’s Apple Watch,ms,2021-01-06 21:29:48 -0700,2021-01-06 21:30:54 -0700,29.5836
Melody’s Apple Watch,ms,2021-01-07 03:29:48 -0700,2021-01-07 03:30:54 -0700,32.7471
Melody’s Apple Watch,ms,2021-01-07 05:29:48 -0700,2021-01-07 05:30:53 -0700,29.1097
Melody’s Apple Watch,ms,2021-01-07 07:29:48 -0700,2021-01-07 07:30:53 -0700,37.5616
Melody’s Apple Watch,ms,2021-01-07 09:30:09 -0700,2021-01-07 09:31:15 -0700,34.9052
Melody’s Apple Watch,ms,2021-01-07 11:30:07 -0700,2021-01-07 11:31:09 -0700,27.3679
Melody’s Apple Watch,ms,2021-01-07 14:28:36 -0700,2021-01-07 14:29:41 -0700,30.8626
Melody’s Apple Watch,ms,2021-01-07 18:26:55 -0700,2021-01-07 18:27:56 -0700,14.4741
Melody’s Apple Watch,ms,2021-01-07 21:50:04 -0700,2021-01-07 21:51:05 -0700,28.5121
Melody’s Apple Watch,ms,2021-01-07 23:47:49 -0700,2021-01-07 23:48:54 -0700,27.9251
Melody’s Apple Watch,ms,2021-01-08 01:29:49 -0700,2021-01-08 01:30:50 -0700,34.0441
Melody’s Apple Watch,ms,2021-01-08 05:31:25 -0700,2021-01-08 05:32:31 -0700,35.4295
Melody’s Apple Watch,ms,2021-01-08 07:29:53 -0700,2021-01-08 07:30:57 -0700,38.7137
Melody’s Apple Watch,ms,2021-01-08 09:29:49 -0700,2021-01-08 09:30:54 -0700,44.0688
Melody’s Apple Watch,ms,2021-01-08 15:15:25 -0700,2021-01-08 15:16:25 -0700,29.0226
Melody’s Apple Watch,ms,2021-01-08 15:52:42 -0700,2021-01-08 15:53:42 -0700,20.5434
Melody’s Apple Watch,ms,2021-01-08 18:40:24 -0700,2021-01-08 18:41:25 -0700,8.95824
Melody’s Apple Watch,ms,2021-01-08 20:35:00 -0700,2021-01-08 20:36:05 -0700,28.852
Melody’s Apple Watch,ms,2021-01-08 21:29:52 -0700,2021-01-08 21:30:57 -0700,22.7857
Melody’s Apple Watch,ms,2021-01-09 01:29:48 -0700,2021-01-09 01:30:53 -0700,23.0353
Melody’s Apple Watch,ms,2021-01-09 03:29:49 -0700,2021-01-09 03:30:55 -0700,18.5405
Melody’s Apple Watch,ms,2021-01-09 20:11:04 -0700,2021-01-09 20:12:09 -0700,36.5898
Melody’s Apple Watch,ms,2021-01-10 00:08:02 -0700,2021-01-10 00:09:07 -0700,33.5401
Melody’s Apple Watch,ms,2021-01-10 19:38:43 -0700,2021-01-10 19:39:44 -0700,29.9687
Melody’s Apple Watch,ms,2021-01-11 01:42:10 -0700,2021-01-11 01:43:15 -0700,35.9557
Melody’s Apple Watch,ms,2021-01-11 03:38:17 -0700,2021-01-11 03:39:22 -0700,48.8723
Melody’s Apple Watch,ms,2021-01-11 05:38:17 -0700,2021-01-11 05:39:19 -0700,42.0446
Melody’s Apple Watch,ms,2021-01-11 07:38:16 -0700,2021-01-11 07:39:20 -0700,56.1505
Melody’s Apple Watch,ms,2021-01-11 09:38:17 -0700,2021-01-11 09:39:22 -0700,59.8435
Melody’s Apple Watch,ms,2021-01-11 16:30:37 -0700,2021-01-11 16:31:38 -0700,29.1129
Melody’s Apple Watch,ms,2021-01-11 18:39:11 -0700,2021-01-11 18:40:16 -0700,25.5594
Melody’s Apple Watch,ms,2021-01-11 19:40:38 -0700,2021-01-11 19:41:43 -0700,36.2845
Melody’s Apple Watch,ms,2021-01-11 22:53:44 -0700,2021-01-11 22:54:48 -0700,22.7747
Melody’s Apple Watch,ms,2021-01-12 00:00:59 -0700,2021-01-12 00:02:02 -0700,21.0015
Melody’s Apple Watch,ms,2021-01-12 22:05:35 -0700,2021-01-12 22:06:36 -0700,17.8027
Melody’s Apple Watch,ms,2021-01-12 23:46:58 -0700,2021-01-12 23:48:03 -0700,14.8766
Melody’s Apple Watch,ms,2021-01-13 01:49:24 -0700,2021-01-13 01:50:30 -0700,30.6686
Melody’s Apple Watch,ms,2021-01-13 03:45:52 -0700,2021-01-13 03:46:56 -0700,69.9678
Melody’s Apple Watch,ms,2021-01-13 05:45:53 -0700,2021-01-13 05:46:58 -0700,32.2965
Melody’s Apple Watch,ms,2021-01-13 07:45:50 -0700,2021-01-13 07:46:55 -0700,40.5494
Melody’s Apple Watch,ms,2021-01-13 09:45:51 -0700,2021-01-13 09:46:57 -0700,65.4384
Melody’s Apple Watch,ms,2021-01-13 12:04:35 -0700,2021-01-13 12:05:36 -0700,35.478
Melody’s Apple Watch,ms,2021-01-13 13:46:47 -0700,2021-01-13 13:47:53 -0700,36.206
Melody’s Apple Watch,ms,2021-01-13 17:58:50 -0700,2021-01-13 17:59:55 -0700,45.7637
Melody’s Apple Watch,ms,2021-01-14 15:52:35 -0700,2021-01-14 15:53:37 -0700,24.9737
Melody’s Apple Watch,ms,2021-01-14 22:31:47 -0700,2021-01-14 22:32:52 -0700,12.3567
Melody’s Apple Watch,ms,2021-01-15 01:45:52 -0700,2021-01-15 01:46:54 -0700,36.8782
Melody’s Apple Watch,ms,2021-01-15 03:45:51 -0700,2021-01-15 03:46:56 -0700,30.9697
Melody’s Apple Watch,ms,2021-01-15 05:45:48 -0700,2021-01-15 05:46:53 -0700,37.8698
Melody’s Apple Watch,ms,2021-01-15 08:02:05 -0700,2021-01-15 08:03:08 -0700,34.0624
Melody’s Apple Watch,ms,2021-01-15 13:34:59 -0700,2021-01-15 13:36:00 -0700,28.3064
Melody’s Apple Watch,ms,2021-01-15 20:32:25 -0700,2021-01-15 20:33:30 -0700,22.3747
Melody’s Apple Watch,ms,2021-01-15 23:38:19 -0700,2021-01-15 23:39:24 -0700,42.0052
Melody’s Apple Watch,ms,2021-01-17 12:27:06 -0700,2021-01-17 12:28:12 -0700,30.499
Melody’s Apple Watch,ms,2021-01-17 20:31:20 -0700,2021-01-17 20:32:21 -0700,12.7512
Melody’s Apple Watch,ms,2021-01-18 02:24:11 -0700,2021-01-18 02:25:16 -0700,26.5507
Melody’s Apple Watch,ms,2021-01-18 04:23:18 -0700,2021-01-18 04:24:23 -0700,22.0723
Melody’s Apple Watch,ms,2021-01-18 06:23:19 -0700,2021-01-18 06:24:20 -0700,29.129
Melody’s Apple Watch,ms,2021-01-18 08:23:21 -0700,2021-01-18 08:24:27 -0700,33.1267
Melody’s Apple Watch,ms,2021-01-18 11:08:27 -0700,2021-01-18 11:09:31 -0700,29.5571
Melody’s Apple Watch,ms,2021-01-18 18:23:20 -0700,2021-01-18 18:24:21 -0700,7.95299
Melody’s Apple Watch,ms,2021-01-18 20:24:29 -0700,2021-01-18 20:25:34 -0700,16.906
Melody’s Apple Watch,ms,2021-01-19 10:43:48 -0700,2021-01-19 10:44:49 -0700,33.7741
Melody’s Apple Watch,ms,2021-01-19 13:06:54 -0700,2021-01-19 13:07:55 -0700,60.5537
Melody’s Apple Watch,ms,2021-01-19 16:52:57 -0700,2021-01-19 16:53:57 -0700,49.8441
Melody’s Apple Watch,ms,2021-01-19 18:54:12 -0700,2021-01-19 18:55:14 -0700,18.2509
Melody’s Apple Watch,ms,2021-01-20 09:21:08 -0700,2021-01-20 09:22:11 -0700,33.3766
Melody’s Apple Watch,ms,2021-01-20 10:36:56 -0700,2021-01-20 10:37:57 -0700,71.5935
Melody’s Apple Watch,ms,2021-01-20 15:07:13 -0700,2021-01-20 15:08:16 -0700,32.6793
Melody’s Apple Watch,ms,2021-01-20 17:35:54 -0700,2021-01-20 17:36:55 -0700,29.7027
Melody’s Apple Watch,ms,2021-01-20 18:36:27 -0700,2021-01-20 18:37:29 -0700,34.4338
Melody’s Apple Watch,ms,2021-01-20 23:04:47 -0700,2021-01-20 23:05:52 -0700,20.8282
Melody’s Apple Watch,ms,2021-01-21 00:36:24 -0700,2021-01-21 00:37:29 -0700,21.8575
Melody’s Apple Watch,ms,2021-01-21 02:36:21 -0700,2021-01-21 02:37:26 -0700,29.2692
Melody’s Apple Watch,ms,2021-01-21 04:52:29 -0700,2021-01-21 04:53:35 -0700,53.9178
Melody’s Apple Watch,ms,2021-01-21 06:52:37 -0700,2021-01-21 06:53:38 -0700,37.4266
Melody’s Apple Watch,ms,2021-01-21 08:36:20 -0700,2021-01-21 08:37:25 -0700,66.7701
Melody’s Apple Watch,ms,2021-01-22 04:48:15 -0700,2021-01-22 04:49:21 -0700,19.105
Melody’s Apple Watch,ms,2021-01-22 04:50:27 -0700,2021-01-22 04:51:33 -0700,20.3362
Melody’s Apple Watch,ms,2021-01-22 06:37:05 -0700,2021-01-22 06:38:10 -0700,36.857
Melody’s Apple Watch,ms,2021-01-22 08:36:22 -0700,2021-01-22 08:37:24 -0700,91.8722
Melody’s Apple Watch,ms,2021-01-22 10:36:21 -0700,2021-01-22 10:37:26 -0700,44.2225
Melody’s Apple Watch,ms,2021-01-22 12:57:12 -0700,2021-01-22 12:58:13 -0700,35.7954
Melody’s Apple Watch,ms,2021-01-22 14:37:25 -0700,2021-01-22 14:38:26 -0700,28.4121
Melody’s Apple Watch,ms,2021-01-22 16:45:50 -0700,2021-01-22 16:46:53 -0700,26.157
Melody’s Apple Watch,ms,2021-01-22 21:29:27 -0700,2021-01-22 21:30:28 -0700,12.4336
Melody’s Apple Watch,ms,2021-01-22 23:53:28 -0700,2021-01-22 23:54:30 -0700,43.936
Melody’s Apple Watch,ms,2021-01-23 17:42:25 -0700,2021-01-23 17:43:26 -0700,27.8377
Melody’s Apple Watch,ms,2021-01-23 19:10:59 -0700,2021-01-23 19:12:04 -0700,23.1179
Melody’s Apple Watch,ms,2021-01-24 23:39:42 -0700,2021-01-24 23:40:42 -0700,29.904
Melody’s Apple Watch,ms,2021-01-25 00:37:59 -0700,2021-01-25 00:39:04 -0700,34.8739
Melody’s Apple Watch,ms,2021-01-25 02:36:21 -0700,2021-01-25 02:37:26 -0700,24.3426
Melody’s Apple Watch,ms,2021-01-25 04:36:23 -0700,2021-01-25 04:37:28 -0700,29.1655
Melody’s Apple Watch,ms,2021-01-25 06:36:22 -0700,2021-01-25 06:37:25 -0700,29.298
Melody’s Apple Watch,ms,2021-01-25 17:04:40 -0700,2021-01-25 17:05:15 -0700,10.2987
Melody’s Apple Watch,ms,2021-01-25 17:09:45 -0700,2021-01-25 17:10:50 -0700,22.5
Melody’s Apple Watch,ms,2021-01-25 18:36:21 -0700,2021-01-25 18:37:27 -0700,28.6127
Melody’s Apple Watch,ms,2021-01-25 20:36:24 -0700,2021-01-25 20:37:28 -0700,27.2661
Melody’s Apple Watch,ms,2021-01-25 22:36:19 -0700,2021-01-25 22:37:20 -0700,20.4832
Melody’s Apple Watch,ms,2021-01-26 00:52:31 -0700,2021-01-26 00:53:35 -0700,25.3365
Melody’s Apple Watch,ms,2021-01-26 03:03:13 -0700,2021-01-26 03:04:18 -0700,33.3073
Melody’s Apple Watch,ms,2021-01-26 04:36:20 -0700,2021-01-26 04:37:25 -0700,27.8792
Melody’s Apple Watch,ms,2021-01-26 06:36:48 -0700,2021-01-26 06:37:53 -0700,32.7061
Melody’s Apple Watch,ms,2021-01-26 08:36:23 -0700,2021-01-26 08:37:25 -0700,47.9909
Melody’s Apple Watch,ms,2021-01-26 14:52:23 -0700,2021-01-26 14:53:29 -0700,32.1821
Melody’s Apple Watch,ms,2021-01-27 00:04:14 -0700,2021-01-27 00:05:16 -0700,18.9934
Melody’s Apple Watch,ms,2021-01-27 11:55:38 -0700,2021-01-27 11:56:44 -0700,33.4739
Melody’s Apple Watch,ms,2021-01-27 22:16:03 -0700,2021-01-27 22:17:08 -0700,39.2818
Melody’s Apple Watch,ms,2021-01-28 02:08:14 -0700,2021-01-28 02:09:20 -0700,34.1202
Melody’s Apple Watch,ms,2021-01-28 04:05:31 -0700,2021-01-28 04:06:37 -0700,27.2764
Melody’s Apple Watch,ms,2021-01-28 08:05:27 -0700,2021-01-28 08:06:32 -0700,40.5247
Melody’s Apple Watch,ms,2021-01-28 10:46:33 -0700,2021-01-28 10:47:34 -0700,32.5509
Melody’s Apple Watch,ms,2021-01-29 13:55:01 -0700,2021-01-29 13:56:06 -0700,41.7485
Melody’s Apple Watch,ms,2021-01-29 14:39:19 -0700,2021-01-29 14:40:20 -0700,22.2907
Melody’s Apple Watch,ms,2021-01-29 16:05:28 -0700,2021-01-29 16:06:29 -0700,22.7802
Melody’s Apple Watch,ms,2021-02-03 18:26:28 -0700,2021-02-03 18:27:32 -0700,22.0397
Melody’s Apple Watch,ms,2021-02-04 00:43:42 -0700,2021-02-04 00:44:47 -0700,49.044
Melody’s Apple Watch,ms,2021-02-04 02:43:44 -0700,2021-02-04 02:44:49 -0700,30.8636
Melody’s Apple Watch,ms,2021-02-04 04:43:41 -0700,2021-02-04 04:44:46 -0700,51.9194
Melody’s Apple Watch,ms,2021-02-04 06:43:43 -0700,2021-02-04 06:44:48 -0700,43.1089
Melody’s Apple Watch,ms,2021-02-05 10:14:30 -0700,2021-02-05 10:15:35 -0700,45.8919
Melody’s Apple Watch,ms,2021-02-05 10:16:41 -0700,2021-02-05 10:17:47 -0700,40.9542
Melody’s Apple Watch,ms,2021-02-05 12:43:38 -0700,2021-02-05 12:44:43 -0700,46.6483
Melody’s Apple Watch,ms,2021-02-05 17:21:12 -0700,2021-02-05 17:22:17 -0700,19.4808
Melody’s Apple Watch,ms,2021-02-05 22:16:18 -0700,2021-02-05 22:17:20 -0700,27.4682
Melody’s Apple Watch,ms,2021-02-06 00:15:03 -0700,2021-02-06 00:16:06 -0700,31.3887
Melody’s Apple Watch,ms,2021-02-06 02:17:00 -0700,2021-02-06 02:18:03 -0700,30.0156
Melody’s Apple Watch,ms,2021-02-06 04:15:05 -0700,2021-02-06 04:16:10 -0700,41.6218
Melody’s Apple Watch,ms,2021-02-06 06:15:01 -0700,2021-02-06 06:16:07 -0700,61.4807
Melody’s Apple Watch,ms,2021-02-06 08:15:03 -0700,2021-02-06 08:16:08 -0700,83.3734
Melody’s Apple Watch,ms,2021-02-06 10:15:05 -0700,2021-02-06 10:16:10 -0700,101.539
Melody’s Apple Watch,ms,2021-02-06 14:17:33 -0700,2021-02-06 14:18:38 -0700,44.7416
Melody’s Apple Watch,ms,2021-02-07 15:30:58 -0700,2021-02-07 15:32:02 -0700,18.6028
Melody’s Apple Watch,ms,2021-02-08 18:29:41 -0700,2021-02-08 18:30:42 -0700,74.8056
Melody’s Apple Watch,ms,2021-02-08 20:31:39 -0700,2021-02-08 20:32:42 -0700,17.1756
Melody’s Apple Watch,ms,2021-02-08 22:39:14 -0700,2021-02-08 22:40:16 -0700,38.8458
Melody’s Apple Watch,ms,2021-02-09 04:29:43 -0700,2021-02-09 04:30:48 -0700,51.8736
Melody’s Apple Watch,ms,2021-02-09 06:29:39 -0700,2021-02-09 06:30:45 -0700,51.0551
Melody’s Apple Watch,ms,2021-02-09 08:30:06 -0700,2021-02-09 08:31:12 -0700,53.099
Melody’s Apple Watch,ms,2021-02-09 16:41:59 -0700,2021-02-09 16:43:00 -0700,44.3375
Melody’s Apple Watch,ms,2021-02-09 21:02:40 -0700,2021-02-09 21:03:46 -0700,44.1673
Melody’s Apple Watch,ms,2021-02-10 00:30:10 -0700,2021-02-10 00:31:11 -0700,29.8297
Melody’s Apple Watch,ms,2021-02-10 02:29:43 -0700,2021-02-10 02:30:49 -0700,28.0658
Melody’s Apple Watch,ms,2021-02-10 08:29:39 -0700,2021-02-10 08:30:45 -0700,38.0723
Melody’s Apple Watch,ms,2021-02-10 10:30:11 -0700,2021-02-10 10:31:16 -0700,123.975
Melody’s Apple Watch,ms,2021-02-10 15:57:03 -0700,2021-02-10 15:58:04 -0700,14.9112
Melody’s Apple Watch,ms,2021-02-10 18:02:57 -0700,2021-02-10 18:03:59 -0700,26.2893
Melody’s Apple Watch,ms,2021-02-10 19:40:40 -0700,2021-02-10 19:41:42 -0700,26.018
Melody’s Apple Watch,ms,2021-02-10 22:19:39 -0700,2021-02-10 22:20:40 -0700,37.4324
Melody’s Apple Watch,ms,2021-02-10 23:41:44 -0700,2021-02-10 23:42:48 -0700,25.9892
Melody’s Apple Watch,ms,2021-02-11 01:46:54 -0700,2021-02-11 01:47:57 -0700,26.971
Melody’s Apple Watch,ms,2021-02-11 03:40:38 -0700,2021-02-11 03:41:43 -0700,82.3631
Melody’s Apple Watch,ms,2021-02-11 05:40:35 -0700,2021-02-11 05:41:40 -0700,36.5787
Melody’s Apple Watch,ms,2021-02-11 07:40:37 -0700,2021-02-11 07:41:42 -0700,46.0909
Melody’s Apple Watch,ms,2021-02-11 09:41:18 -0700,2021-02-11 09:42:24 -0700,57.6216
Melody’s Apple Watch,ms,2021-02-11 11:40:35 -0700,2021-02-11 11:41:41 -0700,41.2962
Melody’s Apple Watch,ms,2021-02-11 13:47:49 -0700,2021-02-11 13:48:49 -0700,38.3601
Melody’s Apple Watch,ms,2021-02-11 15:48:30 -0700,2021-02-11 15:49:31 -0700,18.8613
Melody’s Apple Watch,ms,2021-02-11 23:00:58 -0700,2021-02-11 23:01:59 -0700,30.9945
Melody’s Apple Watch,ms,2021-02-12 16:52:59 -0700,2021-02-12 16:54:00 -0700,42.8624
Melody’s Apple Watch,ms,2021-02-12 21:36:41 -0700,2021-02-12 21:37:46 -0700,33.3101
Melody’s Apple Watch,ms,2021-02-12 22:00:41 -0700,2021-02-12 22:01:43 -0700,47.471
Melody’s Apple Watch,ms,2021-02-13 03:40:34 -0700,2021-02-13 03:41:39 -0700,32.3342
Melody’s Apple Watch,ms,2021-02-13 05:40:36 -0700,2021-02-13 05:41:41 -0700,29.7489
Melody’s Apple Watch,ms,2021-02-13 07:40:38 -0700,2021-02-13 07:41:43 -0700,132.909
Melody’s Apple Watch,ms,2021-02-13 09:40:34 -0700,2021-02-13 09:41:39 -0700,59.7599
Melody’s Apple Watch,ms,2021-02-13 11:41:12 -0700,2021-02-13 11:42:16 -0700,51.3383
Melody’s Apple Watch,ms,2021-02-13 17:16:17 -0700,2021-02-13 17:17:19 -0700,34.2819
Melody’s Apple Watch,ms,2021-02-13 18:18:53 -0700,2021-02-13 18:19:54 -0700,7.06444
Melody’s Apple Watch,ms,2021-02-13 21:41:55 -0700,2021-02-13 21:42:56 -0700,15.9442
Melody’s Apple Watch,ms,2021-02-14 01:01:54 -0700,2021-02-14 01:02:55 -0700,19.9828
Melody’s Apple Watch,ms,2021-02-14 02:28:52 -0700,2021-02-14 02:29:53 -0700,34.8618
Melody’s Apple Watch,ms,2021-02-14 03:40:34 -0700,2021-02-14 03:41:40 -0700,14.586
Melody’s Apple Watch,ms,2021-02-14 05:40:36 -0700,2021-02-14 05:41:41 -0700,37.399
Melody’s Apple Watch,ms,2021-02-14 07:40:36 -0700,2021-02-14 07:41:38 -0700,55.2426
Melody’s Apple Watch,ms,2021-02-14 09:40:36 -0700,2021-02-14 09:41:40 -0700,19.1131
Melody’s Apple Watch,ms,2021-02-14 11:40:37 -0700,2021-02-14 11:41:42 -0700,24.9963
Melody’s Apple Watch,ms,2021-02-14 15:40:35 -0700,2021-02-14 15:41:39 -0700,60.0328
Melody’s Apple Watch,ms,2021-02-14 18:11:25 -0700,2021-02-14 18:12:27 -0700,49.7914
Melody’s Apple Watch,ms,2021-02-14 21:47:07 -0700,2021-02-14 21:48:13 -0700,18.6145
Melody’s Apple Watch,ms,2021-02-14 23:47:16 -0700,2021-02-14 23:48:20 -0700,28.3989
Melody’s Apple Watch,ms,2021-02-15 03:40:38 -0700,2021-02-15 03:41:41 -0700,37.4792
Melody’s Apple Watch,ms,2021-02-15 13:56:42 -0700,2021-02-15 13:57:47 -0700,23.0136
Melody’s Apple Watch,ms,2021-02-15 20:07:45 -0700,2021-02-15 20:08:50 -0700,36.1421
Melody’s Apple Watch,ms,2021-02-16 10:34:45 -0700,2021-02-16 10:35:50 -0700,64.452
Melody’s Apple Watch,ms,2021-02-16 12:19:43 -0700,2021-02-16 12:20:43 -0700,96.2354
Melody’s Apple Watch,ms,2021-02-16 16:04:30 -0700,2021-02-16 16:05:31 -0700,36.5377
Melody’s Apple Watch,ms,2021-02-16 18:15:58 -0700,2021-02-16 18:16:59 -0700,10.2607
Melody’s Apple Watch,ms,2021-02-16 21:27:21 -0700,2021-02-16 21:28:22 -0700,26.1151
Melody’s Apple Watch,ms,2021-02-16 22:20:21 -0700,2021-02-16 22:21:26 -0700,20.9657
Melody’s Apple Watch,ms,2021-02-17 00:03:43 -0700,2021-02-17 00:04:47 -0700,42.558
Melody’s Apple Watch,ms,2021-02-17 18:32:44 -0700,2021-02-17 18:33:46 -0700,16.9687
Melody’s Apple Watch,ms,2021-02-18 00:03:28 -0700,2021-02-18 00:04:32 -0700,24.6412
Melody’s Apple Watch,ms,2021-02-18 02:03:30 -0700,2021-02-18 02:04:35 -0700,27.8355
Melody’s Apple Watch,ms,2021-02-18 04:03:30 -0700,2021-02-18 04:04:32 -0700,49.9237
Melody’s Apple Watch,ms,2021-02-18 06:03:29 -0700,2021-02-18 06:04:34 -0700,30.3109
Melody’s Apple Watch,ms,2021-02-18 08:03:27 -0700,2021-02-18 08:04:32 -0700,31.4603
Melody’s Apple Watch,ms,2021-02-18 10:04:18 -0700,2021-02-18 10:05:24 -0700,53.8934
Melody’s Apple Watch,ms,2021-02-18 20:26:14 -0700,2021-02-18 20:27:20 -0700,46.7533
Melody’s Apple Watch,ms,2021-02-19 00:03:27 -0700,2021-02-19 00:04:30 -0700,19.1409
Melody’s Apple Watch,ms,2021-02-19 10:40:30 -0700,2021-02-19 10:41:35 -0700,29.709
Melody’s Apple Watch,ms,2021-02-19 12:15:41 -0700,2021-02-19 12:16:42 -0700,23.6101
Melody’s Apple Watch,ms,2021-02-19 14:31:19 -0700,2021-02-19 14:32:25 -0700,32.1734
Melody’s Apple Watch,ms,2021-02-22 13:32:31 -0700,2021-02-22 13:33:37 -0700,19.263
Melody’s Apple Watch,ms,2021-02-22 14:03:28 -0700,2021-02-22 14:04:33 -0700,15.2131
Melody’s Apple Watch,ms,2021-02-22 16:18:28 -0700,2021-02-22 16:19:31 -0700,27.1022
Melody’s Apple Watch,ms,2021-02-22 18:17:00 -0700,2021-02-22 18:18:06 -0700,24.9794
Melody’s Apple Watch,ms,2021-02-22 22:09:36 -0700,2021-02-22 22:10:37 -0700,15.1791
Melody’s Apple Watch,ms,2021-02-23 01:21:05 -0700,2021-02-23 01:22:07 -0700,30.4867
Melody’s Apple Watch,ms,2021-02-23 04:03:27 -0700,2021-02-23 04:04:32 -0700,37.4157
Melody’s Apple Watch,ms,2021-02-23 06:03:29 -0700,2021-02-23 06:04:34 -0700,55.0511
Melody’s Apple Watch,ms,2021-02-23 08:03:28 -0700,2021-02-23 08:04:33 -0700,41.6863
Melody’s Apple Watch,ms,2021-02-23 10:19:57 -0700,2021-02-23 10:21:01 -0700,55.9743
Melody’s Apple Watch,ms,2021-02-23 20:03:27 -0700,2021-02-23 20:04:28 -0700,37.1483
Melody’s Apple Watch,ms,2021-02-23 22:43:47 -0700,2021-02-23 22:44:47 -0700,28.7533
Melody’s Apple Watch,ms,2021-02-24 00:03:50 -0700,2021-02-24 00:04:55 -0700,22.4054
Melody’s Apple Watch,ms,2021-02-24 02:03:45 -0700,2021-02-24 02:04:50 -0700,23.9087
Melody’s Apple Watch,ms,2021-02-24 04:03:27 -0700,2021-02-24 04:04:32 -0700,36.8281
Melody’s Apple Watch,ms,2021-02-24 06:03:28 -0700,2021-02-24 06:04:34 -0700,56.5398
Melody’s Apple Watch,ms,2021-02-24 08:03:32 -0700,2021-02-24 08:04:36 -0700,61.0256
Melody’s Apple Watch,ms,2021-02-24 10:05:39 -0700,2021-02-24 10:06:42 -0700,39.2683
Melody’s Apple Watch,ms,2021-02-24 14:03:58 -0700,2021-02-24 14:05:03 -0700,7.22193
Melody’s Apple Watch,ms,2021-02-24 22:50:19 -0700,2021-02-24 22:51:24 -0700,30.8434
Melody’s Apple Watch,ms,2021-02-25 00:08:14 -0700,2021-02-25 00:09:16 -0700,20.2901
Melody’s Apple Watch,ms,2021-02-25 14:03:54 -0700,2021-02-25 14:04:57 -0700,39.4081
Melody’s Apple Watch,ms,2021-02-25 20:24:59 -0700,2021-02-25 20:25:59 -0700,38.1215
Melody’s Apple Watch,ms,2021-02-26 11:44:53 -0700,2021-02-26 11:45:58 -0700,31.1559
Melody’s Apple Watch,ms,2021-02-28 17:47:13 -0700,2021-02-28 17:48:18 -0700,12.0649
Melody’s Apple Watch,ms,2021-02-28 21:12:15 -0700,2021-02-28 21:13:15 -0700,36.0256
Melody’s Apple Watch,ms,2021-03-01 14:55:11 -0700,2021-03-01 14:56:16 -0700,32.6343
Melody’s Apple Watch,ms,2021-03-01 19:24:23 -0700,2021-03-01 19:25:24 -0700,30.6513
Melody’s Apple Watch,ms,2021-03-01 21:03:10 -0700,2021-03-01 21:04:15 -0700,31.4444
Melody’s Apple Watch,ms,2021-03-01 23:04:44 -0700,2021-03-01 23:05:47 -0700,31.6879
Melody’s Apple Watch,ms,2021-03-02 00:46:06 -0700,2021-03-02 00:47:10 -0700,59.879
Melody’s Apple Watch,ms,2021-03-02 02:46:03 -0700,2021-03-02 02:47:08 -0700,68.8213
Melody’s Apple Watch,ms,2021-03-02 04:46:29 -0700,2021-03-02 04:47:30 -0700,53.4591
Melody’s Apple Watch,ms,2021-03-02 06:46:05 -0700,2021-03-02 06:47:06 -0700,47.5289
Melody’s Apple Watch,ms,2021-03-02 14:51:29 -0700,2021-03-02 14:52:30 -0700,18.0909
Melody’s Apple Watch,ms,2021-03-02 18:46:08 -0700,2021-03-02 18:47:11 -0700,33.138
Melody’s Apple Watch,ms,2021-03-02 21:06:54 -0700,2021-03-02 21:07:55 -0700,29.9865
Melody’s Apple Watch,ms,2021-03-03 15:20:34 -0700,2021-03-03 15:21:40 -0700,73.2206
Melody’s Apple Watch,ms,2021-03-03 20:55:30 -0700,2021-03-03 20:56:35 -0700,22.9619
Melody’s Apple Watch,ms,2021-03-04 21:08:56 -0700,2021-03-04 21:09:57 -0700,45.4044
Melody’s Apple Watch,ms,2021-03-04 23:05:15 -0700,2021-03-04 23:06:20 -0700,31.9482
Melody’s Apple Watch,ms,2021-03-05 09:38:15 -0700,2021-03-05 09:39:18 -0700,42.0662
Melody’s Apple Watch,ms,2021-03-05 11:06:53 -0700,2021-03-05 11:07:56 -0700,38.299
Melody’s Apple Watch,ms,2021-03-07 11:24:38 -0700,2021-03-07 11:25:39 -0700,42.4926
Melody’s Apple Watch,ms,2021-03-07 13:27:02 -0700,2021-03-07 13:28:05 -0700,40.8847
Melody’s Apple Watch,ms,2021-03-07 14:58:42 -0700,2021-03-07 14:59:47 -0700,37.8558
Melody’s Apple Watch,ms,2021-03-09 02:00:54 -0700,2021-03-09 02:01:59 -0700,28.0569
Melody’s Apple Watch,ms,2021-03-09 02:03:10 -0700,2021-03-09 02:04:11 -0700,29.3119
Melody’s Apple Watch,ms,2021-03-09 02:46:03 -0700,2021-03-09 02:47:08 -0700,28.0513
Melody’s Apple Watch,ms,2021-03-09 04:46:04 -0700,2021-03-09 04:47:10 -0700,27.7376
Melody’s Apple Watch,ms,2021-03-09 06:46:01 -0700,2021-03-09 06:47:06 -0700,48.3787
Melody’s Apple Watch,ms,2021-03-09 08:46:03 -0700,2021-03-09 08:47:08 -0700,64.3535
Melody’s Apple Watch,ms,2021-03-09 17:04:24 -0700,2021-03-09 17:05:27 -0700,38.0485
Melody’s Apple Watch,ms,2021-03-10 00:46:02 -0700,2021-03-10 00:47:07 -0700,48.4517
Melody’s Apple Watch,ms,2021-03-10 17:19:30 -0700,2021-03-10 17:20:35 -0700,37.7591
Melody’s Apple Watch,ms,2021-03-11 00:52:13 -0700,2021-03-11 00:53:14 -0700,46.9548
Melody’s Apple Watch,ms,2021-03-11 02:46:06 -0700,2021-03-11 02:47:09 -0700,65.8939
Melody’s Apple Watch,ms,2021-03-11 04:46:00 -0700,2021-03-11 04:47:06 -0700,67.1044
Melody’s Apple Watch,ms,2021-03-11 06:46:17 -0700,2021-03-11 06:47:22 -0700,63.7966
Melody’s Apple Watch,ms,2021-03-11 08:46:04 -0700,2021-03-11 08:47:09 -0700,49.8335
Melody’s Apple Watch,ms,2021-03-11 11:28:36 -0700,2021-03-11 11:29:41 -0700,38.5032
Melody’s Apple Watch,ms,2021-03-11 15:04:02 -0700,2021-03-11 15:05:02 -0700,47.8944
Melody’s Apple Watch,ms,2021-03-11 16:46:20 -0700,2021-03-11 16:47:25 -0700,34.5344
Melody’s Apple Watch,ms,2021-03-12 12:09:24 -0700,2021-03-12 12:10:29 -0700,21.616
Melody’s Apple Watch,ms,2021-03-12 19:20:28 -0700,2021-03-12 19:21:33 -0700,44.039
Melody’s Apple Watch,ms,2021-03-12 21:07:28 -0700,2021-03-12 21:08:29 -0700,31.6396
Melody’s Apple Watch,ms,2021-03-13 04:40:24 -0700,2021-03-13 04:41:28 -0700,12.8623
Melody’s Apple Watch,ms,2021-03-13 04:46:04 -0700,2021-03-13 04:47:05 -0700,13.9351
Melody’s Apple Watch,ms,2021-03-13 06:46:02 -0700,2021-03-13 06:47:07 -0700,19.8589
Melody’s Apple Watch,ms,2021-03-13 08:46:03 -0700,2021-03-13 08:47:08 -0700,17.1154
Melody’s Apple Watch,ms,2021-03-13 10:46:05 -0700,2021-03-13 10:47:10 -0700,28.763
Melody’s Apple Watch,ms,2021-03-13 22:59:05 -0700,2021-03-13 23:00:10 -0700,32.1831
Melody’s Apple Watch,ms,2021-03-14 01:27:43 -0700,2021-03-14 01:28:44 -0700,31.9208
Melody’s Apple Watch,ms,2021-03-14 02:46:01 -0700,2021-03-14 02:47:06 -0700,23.3238
Melody’s Apple Watch,ms,2021-03-14 04:46:02 -0700,2021-03-14 04:47:08 -0700,62.5819
Melody’s Apple Watch,ms,2021-03-14 06:46:04 -0700,2021-03-14 06:47:09 -0700,130.826
Melody’s Apple Watch,ms,2021-03-14 08:46:02 -0700,2021-03-14 08:47:05 -0700,82.0404
Melody’s Apple Watch,ms,2021-03-15 00:46:01 -0700,2021-03-15 00:47:02 -0700,63.0635
Melody’s Apple Watch,ms,2021-03-15 02:46:03 -0700,2021-03-15 02:47:09 -0700,47.867
Melody’s Apple Watch,ms,2021-03-15 04:46:03 -0700,2021-03-15 04:47:05 -0700,30.0687
Melody’s Apple Watch,ms,2021-03-15 06:46:02 -0700,2021-03-15 06:47:07 -0700,47.2956
Melody’s Apple Watch,ms,2021-03-15 08:46:04 -0700,2021-03-15 08:47:09 -0700,59.0297
Melody’s Apple Watch,ms,2021-03-15 18:02:08 -0700,2021-03-15 18:03:10 -0700,33.311
Melody’s Apple Watch,ms,2021-03-15 18:46:03 -0700,2021-03-15 18:47:08 -0700,35.123
Melody’s Apple Watch,ms,2021-03-15 22:46:03 -0700,2021-03-15 22:47:04 -0700,49.2906
Melody’s Apple Watch,ms,2021-03-16 15:26:06 -0700,2021-03-16 15:27:11 -0700,30.6727
Melody’s Apple Watch,ms,2021-03-16 16:46:03 -0700,2021-03-16 16:47:08 -0700,31.0423
Melody’s Apple Watch,ms,2021-03-17 01:28:42 -0700,2021-03-17 01:29:48 -0700,81.3192
Melody’s Apple Watch,ms,2021-03-17 02:46:04 -0700,2021-03-17 02:47:09 -0700,116.821
Melody’s Apple Watch,ms,2021-03-17 04:46:02 -0700,2021-03-17 04:47:07 -0700,57.488
Melody’s Apple Watch,ms,2021-03-17 06:46:04 -0700,2021-03-17 06:47:09 -0700,61.631
Melody’s Apple Watch,ms,2021-03-17 08:46:01 -0700,2021-03-17 08:47:06 -0700,76.9553
Melody’s Apple Watch,ms,2021-03-19 16:01:33 -0700,2021-03-19 16:02:37 -0700,51.5625
Melody’s Apple Watch,ms,2021-03-19 20:19:49 -0700,2021-03-19 20:20:50 -0700,29.6221
Melody’s Apple Watch,ms,2021-03-21 14:09:43 -0700,2021-03-21 14:10:44 -0700,44.0653
Melody’s Apple Watch,ms,2021-03-21 17:12:37 -0700,2021-03-21 17:13:37 -0700,18.607
Melody’s Apple Watch,ms,2021-03-21 18:52:13 -0700,2021-03-21 18:53:14 -0700,20.7598
Melody’s Apple Watch,ms,2021-03-21 21:28:27 -0700,2021-03-21 21:29:27 -0700,23.2581
Melody’s Apple Watch,ms,2021-03-21 23:25:55 -0700,2021-03-21 23:27:00 -0700,36.5428
Melody’s Apple Watch,ms,2021-03-22 00:46:03 -0700,2021-03-22 00:47:08 -0700,24.0663
Melody’s Apple Watch,ms,2021-03-22 03:02:06 -0700,2021-03-22 03:03:11 -0700,47.6143
Melody’s Apple Watch,ms,2021-03-22 04:46:04 -0700,2021-03-22 04:47:08 -0700,46.6757
Melody’s Apple Watch,ms,2021-03-22 06:46:02 -0700,2021-03-22 06:47:05 -0700,50.7321
Melody’s Apple Watch,ms,2021-03-22 09:02:24 -0700,2021-03-22 09:03:29 -0700,58.9958
Melody’s Apple Watch,ms,2021-03-22 15:45:38 -0700,2021-03-22 15:46:43 -0700,36.574
Melody’s Apple Watch,ms,2021-03-22 15:53:15 -0700,2021-03-22 15:54:20 -0700,35.5958
Melody’s Apple Watch,ms,2021-03-22 21:11:26 -0700,2021-03-22 21:12:31 -0700,68.8499
Melody’s Apple Watch,ms,2021-03-22 21:34:45 -0700,2021-03-22 21:35:50 -0700,42.9462
Melody’s Apple Watch,ms,2021-03-23 12:32:50 -0700,2021-03-23 12:33:50 -0700,21.4454
Melody’s Apple Watch,ms,2021-03-23 12:51:46 -0700,2021-03-23 12:52:47 -0700,30.4944
Melody’s Apple Watch,ms,2021-03-27 14:10:38 -0700,2021-03-27 14:11:43 -0700,36.7338
Melody’s Apple Watch,ms,2021-03-27 17:39:29 -0700,2021-03-27 17:40:34 -0700,42.0758
Melody’s Apple Watch,ms,2021-03-27 19:51:35 -0700,2021-03-27 19:52:38 -0700,46.764
Melody’s Apple Watch,ms,2021-03-27 23:16:30 -0700,2021-03-27 23:17:36 -0700,28.3857
Melody’s Apple Watch,ms,2021-03-28 18:59:05 -0700,2021-03-28 19:00:10 -0700,21.7399
Melody’s Apple Watch,ms,2021-03-28 20:07:28 -0700,2021-03-28 20:08:29 -0700,13.8609
Melody’s Apple Watch,ms,2021-03-30 22:50:08 -0700,2021-03-30 22:51:14 -0700,11.2916
Melody’s Apple Watch,ms,2021-03-31 09:57:31 -0700,2021-03-31 09:58:36 -0700,39.5885
Melody’s Apple Watch,ms,2021-03-31 11:12:43 -0700,2021-03-31 11:13:48 -0700,53.5852
Melody’s Apple Watch,ms,2021-03-31 13:12:45 -0700,2021-03-31 13:13:51 -0700,18.9143
Melody’s Apple Watch,ms,2021-04-01 15:44:13 -0700,2021-04-01 15:45:16 -0700,33.458
Melody’s Apple Watch,ms,2021-04-03 10:33:30 -0700,2021-04-03 10:34:35 -0700,60.7958
Melody’s Apple Watch,ms,2021-04-03 11:28:58 -0700,2021-04-03 11:30:03 -0700,45.8558
Melody’s Apple Watch,ms,2021-04-03 19:27:32 -0700,2021-04-03 19:28:36 -0700,22.7349
Melody’s Apple Watch,ms,2021-04-04 00:15:16 -0700,2021-04-04 00:16:21 -0700,59.2874
Melody’s Apple Watch,ms,2021-04-04 01:12:42 -0700,2021-04-04 01:13:48 -0700,42.5051
Melody’s Apple Watch,ms,2021-04-04 03:12:44 -0700,2021-04-04 03:13:49 -0700,115.998
Melody’s Apple Watch,ms,2021-04-04 05:12:41 -0700,2021-04-04 05:13:46 -0700,35.7036
Melody’s Apple Watch,ms,2021-04-04 07:12:43 -0700,2021-04-04 07:13:48 -0700,57.4391
Melody’s Apple Watch,ms,2021-04-04 11:13:23 -0700,2021-04-04 11:14:29 -0700,64.1765
Melody’s Apple Watch,ms,2021-04-04 14:03:08 -0700,2021-04-04 14:04:11 -0700,41.3506
Melody’s Apple Watch,ms,2021-04-04 15:12:43 -0700,2021-04-04 15:13:47 -0700,34.101
Melody’s Apple Watch,ms,2021-04-04 17:19:00 -0700,2021-04-04 17:20:03 -0700,20.497
Melody’s Apple Watch,ms,2021-04-04 19:19:57 -0700,2021-04-04 19:20:59 -0700,72.6038
Melody’s Apple Watch,ms,2021-04-04 21:56:57 -0700,2021-04-04 21:58:03 -0700,26.806
Melody’s Apple Watch,ms,2021-04-04 23:15:30 -0700,2021-04-04 23:16:34 -0700,29.8412
Melody’s Apple Watch,ms,2021-04-05 08:11:20 -0700,2021-04-05 08:12:21 -0700,21.2368
Melody’s Apple Watch,ms,2021-04-05 09:14:36 -0700,2021-04-05 09:15:38 -0700,24.9286
Melody’s Apple Watch,ms,2021-04-05 14:42:02 -0700,2021-04-05 14:43:07 -0700,21.5986
Melody’s Apple Watch,ms,2021-04-05 15:33:35 -0700,2021-04-05 15:34:36 -0700,47.0691
Melody’s Apple Watch,ms,2021-04-06 00:15:02 -0700,2021-04-06 00:16:08 -0700,35.7832
Melody’s Apple Watch,ms,2021-04-06 01:12:44 -0700,2021-04-06 01:13:50 -0700,49.0357
Melody’s Apple Watch,ms,2021-04-06 03:12:41 -0700,2021-04-06 03:13:46 -0700,78.3669
Melody’s Apple Watch,ms,2021-04-06 17:13:28 -0700,2021-04-06 17:14:33 -0700,40.3949
Melody’s Apple Watch,ms,2021-04-06 23:50:20 -0700,2021-04-06 23:51:25 -0700,15.2664
Melody’s Apple Watch,ms,2021-04-07 06:25:54 -0700,2021-04-07 06:26:59 -0700,39.1272
Melody’s Apple Watch,ms,2021-04-07 11:52:54 -0700,2021-04-07 11:53:56 -0700,37.8913
Melody’s Apple Watch,ms,2021-04-08 12:52:33 -0700,2021-04-08 12:53:34 -0700,61.001
Melody’s Apple Watch,ms,2021-04-08 15:29:38 -0700,2021-04-08 15:30:43 -0700,23.6973
Melody’s Apple Watch,ms,2021-04-08 17:15:43 -0700,2021-04-08 17:16:44 -0700,17.9878
Melody’s Apple Watch,ms,2021-04-08 23:35:10 -0700,2021-04-08 23:36:15 -0700,42.7266
Melody’s Apple Watch,ms,2021-04-09 01:12:43 -0700,2021-04-09 01:13:48 -0700,47.7938
Melody’s Apple Watch,ms,2021-04-09 03:12:45 -0700,2021-04-09 03:13:50 -0700,39.5506
Melody’s Apple Watch,ms,2021-04-12 15:12:44 -0700,2021-04-12 15:13:46 -0700,44.2323
Melody’s Apple Watch,ms,2021-04-12 19:54:34 -0700,2021-04-12 19:55:39 -0700,53.9172
Melody’s Apple Watch,ms,2021-04-12 23:08:39 -0700,2021-04-12 23:09:40 -0700,19.5688
Melody’s Apple Watch,ms,2021-04-13 01:12:40 -0700,2021-04-13 01:13:45 -0700,25.671
Melody’s Apple Watch,ms,2021-04-13 03:12:43 -0700,2021-04-13 03:13:48 -0700,41.3552
Melody’s Apple Watch,ms,2021-04-13 05:13:35 -0700,2021-04-13 05:14:40 -0700,71.2987
Melody’s Apple Watch,ms,2021-04-13 13:22:45 -0700,2021-04-13 13:23:51 -0700,46.4354
Melody’s Apple Watch,ms,2021-04-15 06:52:17 -0700,2021-04-15 06:53:19 -0700,39.3478
Melody’s Apple Watch,ms,2021-04-15 07:29:56 -0700,2021-04-15 07:30:56 -0700,30.0187
Melody’s Apple Watch,ms,2021-04-15 14:11:57 -0700,2021-04-15 14:13:00 -0700,21.8418
Melody’s Apple Watch,ms,2021-04-15 15:15:35 -0700,2021-04-15 15:16:40 -0700,45.1324
Melody’s Apple Watch,ms,2021-04-15 22:41:46 -0700,2021-04-15 22:42:46 -0700,32.4721
Melody’s Apple Watch,ms,2021-04-15 23:23:33 -0700,2021-04-15 23:24:38 -0700,44.1567
Melody’s Apple Watch,ms,2021-04-16 01:28:47 -0700,2021-04-16 01:29:52 -0700,51.4951
Melody’s Apple Watch,ms,2021-04-16 03:12:43 -0700,2021-04-16 03:13:48 -0700,50.1859
Melody’s Apple Watch,ms,2021-04-16 05:14:25 -0700,2021-04-16 05:15:30 -0700,108.447
Melody’s Apple Watch,ms,2021-04-16 07:12:42 -0700,2021-04-16 07:13:47 -0700,35.7491
Melody’s Apple Watch,ms,2021-04-16 09:14:08 -0700,2021-04-16 09:15:09 -0700,23.6167
Melody’s Apple Watch,ms,2021-04-16 15:30:53 -0700,2021-04-16 15:31:53 -0700,35.381
Melody’s Apple Watch,ms,2021-04-16 18:36:51 -0700,2021-04-16 18:37:52 -0700,42.5426
Melody’s Apple Watch,ms,2021-04-16 19:28:39 -0700,2021-04-16 19:29:44 -0700,45.3342
Melody’s Apple Watch,ms,2021-04-16 23:01:23 -0700,2021-04-16 23:02:24 -0700,38.8828
Melody’s Apple Watch,ms,2021-04-17 01:17:54 -0700,2021-04-17 01:18:59 -0700,56.9989
Melody’s Apple Watch,ms,2021-04-17 21:22:00 -0700,2021-04-17 21:23:02 -0700,14.8145
Melody’s Apple Watch,ms,2021-04-17 21:24:09 -0700,2021-04-17 21:25:14 -0700,19.3964
Melody’s Apple Watch,ms,2021-04-17 23:15:12 -0700,2021-04-17 23:16:17 -0700,64.4336
Melody’s Apple Watch,ms,2021-04-18 04:29:40 -0700,2021-04-18 04:30:46 -0700,32.9156
Melody’s Apple Watch,ms,2021-04-18 11:12:43 -0700,2021-04-18 11:13:49 -0700,27.112
Melody’s Apple Watch,ms,2021-04-18 19:14:16 -0700,2021-04-18 19:15:17 -0700,36.6239
Melody’s Apple Watch,ms,2021-04-18 21:29:40 -0700,2021-04-18 21:30:45 -0700,31.496
Melody’s Apple Watch,ms,2021-04-19 01:12:40 -0700,2021-04-19 01:13:45 -0700,46.6181
Melody’s Apple Watch,ms,2021-04-19 03:12:42 -0700,2021-04-19 03:13:47 -0700,107.336
Melody’s Apple Watch,ms,2021-04-19 05:13:13 -0700,2021-04-19 05:14:14 -0700,96.3113
Melody’s Apple Watch,ms,2021-04-19 07:17:12 -0700,2021-04-19 07:18:13 -0700,19.1131
Melody’s Apple Watch,ms,2021-04-21 07:05:49 -0700,2021-04-21 07:06:55 -0700,61.3239
Melody’s Apple Watch,ms,2021-04-21 13:08:40 -0700,2021-04-21 13:09:45 -0700,27.1132
Melody’s Apple Watch,ms,2021-04-21 23:13:55 -0700,2021-04-21 23:15:00 -0700,49.4179
Melody’s Apple Watch,ms,2021-04-21 23:32:16 -0700,2021-04-21 23:33:19 -0700,50.0749
Melody’s Apple Watch,ms,2021-04-22 00:01:20 -0700,2021-04-22 00:02:26 -0700,33.2397
Melody’s Apple Watch,ms,2021-04-22 02:01:17 -0700,2021-04-22 02:02:17 -0700,56.542
Melody’s Apple Watch,ms,2021-04-22 04:01:19 -0700,2021-04-22 04:02:24 -0700,53.26
Melody’s Apple Watch,ms,2021-04-22 14:29:37 -0700,2021-04-22 14:30:42 -0700,31.5317
Melody’s Apple Watch,ms,2021-04-22 16:01:18 -0700,2021-04-22 16:02:24 -0700,50.8896
Melody’s Apple Watch,ms,2021-04-22 22:04:57 -0700,2021-04-22 22:06:01 -0700,43.6456
Melody’s Apple Watch,ms,2021-04-23 02:01:21 -0700,2021-04-23 02:02:26 -0700,60.8482
Melody’s Apple Watch,ms,2021-04-23 04:01:18 -0700,2021-04-23 04:02:23 -0700,43.5703
Melody’s Apple Watch,ms,2021-04-23 06:01:23 -0700,2021-04-23 06:02:25 -0700,73.6801
Melody’s Apple Watch,ms,2021-04-23 09:15:14 -0700,2021-04-23 09:16:14 -0700,28.5099
Melody’s Apple Watch,ms,2021-04-24 00:59:33 -0700,2021-04-24 01:00:34 -0700,42.9811
Melody’s Apple Watch,ms,2021-04-24 02:20:48 -0700,2021-04-24 02:21:53 -0700,72.5319
Melody’s Apple Watch,ms,2021-04-24 04:01:20 -0700,2021-04-24 04:02:25 -0700,51.0257
Melody’s Apple Watch,ms,2021-04-24 06:01:56 -0700,2021-04-24 06:03:01 -0700,46.9108
Melody’s Apple Watch,ms,2021-04-24 08:21:26 -0700,2021-04-24 08:22:30 -0700,64.4535
Melody’s Apple Watch,ms,2021-04-24 18:26:18 -0700,2021-04-24 18:27:20 -0700,14.8387
Melody’s Apple Watch,ms,2021-04-24 20:01:18 -0700,2021-04-24 20:02:22 -0700,27.1143
Melody’s Apple Watch,ms,2021-04-24 22:01:17 -0700,2021-04-24 22:02:18 -0700,29.0947
Melody’s Apple Watch,ms,2021-04-25 00:28:03 -0700,2021-04-25 00:29:07 -0700,24.9499
Melody’s Apple Watch,ms,2021-04-25 02:01:19 -0700,2021-04-25 02:02:24 -0700,30.7409
Melody’s Apple Watch,ms,2021-04-25 04:01:16 -0700,2021-04-25 04:02:21 -0700,65.9441
Melody’s Apple Watch,ms,2021-04-25 06:01:17 -0700,2021-04-25 06:02:17 -0700,36.6316
Melody’s Apple Watch,ms,2021-04-25 18:55:06 -0700,2021-04-25 18:56:07 -0700,19.1033
Melody’s Apple Watch,ms,2021-04-25 20:27:11 -0700,2021-04-25 20:28:13 -0700,12.426
Melody’s Apple Watch,ms,2021-04-26 10:11:52 -0700,2021-04-26 10:12:53 -0700,38.9358
Melody’s Apple Watch,ms,2021-04-26 12:02:45 -0700,2021-04-26 12:03:46 -0700,35.2411
Melody’s Apple Watch,ms,2021-04-26 15:26:05 -0700,2021-04-26 15:27:10 -0700,43.1194
Melody’s Apple Watch,ms,2021-04-26 16:04:52 -0700,2021-04-26 16:05:52 -0700,40.0656
Melody’s Apple Watch,ms,2021-04-28 08:56:23 -0700,2021-04-28 08:57:28 -0700,38.7266
Melody’s Apple Watch,ms,2021-04-28 10:29:30 -0700,2021-04-28 10:30:35 -0700,20.6761
Melody’s Apple Watch,ms,2021-04-29 21:24:09 -0700,2021-04-29 21:25:10 -0700,10.0561
Melody’s Apple Watch,ms,2021-05-01 03:42:25 -0700,2021-05-01 03:43:27 -0700,32.1918
Melody’s Apple Watch,ms,2021-05-01 04:03:51 -0700,2021-05-01 04:04:54 -0700,30.6696
Melody’s Apple Watch,ms,2021-05-01 06:01:16 -0700,2021-05-01 06:02:21 -0700,51.1358
Melody’s Apple Watch,ms,2021-05-01 08:01:18 -0700,2021-05-01 08:02:23 -0700,26.2274
Melody’s Apple Watch,ms,2021-05-01 10:01:20 -0700,2021-05-01 10:02:25 -0700,40.432
Melody’s Apple Watch,ms,2021-05-01 14:01:40 -0700,2021-05-01 14:02:44 -0700,24.6069
Melody’s Apple Watch,ms,2021-05-01 17:22:19 -0700,2021-05-01 17:23:20 -0700,23.3091
Melody’s Apple Watch,ms,2021-05-01 18:25:34 -0700,2021-05-01 18:26:34 -0700,29.3151
Melody’s Apple Watch,ms,2021-05-01 20:08:23 -0700,2021-05-01 20:09:25 -0700,12.3339
Melody’s Apple Watch,ms,2021-05-02 12:13:34 -0700,2021-05-02 12:14:35 -0700,72.6559
Melody’s Apple Watch,ms,2021-05-02 17:34:08 -0700,2021-05-02 17:35:11 -0700,18.8688
Melody’s Apple Watch,ms,2021-05-02 20:56:56 -0700,2021-05-02 20:58:01 -0700,24.1609
Melody’s Apple Watch,ms,2021-05-02 22:20:04 -0700,2021-05-02 22:21:09 -0700,29.9479
Melody’s Apple Watch,ms,2021-05-03 00:02:11 -0700,2021-05-03 00:03:16 -0700,28.0736
Melody’s Apple Watch,ms,2021-05-03 02:02:09 -0700,2021-05-03 02:03:13 -0700,40.0219
Melody’s Apple Watch,ms,2021-05-03 13:21:29 -0700,2021-05-03 13:22:35 -0700,32.4548
Melody’s Apple Watch,ms,2021-05-03 17:12:45 -0700,2021-05-03 17:13:45 -0700,20.4007
Melody’s Apple Watch,ms,2021-05-04 18:48:53 -0700,2021-05-04 18:49:54 -0700,34.3316
Melody’s Apple Watch,ms,2021-05-04 18:51:03 -0700,2021-05-04 18:52:06 -0700,24.5115
Melody’s Apple Watch,ms,2021-05-06 04:56:09 -0700,2021-05-06 04:57:14 -0700,44.0383
Melody’s Apple Watch,ms,2021-05-06 06:02:16 -0700,2021-05-06 06:03:21 -0700,35.2775
Melody’s Apple Watch,ms,2021-05-06 08:01:18 -0700,2021-05-06 08:02:22 -0700,65.3271
Melody’s Apple Watch,ms,2021-05-06 14:02:32 -0700,2021-05-06 14:03:37 -0700,26.3296
Melody’s Apple Watch,ms,2021-05-06 16:22:10 -0700,2021-05-06 16:23:13 -0700,76.4183
Melody’s Apple Watch,ms,2021-05-06 22:03:59 -0700,2021-05-06 22:05:04 -0700,28.0914
Melody’s Apple Watch,ms,2021-05-07 00:01:16 -0700,2021-05-07 00:02:21 -0700,32.396
Melody’s Apple Watch,ms,2021-05-07 02:01:18 -0700,2021-05-07 02:02:23 -0700,50.8331
Melody’s Apple Watch,ms,2021-05-07 04:01:19 -0700,2021-05-07 04:02:24 -0700,62.2204
Melody’s Apple Watch,ms,2021-05-07 14:12:49 -0700,2021-05-07 14:13:55 -0700,29.6711
Melody’s Apple Watch,ms,2021-05-07 19:19:37 -0700,2021-05-07 19:20:42 -0700,23.9609
Melody’s Apple Watch,ms,2021-05-07 20:36:28 -0700,2021-05-07 20:37:29 -0700,20.753
Melody’s Apple Watch,ms,2021-05-07 22:04:16 -0700,2021-05-07 22:05:21 -0700,28.3659
Melody’s Apple Watch,ms,2021-05-08 13:57:37 -0700,2021-05-08 13:58:42 -0700,100.243
Melody’s Apple Watch,ms,2021-05-08 16:57:13 -0700,2021-05-08 16:58:17 -0700,35.3686
Melody’s Apple Watch,ms,2021-05-09 00:05:09 -0700,2021-05-09 00:06:10 -0700,41.6008
Melody’s Apple Watch,ms,2021-05-09 22:09:35 -0700,2021-05-09 22:10:36 -0700,62.5969
Melody’s Apple Watch,ms,2021-05-09 22:13:33 -0700,2021-05-09 22:14:37 -0700,31.5713
Melody’s Apple Watch,ms,2021-05-10 02:20:22 -0700,2021-05-10 02:21:27 -0700,55.5124
Melody’s Apple Watch,ms,2021-05-10 04:01:15 -0700,2021-05-10 04:02:21 -0700,31.8002
Melody’s Apple Watch,ms,2021-05-10 06:17:24 -0700,2021-05-10 06:18:29 -0700,44.6458
Melody’s Apple Watch,ms,2021-05-10 08:02:01 -0700,2021-05-10 08:03:06 -0700,38.9342
Melody’s Apple Watch,ms,2021-05-10 10:05:43 -0700,2021-05-10 10:06:48 -0700,45.8135
Melody’s Apple Watch,ms,2021-05-10 16:02:01 -0700,2021-05-10 16:03:05 -0700,38.051
Melody’s Apple Watch,ms,2021-05-12 04:28:25 -0700,2021-05-12 04:29:28 -0700,16.169
Melody’s Apple Watch,ms,2021-05-12 16:04:05 -0700,2021-05-12 16:05:06 -0700,39.3375
Melody’s Apple Watch,ms,2021-05-13 09:19:03 -0700,2021-05-13 09:20:04 -0700,22.2374
Melody’s Apple Watch,ms,2021-05-13 11:05:19 -0700,2021-05-13 11:06:20 -0700,46.4435
Melody’s Apple Watch,ms,2021-05-13 12:01:17 -0700,2021-05-13 12:02:22 -0700,94.2231
Melody’s Apple Watch,ms,2021-05-13 14:01:19 -0700,2021-05-13 14:02:24 -0700,70.5806
Melody’s Apple Watch,ms,2021-05-13 16:02:15 -0700,2021-05-13 16:03:17 -0700,47.9231
Melody’s Apple Watch,ms,2021-05-14 05:26:15 -0700,2021-05-14 05:27:20 -0700,24.683
Melody’s Apple Watch,ms,2021-05-14 08:41:54 -0700,2021-05-14 08:42:59 -0700,60.4044
Melody’s Apple Watch,ms,2021-05-14 08:47:15 -0700,2021-05-14 08:48:20 -0700,34.6482
Melody’s Apple Watch,ms,2021-05-14 10:01:16 -0700,2021-05-14 10:02:18 -0700,74.2866
Melody’s Apple Watch,ms,2021-05-14 22:56:57 -0700,2021-05-14 22:58:02 -0700,49.1223
Melody’s Apple Watch,ms,2021-05-15 00:14:09 -0700,2021-05-15 00:15:14 -0700,21.8746
Melody’s Apple Watch,ms,2021-05-15 17:36:55 -0700,2021-05-15 17:37:56 -0700,34.5317
Melody’s Apple Watch,ms,2021-05-15 18:17:30 -0700,2021-05-15 18:18:35 -0700,60.2007
Melody’s Apple Watch,ms,2021-05-15 20:17:29 -0700,2021-05-15 20:18:32 -0700,31.196
Melody’s Apple Watch,ms,2021-05-15 22:01:17 -0700,2021-05-15 22:02:22 -0700,33.4617
Melody’s Apple Watch,ms,2021-05-16 19:38:33 -0700,2021-05-16 19:39:37 -0700,27.9553
Melody’s Apple Watch,ms,2021-05-16 20:05:49 -0700,2021-05-16 20:06:54 -0700,30.7368
Melody’s Apple Watch,ms,2021-05-16 22:06:49 -0700,2021-05-16 22:07:50 -0700,70.2507
Melody’s Apple Watch,ms,2021-05-18 07:23:30 -0700,2021-05-18 07:24:31 -0700,17.3142
Melody’s Apple Watch,ms,2021-05-18 09:57:51 -0700,2021-05-18 09:58:52 -0700,32.9346
Melody’s Apple Watch,ms,2021-05-18 10:12:14 -0700,2021-05-18 10:13:19 -0700,28.8509
Melody’s Apple Watch,ms,2021-05-18 12:01:17 -0700,2021-05-18 12:02:22 -0700,39.834
Melody’s Apple Watch,ms,2021-05-18 14:01:29 -0700,2021-05-18 14:02:34 -0700,44.2867
Melody’s Apple Watch,ms,2021-05-18 16:01:16 -0700,2021-05-18 16:02:21 -0700,34.6933
Melody’s Apple Watch,ms,2021-05-18 18:01:17 -0700,2021-05-18 18:02:18 -0700,44.18
Melody’s Apple Watch,ms,2021-05-18 20:04:53 -0700,2021-05-18 20:05:58 -0700,30.5369
Melody’s Apple Watch,ms,2021-05-18 22:08:34 -0700,2021-05-18 22:09:35 -0700,37.525
Melody’s Apple Watch,ms,2021-05-20 06:01:19 -0700,2021-05-20 06:02:21 -0700,28.0312
Melody’s Apple Watch,ms,2021-05-20 08:04:02 -0700,2021-05-20 08:05:07 -0700,29.2938
Melody’s Apple Watch,ms,2021-05-20 10:01:44 -0700,2021-05-20 10:02:49 -0700,56.8441
Melody’s Apple Watch,ms,2021-05-21 04:48:22 -0700,2021-05-21 04:49:27 -0700,48.5393
Melody’s Apple Watch,ms,2021-05-21 07:00:34 -0700,2021-05-21 07:01:35 -0700,15.2182
Melody’s Apple Watch,ms,2021-05-22 07:26:14 -0700,2021-05-22 07:27:16 -0700,28.4352
Melody’s Apple Watch,ms,2021-05-22 08:02:32 -0700,2021-05-22 08:03:34 -0700,28.9774
Melody’s Apple Watch,ms,2021-05-22 10:03:04 -0700,2021-05-22 10:04:07 -0700,27.3998
Melody’s Apple Watch,ms,2021-05-22 12:25:20 -0700,2021-05-22 12:26:24 -0700,18.3303
Melody’s Apple Watch,ms,2021-05-22 14:02:47 -0700,2021-05-22 14:03:49 -0700,45.9116
Melody’s Apple Watch,ms,2021-05-22 16:01:16 -0700,2021-05-22 16:02:21 -0700,53.7808
Melody’s Apple Watch,ms,2021-05-22 20:01:17 -0700,2021-05-22 20:02:22 -0700,47.4566
Melody’s Apple Watch,ms,2021-05-22 22:01:19 -0700,2021-05-22 22:02:24 -0700,71.8531
Melody’s Apple Watch,ms,2021-05-24 07:34:37 -0700,2021-05-24 07:35:38 -0700,38.9318
Melody’s Apple Watch,ms,2021-05-24 09:03:23 -0700,2021-05-24 09:04:24 -0700,28.0936
Melody’s Apple Watch,ms,2021-05-24 12:21:51 -0700,2021-05-24 12:22:57 -0700,20.347
Melody’s Apple Watch,ms,2021-05-27 07:17:42 -0700,2021-05-27 07:18:45 -0700,32.6382
Melody’s Apple Watch,ms,2021-05-27 08:04:11 -0700,2021-05-27 08:05:17 -0700,17.5143
Melody’s Apple Watch,ms,2021-05-27 22:02:25 -0700,2021-05-27 22:03:30 -0700,17.6635
Melody’s Apple Watch,ms,2021-05-28 01:20:25 -0700,2021-05-28 01:21:29 -0700,55.4752
Melody’s Apple Watch,ms,2021-05-28 04:01:14 -0700,2021-05-28 04:02:19 -0700,56.2328
Melody’s Apple Watch,ms,2021-05-28 06:01:16 -0700,2021-05-28 06:02:21 -0700,42.3394
Melody’s Apple Watch,ms,2021-05-28 10:37:35 -0700,2021-05-28 10:38:36 -0700,33.5648
Melody’s Apple Watch,ms,2021-06-01 10:38:57 -0700,2021-06-01 10:40:00 -0700,37.9671
Melody’s Apple Watch,ms,2021-06-01 10:41:06 -0700,2021-06-01 10:42:12 -0700,24.0845
Melody’s Apple Watch,ms,2021-06-02 13:31:02 -0700,2021-06-02 13:32:03 -0700,26.5724
Melody’s Apple Watch,ms,2021-06-02 16:30:36 -0700,2021-06-02 16:31:36 -0700,40.4541
Melody’s Apple Watch,ms,2021-06-03 16:31:55 -0700,2021-06-03 16:32:59 -0700,37.4283
Melody’s Apple Watch,ms,2021-06-04 13:10:00 -0700,2021-06-04 13:11:04 -0700,19.6715
Melody’s Apple Watch,ms,2021-06-04 13:21:40 -0700,2021-06-04 13:22:41 -0700,34.2409
Melody’s Apple Watch,ms,2021-06-04 14:53:31 -0700,2021-06-04 14:54:32 -0700,19.5568
Melody’s Apple Watch,ms,2021-06-04 17:55:57 -0700,2021-06-04 17:56:58 -0700,28.5635
Melody’s Apple Watch,ms,2021-06-04 18:39:40 -0700,2021-06-04 18:40:40 -0700,25.9603
Melody’s Apple Watch,ms,2021-06-04 21:30:15 -0700,2021-06-04 21:31:20 -0700,30.1848
Melody’s Apple Watch,ms,2021-06-04 23:15:49 -0700,2021-06-04 23:16:55 -0700,22.0482
Melody’s Apple Watch,ms,2021-06-05 00:35:14 -0700,2021-06-05 00:36:15 -0700,27.7387
Melody’s Apple Watch,ms,2021-06-05 10:25:39 -0700,2021-06-05 10:26:42 -0700,62.6169
Melody’s Apple Watch,ms,2021-06-05 15:35:52 -0700,2021-06-05 15:36:53 -0700,14.25
Melody’s Apple Watch,ms,2021-06-05 23:08:53 -0700,2021-06-05 23:09:58 -0700,22.981
Melody’s Apple Watch,ms,2021-06-07 12:32:22 -0700,2021-06-07 12:33:23 -0700,11.5718
Melody’s Apple Watch,ms,2021-06-07 12:34:29 -0700,2021-06-07 12:35:30 -0700,10.8728
Melody’s Apple Watch,ms,2021-06-07 16:35:05 -0700,2021-06-07 16:36:10 -0700,8.91102
Melody’s Apple Watch,ms,2021-06-08 10:43:09 -0700,2021-06-08 10:44:14 -0700,26.4528
Melody’s Apple Watch,ms,2021-06-08 12:25:36 -0700,2021-06-08 12:26:41 -0700,29.8957
Melody’s Apple Watch,ms,2021-06-08 22:38:45 -0700,2021-06-08 22:39:50 -0700,25.116
Melody’s Apple Watch,ms,2021-06-09 00:25:37 -0700,2021-06-09 00:26:42 -0700,20.5
Melody’s Apple Watch,ms,2021-06-09 02:25:40 -0700,2021-06-09 02:26:45 -0700,32.0273
Melody’s Apple Watch,ms,2021-06-09 08:25:39 -0700,2021-06-09 08:26:44 -0700,69.0733
Melody’s Apple Watch,ms,2021-06-09 10:40:26 -0700,2021-06-09 10:41:31 -0700,36.612
Melody’s Apple Watch,ms,2021-06-09 12:31:56 -0700,2021-06-09 12:32:58 -0700,21.1379
Melody’s Apple Watch,ms,2021-06-09 18:53:12 -0700,2021-06-09 18:54:13 -0700,53.916
Melody’s Apple Watch,ms,2021-06-10 01:04:21 -0700,2021-06-10 01:05:26 -0700,36.5915
Melody’s Apple Watch,ms,2021-06-10 02:25:38 -0700,2021-06-10 02:26:43 -0700,62.8202
Melody’s Apple Watch,ms,2021-06-10 04:25:37 -0700,2021-06-10 04:26:40 -0700,36.3765
Melody’s Apple Watch,ms,2021-06-10 06:25:37 -0700,2021-06-10 06:26:42 -0700,98.892
Melody’s Apple Watch,ms,2021-06-10 14:35:09 -0700,2021-06-10 14:36:14 -0700,29.158
Melody’s Apple Watch,ms,2021-06-10 14:40:25 -0700,2021-06-10 14:41:26 -0700,27.6694
Melody’s Apple Watch,ms,2021-06-11 15:01:43 -0700,2021-06-11 15:02:45 -0700,24.241
Melody’s Apple Watch,ms,2021-06-12 18:10:18 -0700,2021-06-12 18:11:22 -0700,35.8696
Melody’s Apple Watch,ms,2021-06-13 14:48:40 -0700,2021-06-13 14:49:41 -0700,23.1894
Melody’s Apple Watch,ms,2021-06-13 15:28:47 -0700,2021-06-13 15:29:48 -0700,33.0917
Melody’s Apple Watch,ms,2021-06-14 14:19:31 -0700,2021-06-14 14:20:36 -0700,33.4664
Melody’s Apple Watch,ms,2021-06-14 22:28:26 -0700,2021-06-14 22:29:27 -0700,14.0401
Melody’s Apple Watch,ms,2021-06-15 14:40:47 -0700,2021-06-15 14:41:48 -0700,31.9325
Melody’s Apple Watch,ms,2021-06-15 15:00:02 -0700,2021-06-15 15:01:07 -0700,18.0243
Melody’s Apple Watch,ms,2021-06-15 15:18:08 -0700,2021-06-15 15:19:14 -0700,10.2956
Melody’s Apple Watch,ms,2021-06-15 17:28:29 -0700,2021-06-15 17:29:31 -0700,21.973
Melody’s Apple Watch,ms,2021-06-15 22:07:45 -0700,2021-06-15 22:08:46 -0700,40.8182
Melody’s Apple Watch,ms,2021-06-15 22:28:44 -0700,2021-06-15 22:29:48 -0700,58.1313
Melody’s Apple Watch,ms,2021-06-16 00:28:40 -0700,2021-06-16 00:29:45 -0700,44.8261
Melody’s Apple Watch,ms,2021-06-16 02:28:42 -0700,2021-06-16 02:29:47 -0700,34.4166
Melody’s Apple Watch,ms,2021-06-16 09:45:38 -0700,2021-06-16 09:46:43 -0700,23.5
Melody’s Apple Watch,ms,2021-06-16 14:53:56 -0700,2021-06-16 14:55:01 -0700,32.9166
Melody’s Apple Watch,ms,2021-06-16 15:03:23 -0700,2021-06-16 15:04:28 -0700,36.6111
Melody’s Apple Watch,ms,2021-06-18 20:45:49 -0700,2021-06-18 20:46:55 -0700,40.2399
Melody’s Apple Watch,ms,2021-06-18 22:28:43 -0700,2021-06-18 22:29:44 -0700,24.7298
Melody’s Apple Watch,ms,2021-06-19 00:28:41 -0700,2021-06-19 00:29:46 -0700,49.2303
Melody’s Apple Watch,ms,2021-06-19 02:28:44 -0700,2021-06-19 02:29:48 -0700,44.8261
Melody’s Apple Watch,ms,2021-06-19 04:28:43 -0700,2021-06-19 04:29:45 -0700,50.726
Melody’s Apple Watch,ms,2021-06-19 06:28:41 -0700,2021-06-19 06:29:46 -0700,64.0107
Melody’s Apple Watch,ms,2021-06-19 16:29:14 -0700,2021-06-19 16:30:15 -0700,30.6502
Melody’s Apple Watch,ms,2021-06-19 18:29:28 -0700,2021-06-19 18:30:33 -0700,27.8029
Melody’s Apple Watch,ms,2021-06-23 17:37:30 -0700,2021-06-23 17:38:30 -0700,19.1148
Melody’s Apple Watch,ms,2021-06-23 18:29:09 -0700,2021-06-23 18:30:13 -0700,16.4659
Melody’s Apple Watch,ms,2021-06-23 20:38:34 -0700,2021-06-23 20:39:35 -0700,12.204
Melody’s Apple Watch,ms,2021-06-24 00:03:18 -0700,2021-06-24 00:04:24 -0700,23.6722
Melody’s Apple Watch,ms,2021-06-24 00:28:40 -0700,2021-06-24 00:29:45 -0700,24.8558
Melody’s Apple Watch,ms,2021-06-24 02:28:42 -0700,2021-06-24 02:29:47 -0700,36.4563
Melody’s Apple Watch,ms,2021-06-24 04:28:39 -0700,2021-06-24 04:29:44 -0700,43.6033
Melody’s Apple Watch,ms,2021-06-24 06:28:39 -0700,2021-06-24 06:29:41 -0700,50.9141
Melody’s Apple Watch,ms,2021-06-24 08:44:44 -0700,2021-06-24 08:45:50 -0700,38.6685
Melody’s Apple Watch,ms,2021-06-24 10:28:39 -0700,2021-06-24 10:29:44 -0700,46.9907
Melody’s Apple Watch,ms,2021-06-24 12:51:45 -0700,2021-06-24 12:52:50 -0700,72.75
Melody’s Apple Watch,ms,2021-06-24 20:41:50 -0700,2021-06-24 20:42:51 -0700,19.7595
Melody’s Apple Watch,ms,2021-06-24 23:05:15 -0700,2021-06-24 23:06:21 -0700,20.6746
Melody’s Apple Watch,ms,2021-06-25 00:28:42 -0700,2021-06-25 00:29:47 -0700,23.5611
Melody’s Apple Watch,ms,2021-06-25 02:28:39 -0700,2021-06-25 02:29:44 -0700,34.9187
Melody’s Apple Watch,ms,2021-06-25 04:29:02 -0700,2021-06-25 04:30:07 -0700,31.3718
Melody’s Apple Watch,ms,2021-06-25 06:46:39 -0700,2021-06-25 06:47:41 -0700,24.5153
Melody’s Apple Watch,ms,2021-06-25 08:53:05 -0700,2021-06-25 08:54:10 -0700,27.0786
Melody’s Apple Watch,ms,2021-06-25 16:59:02 -0700,2021-06-25 17:00:07 -0700,20.614
Melody’s Apple Watch,ms,2021-06-25 18:30:19 -0700,2021-06-25 18:31:20 -0700,54.1952
Melody’s Apple Watch,ms,2021-06-25 20:28:40 -0700,2021-06-25 20:29:43 -0700,24.2474
Melody’s Apple Watch,ms,2021-06-26 12:28:39 -0700,2021-06-26 12:29:41 -0700,31.7844
Melody’s Apple Watch,ms,2021-06-26 18:48:13 -0700,2021-06-26 18:49:17 -0700,35.798
Melody’s Apple Watch,ms,2021-06-28 14:42:39 -0700,2021-06-28 14:43:40 -0700,40.8197
Melody’s Apple Watch,ms,2021-06-28 16:28:41 -0700,2021-06-28 16:29:42 -0700,33.3317
Melody’s Apple Watch,ms,2021-06-28 20:05:24 -0700,2021-06-28 20:06:29 -0700,17.4803
Melody’s Apple Watch,ms,2021-06-28 20:55:28 -0700,2021-06-28 20:56:33 -0700,38.2067
Melody’s Apple Watch,ms,2021-06-28 22:33:24 -0700,2021-06-28 22:34:25 -0700,16.0721
Melody’s Apple Watch,ms,2021-06-29 04:36:00 -0700,2021-06-29 04:37:01 -0700,28.3802
Melody’s Apple Watch,ms,2021-06-29 04:38:08 -0700,2021-06-29 04:39:13 -0700,34.6645
Melody’s Apple Watch,ms,2021-06-29 06:28:40 -0700,2021-06-29 06:29:45 -0700,62.8957
Melody’s Apple Watch,ms,2021-06-30 07:45:35 -0700,2021-06-30 07:46:40 -0700,43.0675
Melody’s Apple Watch,ms,2021-06-30 10:43:38 -0700,2021-06-30 10:44:43 -0700,25.1471
Melody’s Apple Watch,ms,2021-06-30 16:16:50 -0700,2021-06-30 16:17:55 -0700,37.0295
Melody’s Apple Watch,ms,2021-07-01 15:24:08 -0700,2021-07-01 15:25:13 -0700,31.1037
Melody’s Apple Watch,ms,2021-07-01 16:49:41 -0700,2021-07-01 16:50:45 -0700,24.7159
Melody’s Apple Watch,ms,2021-07-02 14:36:09 -0700,2021-07-02 14:37:14 -0700,27.5766
Melody’s Apple Watch,ms,2021-07-04 07:20:00 -0700,2021-07-04 07:21:02 -0700,43.3705
Melody’s Apple Watch,ms,2021-07-04 07:29:32 -0700,2021-07-04 07:30:33 -0700,47.1308
Melody’s Apple Watch,ms,2021-07-04 09:37:37 -0700,2021-07-04 09:38:42 -0700,13.6405
Melody’s Apple Watch,ms,2021-07-04 18:12:56 -0700,2021-07-04 18:14:00 -0700,12.4624
Melody’s Apple Watch,ms,2021-07-04 20:00:07 -0700,2021-07-04 20:01:08 -0700,18.1177
Melody’s Apple Watch,ms,2021-07-06 07:04:45 -0700,2021-07-06 07:05:50 -0700,47.4065
Melody’s Apple Watch,ms,2021-07-08 11:45:44 -0700,2021-07-08 11:46:45 -0700,47.4513
Melody’s Apple Watch,ms,2021-07-08 11:56:19 -0700,2021-07-08 11:57:24 -0700,36.9104
Melody’s Apple Watch,ms,2021-07-08 14:00:07 -0700,2021-07-08 14:01:12 -0700,26.7442
Melody’s Apple Watch,ms,2021-07-08 17:47:53 -0700,2021-07-08 17:48:54 -0700,12.0869
Melody’s Apple Watch,ms,2021-07-08 19:54:14 -0700,2021-07-08 19:55:20 -0700,17.8676
Melody’s Apple Watch,ms,2021-07-11 11:49:41 -0700,2021-07-11 11:50:47 -0700,30.545
Melody’s Apple Watch,ms,2021-07-11 18:42:55 -0700,2021-07-11 18:43:56 -0700,13.9598
Melody’s Apple Watch,ms,2021-07-11 22:23:46 -0700,2021-07-11 22:24:51 -0700,27.7658
Melody’s Apple Watch,ms,2021-07-11 23:36:33 -0700,2021-07-11 23:37:38 -0700,34
Melody’s Apple Watch,ms,2021-07-12 01:36:35 -0700,2021-07-12 01:37:40 -0700,46.9867
Melody’s Apple Watch,ms,2021-07-12 03:36:36 -0700,2021-07-12 03:37:42 -0700,70.0321
Melody’s Apple Watch,ms,2021-07-12 05:36:37 -0700,2021-07-12 05:37:38 -0700,40.5108
Melody’s Apple Watch,ms,2021-07-12 07:36:35 -0700,2021-07-12 07:37:40 -0700,76.7439
Melody’s Apple Watch,ms,2021-07-12 09:36:35 -0700,2021-07-12 09:37:37 -0700,38.746
Melody’s Apple Watch,ms,2021-07-12 15:59:55 -0700,2021-07-12 16:00:57 -0700,26.695
Melody’s Apple Watch,ms,2021-07-13 10:40:37 -0700,2021-07-13 10:41:38 -0700,11.9046
Melody’s Apple Watch,ms,2021-07-13 17:53:44 -0700,2021-07-13 17:54:45 -0700,28.4275
Melody’s Apple Watch,ms,2021-07-13 19:55:56 -0700,2021-07-13 19:56:59 -0700,26.3723
Melody’s Apple Watch,ms,2021-07-13 21:54:46 -0700,2021-07-13 21:55:51 -0700,26.3332
Melody’s Apple Watch,ms,2021-07-14 01:53:59 -0700,2021-07-14 01:55:04 -0700,57.4598
Melody’s Apple Watch,ms,2021-07-14 03:54:55 -0700,2021-07-14 03:55:56 -0700,60.8297
Melody’s Apple Watch,ms,2021-07-14 05:53:58 -0700,2021-07-14 05:55:03 -0700,39.7146
Melody’s Apple Watch,ms,2021-07-14 07:54:21 -0700,2021-07-14 07:55:26 -0700,33.7009
Melody’s Apple Watch,ms,2021-07-14 11:55:33 -0700,2021-07-14 11:56:38 -0700,58.9109
Melody’s Apple Watch,ms,2021-07-14 16:48:30 -0700,2021-07-14 16:49:31 -0700,14.0134
Melody’s Apple Watch,ms,2021-07-14 20:12:03 -0700,2021-07-14 20:13:08 -0700,43.8919
Melody’s Apple Watch,ms,2021-07-14 22:16:42 -0700,2021-07-14 22:17:47 -0700,31.86
Melody’s Apple Watch,ms,2021-07-15 20:56:43 -0700,2021-07-15 20:57:45 -0700,28.3725
Melody’s Apple Watch,ms,2021-07-16 00:19:11 -0700,2021-07-16 00:20:16 -0700,33.4963
Melody’s Apple Watch,ms,2021-07-16 01:53:58 -0700,2021-07-16 01:55:03 -0700,35.7036
Melody’s Apple Watch,ms,2021-07-16 03:53:55 -0700,2021-07-16 03:55:00 -0700,66.3523
Melody’s Apple Watch,ms,2021-07-16 05:53:56 -0700,2021-07-16 05:55:01 -0700,63.0149
Melody’s Apple Watch,ms,2021-07-16 07:53:57 -0700,2021-07-16 07:54:58 -0700,112.757
Melody’s Apple Watch,ms,2021-07-18 17:30:15 -0700,2021-07-18 17:31:20 -0700,24.6855
Melody’s Apple Watch,ms,2021-07-18 18:47:42 -0700,2021-07-18 18:48:42 -0700,47.8128
Melody’s Apple Watch,ms,2021-07-19 17:32:24 -0700,2021-07-19 17:33:25 -0700,39.8105
Melody’s Apple Watch,ms,2021-07-19 18:26:18 -0700,2021-07-19 18:27:18 -0700,18.8265
Melody’s Apple Watch,ms,2021-07-19 20:12:18 -0700,2021-07-19 20:13:23 -0700,26.1068
Melody’s Apple Watch,ms,2021-07-20 07:27:50 -0700,2021-07-20 07:28:55 -0700,56.4867
Melody’s Apple Watch,ms,2021-07-20 07:30:02 -0700,2021-07-20 07:31:07 -0700,88.8735
Melody’s Apple Watch,ms,2021-07-20 19:56:36 -0700,2021-07-20 19:57:41 -0700,32.2762
Melody’s Apple Watch,ms,2021-07-20 22:53:07 -0700,2021-07-20 22:54:07 -0700,32.3197
Melody’s Apple Watch,ms,2021-07-20 23:53:59 -0700,2021-07-20 23:55:04 -0700,24.6982
Melody’s Apple Watch,ms,2021-07-21 01:53:56 -0700,2021-07-21 01:55:01 -0700,23.1328
Melody’s Apple Watch,ms,2021-07-21 03:54:00 -0700,2021-07-21 03:55:03 -0700,31.216
Melody’s Apple Watch,ms,2021-07-21 06:10:13 -0700,2021-07-21 06:11:17 -0700,65.1671
Melody’s Apple Watch,ms,2021-07-21 07:54:18 -0700,2021-07-21 07:55:24 -0700,54.0012
Melody’s Apple Watch,ms,2021-07-21 10:13:12 -0700,2021-07-21 10:14:12 -0700,26.7407
Melody’s Apple Watch,ms,2021-07-23 14:39:55 -0700,2021-07-23 14:40:59 -0700,55.2336
Melody’s Apple Watch,ms,2021-07-23 16:35:24 -0700,2021-07-23 16:36:30 -0700,59.0286
Melody’s Apple Watch,ms,2021-07-25 17:16:13 -0700,2021-07-25 17:17:13 -0700,37.5508
Melody’s Apple Watch,ms,2021-07-25 18:24:20 -0700,2021-07-25 18:25:22 -0700,19.1703
Melody’s Apple Watch,ms,2021-07-27 15:18:22 -0700,2021-07-27 15:19:25 -0700,29.9614
Melody’s Apple Watch,ms,2021-07-27 22:00:38 -0700,2021-07-27 22:01:39 -0700,22.0021
Melody’s Apple Watch,ms,2021-07-27 22:44:17 -0700,2021-07-27 22:45:18 -0700,22.543
Melody’s Apple Watch,ms,2021-07-28 00:19:15 -0700,2021-07-28 00:20:16 -0700,23.297
Melody’s Apple Watch,ms,2021-07-28 02:17:48 -0700,2021-07-28 02:18:53 -0700,49.4002
Melody’s Apple Watch,ms,2021-07-28 04:17:47 -0700,2021-07-28 04:18:51 -0700,62.436
Melody’s Apple Watch,ms,2021-07-28 06:17:48 -0700,2021-07-28 06:18:53 -0700,53.159
Melody’s Apple Watch,ms,2021-07-28 08:33:52 -0700,2021-07-28 08:34:57 -0700,50.0962
Melody’s Apple Watch,ms,2021-07-29 13:07:15 -0700,2021-07-29 13:08:16 -0700,49.2056
Melody’s Apple Watch,ms,2021-07-29 14:19:21 -0700,2021-07-29 14:20:23 -0700,33.8434
Melody’s Apple Watch,ms,2021-07-29 20:24:05 -0700,2021-07-29 20:25:09 -0700,15.0914
Melody’s Apple Watch,ms,2021-07-30 12:50:58 -0700,2021-07-30 12:52:04 -0700,45.0104
Melody’s Apple Watch,ms,2021-08-01 18:23:32 -0700,2021-08-01 18:24:33 -0700,26.7114
Melody’s Apple Watch,ms,2021-08-01 20:19:19 -0700,2021-08-01 20:20:24 -0700,19.492
Melody’s Apple Watch,ms,2021-08-01 23:53:28 -0700,2021-08-01 23:54:28 -0700,42.4058
Melody’s Apple Watch,ms,2021-08-02 00:17:30 -0700,2021-08-02 00:18:35 -0700,30.5563
Melody’s Apple Watch,ms,2021-08-02 02:35:24 -0700,2021-08-02 02:36:28 -0700,32.5058
Melody’s Apple Watch,ms,2021-08-02 04:17:30 -0700,2021-08-02 04:18:35 -0700,36.5616
Melody’s Apple Watch,ms,2021-08-02 06:17:42 -0700,2021-08-02 06:18:47 -0700,93.9268
Melody’s Apple Watch,ms,2021-08-02 08:18:10 -0700,2021-08-02 08:19:11 -0700,26.006
Melody’s Apple Watch,ms,2021-08-02 10:24:05 -0700,2021-08-02 10:25:09 -0700,21.006
Melody’s Apple Watch,ms,2021-08-02 17:17:17 -0700,2021-08-02 17:18:18 -0700,29.5656
Melody’s Apple Watch,ms,2021-08-02 19:27:54 -0700,2021-08-02 19:28:58 -0700,47.0455
Melody’s Apple Watch,ms,2021-08-02 21:28:16 -0700,2021-08-02 21:29:21 -0700,30
Melody’s Apple Watch,ms,2021-08-03 14:23:20 -0700,2021-08-03 14:24:20 -0700,47.4579
Melody’s Apple Watch,ms,2021-08-03 22:42:25 -0700,2021-08-03 22:43:31 -0700,36.4254
Melody’s Apple Watch,ms,2021-08-04 22:16:33 -0700,2021-08-04 22:17:33 -0700,29.836
Melody’s Apple Watch,ms,2021-08-05 15:05:58 -0700,2021-08-05 15:06:59 -0700,23.4827
Melody’s Apple Watch,ms,2021-08-05 16:17:30 -0700,2021-08-05 16:18:31 -0700,51.3499
Melody’s Apple Watch,ms,2021-08-10 12:28:50 -0700,2021-08-10 12:29:52 -0700,27.2443
Melody’s Apple Watch,ms,2021-08-10 12:30:58 -0700,2021-08-10 12:32:04 -0700,21.5552
Melody’s Apple Watch,ms,2021-08-10 14:21:00 -0700,2021-08-10 14:22:01 -0700,50.927
Melody’s Apple Watch,ms,2021-08-10 19:41:47 -0700,2021-08-10 19:42:52 -0700,42.3748
Melody’s Apple Watch,ms,2021-08-11 11:48:30 -0700,2021-08-11 11:49:31 -0700,40.6002
Melody’s Apple Watch,ms,2021-08-11 18:29:58 -0700,2021-08-11 18:30:59 -0700,50.3053
Melody’s Apple Watch,ms,2021-08-11 20:18:27 -0700,2021-08-11 20:19:32 -0700,32.3361
Melody’s Apple Watch,ms,2021-08-12 00:22:00 -0700,2021-08-12 00:23:06 -0700,26.1594
Melody’s Apple Watch,ms,2021-08-12 02:17:31 -0700,2021-08-12 02:18:33 -0700,45.9796
Melody’s Apple Watch,ms,2021-08-12 04:18:05 -0700,2021-08-12 04:19:10 -0700,57.475
Melody’s Apple Watch,ms,2021-08-12 06:17:32 -0700,2021-08-12 06:18:37 -0700,31.7313
Melody’s Apple Watch,ms,2021-08-12 08:17:29 -0700,2021-08-12 08:18:35 -0700,57.2593
Melody’s Apple Watch,ms,2021-08-12 12:24:33 -0700,2021-08-12 12:25:36 -0700,23.4547
Melody’s Apple Watch,ms,2021-08-13 09:38:06 -0700,2021-08-13 09:39:08 -0700,44.664
Melody’s Apple Watch,ms,2021-08-13 10:19:19 -0700,2021-08-13 10:20:20 -0700,27.6258
Melody’s Apple Watch,ms,2021-08-13 12:25:31 -0700,2021-08-13 12:26:37 -0700,38.7016
Melody’s Apple Watch,ms,2021-08-13 15:16:36 -0700,2021-08-13 15:17:39 -0700,44.9354
Melody’s Apple Watch,ms,2021-08-14 08:00:27 -0700,2021-08-14 08:01:33 -0700,52.967
Melody’s Apple Watch,ms,2021-08-14 08:38:27 -0700,2021-08-14 08:39:32 -0700,33.4281
Melody’s Apple Watch,ms,2021-08-14 10:35:26 -0700,2021-08-14 10:36:31 -0700,67.744
Melody’s Apple Watch,ms,2021-08-14 12:19:18 -0700,2021-08-14 12:20:24 -0700,69.4523
Melody’s Apple Watch,ms,2021-08-14 14:32:40 -0700,2021-08-14 14:33:41 -0700,30.8099
Melody’s Apple Watch,ms,2021-08-14 17:11:08 -0700,2021-08-14 17:12:13 -0700,12.9289
Melody’s Apple Watch,ms,2021-08-14 22:40:32 -0700,2021-08-14 22:41:36 -0700,29.4836
Melody’s Apple Watch,ms,2021-08-15 16:11:18 -0700,2021-08-15 16:12:19 -0700,27.9967
Melody’s Apple Watch,ms,2021-08-15 16:42:15 -0700,2021-08-15 16:43:18 -0700,14.5387
Melody’s Apple Watch,ms,2021-08-16 13:07:22 -0700,2021-08-16 13:08:23 -0700,30.2779
Melody’s Apple Watch,ms,2021-08-16 16:19:32 -0700,2021-08-16 16:20:33 -0700,43.1712
Melody’s Apple Watch,ms,2021-08-16 22:40:56 -0700,2021-08-16 22:42:02 -0700,22.5153
Melody’s Apple Watch,ms,2021-08-17 00:19:17 -0700,2021-08-17 00:20:19 -0700,24.8219
Melody’s Apple Watch,ms,2021-08-17 02:19:18 -0700,2021-08-17 02:20:20 -0700,72.2565
Melody’s Apple Watch,ms,2021-08-17 04:19:52 -0700,2021-08-17 04:20:57 -0700,52.8382
Melody’s Apple Watch,ms,2021-08-17 06:19:17 -0700,2021-08-17 06:20:22 -0700,65.0115
Melody’s Apple Watch,ms,2021-08-17 08:19:19 -0700,2021-08-17 08:20:24 -0700,69.5881
Melody’s Apple Watch,ms,2021-08-17 16:41:41 -0700,2021-08-17 16:42:46 -0700,15.079
Melody’s Apple Watch,ms,2021-08-17 16:45:47 -0700,2021-08-17 16:46:52 -0700,18.0537
Melody’s Apple Watch,ms,2021-08-17 18:44:26 -0700,2021-08-17 18:45:31 -0700,36.4615
Melody’s Apple Watch,ms,2021-08-18 12:19:16 -0700,2021-08-18 12:20:17 -0700,30.9152
Melody’s Apple Watch,ms,2021-08-18 16:33:26 -0700,2021-08-18 16:34:31 -0700,10.8929
Melody’s Apple Watch,ms,2021-08-18 20:56:48 -0700,2021-08-18 20:57:54 -0700,12.5424
Melody’s Apple Watch,ms,2021-08-18 22:22:06 -0700,2021-08-18 22:23:11 -0700,7.87202
Melody’s Apple Watch,ms,2021-08-19 17:04:22 -0700,2021-08-19 17:05:24 -0700,35.819
Melody’s Apple Watch,ms,2021-08-21 02:19:46 -0700,2021-08-21 02:20:50 -0700,36.5317
Melody’s Apple Watch,ms,2021-08-22 18:53:01 -0700,2021-08-22 18:54:05 -0700,30.5839
Melody’s Apple Watch,ms,2021-08-22 19:00:09 -0700,2021-08-22 19:01:12 -0700,20.3347
Melody’s Apple Watch,ms,2021-08-22 20:20:29 -0700,2021-08-22 20:21:34 -0700,22.891
Melody’s Apple Watch,ms,2021-08-23 00:19:20 -0700,2021-08-23 00:20:25 -0700,24.2049
Melody’s Apple Watch,ms,2021-08-23 02:19:16 -0700,2021-08-23 02:20:22 -0700,45.7193
Melody’s Apple Watch,ms,2021-08-27 13:50:41 -0700,2021-08-27 13:51:42 -0700,11.5448
Melody’s Apple Watch,ms,2021-08-27 14:00:43 -0700,2021-08-27 14:01:44 -0700,11.2444
Melody’s Apple Watch,ms,2021-08-27 19:30:30 -0700,2021-08-27 19:31:36 -0700,7.95299
Melody’s Apple Watch,ms,2021-08-27 20:38:37 -0700,2021-08-27 20:39:40 -0700,12.4059
Melody’s Apple Watch,ms,2021-08-27 22:33:38 -0700,2021-08-27 22:34:44 -0700,10.1934
Melody’s Apple Watch,ms,2021-08-28 12:31:23 -0700,2021-08-28 12:32:24 -0700,15.9912
Melody’s Apple Watch,ms,2021-08-28 12:40:00 -0700,2021-08-28 12:41:01 -0700,15.8045
Melody’s Apple Watch,ms,2021-08-28 14:48:39 -0700,2021-08-28 14:49:40 -0700,18.5354
Melody’s Apple Watch,ms,2021-08-28 22:16:46 -0700,2021-08-28 22:17:51 -0700,39.8042
Melody’s Apple Watch,ms,2021-08-29 00:00:38 -0700,2021-08-29 00:01:43 -0700,68.1267
Melody’s Apple Watch,ms,2021-08-29 02:00:41 -0700,2021-08-29 02:01:46 -0700,64.1366
Melody’s Apple Watch,ms,2021-08-29 04:00:42 -0700,2021-08-29 04:01:48 -0700,69.4271
Melody’s Apple Watch,ms,2021-08-29 06:00:39 -0700,2021-08-29 06:01:44 -0700,51.864
Melody’s Apple Watch,ms,2021-08-31 02:10:13 -0700,2021-08-31 02:11:14 -0700,38.4285
Melody’s Apple Watch,ms,2021-08-31 02:12:20 -0700,2021-08-31 02:13:26 -0700,35.7334
Melody’s Apple Watch,ms,2021-08-31 04:00:42 -0700,2021-08-31 04:01:47 -0700,49.6462
Melody’s Apple Watch,ms,2021-08-31 06:00:39 -0700,2021-08-31 06:01:44 -0700,43.3049
Melody’s Apple Watch,ms,2021-08-31 08:00:40 -0700,2021-08-31 08:01:41 -0700,37.6115
Melody’s Apple Watch,ms,2021-08-31 11:07:17 -0700,2021-08-31 11:08:23 -0700,30.9839
Melody’s Apple Watch,ms,2021-08-31 15:04:53 -0700,2021-08-31 15:05:54 -0700,33.3045
Melody’s Apple Watch,ms,2021-08-31 18:23:14 -0700,2021-08-31 18:24:17 -0700,19.4952
Melody’s Apple Watch,ms,2021-08-31 18:32:48 -0700,2021-08-31 18:33:49 -0700,11.4959
Melody’s Apple Watch,ms,2021-08-31 20:18:56 -0700,2021-08-31 20:19:57 -0700,7.22409
Melody’s Apple Watch,ms,2021-09-01 02:00:39 -0700,2021-09-01 02:01:44 -0700,47.3207
Melody’s Apple Watch,ms,2021-09-01 04:00:41 -0700,2021-09-01 04:01:46 -0700,56.5984
Melody’s Apple Watch,ms,2021-09-01 08:00:42 -0700,2021-09-01 08:01:47 -0700,50.3202
Melody’s Apple Watch,ms,2021-09-01 10:00:38 -0700,2021-09-01 10:01:44 -0700,55.2178
Melody’s Apple Watch,ms,2021-09-02 14:04:16 -0700,2021-09-02 14:05:17 -0700,24.9525
Melody’s Apple Watch,ms,2021-09-02 20:08:14 -0700,2021-09-02 20:09:15 -0700,26.523
Melody’s Apple Watch,ms,2021-09-03 00:04:01 -0700,2021-09-03 00:05:07 -0700,29.6811
Melody’s Apple Watch,ms,2021-09-03 15:12:31 -0700,2021-09-03 15:13:36 -0700,35.3253
Melody’s Apple Watch,ms,2021-09-04 12:24:18 -0700,2021-09-04 12:25:23 -0700,69.1439
Melody’s Apple Watch,ms,2021-09-04 20:42:10 -0700,2021-09-04 20:43:15 -0700,20.3109
Melody’s Apple Watch,ms,2021-09-04 20:45:42 -0700,2021-09-04 20:46:47 -0700,12.5698
Melody’s Apple Watch,ms,2021-09-05 11:58:54 -0700,2021-09-05 12:00:00 -0700,58.5326
Melody’s Apple Watch,ms,2021-09-05 12:17:14 -0700,2021-09-05 12:18:19 -0700,81.0301
Melody’s Apple Watch,ms,2021-09-05 14:00:40 -0700,2021-09-05 14:01:46 -0700,73.9079
Melody’s Apple Watch,ms,2021-09-05 20:08:08 -0700,2021-09-05 20:09:09 -0700,22.6095
Melody’s Apple Watch,ms,2021-09-06 17:22:56 -0700,2021-09-06 17:23:59 -0700,27.868
Melody’s Apple Watch,ms,2021-09-06 17:29:21 -0700,2021-09-06 17:30:26 -0700,29.7574
Melody’s Apple Watch,ms,2021-09-06 20:23:26 -0700,2021-09-06 20:24:31 -0700,28.4286
Melody’s Apple Watch,ms,2021-09-07 00:08:12 -0700,2021-09-07 00:09:17 -0700,11.2528
Melody’s Apple Watch,ms,2021-09-07 02:00:40 -0700,2021-09-07 02:01:44 -0700,38.5227
Melody’s Apple Watch,ms,2021-09-07 04:00:41 -0700,2021-09-07 04:01:46 -0700,35.403
Melody’s Apple Watch,ms,2021-09-07 06:00:42 -0700,2021-09-07 06:01:43 -0700,26.2797
Melody’s Apple Watch,ms,2021-09-07 08:00:39 -0700,2021-09-07 08:01:41 -0700,50.1485
Melody’s Apple Watch,ms,2021-09-07 10:00:38 -0700,2021-09-07 10:01:43 -0700,48.1858
Melody’s Apple Watch,ms,2021-09-08 08:23:37 -0700,2021-09-08 08:24:42 -0700,61.2025
Melody’s Apple Watch,ms,2021-09-08 14:00:39 -0700,2021-09-08 14:01:44 -0700,31.6702
Melody’s Apple Watch,ms,2021-09-08 16:26:27 -0700,2021-09-08 16:27:28 -0700,35.7404
Melody’s Apple Watch,ms,2021-09-09 22:01:59 -0700,2021-09-09 22:03:04 -0700,27.3633
Melody’s Apple Watch,ms,2021-09-10 00:02:31 -0700,2021-09-10 00:03:36 -0700,38.3927
Melody’s Apple Watch,ms,2021-09-10 02:17:38 -0700,2021-09-10 02:18:43 -0700,48.1982
Melody’s Apple Watch,ms,2021-09-10 04:00:40 -0700,2021-09-10 04:01:46 -0700,52.7589
Melody’s Apple Watch,ms,2021-09-10 06:00:38 -0700,2021-09-10 06:01:43 -0700,80.7837
Melody’s Apple Watch,ms,2021-09-10 08:00:39 -0700,2021-09-10 08:01:40 -0700,89.9423
Melody’s Apple Watch,ms,2021-09-10 10:00:38 -0700,2021-09-10 10:01:43 -0700,70.2273
Melody’s Apple Watch,ms,2021-09-10 14:56:31 -0700,2021-09-10 14:57:32 -0700,33.0137
Melody’s Apple Watch,ms,2021-09-10 18:25:51 -0700,2021-09-10 18:26:52 -0700,45.1131
Melody’s Apple Watch,ms,2021-09-11 18:40:55 -0700,2021-09-11 18:42:01 -0700,53.1836
Melody’s Apple Watch,ms,2021-09-11 20:16:44 -0700,2021-09-11 20:17:50 -0700,53.6283
Melody’s Apple Watch,ms,2021-09-12 00:00:38 -0700,2021-09-12 00:01:43 -0700,96.1087
Melody’s Apple Watch,ms,2021-09-12 02:02:06 -0700,2021-09-12 02:03:11 -0700,80.1467
Melody’s Apple Watch,ms,2021-09-12 04:00:39 -0700,2021-09-12 04:01:43 -0700,71.1372
Melody’s Apple Watch,ms,2021-09-12 11:25:20 -0700,2021-09-12 11:26:23 -0700,55.962
Melody’s Apple Watch,ms,2021-09-12 14:02:35 -0700,2021-09-12 14:03:40 -0700,45.5762
Melody’s Apple Watch,ms,2021-09-12 19:14:00 -0700,2021-09-12 19:15:01 -0700,33.7532
Melody’s Apple Watch,ms,2021-09-13 02:00:37 -0700,2021-09-13 02:01:42 -0700,26.7126
Melody’s Apple Watch,ms,2021-09-13 04:00:38 -0700,2021-09-13 04:01:43 -0700,30.2903
Melody’s Apple Watch,ms,2021-09-13 06:00:45 -0700,2021-09-13 06:01:50 -0700,52.7257
Melody’s Apple Watch,ms,2021-09-13 08:01:48 -0700,2021-09-13 08:02:53 -0700,41.9345
Melody’s Apple Watch,ms,2021-09-13 10:00:40 -0700,2021-09-13 10:01:41 -0700,54.0451
Melody’s Apple Watch,ms,2021-09-13 15:03:06 -0700,2021-09-13 15:04:11 -0700,18.0451
Melody’s Apple Watch,ms,2021-09-14 02:57:23 -0700,2021-09-14 02:58:29 -0700,17.69
Melody’s Apple Watch,ms,2021-09-14 02:59:35 -0700,2021-09-14 03:00:41 -0700,18.9357
Melody’s Apple Watch,ms,2021-09-14 04:19:08 -0700,2021-09-14 04:20:13 -0700,26.006
Melody’s Apple Watch,ms,2021-09-14 06:00:39 -0700,2021-09-14 06:01:40 -0700,35.3695
Melody’s Apple Watch,ms,2021-09-14 08:00:41 -0700,2021-09-14 08:01:47 -0700,60.731
Melody’s Apple Watch,ms,2021-09-14 10:44:05 -0700,2021-09-14 10:45:10 -0700,43.0784
Melody’s Apple Watch,ms,2021-09-14 12:03:48 -0700,2021-09-14 12:04:52 -0700,44.1574
Melody’s Apple Watch,ms,2021-09-14 14:00:38 -0700,2021-09-14 14:01:44 -0700,73.6504
Melody’s Apple Watch,ms,2021-09-14 16:00:40 -0700,2021-09-14 16:01:45 -0700,55.1657
Melody’s Apple Watch,ms,2021-09-15 02:00:41 -0700,2021-09-15 02:01:46 -0700,58.8037
Melody’s Apple Watch,ms,2021-09-15 04:16:46 -0700,2021-09-15 04:17:51 -0700,79.2693
Melody’s Apple Watch,ms,2021-09-15 06:00:37 -0700,2021-09-15 06:01:43 -0700,67.041
Melody’s Apple Watch,ms,2021-09-15 08:16:46 -0700,2021-09-15 08:17:51 -0700,86.3604
Melody’s Apple Watch,ms,2021-09-15 10:16:50 -0700,2021-09-15 10:17:55 -0700,101.293
Melody’s Apple Watch,ms,2021-09-15 12:06:51 -0700,2021-09-15 12:07:52 -0700,57.6709
Melody’s Apple Watch,ms,2021-09-16 02:00:40 -0700,2021-09-16 02:01:41 -0700,35.0651
Melody’s Apple Watch,ms,2021-09-16 04:00:39 -0700,2021-09-16 04:01:44 -0700,31.957
Melody’s Apple Watch,ms,2021-09-16 06:00:40 -0700,2021-09-16 06:01:46 -0700,61.1463
Melody’s Apple Watch,ms,2021-09-16 10:00:37 -0700,2021-09-16 10:01:42 -0700,81.0131
Melody’s Apple Watch,ms,2021-09-16 12:25:53 -0700,2021-09-16 12:26:57 -0700,57.7771
Melody’s Apple Watch,ms,2021-09-16 16:24:20 -0700,2021-09-16 16:25:26 -0700,52.5333
Melody’s Apple Watch,ms,2021-09-16 20:00:43 -0700,2021-09-16 20:01:44 -0700,22.0149
Melody’s Apple Watch,ms,2021-09-17 01:57:45 -0700,2021-09-17 01:58:51 -0700,16.5963
Melody’s Apple Watch,ms,2021-09-17 02:17:14 -0700,2021-09-17 02:18:19 -0700,23.0909
Melody’s Apple Watch,ms,2021-09-17 04:00:39 -0700,2021-09-17 04:01:41 -0700,48.4684
Melody’s Apple Watch,ms,2021-09-17 06:00:39 -0700,2021-09-17 06:01:44 -0700,41.6743
Melody’s Apple Watch,ms,2021-09-17 08:00:40 -0700,2021-09-17 08:01:46 -0700,79.8905
Melody’s Apple Watch,ms,2021-09-17 10:00:37 -0700,2021-09-17 10:01:43 -0700,69.01
Melody’s Apple Watch,ms,2021-09-17 16:32:30 -0700,2021-09-17 16:33:31 -0700,21.3659
Melody’s Apple Watch,ms,2021-09-17 22:40:58 -0700,2021-09-17 22:41:59 -0700,57.3021
Melody’s Apple Watch,ms,2021-09-18 02:00:41 -0700,2021-09-18 02:01:45 -0700,60.803
Melody’s Apple Watch,ms,2021-09-18 04:00:36 -0700,2021-09-18 04:01:42 -0700,35.1034
Melody’s Apple Watch,ms,2021-09-18 06:00:38 -0700,2021-09-18 06:01:44 -0700,56.7693
Melody’s Apple Watch,ms,2021-09-18 12:21:38 -0700,2021-09-18 12:22:42 -0700,51.286
Melody’s Apple Watch,ms,2021-09-19 00:01:32 -0700,2021-09-19 00:02:33 -0700,65.3519
Melody’s Apple Watch,ms,2021-09-20 10:45:13 -0700,2021-09-20 10:46:19 -0700,56.0457
Melody’s Apple Watch,ms,2021-09-21 03:10:09 -0700,2021-09-21 03:11:14 -0700,53.0966
Melody’s Apple Watch,ms,2021-09-21 04:00:40 -0700,2021-09-21 04:01:46 -0700,56.6789
Melody’s Apple Watch,ms,2021-09-21 06:01:02 -0700,2021-09-21 06:02:08 -0700,57.9051
Melody’s Apple Watch,ms,2021-09-21 13:32:04 -0700,2021-09-21 13:33:05 -0700,33.542
Melody’s Apple Watch,ms,2021-09-21 16:19:43 -0700,2021-09-21 16:20:45 -0700,28.7424
Melody’s Apple Watch,ms,2021-09-23 00:39:20 -0700,2021-09-23 00:40:25 -0700,55.4087
Melody’s Apple Watch,ms,2021-09-23 09:47:12 -0700,2021-09-23 09:48:17 -0700,126.247
Melody’s Apple Watch,ms,2021-09-23 10:01:19 -0700,2021-09-23 10:02:24 -0700,78.1665
Melody’s Apple Watch,ms,2021-09-23 12:07:55 -0700,2021-09-23 12:08:56 -0700,50.7912
Melody’s Apple Watch,ms,2021-09-23 18:42:58 -0700,2021-09-23 18:44:01 -0700,27.6021
Melody’s Apple Watch,ms,2021-09-24 03:05:37 -0700,2021-09-24 03:06:38 -0700,68.6458
Melody’s Apple Watch,ms,2021-09-24 03:28:07 -0700,2021-09-24 03:29:12 -0700,47.3062
Melody’s Apple Watch,ms,2021-09-24 04:00:39 -0700,2021-09-24 04:01:44 -0700,86.6905
Melody’s Apple Watch,ms,2021-09-24 06:01:06 -0700,2021-09-24 06:02:11 -0700,37.0203
Melody’s Apple Watch,ms,2021-09-24 09:29:39 -0700,2021-09-24 09:30:40 -0700,31.1789
Melody’s Apple Watch,ms,2021-09-24 10:01:01 -0700,2021-09-24 10:02:07 -0700,28.1358
Melody’s Apple Watch,ms,2021-09-24 18:27:12 -0700,2021-09-24 18:28:13 -0700,17.8396
Melody’s Apple Watch,ms,2021-09-24 21:30:56 -0700,2021-09-24 21:32:01 -0700,18.9357
Melody’s Apple Watch,ms,2021-09-24 22:01:07 -0700,2021-09-24 22:02:08 -0700,26.8212
Melody’s Apple Watch,ms,2021-09-25 00:00:40 -0700,2021-09-25 00:01:46 -0700,49.0956
Melody’s Apple Watch,ms,2021-09-25 02:00:37 -0700,2021-09-25 02:01:43 -0700,75.4371
Melody’s Apple Watch,ms,2021-09-25 04:00:39 -0700,2021-09-25 04:01:44 -0700,60.1727
Melody’s Apple Watch,ms,2021-09-25 09:28:09 -0700,2021-09-25 09:29:10 -0700,16.0818
Melody’s Apple Watch,ms,2021-09-25 12:19:02 -0700,2021-09-25 12:20:08 -0700,35.0901
Melody’s Apple Watch,ms,2021-09-26 04:00:39 -0700,2021-09-26 04:01:44 -0700,67.4588
Melody’s Apple Watch,ms,2021-09-26 06:00:37 -0700,2021-09-26 06:01:41 -0700,44.8435
Melody’s Apple Watch,ms,2021-09-26 08:00:38 -0700,2021-09-26 08:01:43 -0700,33.9669
Melody’s Apple Watch,ms,2021-09-26 10:16:48 -0700,2021-09-26 10:17:52 -0700,36.6111
Melody’s Apple Watch,ms,2021-09-26 12:00:40 -0700,2021-09-26 12:01:45 -0700,92.404
Melody’s Apple Watch,ms,2021-09-26 15:02:56 -0700,2021-09-26 15:04:01 -0700,49.6551
Melody’s Apple Watch,ms,2021-09-26 20:55:24 -0700,2021-09-26 20:56:30 -0700,30.567
Melody’s Apple Watch,ms,2021-09-26 22:02:21 -0700,2021-09-26 22:03:26 -0700,19.7848
Melody’s Apple Watch,ms,2021-09-27 02:00:38 -0700,2021-09-27 02:01:40 -0700,45.93
Melody’s Apple Watch,ms,2021-09-27 04:00:40 -0700,2021-09-27 04:01:42 -0700,57.7538
Melody’s Apple Watch,ms,2021-09-27 06:04:31 -0700,2021-09-27 06:05:35 -0700,77.3919
Melody’s Apple Watch,ms,2021-09-27 09:32:43 -0700,2021-09-27 09:33:45 -0700,12.0286
Melody’s Apple Watch,ms,2021-09-27 10:02:51 -0700,2021-09-27 10:03:56 -0700,50.8318
Melody’s Apple Watch,ms,2021-09-27 14:01:12 -0700,2021-09-27 14:02:14 -0700,73.6262
Melody’s Apple Watch,ms,2021-09-27 16:04:21 -0700,2021-09-27 16:05:22 -0700,10.9159
Melody’s Apple Watch,ms,2021-09-27 18:09:55 -0700,2021-09-27 18:10:56 -0700,20.7274
Melody’s Apple Watch,ms,2021-09-28 00:00:40 -0700,2021-09-28 00:01:45 -0700,26.6036
Melody’s Apple Watch,ms,2021-09-28 02:00:36 -0700,2021-09-28 02:01:42 -0700,43.6578
Melody’s Apple Watch,ms,2021-09-28 04:00:39 -0700,2021-09-28 04:01:45 -0700,67.5879
Melody’s Apple Watch,ms,2021-09-28 06:16:43 -0700,2021-09-28 06:17:48 -0700,58.4369
Melody’s Apple Watch,ms,2021-09-28 08:00:40 -0700,2021-09-28 08:01:45 -0700,79.6853
Melody’s Apple Watch,ms,2021-09-28 16:06:44 -0700,2021-09-28 16:07:50 -0700,28.6531
Melody’s Apple Watch,ms,2021-09-28 20:49:03 -0700,2021-09-28 20:50:08 -0700,42.6175
Melody’s Apple Watch,ms,2021-09-29 00:17:33 -0700,2021-09-29 00:18:38 -0700,53.159
Melody’s Apple Watch,ms,2021-09-29 02:00:40 -0700,2021-09-29 02:01:45 -0700,58.7101
Melody’s Apple Watch,ms,2021-09-29 06:16:48 -0700,2021-09-29 06:17:53 -0700,68.7686
Melody’s Apple Watch,ms,2021-09-29 15:07:42 -0700,2021-09-29 15:08:48 -0700,18.456
Melody’s Apple Watch,ms,2021-09-29 16:41:25 -0700,2021-09-29 16:42:27 -0700,47.5257
Melody’s Apple Watch,ms,2021-09-30 00:17:16 -0700,2021-09-30 00:18:21 -0700,42.0922
Melody’s Apple Watch,ms,2021-09-30 02:16:40 -0700,2021-09-30 02:17:45 -0700,32.3265
Melody’s Apple Watch,ms,2021-09-30 04:00:38 -0700,2021-09-30 04:01:43 -0700,52.9516
Melody’s Apple Watch,ms,2021-09-30 10:23:04 -0700,2021-09-30 10:24:05 -0700,27.1328
Melody’s Apple Watch,ms,2021-09-30 13:27:15 -0700,2021-09-30 13:28:26 -0700,87.7482
Melody’s Apple Watch,ms,2021-09-30 15:23:33 -0700,2021-09-30 15:24:39 -0700,32.1053
Melody’s Apple Watch,ms,2021-09-30 16:19:21 -0700,2021-09-30 16:20:26 -0700,27.5772
Melody’s Apple Watch,ms,2021-09-30 20:51:22 -0700,2021-09-30 20:52:28 -0700,26.5554
Melody’s Apple Watch,ms,2021-09-30 23:29:50 -0700,2021-09-30 23:30:55 -0700,81.7779
Melody’s Apple Watch,ms,2021-10-01 00:16:46 -0700,2021-10-01 00:17:51 -0700,44.8372
Melody’s Apple Watch,ms,2021-10-01 09:56:08 -0700,2021-10-01 09:57:13 -0700,29.7584
Melody’s Apple Watch,ms,2021-10-01 10:01:39 -0700,2021-10-01 10:02:45 -0700,29.0043
Melody’s Apple Watch,ms,2021-10-01 13:22:24 -0700,2021-10-01 13:23:29 -0700,28.2301
Melody’s Apple Watch,ms,2021-10-01 18:45:32 -0700,2021-10-01 18:46:34 -0700,27.434
Melody’s Apple Watch,ms,2021-10-01 22:54:52 -0700,2021-10-01 22:55:57 -0700,20.3178
Melody’s Apple Watch,ms,2021-10-02 12:24:11 -0700,2021-10-02 12:25:17 -0700,29.6353
Melody’s Apple Watch,ms,2021-10-02 15:56:23 -0700,2021-10-02 15:57:27 -0700,13.0612
Melody’s Apple Watch,ms,2021-10-02 16:00:39 -0700,2021-10-02 16:01:44 -0700,16.6217
Melody’s Apple Watch,ms,2021-10-02 18:09:56 -0700,2021-10-02 18:11:01 -0700,20.5046
Melody’s Apple Watch,ms,2021-10-02 22:02:11 -0700,2021-10-02 22:03:16 -0700,30.385
Melody’s Apple Watch,ms,2021-10-03 00:00:40 -0700,2021-10-03 00:01:45 -0700,37.5741
Melody’s Apple Watch,ms,2021-10-03 02:00:37 -0700,2021-10-03 02:01:42 -0700,40.2826
Melody’s Apple Watch,ms,2021-10-03 04:00:38 -0700,2021-10-03 04:01:44 -0700,40.7998
Melody’s Apple Watch,ms,2021-10-03 06:00:40 -0700,2021-10-03 06:01:46 -0700,62.1943
Melody’s Apple Watch,ms,2021-10-03 23:38:27 -0700,2021-10-03 23:39:32 -0700,41.8674
Melody’s Apple Watch,ms,2021-10-04 00:01:49 -0700,2021-10-04 00:02:54 -0700,33.7204
Melody’s Apple Watch,ms,2021-10-04 02:00:35 -0700,2021-10-04 02:01:36 -0700,55.5675
Melody’s Apple Watch,ms,2021-10-04 04:00:38 -0700,2021-10-04 04:01:43 -0700,75.0883
Melody’s Apple Watch,ms,2021-10-04 06:00:35 -0700,2021-10-04 06:01:41 -0700,51.5752
Melody’s Apple Watch,ms,2021-10-04 10:18:27 -0700,2021-10-04 10:19:30 -0700,33.6266
Melody’s Apple Watch,ms,2021-10-04 12:20:28 -0700,2021-10-04 12:21:29 -0700,30.2552
Melody’s Apple Watch,ms,2021-10-04 14:20:36 -0700,2021-10-04 14:21:42 -0700,57.2445
Melody’s Apple Watch,ms,2021-10-04 16:18:46 -0700,2021-10-04 16:19:52 -0700,38.2255
Melody’s Apple Watch,ms,2021-10-04 20:20:18 -0700,2021-10-04 20:21:19 -0700,72.7317
Melody’s Apple Watch,ms,2021-10-04 22:38:23 -0700,2021-10-04 22:39:28 -0700,29.7027
Melody’s Apple Watch,ms,2021-10-05 12:07:03 -0700,2021-10-05 12:08:04 -0700,21.0357
Melody’s Apple Watch,ms,2021-10-05 15:06:52 -0700,2021-10-05 15:07:57 -0700,24.4425
Melody’s Apple Watch,ms,2021-10-05 19:19:40 -0700,2021-10-05 19:20:42 -0700,21.4491
Melody’s Apple Watch,ms,2021-10-05 20:25:09 -0700,2021-10-05 20:26:11 -0700,29.9875
Melody’s Apple Watch,ms,2021-10-05 22:37:15 -0700,2021-10-05 22:38:21 -0700,20.6034
Melody’s Apple Watch,ms,2021-10-06 01:20:50 -0700,2021-10-06 01:21:55 -0700,29.6026
Melody’s Apple Watch,ms,2021-10-06 02:01:36 -0700,2021-10-06 02:02:42 -0700,30.2469
Melody’s Apple Watch,ms,2021-10-06 04:00:38 -0700,2021-10-06 04:01:44 -0700,46.1993
Melody’s Apple Watch,ms,2021-10-06 06:00:35 -0700,2021-10-06 06:01:41 -0700,51.8881
Melody’s Apple Watch,ms,2021-10-06 08:01:47 -0700,2021-10-06 08:02:52 -0700,53.9525
Melody’s Apple Watch,ms,2021-10-06 12:59:15 -0700,2021-10-06 13:00:21 -0700,30.994
Melody’s Apple Watch,ms,2021-10-06 19:06:54 -0700,2021-10-06 19:08:00 -0700,30.2169
Melody’s Apple Watch,ms,2021-10-06 20:14:36 -0700,2021-10-06 20:15:42 -0700,40.6248
Melody’s Apple Watch,ms,2021-10-07 00:08:43 -0700,2021-10-07 00:09:44 -0700,42.7748
Melody’s Apple Watch,ms,2021-10-07 10:03:47 -0700,2021-10-07 10:04:49 -0700,7.65057
Melody’s Apple Watch,ms,2021-10-07 14:33:26 -0700,2021-10-07 14:34:29 -0700,20.7989
Melody’s Apple Watch,ms,2021-10-07 15:34:48 -0700,2021-10-07 15:35:54 -0700,43.436
Melody’s Apple Watch,ms,2021-10-07 19:40:40 -0700,2021-10-07 19:41:42 -0700,43.7707
Melody’s Apple Watch,ms,2021-10-08 08:18:03 -0700,2021-10-08 08:19:08 -0700,49.3774
Melody’s Apple Watch,ms,2021-10-08 12:14:01 -0700,2021-10-08 12:15:04 -0700,18.6061
Melody’s Apple Watch,ms,2021-10-08 20:52:36 -0700,2021-10-08 20:53:37 -0700,23.7401
Melody’s Apple Watch,ms,2021-10-09 02:00:55 -0700,2021-10-09 02:02:00 -0700,35.9026
Melody’s Apple Watch,ms,2021-10-09 04:00:37 -0700,2021-10-09 04:01:42 -0700,59.145
Melody’s Apple Watch,ms,2021-10-09 06:00:39 -0700,2021-10-09 06:01:44 -0700,72.2478
Melody’s Apple Watch,ms,2021-10-09 08:16:42 -0700,2021-10-09 08:17:47 -0700,41.2371
Melody’s Apple Watch,ms,2021-10-09 16:04:14 -0700,2021-10-09 16:05:19 -0700,26.9299
Melody’s Apple Watch,ms,2021-10-09 21:19:39 -0700,2021-10-09 21:20:45 -0700,52.382
Melody’s Apple Watch,ms,2021-10-10 01:17:30 -0700,2021-10-10 01:18:36 -0700,59.6029
Melody’s Apple Watch,ms,2021-10-10 02:16:49 -0700,2021-10-10 02:17:55 -0700,62.2545
Melody’s Apple Watch,ms,2021-10-10 04:00:38 -0700,2021-10-10 04:01:43 -0700,59.0773
Melody’s Apple Watch,ms,2021-10-10 06:16:50 -0700,2021-10-10 06:17:52 -0700,85.5037
Melody’s Apple Watch,ms,2021-10-10 08:00:38 -0700,2021-10-10 08:01:39 -0700,67.8555
Melody’s Apple Watch,ms,2021-10-10 11:28:15 -0700,2021-10-10 11:29:16 -0700,11.1608
Melody’s Apple Watch,ms,2021-10-10 12:56:42 -0700,2021-10-10 12:57:48 -0700,44.5625
Melody’s Apple Watch,ms,2021-10-10 16:30:23 -0700,2021-10-10 16:31:27 -0700,56.7461
Melody’s Apple Watch,ms,2021-10-10 20:09:26 -0700,2021-10-10 20:10:30 -0700,25.6783
Melody’s Apple Watch,ms,2021-10-10 22:00:45 -0700,2021-10-10 22:01:48 -0700,40.684
Melody’s Apple Watch,ms,2021-10-11 02:10:37 -0700,2021-10-11 02:11:38 -0700,45.2838
Melody’s Apple Watch,ms,2021-10-11 04:00:40 -0700,2021-10-11 04:01:45 -0700,65.7885
Melody’s Apple Watch,ms,2021-10-11 06:16:44 -0700,2021-10-11 06:17:49 -0700,131.128
Melody’s Apple Watch,ms,2021-10-11 08:00:35 -0700,2021-10-11 08:01:40 -0700,64.4767
Melody’s Apple Watch,ms,2021-10-11 10:01:22 -0700,2021-10-11 10:02:27 -0700,87.9538
Melody’s Apple Watch,ms,2021-10-11 12:28:49 -0700,2021-10-11 12:29:50 -0700,13.449
Melody’s Apple Watch,ms,2021-10-11 20:24:28 -0700,2021-10-11 20:25:34 -0700,33.5801
Melody’s Apple Watch,ms,2021-10-11 23:47:38 -0700,2021-10-11 23:48:44 -0700,57.5321
Melody’s Apple Watch,ms,2021-10-12 00:13:29 -0700,2021-10-12 00:14:30 -0700,43.0479
Melody’s Apple Watch,ms,2021-10-12 02:51:52 -0700,2021-10-12 02:52:57 -0700,55.2098
Melody’s Apple Watch,ms,2021-10-12 04:00:39 -0700,2021-10-12 04:01:44 -0700,69.7979
Melody’s Apple Watch,ms,2021-10-12 06:00:35 -0700,2021-10-12 06:01:41 -0700,48.4233
Melody’s Apple Watch,ms,2021-10-12 08:00:47 -0700,2021-10-12 08:01:52 -0700,86.0298
Melody’s Apple Watch,ms,2021-10-12 20:03:27 -0700,2021-10-12 20:04:28 -0700,32.1714
Melody’s Apple Watch,ms,2021-10-13 02:16:44 -0700,2021-10-13 02:17:49 -0700,24.5306
Melody’s Apple Watch,ms,2021-10-13 04:16:43 -0700,2021-10-13 04:17:48 -0700,42.7522
Melody’s Apple Watch,ms,2021-10-13 06:00:39 -0700,2021-10-13 06:01:45 -0700,57.5695
Melody’s Apple Watch,ms,2021-10-13 08:00:37 -0700,2021-10-13 08:01:41 -0700,34.6645
Melody’s Apple Watch,ms,2021-10-13 18:18:48 -0700,2021-10-13 18:19:54 -0700,93.9771
Melody’s Apple Watch,ms,2021-10-14 01:02:20 -0700,2021-10-14 01:03:25 -0700,37.5982
Melody’s Apple Watch,ms,2021-10-14 02:00:37 -0700,2021-10-14 02:01:42 -0700,69.3515
Melody’s Apple Watch,ms,2021-10-14 04:00:39 -0700,2021-10-14 04:01:44 -0700,45.0846
Melody’s Apple Watch,ms,2021-10-14 06:00:36 -0700,2021-10-14 06:01:41 -0700,71.8401
Melody’s Apple Watch,ms,2021-10-14 08:00:37 -0700,2021-10-14 08:01:43 -0700,60.3117
Melody’s Apple Watch,ms,2021-10-14 10:35:11 -0700,2021-10-14 10:36:12 -0700,16.9198
Melody’s Apple Watch,ms,2021-10-14 13:32:16 -0700,2021-10-14 13:33:20 -0700,74.9179
Melody’s Apple Watch,ms,2021-10-15 10:52:50 -0700,2021-10-15 10:53:51 -0700,34.9683
Melody’s Apple Watch,ms,2021-10-15 14:02:56 -0700,2021-10-15 14:04:01 -0700,33.5736
Melody’s Apple Watch,ms,2021-10-15 17:46:52 -0700,2021-10-15 17:47:53 -0700,36.5
Melody’s Apple Watch,ms,2021-10-16 02:17:10 -0700,2021-10-16 02:18:14 -0700,27.6496
Melody’s Apple Watch,ms,2021-10-16 04:00:36 -0700,2021-10-16 04:01:41 -0700,68.8231
Melody’s Apple Watch,ms,2021-10-16 06:00:35 -0700,2021-10-16 06:01:38 -0700,47.9218
Melody’s Apple Watch,ms,2021-10-16 08:00:35 -0700,2021-10-16 08:01:40 -0700,74.1603
Melody’s Apple Watch,ms,2021-10-16 10:00:37 -0700,2021-10-16 10:01:42 -0700,48.4794
Melody’s Apple Watch,ms,2021-10-16 14:16:50 -0700,2021-10-16 14:17:53 -0700,21.7601
Melody’s Apple Watch,ms,2021-10-16 16:37:40 -0700,2021-10-16 16:38:45 -0700,49.1185
Melody’s Apple Watch,ms,2021-10-16 18:55:34 -0700,2021-10-16 18:56:39 -0700,21.7988
Melody’s Apple Watch,ms,2021-10-16 22:01:06 -0700,2021-10-16 22:02:09 -0700,45.381
Melody’s Apple Watch,ms,2021-10-18 00:45:43 -0700,2021-10-18 00:46:49 -0700,32.5519
Melody’s Apple Watch,ms,2021-10-18 02:19:15 -0700,2021-10-18 02:20:20 -0700,64.8325
Melody’s Apple Watch,ms,2021-10-18 04:00:39 -0700,2021-10-18 04:01:41 -0700,58.5673
Melody’s Apple Watch,ms,2021-10-18 06:00:38 -0700,2021-10-18 06:01:43 -0700,51.12
Melody’s Apple Watch,ms,2021-10-18 08:00:35 -0700,2021-10-18 08:01:40 -0700,36.3043
Melody’s Apple Watch,ms,2021-10-18 13:35:01 -0700,2021-10-18 13:36:05 -0700,25.2822
Melody’s Apple Watch,ms,2021-10-19 08:22:04 -0700,2021-10-19 08:23:09 -0700,57.2222
Melody’s Apple Watch,ms,2021-10-21 10:52:08 -0700,2021-10-21 10:53:13 -0700,29.33
Melody’s Apple Watch,ms,2021-10-21 12:07:24 -0700,2021-10-21 12:08:25 -0700,32.2316
Melody’s Apple Watch,ms,2021-10-21 17:46:01 -0700,2021-10-21 17:47:02 -0700,19.4824
Melody’s Apple Watch,ms,2021-10-21 20:06:02 -0700,2021-10-21 20:07:04 -0700,45.6933
Melody’s Apple Watch,ms,2021-10-21 22:05:26 -0700,2021-10-21 22:06:31 -0700,32.7939
Melody’s Apple Watch,ms,2021-10-22 09:13:35 -0700,2021-10-22 09:14:39 -0700,64.3001
Melody’s Apple Watch,ms,2021-10-22 10:05:25 -0700,2021-10-22 10:06:30 -0700,62.4029
Melody’s Apple Watch,ms,2021-10-22 15:09:30 -0700,2021-10-22 15:10:31 -0700,12.9904
Melody’s Apple Watch,ms,2021-10-22 17:19:16 -0700,2021-10-22 17:20:17 -0700,30.7459
Melody’s Apple Watch,ms,2021-10-23 17:12:43 -0700,2021-10-23 17:13:46 -0700,47.0797
Melody’s Apple Watch,ms,2021-10-23 18:34:18 -0700,2021-10-23 18:35:18 -0700,41.567
Melody’s Apple Watch,ms,2021-10-23 21:01:14 -0700,2021-10-23 21:02:18 -0700,50.1149
Melody’s Apple Watch,ms,2021-10-24 14:14:36 -0700,2021-10-24 14:15:37 -0700,18.5599
Melody’s Apple Watch,ms,2021-10-24 16:33:32 -0700,2021-10-24 16:34:38 -0700,41.3884
Melody’s Apple Watch,ms,2021-10-24 20:55:49 -0700,2021-10-24 20:56:54 -0700,12.154
Melody’s Apple Watch,ms,2021-10-24 22:58:51 -0700,2021-10-24 22:59:57 -0700,11.5542
Melody’s Apple Watch,ms,2021-10-24 23:02:33 -0700,2021-10-24 23:03:34 -0700,16.7323
Melody’s Apple Watch,ms,2021-10-25 02:32:10 -0700,2021-10-25 02:33:15 -0700,59.1824
Melody’s Apple Watch,ms,2021-10-25 04:32:12 -0700,2021-10-25 04:33:17 -0700,51.829
Melody’s Apple Watch,ms,2021-10-25 13:55:01 -0700,2021-10-25 13:56:02 -0700,37.4425
Melody’s Apple Watch,ms,2021-10-25 14:51:09 -0700,2021-10-25 14:52:15 -0700,55.3602
Melody’s Apple Watch,ms,2021-10-25 18:57:51 -0700,2021-10-25 18:58:53 -0700,24.2539
Melody’s Apple Watch,ms,2021-10-26 01:11:07 -0700,2021-10-26 01:12:08 -0700,35.7019
Melody’s Apple Watch,ms,2021-10-26 01:13:14 -0700,2021-10-26 01:14:20 -0700,41.1749
Melody’s Apple Watch,ms,2021-10-26 02:32:11 -0700,2021-10-26 02:33:17 -0700,60.5227
Melody’s Apple Watch,ms,2021-10-26 04:32:13 -0700,2021-10-26 04:33:19 -0700,50.7949
Melody’s Apple Watch,ms,2021-10-26 06:50:32 -0700,2021-10-26 06:51:38 -0700,113.867
Melody’s Apple Watch,ms,2021-11-11 09:57:11 -0700,2021-11-11 09:58:12 -0700,53.2142
Melody’s Apple Watch,ms,2021-11-11 12:13:42 -0700,2021-11-11 12:14:44 -0700,14.0156
Melody’s Apple Watch,ms,2021-11-12 01:56:47 -0700,2021-11-12 01:57:52 -0700,29.3353
Melody’s Apple Watch,ms,2021-11-12 03:56:49 -0700,2021-11-12 03:57:54 -0700,61.8567
Melody’s Apple Watch,ms,2021-11-12 05:56:51 -0700,2021-11-12 05:57:56 -0700,54.0844
Melody’s Apple Watch,ms,2021-11-12 07:56:47 -0700,2021-11-12 07:57:48 -0700,55.2336
Melody’s Apple Watch,ms,2021-11-12 09:56:49 -0700,2021-11-12 09:57:55 -0700,17.6139
Melody’s Apple Watch,ms,2021-11-12 11:56:47 -0700,2021-11-12 11:57:52 -0700,44.3361
Melody’s Apple Watch,ms,2021-11-13 15:57:28 -0700,2021-11-13 15:58:33 -0700,37.3564
Melody’s Apple Watch,ms,2021-11-14 00:07:12 -0700,2021-11-14 00:08:14 -0700,39.1711
Melody’s Apple Watch,ms,2021-11-14 01:56:51 -0700,2021-11-14 01:57:56 -0700,42.5889
Melody’s Apple Watch,ms,2021-11-14 05:56:49 -0700,2021-11-14 05:57:53 -0700,25.4975
Melody’s Apple Watch,ms,2021-11-14 07:56:49 -0700,2021-11-14 07:57:55 -0700,86.3937
Melody’s Apple Watch,ms,2021-11-14 09:56:47 -0700,2021-11-14 09:57:52 -0700,92.6688
Melody’s Apple Watch,ms,2021-11-14 19:01:24 -0700,2021-11-14 19:02:29 -0700,76.6795
Melody’s Apple Watch,ms,2021-11-14 23:26:18 -0700,2021-11-14 23:27:19 -0700,30.0229
Melody’s Apple Watch,ms,2021-11-15 01:56:50 -0700,2021-11-15 01:57:56 -0700,57.5663
Melody’s Apple Watch,ms,2021-11-15 03:56:49 -0700,2021-11-15 03:57:54 -0700,50.7469
Melody’s Apple Watch,ms,2021-11-15 05:56:51 -0700,2021-11-15 05:57:56 -0700,63.1071
Melody’s Apple Watch,ms,2021-11-15 07:56:48 -0700,2021-11-15 07:57:53 -0700,87.1981
Melody’s Apple Watch,ms,2021-11-15 09:56:50 -0700,2021-11-15 09:57:55 -0700,70.0473
Melody’s Apple Watch,ms,2021-11-15 13:56:34 -0700,2021-11-15 13:57:39 -0700,17.3889
Melody’s Apple Watch,ms,2021-11-15 16:34:23 -0700,2021-11-15 16:35:24 -0700,31.496
Melody’s Apple Watch,ms,2021-11-16 01:56:51 -0700,2021-11-16 01:57:52 -0700,39.4826
Melody’s Apple Watch,ms,2021-11-16 17:44:59 -0700,2021-11-16 17:46:02 -0700,20.0343
Melody’s Apple Watch,ms,2021-11-16 17:59:28 -0700,2021-11-16 18:00:34 -0700,18.3661
Melody’s Apple Watch,ms,2021-11-17 00:30:44 -0700,2021-11-17 00:31:49 -0700,15.8686
Melody’s Apple Watch,ms,2021-11-17 02:14:04 -0700,2021-11-17 02:15:09 -0700,48.4497
Melody’s Apple Watch,ms,2021-11-17 03:56:51 -0700,2021-11-17 03:57:56 -0700,43.8905
Melody’s Apple Watch,ms,2021-11-17 05:56:48 -0700,2021-11-17 05:57:53 -0700,95.3087
Melody’s Apple Watch,ms,2021-11-17 08:13:02 -0700,2021-11-17 08:14:07 -0700,50.7851
Melody’s Apple Watch,ms,2021-11-17 09:56:49 -0700,2021-11-17 09:57:54 -0700,32.9583
Melody’s Apple Watch,ms,2021-11-17 13:57:06 -0700,2021-11-17 13:58:10 -0700,33.5
Melody’s Apple Watch,ms,2021-11-17 16:38:47 -0700,2021-11-17 16:39:49 -0700,38.6491
Melody’s Apple Watch,ms,2021-11-18 14:07:49 -0700,2021-11-18 14:08:54 -0700,55.4555
Melody’s Apple Watch,ms,2021-11-18 18:05:04 -0700,2021-11-18 18:06:05 -0700,60.859
Melody’s Apple Watch,ms,2021-11-19 00:33:27 -0700,2021-11-19 00:34:29 -0700,58.8918
Melody’s Apple Watch,ms,2021-11-19 01:56:46 -0700,2021-11-19 01:57:52 -0700,69.2874
Melody’s Apple Watch,ms,2021-11-19 03:56:48 -0700,2021-11-19 03:57:54 -0700,56.6138
Melody’s Apple Watch,ms,2021-11-19 07:56:46 -0700,2021-11-19 07:57:51 -0700,35.4013
Melody’s Apple Watch,ms,2021-11-19 20:17:36 -0700,2021-11-19 20:18:37 -0700,33.8821
Melody’s Apple Watch,ms,2021-11-20 13:57:24 -0700,2021-11-20 13:58:27 -0700,14.8808
Melody’s Apple Watch,ms,2021-11-20 23:53:28 -0700,2021-11-20 23:54:34 -0700,41.3552
Melody’s Apple Watch,ms,2021-11-21 21:02:11 -0700,2021-11-21 21:03:12 -0700,17.5713
Melody’s Apple Watch,ms,2021-11-22 00:19:28 -0700,2021-11-22 00:20:33 -0700,22.7527
Melody’s Apple Watch,ms,2021-11-22 03:27:24 -0700,2021-11-22 03:28:25 -0700,15.5844
Melody’s Apple Watch,ms,2021-11-22 05:56:46 -0700,2021-11-22 05:57:51 -0700,71.8923
Melody’s Apple Watch,ms,2021-11-22 08:12:55 -0700,2021-11-22 08:14:00 -0700,78.0425
Melody’s Apple Watch,ms,2021-11-22 17:35:47 -0700,2021-11-22 17:36:52 -0700,202.645
Melody’s Apple Watch,ms,2021-11-22 23:57:42 -0700,2021-11-22 23:58:45 -0700,11.6257
Melody’s Apple Watch,ms,2021-11-23 20:43:45 -0700,2021-11-23 20:44:46 -0700,41.9285
Melody’s Apple Watch,ms,2021-11-24 16:30:47 -0700,2021-11-24 16:31:50 -0700,54.4185
Melody’s Apple Watch,ms,2021-11-24 18:30:46 -0700,2021-11-24 18:31:51 -0700,42.3925
Melody’s Apple Watch,ms,2021-11-24 20:30:43 -0700,2021-11-24 20:31:48 -0700,79.1833
Melody’s Apple Watch,ms,2021-11-25 17:55:11 -0700,2021-11-25 17:56:13 -0700,75.3185
Melody’s Apple Watch,ms,2021-11-25 22:52:02 -0700,2021-11-25 22:53:04 -0700,56.2411
Melody’s Apple Watch,ms,2021-11-27 00:25:38 -0700,2021-11-27 00:26:44 -0700,10.2987
Melody’s Apple Watch,ms,2021-11-28 04:30:44 -0700,2021-11-28 04:31:49 -0700,40.6832
Melody’s Apple Watch,ms,2021-11-28 06:30:47 -0700,2021-11-28 06:31:51 -0700,54.4231
Melody’s Apple Watch,ms,2021-11-28 08:30:46 -0700,2021-11-28 08:31:48 -0700,72.7813
Melody’s Apple Watch,ms,2021-11-28 10:30:45 -0700,2021-11-28 10:31:50 -0700,50.8724
Melody’s Apple Watch,ms,2021-11-28 12:49:57 -0700,2021-11-28 12:51:02 -0700,90.954
Melody’s Apple Watch,ms,2021-11-30 13:11:38 -0700,2021-11-30 13:12:41 -0700,51.7349
Melody’s Apple Watch,ms,2021-11-30 21:18:16 -0700,2021-11-30 21:19:20 -0700,47.6025
Melody’s Apple Watch,ms,2021-11-30 21:22:11 -0700,2021-11-30 21:23:17 -0700,45.752
Melody’s Apple Watch,ms,2021-11-30 22:55:00 -0700,2021-11-30 22:56:05 -0700,31.753
Melody’s Apple Watch,ms,2021-12-01 01:15:32 -0700,2021-12-01 01:16:37 -0700,37.9515
Melody’s Apple Watch,ms,2021-12-01 12:53:11 -0700,2021-12-01 12:54:16 -0700,18.4763
Melody’s Apple Watch,ms,2021-12-02 18:42:00 -0700,2021-12-02 18:43:05 -0700,27.1782
Melody’s Apple Watch,ms,2021-12-02 23:38:59 -0700,2021-12-02 23:40:04 -0700,28.24
Melody’s Apple Watch,ms,2021-12-03 00:31:51 -0700,2021-12-03 00:32:57 -0700,24.9662
Melody’s Apple Watch,ms,2021-12-03 20:50:12 -0700,2021-12-03 20:51:13 -0700,28.8108
Melody’s Apple Watch,ms,2021-12-03 22:59:15 -0700,2021-12-03 23:00:18 -0700,23.1787
Melody’s Apple Watch,ms,2021-12-04 03:21:16 -0700,2021-12-04 03:22:21 -0700,21.6651
Melody’s Apple Watch,ms,2021-12-04 03:23:28 -0700,2021-12-04 03:24:33 -0700,29.1601
Melody’s Apple Watch,ms,2021-12-04 04:31:55 -0700,2021-12-04 04:33:00 -0700,29.7679
Melody’s Apple Watch,ms,2021-12-04 08:30:46 -0700,2021-12-04 08:31:51 -0700,50.2506
Melody’s Apple Watch,ms,2021-12-04 22:47:02 -0700,2021-12-04 22:48:05 -0700,18.9258
Melody’s Apple Watch,ms,2021-12-06 19:38:32 -0700,2021-12-06 19:39:38 -0700,21.6824
Melody’s Apple Watch,ms,2021-12-06 19:44:15 -0700,2021-12-06 19:45:20 -0700,20.2885
Melody’s Apple Watch,ms,2021-12-06 20:30:46 -0700,2021-12-06 20:31:52 -0700,19.276
Melody’s Apple Watch,ms,2021-12-07 02:30:47 -0700,2021-12-07 02:31:52 -0700,37.9803
Melody’s Apple Watch,ms,2021-12-07 04:30:44 -0700,2021-12-07 04:31:49 -0700,42.9287
Melody’s Apple Watch,ms,2021-12-07 06:30:46 -0700,2021-12-07 06:31:51 -0700,37.9885
Melody’s Apple Watch,ms,2021-12-07 08:30:45 -0700,2021-12-07 08:31:48 -0700,88.3452
Melody’s Apple Watch,ms,2021-12-07 10:31:10 -0700,2021-12-07 10:32:15 -0700,97.5487
Melody’s Apple Watch,ms,2021-12-07 13:33:57 -0700,2021-12-07 13:35:01 -0700,32.5951
Melody’s Apple Watch,ms,2021-12-07 14:30:42 -0700,2021-12-07 14:31:43 -0700,35.1399
Melody’s Apple Watch,ms,2021-12-08 02:30:45 -0700,2021-12-08 02:31:50 -0700,51.3858
Melody’s Apple Watch,ms,2021-12-08 04:30:42 -0700,2021-12-08 04:31:48 -0700,38.8861
Melody’s Apple Watch,ms,2021-12-08 06:30:44 -0700,2021-12-08 06:31:44 -0700,50.8601
Melody’s Apple Watch,ms,2021-12-08 08:30:46 -0700,2021-12-08 08:31:51 -0700,57.2156
Melody’s Apple Watch,ms,2021-12-08 10:30:44 -0700,2021-12-08 10:31:48 -0700,67.7864
Melody’s Apple Watch,ms,2021-12-09 13:48:17 -0700,2021-12-09 13:49:19 -0700,21.7443
Melody’s Apple Watch,ms,2021-12-10 14:09:49 -0700,2021-12-10 14:10:50 -0700,53.1349
Melody’s Apple Watch,ms,2021-12-10 15:14:16 -0700,2021-12-10 15:15:22 -0700,51.7089
Melody’s Apple Watch,ms,2021-12-10 17:14:22 -0700,2021-12-10 17:15:24 -0700,37.8129
Melody’s Apple Watch,ms,2021-12-10 19:17:13 -0700,2021-12-10 19:18:15 -0700,11.5366
Melody’s Apple Watch,ms,2021-12-11 00:09:40 -0700,2021-12-11 00:10:45 -0700,42.0684
Melody’s Apple Watch,ms,2021-12-13 03:30:20 -0700,2021-12-13 03:31:25 -0700,21.3395
Melody’s Apple Watch,ms,2021-12-13 05:14:16 -0700,2021-12-13 05:15:22 -0700,59.9661
Melody’s Apple Watch,ms,2021-12-13 07:14:18 -0700,2021-12-13 07:15:24 -0700,37.0312
Melody’s Apple Watch,ms,2021-12-13 09:14:16 -0700,2021-12-13 09:15:21 -0700,33.4739
Melody’s Apple Watch,ms,2021-12-13 11:15:22 -0700,2021-12-13 11:16:23 -0700,54.4426
Melody’s Apple Watch,ms,2021-12-13 15:42:42 -0700,2021-12-13 15:43:48 -0700,22.8076
Melody’s Apple Watch,ms,2021-12-13 17:14:19 -0700,2021-12-13 17:15:24 -0700,34.4755
Melody’s Apple Watch,ms,2021-12-13 21:15:18 -0700,2021-12-13 21:16:20 -0700,18.0572
Melody’s Apple Watch,ms,2021-12-14 10:52:17 -0700,2021-12-14 10:53:22 -0700,43.1907
Melody’s Apple Watch,ms,2021-12-14 12:30:41 -0700,2021-12-14 12:31:47 -0700,37.2063
Melody’s Apple Watch,ms,2021-12-16 00:23:37 -0700,2021-12-16 00:24:43 -0700,22.0964
Melody’s Apple Watch,ms,2021-12-16 02:08:58 -0700,2021-12-16 02:10:03 -0700,21.5537
Melody’s Apple Watch,ms,2021-12-16 05:14:19 -0700,2021-12-16 05:15:19 -0700,41.1689
Melody’s Apple Watch,ms,2021-12-16 07:14:17 -0700,2021-12-16 07:15:22 -0700,31.7451
Melody’s Apple Watch,ms,2021-12-16 09:14:19 -0700,2021-12-16 09:15:24 -0700,66.34
Melody’s Apple Watch,ms,2021-12-16 11:30:22 -0700,2021-12-16 11:31:28 -0700,49.314
Melody’s Apple Watch,ms,2021-12-16 23:25:41 -0700,2021-12-16 23:26:42 -0700,30.3439
Melody’s Apple Watch,ms,2021-12-18 21:16:34 -0700,2021-12-18 21:17:36 -0700,33.4823
Melody’s Apple Watch,ms,2021-12-20 09:26:15 -0700,2021-12-20 09:27:16 -0700,63.4232
Melody’s Apple Watch,ms,2021-12-21 20:41:18 -0700,2021-12-21 20:42:24 -0700,32.9374
Melody’s Apple Watch,ms,2021-12-23 23:39:05 -0700,2021-12-23 23:40:10 -0700,21.7011
Melody’s Apple Watch,ms,2021-12-24 23:38:27 -0700,2021-12-24 23:39:30 -0700,15.906
Melody’s Apple Watch,ms,2021-12-29 17:04:01 -0700,2021-12-29 17:05:02 -0700,51.8152
Melody’s Apple Watch,ms,2021-12-31 00:06:39 -0700,2021-12-31 00:07:43 -0700,34.4039
Melody’s Apple Watch,ms,2022-01-03 23:01:30 -0700,2022-01-03 23:02:31 -0700,23.5863
Melody’s Apple Watch,ms,2022-01-04 13:07:58 -0700,2022-01-04 13:09:03 -0700,53.8128
Melody’s Apple Watch,ms,2022-01-04 17:22:01 -0700,2022-01-04 17:23:03 -0700,18.1228
Melody’s Apple Watch,ms,2022-01-05 03:19:00 -0700,2022-01-05 03:20:05 -0700,43.1161
Melody’s Apple Watch,ms,2022-01-05 05:01:26 -0700,2022-01-05 05:02:32 -0700,8.52936
Melody’s Apple Watch,ms,2022-01-05 07:01:23 -0700,2022-01-05 07:02:28 -0700,16.5567
Melody’s Apple Watch,ms,2022-01-05 09:01:25 -0700,2022-01-05 09:02:30 -0700,20.199
Melody’s Apple Watch,ms,2022-01-05 13:16:14 -0700,2022-01-05 13:17:15 -0700,92.0543
Melody’s Apple Watch,ms,2022-01-05 17:35:31 -0700,2022-01-05 17:36:32 -0700,86.9127
Melody’s Apple Watch,ms,2022-01-06 16:32:57 -0700,2022-01-06 16:34:02 -0700,97.2285
Melody’s Apple Watch,ms,2022-01-06 17:27:41 -0700,2022-01-06 17:28:46 -0700,102.909
Melody’s Apple Watch,ms,2022-01-07 17:01:23 -0700,2022-01-07 17:02:24 -0700,49.9168
Melody’s Apple Watch,ms,2022-01-07 19:07:12 -0700,2022-01-07 19:08:16 -0700,19.7136
Melody’s Apple Watch,ms,2022-01-07 21:01:25 -0700,2022-01-07 21:02:26 -0700,139.988
Melody’s Apple Watch,ms,2022-01-08 17:30:07 -0700,2022-01-08 17:31:08 -0700,32.8596
Melody’s Apple Watch,ms,2022-01-08 19:14:38 -0700,2022-01-08 19:15:42 -0700,70.9714
Melody’s Apple Watch,ms,2022-01-10 09:20:56 -0700,2022-01-10 09:22:00 -0700,94.4656
Melody’s Apple Watch,ms,2022-01-10 11:03:44 -0700,2022-01-10 11:04:45 -0700,46.2983
Melody’s Apple Watch,ms,2022-01-10 19:05:31 -0700,2022-01-10 19:06:34 -0700,11.2194
Melody’s Apple Watch,ms,2022-01-11 03:14:33 -0700,2022-01-11 03:15:38 -0700,9.02773
Melody’s Apple Watch,ms,2022-01-11 03:16:45 -0700,2022-01-11 03:17:50 -0700,11.451
Melody’s Apple Watch,ms,2022-01-11 05:01:22 -0700,2022-01-11 05:02:28 -0700,9.88054
Melody’s Apple Watch,ms,2022-01-11 07:17:38 -0700,2022-01-11 07:18:41 -0700,15.1905
Melody’s Apple Watch,ms,2022-01-11 09:01:23 -0700,2022-01-11 09:02:28 -0700,16.2903
Melody’s Apple Watch,ms,2022-01-11 11:01:22 -0700,2022-01-11 11:02:28 -0700,11.3468
Melody’s Apple Watch,ms,2022-01-11 14:27:52 -0700,2022-01-11 14:28:57 -0700,51.6581
Melody’s Apple Watch,ms,2022-01-13 18:48:52 -0700,2022-01-13 18:49:57 -0700,34.5724
Melody’s Apple Watch,ms,2022-01-15 12:39:34 -0700,2022-01-15 12:40:37 -0700,42.6988
Melody’s Apple Watch,ms,2022-01-15 13:05:03 -0700,2022-01-15 13:06:04 -0700,33.6452
Melody’s Apple Watch,ms,2022-01-15 17:40:32 -0700,2022-01-15 17:41:35 -0700,23.0556
Melody’s Apple Watch,ms,2022-01-16 09:12:46 -0700,2022-01-16 09:13:46 -0700,45.2576
Melody’s Apple Watch,ms,2022-01-16 19:25:03 -0700,2022-01-16 19:26:08 -0700,31.4345
Melody’s Apple Watch,ms,2022-01-17 09:19:04 -0700,2022-01-17 09:20:09 -0700,29.2276
Melody’s Apple Watch,ms,2022-01-17 11:01:26 -0700,2022-01-17 11:02:31 -0700,15.3501
Melody’s Apple Watch,ms,2022-01-17 13:01:23 -0700,2022-01-17 13:02:29 -0700,26.7418
Melody’s Apple Watch,ms,2022-01-17 15:12:36 -0700,2022-01-17 15:13:41 -0700,8.95824
Melody’s Apple Watch,ms,2022-01-17 19:34:27 -0700,2022-01-17 19:35:28 -0700,17.3745
Melody’s Apple Watch,ms,2022-01-17 21:32:48 -0700,2022-01-17 21:33:50 -0700,34.9678
Watch,ms,2022-01-18 10:09:39 -0700,2022-01-18 10:10:44 -0700,61.6543
Watch,ms,2022-01-18 18:40:04 -0700,2022-01-18 18:41:09 -0700,13.0192
Watch,ms,2022-01-19 18:24:31 -0700,2022-01-19 18:25:32 -0700,64.8132
Watch,ms,2022-01-20 13:52:05 -0700,2022-01-20 13:53:06 -0700,131.123
Watch,ms,2022-01-22 00:25:35 -0700,2022-01-22 00:26:38 -0700,35.88
Watch,ms,2022-01-22 01:51:09 -0700,2022-01-22 01:52:14 -0700,42.8777
Watch,ms,2022-01-22 03:51:08 -0700,2022-01-22 03:52:13 -0700,48.3774
Watch,ms,2022-01-22 05:51:10 -0700,2022-01-22 05:52:16 -0700,54.815
Watch,ms,2022-01-22 11:12:49 -0700,2022-01-22 11:13:54 -0700,17.2364
Watch,ms,2022-01-22 13:51:08 -0700,2022-01-22 13:52:14 -0700,30.35
Watch,ms,2022-01-22 16:25:09 -0700,2022-01-22 16:26:10 -0700,38.343
Watch,ms,2022-01-22 19:51:09 -0700,2022-01-22 19:52:14 -0700,79.7727
Watch,ms,2022-01-23 13:52:56 -0700,2022-01-23 13:53:59 -0700,60.2298
Watch,ms,2022-01-23 21:05:55 -0700,2022-01-23 21:06:57 -0700,20.0133
Watch,ms,2022-01-24 01:35:19 -0700,2022-01-24 01:36:14 -0700,22.8104
Watch,ms,2022-01-24 03:53:17 -0700,2022-01-24 03:54:15 -0700,8.38153
Watch,ms,2022-01-24 05:53:19 -0700,2022-01-24 05:54:17 -0700,9.43398
Watch,ms,2022-01-24 07:53:19 -0700,2022-01-24 07:54:17 -0700,11.0793
Watch,ms,2022-01-24 10:12:06 -0700,2022-01-24 10:13:03 -0700,45.3638
Watch,ms,2022-01-24 19:35:42 -0700,2022-01-24 19:36:27 -0700,47.3682
Watch,ms,2022-01-24 20:00:24 -0700,2022-01-24 20:01:23 -0700,118.993
Watch,ms,2022-01-25 11:12:24 -0700,2022-01-25 11:13:14 -0700,61.2505
Watch,ms,2022-01-25 11:53:40 -0700,2022-01-25 11:54:37 -0700,61.0369
Watch,ms,2022-01-26 09:49:43 -0700,2022-01-26 09:50:42 -0700,40.1645
Watch,ms,2022-01-26 13:53:29 -0700,2022-01-26 13:54:27 -0700,6.91918
Watch,ms,2022-01-27 09:54:04 -0700,2022-01-27 09:55:02 -0700,53.4871
Watch,ms,2022-01-27 11:53:17 -0700,2022-01-27 11:54:11 -0700,71.2522
Watch,ms,2022-01-27 22:26:39 -0700,2022-01-27 22:27:37 -0700,167.053
Watch,ms,2022-01-27 23:21:11 -0700,2022-01-27 23:22:09 -0700,69.7885
Watch,ms,2022-01-28 08:49:44 -0700,2022-01-28 08:50:42 -0700,61.7449
Watch,ms,2022-01-28 09:26:43 -0700,2022-01-28 09:27:40 -0700,54.2702
Watch,ms,2022-01-28 10:23:45 -0700,2022-01-28 10:24:43 -0700,116.299
Watch,ms,2022-01-28 13:46:31 -0700,2022-01-28 13:47:29 -0700,21.9253
Watch,ms,2022-01-28 13:54:00 -0700,2022-01-28 13:54:54 -0700,67.4006
Watch,ms,2022-01-28 21:54:43 -0700,2022-01-28 21:55:41 -0700,33.3523
Watch,ms,2022-01-28 23:53:30 -0700,2022-01-28 23:54:28 -0700,9.69536
Watch,ms,2022-01-29 01:53:18 -0700,2022-01-29 01:54:16 -0700,41.1931
Watch,ms,2022-01-29 03:53:23 -0700,2022-01-29 03:54:21 -0700,28.2577
Watch,ms,2022-01-29 05:53:19 -0700,2022-01-29 05:54:10 -0700,62.3739
Watch,ms,2022-01-29 07:53:18 -0700,2022-01-29 07:54:17 -0700,11.2583
Watch,ms,2022-01-29 12:09:30 -0700,2022-01-29 12:10:19 -0700,22.0014
Watch,ms,2022-01-29 19:36:31 -0700,2022-01-29 19:37:23 -0700,30.7683
Watch,ms,2022-01-29 20:15:47 -0700,2022-01-29 20:16:46 -0700,39.201
Watch,ms,2022-01-31 10:50:33 -0700,2022-01-31 10:51:28 -0700,48.4607
Watch,ms,2022-01-31 18:07:45 -0700,2022-01-31 18:08:42 -0700,51.5467
Watch,ms,2022-01-31 18:26:03 -0700,2022-01-31 18:27:01 -0700,38.2786
Watch,ms,2022-01-31 23:53:29 -0700,2022-01-31 23:54:27 -0700,37.0877
Watch,ms,2022-02-01 02:09:28 -0700,2022-02-01 02:10:26 -0700,40.763
Watch,ms,2022-02-01 03:54:09 -0700,2022-02-01 03:55:07 -0700,46.7172
Watch,ms,2022-02-01 06:18:37 -0700,2022-02-01 06:19:29 -0700,36.1974
Watch,ms,2022-02-01 07:53:20 -0700,2022-02-01 07:54:18 -0700,38.984
Watch,ms,2022-02-01 09:53:16 -0700,2022-02-01 09:54:14 -0700,30.1092
Watch,ms,2022-02-01 11:53:20 -0700,2022-02-01 11:54:18 -0700,69.2261
Watch,ms,2022-02-01 13:54:03 -0700,2022-02-01 13:55:02 -0700,42.5397
Watch,ms,2022-02-03 15:46:42 -0700,2022-02-03 15:47:40 -0700,52.2075
Watch,ms,2022-02-04 12:50:06 -0700,2022-02-04 12:50:45 -0700,31.1589
Watch,ms,2022-02-04 15:35:32 -0700,2022-02-04 15:36:29 -0700,24.7367
Watch,ms,2022-02-04 16:17:20 -0700,2022-02-04 16:18:18 -0700,114.437
Watch,ms,2022-02-04 18:54:52 -0700,2022-02-04 18:55:50 -0700,36.5633
Watch,ms,2022-02-04 22:21:27 -0700,2022-02-04 22:22:24 -0700,37.3455
Watch,ms,2022-02-05 16:33:36 -0700,2022-02-05 16:34:34 -0700,17.4964
Watch,ms,2022-02-05 19:40:03 -0700,2022-02-05 19:40:58 -0700,14.3777
Watch,ms,2022-02-08 10:51:03 -0700,2022-02-08 10:51:59 -0700,72.5315
Watch,ms,2022-02-09 19:04:10 -0700,2022-02-09 19:04:46 -0700,18.6162
Watch,ms,2022-02-09 21:07:09 -0700,2022-02-09 21:08:05 -0700,49.8504
Watch,ms,2022-02-10 04:18:03 -0700,2022-02-10 04:19:00 -0700,31.1709
Watch,ms,2022-02-10 06:16:59 -0700,2022-02-10 06:17:57 -0700,57.3302
Watch,ms,2022-02-10 08:17:00 -0700,2022-02-10 08:17:56 -0700,78.8844
Watch,ms,2022-02-10 10:17:00 -0700,2022-02-10 10:17:28 -0700,32.475
Watch,ms,2022-02-10 12:31:13 -0700,2022-02-10 12:31:42 -0700,61.4365
Watch,ms,2022-02-10 14:16:59 -0700,2022-02-10 14:17:57 -0700,48.6775
Watch,ms,2022-02-10 16:17:03 -0700,2022-02-10 16:18:01 -0700,48.4136
Watch,ms,2022-02-11 05:16:45 -0700,2022-02-11 05:17:43 -0700,44.3431
Watch,ms,2022-02-11 05:18:53 -0700,2022-02-11 05:19:51 -0700,26.0024
Watch,ms,2022-02-11 06:17:00 -0700,2022-02-11 06:17:58 -0700,40.5663
Watch,ms,2022-02-11 08:17:02 -0700,2022-02-11 08:18:01 -0700,37.3873
Watch,ms,2022-02-11 10:17:03 -0700,2022-02-11 10:18:01 -0700,51.7735
Watch,ms,2022-02-11 17:01:04 -0700,2022-02-11 17:01:57 -0700,24.0819
Watch,ms,2022-02-11 18:48:50 -0700,2022-02-11 18:49:44 -0700,49.7764
Watch,ms,2022-02-12 02:55:09 -0700,2022-02-12 02:56:07 -0700,17.161
Watch,ms,2022-02-12 04:33:07 -0700,2022-02-12 04:34:05 -0700,19.0444
Watch,ms,2022-02-12 06:17:00 -0700,2022-02-12 06:17:59 -0700,26.6411
Watch,ms,2022-02-12 14:35:18 -0700,2022-02-12 14:36:16 -0700,26.9734
Watch,ms,2022-02-12 16:35:03 -0700,2022-02-12 16:35:48 -0700,35.96
Watch,ms,2022-02-12 19:54:38 -0700,2022-02-12 19:55:28 -0700,18.2329
Watch,ms,2022-02-12 20:18:11 -0700,2022-02-12 20:19:08 -0700,22.1204
Watch,ms,2022-02-13 13:35:27 -0700,2022-02-13 13:36:26 -0700,7.17199
Watch,ms,2022-02-14 02:41:05 -0700,2022-02-14 02:42:03 -0700,18.1349
Watch,ms,2022-02-15 11:47:51 -0700,2022-02-15 11:48:43 -0700,24.6862
Watch,ms,2022-02-15 15:23:13 -0700,2022-02-15 15:24:12 -0700,35.478
Watch,ms,2022-02-15 21:33:31 -0700,2022-02-15 21:34:20 -0700,26.6329
Watch,ms,2022-02-16 10:24:08 -0700,2022-02-16 10:25:04 -0700,12.3238
Watch,ms,2022-02-16 11:51:06 -0700,2022-02-16 11:52:03 -0700,9.7018
Watch,ms,2022-02-16 13:32:38 -0700,2022-02-16 13:33:36 -0700,20.3347
Watch,ms,2022-02-17 15:12:05 -0700,2022-02-17 15:12:45 -0700,15.3836
Watch,ms,2022-02-17 16:53:03 -0700,2022-02-17 16:54:02 -0700,32.1724
Watch,ms,2022-02-17 20:41:45 -0700,2022-02-17 20:42:43 -0700,26.7862
Watch,ms,2022-02-17 22:59:43 -0700,2022-02-17 23:00:41 -0700,42.6226
Watch,ms,2022-02-18 09:27:12 -0700,2022-02-18 09:27:54 -0700,84.1851
Watch,ms,2022-02-18 12:40:07 -0700,2022-02-18 12:40:24 -0700,12.9783
Watch,ms,2022-02-19 19:09:27 -0700,2022-02-19 19:10:03 -0700,31.9785
Watch,ms,2022-02-20 02:56:25 -0700,2022-02-20 02:57:12 -0700,37.1408
Watch,ms,2022-02-20 04:09:08 -0700,2022-02-20 04:10:06 -0700,6.62382
Watch,ms,2022-02-20 06:09:14 -0700,2022-02-20 06:10:12 -0700,43.061
Watch,ms,2022-02-20 08:09:08 -0700,2022-02-20 08:10:06 -0700,61.3351
Watch,ms,2022-02-20 10:09:07 -0700,2022-02-20 10:10:05 -0700,13.5324
Watch,ms,2022-02-20 18:13:30 -0700,2022-02-20 18:14:11 -0700,45.57
Watch,ms,2022-02-20 18:18:49 -0700,2022-02-20 18:19:37 -0700,23.0027
Watch,ms,2022-02-20 20:09:09 -0700,2022-02-20 20:09:41 -0700,36.9814
Watch,ms,2022-02-21 00:38:12 -0700,2022-02-21 00:39:10 -0700,55.8704
Watch,ms,2022-02-21 02:27:31 -0700,2022-02-21 02:28:29 -0700,42.1752
Watch,ms,2022-02-21 04:09:10 -0700,2022-02-21 04:10:08 -0700,45.0943
Watch,ms,2022-02-21 06:09:09 -0700,2022-02-21 06:10:07 -0700,15.3052
Watch,ms,2022-02-21 08:25:14 -0700,2022-02-21 08:26:12 -0700,17.5962
Watch,ms,2022-02-22 11:15:02 -0700,2022-02-22 11:15:59 -0700,46.9028
Watch,ms,2022-02-24 21:26:01 -0700,2022-02-24 21:26:59 -0700,30.051
Watch,ms,2022-02-24 22:20:29 -0700,2022-02-24 22:21:28 -0700,23.1557
Watch,ms,2022-02-25 00:20:32 -0700,2022-02-25 00:21:29 -0700,50.3271
Watch,ms,2022-02-25 02:20:33 -0700,2022-02-25 02:21:32 -0700,33.7583
Watch,ms,2022-02-25 04:20:32 -0700,2022-02-25 04:21:29 -0700,48.3606
Watch,ms,2022-02-25 06:20:30 -0700,2022-02-25 06:21:28 -0700,37.3313
Watch,ms,2022-02-25 08:20:32 -0700,2022-02-25 08:21:30 -0700,50.8736
Watch,ms,2022-02-25 16:37:59 -0700,2022-02-25 16:38:14 -0700,47.8912
Watch,ms,2022-02-26 13:03:59 -0700,2022-02-26 13:04:23 -0700,30.3624
Watch,ms,2022-02-26 17:08:49 -0700,2022-02-26 17:09:47 -0700,44.2359
Watch,ms,2022-02-26 20:40:08 -0700,2022-02-26 20:41:05 -0700,25.2611
Watch,ms,2022-02-26 22:38:24 -0700,2022-02-26 22:38:41 -0700,21.2662
Watch,ms,2022-02-27 15:49:54 -0700,2022-02-27 15:50:51 -0700,16.9134
Watch,ms,2022-02-28 17:19:30 -0700,2022-02-28 17:20:27 -0700,23.8891
Watch,ms,2022-03-01 13:44:56 -0700,2022-03-01 13:45:53 -0700,11.3482
Watch,ms,2022-03-01 17:03:07 -0700,2022-03-01 17:04:05 -0700,42.9993
Watch,ms,2022-03-02 10:24:44 -0700,2022-03-02 10:25:35 -0700,16.722
Watch,ms,2022-03-02 10:47:27 -0700,2022-03-02 10:48:12 -0700,18.3098
Watch,ms,2022-03-02 14:43:12 -0700,2022-03-02 14:44:09 -0700,7.0578
Watch,ms,2022-03-06 17:54:22 -0700,2022-03-06 17:55:18 -0700,19.6517
Watch,ms,2022-03-07 01:30:29 -0700,2022-03-07 01:31:28 -0700,46.6168
Watch,ms,2022-03-07 03:26:17 -0700,2022-03-07 03:27:15 -0700,10.3259
Watch,ms,2022-03-07 05:26:19 -0700,2022-03-07 05:27:17 -0700,41.6878
Watch,ms,2022-03-07 07:26:18 -0700,2022-03-07 07:27:09 -0700,26.2667
Watch,ms,2022-03-08 14:38:38 -0700,2022-03-08 14:39:36 -0700,15.6265
Watch,ms,2022-03-09 11:37:41 -0700,2022-03-09 11:38:36 -0700,14.0423
Watch,ms,2022-03-10 17:13:16 -0700,2022-03-10 17:14:15 -0700,8.71421
Watch,ms,2022-03-10 18:14:24 -0700,2022-03-10 18:15:23 -0700,15.7202
Watch,ms,2022-03-10 20:57:43 -0700,2022-03-10 20:58:13 -0700,12.0143
Watch,ms,2022-03-11 00:01:08 -0700,2022-03-11 00:01:55 -0700,26.6552
Watch,ms,2022-03-11 05:26:19 -0700,2022-03-11 05:27:17 -0700,42.253
Watch,ms,2022-03-11 07:26:17 -0700,2022-03-11 07:27:15 -0700,39.5932
Watch,ms,2022-03-11 09:26:20 -0700,2022-03-11 09:27:18 -0700,34.9196
Watch,ms,2022-03-11 21:35:17 -0700,2022-03-11 21:35:50 -0700,30.0146
Watch,ms,2022-03-11 23:28:37 -0700,2022-03-11 23:29:34 -0700,37.2173
Watch,ms,2022-03-28 10:21:49 -0700,2022-03-28 10:22:47 -0700,32.2374
Watch,ms,2022-03-28 10:55:24 -0700,2022-03-28 10:56:22 -0700,48.7314
Watch,ms,2022-03-28 12:26:53 -0700,2022-03-28 12:27:51 -0700,15.8193
Watch,ms,2022-03-28 14:27:00 -0700,2022-03-28 14:27:58 -0700,64.9076
Watch,ms,2022-03-28 20:26:56 -0700,2022-03-28 20:27:55 -0700,44.2373
Watch,ms,2022-03-29 13:44:12 -0700,2022-03-29 13:45:10 -0700,26.8526
Watch,ms,2022-03-29 14:33:22 -0700,2022-03-29 14:34:07 -0700,37.6514
Watch,ms,2022-03-29 17:57:23 -0700,2022-03-29 17:57:41 -0700,22.2261
Watch,ms,2022-03-29 18:30:41 -0700,2022-03-29 18:31:38 -0700,79.2319
Watch,ms,2022-03-29 23:45:12 -0700,2022-03-29 23:46:10 -0700,42.7982
Watch,ms,2022-03-30 16:43:04 -0700,2022-03-30 16:44:02 -0700,18.0347
Watch,ms,2022-03-30 20:57:24 -0700,2022-03-30 20:58:23 -0700,20.085
Watch,ms,2022-03-31 23:00:50 -0700,2022-03-31 23:01:48 -0700,102.352
Watch,ms,2022-04-02 15:03:01 -0700,2022-04-02 15:03:35 -0700,20.4145
Watch,ms,2022-04-03 03:49:27 -0700,2022-04-03 03:50:25 -0700,10.6654
Watch,ms,2022-04-03 05:49:23 -0700,2022-04-03 05:50:20 -0700,12.4248
Watch,ms,2022-04-03 07:49:39 -0700,2022-04-03 07:50:37 -0700,22.809
Watch,ms,2022-04-03 09:49:22 -0700,2022-04-03 09:50:20 -0700,13.6794
Watch,ms,2022-04-03 11:49:25 -0700,2022-04-03 11:50:23 -0700,7.39932
Watch,ms,2022-04-03 23:49:42 -0700,2022-04-03 23:50:40 -0700,44.2973
Watch,ms,2022-04-04 03:49:47 -0700,2022-04-04 03:50:44 -0700,49.6286
Watch,ms,2022-04-04 05:49:27 -0700,2022-04-04 05:50:11 -0700,7.88987
Watch,ms,2022-04-04 15:26:57 -0700,2022-04-04 15:27:55 -0700,42.514
Watch,ms,2022-04-04 22:08:24 -0700,2022-04-04 22:09:22 -0700,32.2306
Watch,ms,2022-04-05 02:05:32 -0700,2022-04-05 02:06:31 -0700,50.5643
Watch,ms,2022-04-05 05:49:23 -0700,2022-04-05 05:50:21 -0700,12.2627
Watch,ms,2022-04-05 07:49:24 -0700,2022-04-05 07:50:21 -0700,11.678
Watch,ms,2022-04-05 16:38:03 -0700,2022-04-05 16:39:01 -0700,18.0693
Watch,ms,2022-04-07 20:34:28 -0700,2022-04-07 20:35:27 -0700,14.1587
Watch,ms,2022-04-07 20:36:35 -0700,2022-04-07 20:37:34 -0700,17.8264
Watch,ms,2022-04-08 11:28:43 -0700,2022-04-08 11:29:41 -0700,65.394
Watch,ms,2022-04-08 13:01:55 -0700,2022-04-08 13:02:47 -0700,52.9805
Watch,ms,2022-04-09 00:57:57 -0700,2022-04-09 00:58:42 -0700,33.4075
Watch,ms,2022-04-10 14:32:59 -0700,2022-04-10 14:33:34 -0700,28.5876
Watch,ms,2022-04-11 16:51:09 -0700,2022-04-11 16:52:07 -0700,37.9589
Watch,ms,2022-04-11 20:48:13 -0700,2022-04-11 20:48:57 -0700,34.4084
Watch,ms,2022-04-11 21:47:59 -0700,2022-04-11 21:48:57 -0700,27.9128
Watch,ms,2022-04-12 10:04:56 -0700,2022-04-12 10:05:55 -0700,44.7409
Watch,ms,2022-04-12 13:36:38 -0700,2022-04-12 13:37:35 -0700,61.0097
Watch,ms,2022-04-12 15:33:13 -0700,2022-04-12 15:34:11 -0700,15.1141
Watch,ms,2022-04-12 17:32:26 -0700,2022-04-12 17:33:22 -0700,8.97566
Watch,ms,2022-04-12 19:48:50 -0700,2022-04-12 19:49:48 -0700,72.832
Watch,ms,2022-04-13 16:17:26 -0700,2022-04-13 16:18:23 -0700,13.8022
Watch,ms,2022-04-13 17:34:10 -0700,2022-04-13 17:34:58 -0700,12.9301
Watch,ms,2022-04-13 20:31:40 -0700,2022-04-13 20:32:39 -0700,21.5986
Watch,ms,2022-04-14 15:52:51 -0700,2022-04-14 15:53:48 -0700,26.5236
Watch,ms,2022-04-15 12:26:18 -0700,2022-04-15 12:27:15 -0700,45.8284
Watch,ms,2022-04-15 13:44:09 -0700,2022-04-15 13:45:06 -0700,18.3185
Watch,ms,2022-04-15 15:23:55 -0700,2022-04-15 15:24:55 -0700,49.097
Watch,ms,2022-04-15 18:24:58 -0700,2022-04-15 18:25:52 -0700,65.7829
Watch,ms,2022-04-17 15:16:53 -0700,2022-04-17 15:17:47 -0700,68.2026
Watch,ms,2022-04-18 11:45:08 -0700,2022-04-18 11:46:07 -0700,49.1587
Watch,ms,2022-04-18 14:59:36 -0700,2022-04-18 15:00:24 -0700,60.7036
Watch,ms,2022-04-18 16:36:47 -0700,2022-04-18 16:37:47 -0700,35.9401
Watch,ms,2022-04-19 17:30:27 -0700,2022-04-19 17:31:24 -0700,47.907
Watch,ms,2022-04-19 17:41:18 -0700,2022-04-19 17:42:18 -0700,110.323
Watch,ms,2022-04-19 19:41:03 -0700,2022-04-19 19:42:02 -0700,121.29
Watch,ms,2022-04-20 13:37:25 -0700,2022-04-20 13:38:24 -0700,33.9506
Watch,ms,2022-04-20 13:40:34 -0700,2022-04-20 13:41:34 -0700,20.3306
Watch,ms,2022-04-20 16:24:24 -0700,2022-04-20 16:25:23 -0700,15.1337
Watch,ms,2022-04-20 18:43:12 -0700,2022-04-20 18:43:25 -0700,39.7131
Watch,ms,2022-04-20 19:47:16 -0700,2022-04-20 19:48:13 -0700,40.2762
Watch,ms,2022-04-20 21:39:43 -0700,2022-04-20 21:40:40 -0700,75.2186
Watch,ms,2022-04-21 00:38:53 -0700,2022-04-21 00:39:50 -0700,24.6677
Watch,ms,2022-04-21 12:48:02 -0700,2022-04-21 12:49:00 -0700,28.1276
Watch,ms,2022-04-22 10:01:07 -0700,2022-04-22 10:02:05 -0700,117.684
Watch,ms,2022-04-22 14:48:10 -0700,2022-04-22 14:49:10 -0700,71.9885
Watch,ms,2022-04-22 15:42:44 -0700,2022-04-22 15:43:44 -0700,64.4492
Watch,ms,2022-04-22 18:01:56 -0700,2022-04-22 18:02:55 -0700,48.5204
Watch,ms,2022-04-25 13:19:51 -0700,2022-04-25 13:20:47 -0700,39.0444
Watch,ms,2022-04-26 12:53:01 -0700,2022-04-26 12:53:53 -0700,27.1785
Watch,ms,2022-04-26 14:20:33 -0700,2022-04-26 14:21:33 -0700,44.2884
Watch,ms,2022-04-26 16:22:41 -0700,2022-04-26 16:23:40 -0700,38.7428
Watch,ms,2022-04-26 18:21:44 -0700,2022-04-26 18:22:44 -0700,41.224
Watch,ms,2022-04-26 20:31:27 -0700,2022-04-26 20:32:26 -0700,66.8016
Watch,ms,2022-04-29 02:21:14 -0700,2022-04-29 02:22:13 -0700,14.9452
Watch,ms,2022-04-29 04:05:34 -0700,2022-04-29 04:06:34 -0700,8.5403
Watch,ms,2022-04-29 20:16:43 -0700,2022-04-29 20:17:33 -0700,42.1426
Watch,ms,2022-04-29 21:37:19 -0700,2022-04-29 21:38:18 -0700,33.8151
Watch,ms,2022-04-30 00:07:06 -0700,2022-04-30 00:07:51 -0700,80.139
Watch,ms,2022-04-30 11:48:42 -0700,2022-04-30 11:49:34 -0700,17.4474
Watch,ms,2022-04-30 13:36:25 -0700,2022-04-30 13:37:23 -0700,28.1574
Watch,ms,2022-04-30 16:00:23 -0700,2022-04-30 16:01:23 -0700,48.5252
Watch,ms,2022-04-30 17:31:54 -0700,2022-04-30 17:32:45 -0700,127.322
Watch,ms,2022-04-30 19:58:41 -0700,2022-04-30 19:59:39 -0700,51.5022
Watch,ms,2022-04-30 21:37:36 -0700,2022-04-30 21:38:11 -0700,33.4551
Watch,ms,2022-04-30 23:44:56 -0700,2022-04-30 23:45:49 -0700,29.4527
Watch,ms,2022-05-01 02:15:55 -0700,2022-05-01 02:16:55 -0700,24.3625
Watch,ms,2022-05-01 14:31:11 -0700,2022-05-01 14:32:11 -0700,15.1503
Watch,ms,2022-05-02 18:33:09 -0700,2022-05-02 18:34:01 -0700,45.5795
Watch,ms,2022-05-02 19:01:37 -0700,2022-05-02 19:02:36 -0700,30.0204
Watch,ms,2022-05-02 19:31:57 -0700,2022-05-02 19:32:56 -0700,74.783
Watch,ms,2022-05-03 09:18:02 -0700,2022-05-03 09:18:59 -0700,17.4423
Watch,ms,2022-05-03 10:24:27 -0700,2022-05-03 10:25:27 -0700,18.6439
Watch,ms,2022-05-03 11:50:48 -0700,2022-05-03 11:51:48 -0700,35.9326
Watch,ms,2022-05-03 13:33:38 -0700,2022-05-03 13:34:38 -0700,24.2572
Watch,ms,2022-05-03 15:32:40 -0700,2022-05-03 15:33:27 -0700,60.992
Watch,ms,2022-05-05 14:07:38 -0700,2022-05-05 14:08:32 -0700,16.6451
Watch,ms,2022-05-05 15:43:31 -0700,2022-05-05 15:44:31 -0700,79.3555
Watch,ms,2022-05-05 17:31:18 -0700,2022-05-05 17:32:15 -0700,46.7256
Watch,ms,2022-05-05 19:33:27 -0700,2022-05-05 19:34:27 -0700,27.8244
Watch,ms,2022-05-07 21:56:16 -0700,2022-05-07 21:57:15 -0700,41.4078
Watch,ms,2022-05-08 01:08:11 -0700,2022-05-08 01:09:09 -0700,23.6322
Watch,ms,2022-05-08 12:28:58 -0700,2022-05-08 12:29:57 -0700,34.3664
Watch,ms,2022-05-08 13:38:43 -0700,2022-05-08 13:39:42 -0700,40.935
Watch,ms,2022-05-08 16:39:19 -0700,2022-05-08 16:40:18 -0700,11.9295
Watch,ms,2022-05-10 18:28:21 -0700,2022-05-10 18:29:20 -0700,18.5877
Watch,ms,2022-05-10 20:26:16 -0700,2022-05-10 20:27:10 -0700,27.7475
Watch,ms,2022-05-12 13:24:26 -0700,2022-05-12 13:25:25 -0700,31.5534
Watch,ms,2022-05-14 02:27:19 -0700,2022-05-14 02:28:18 -0700,60.7685
Watch,ms,2022-05-14 02:29:35 -0700,2022-05-14 02:30:34 -0700,41.4889
Watch,ms,2022-05-14 03:24:33 -0700,2022-05-14 03:25:33 -0700,12.8589
Watch,ms,2022-05-14 05:24:07 -0700,2022-05-14 05:25:06 -0700,123.583
Watch,ms,2022-05-14 07:24:07 -0700,2022-05-14 07:25:06 -0700,46.0701
Watch,ms,2022-05-14 09:24:07 -0700,2022-05-14 09:25:06 -0700,77.0202
Watch,ms,2022-05-14 11:24:07 -0700,2022-05-14 11:25:06 -0700,10.4268
Watch,ms,2022-05-14 13:34:14 -0700,2022-05-14 13:35:13 -0700,60.0318
Watch,ms,2022-05-14 18:10:28 -0700,2022-05-14 18:11:28 -0700,86.5104
Watch,ms,2022-05-14 18:12:49 -0700,2022-05-14 18:13:49 -0700,51.6813
Watch,ms,2022-05-14 20:22:59 -0700,2022-05-14 20:23:58 -0700,115.907
Watch,ms,2022-05-14 21:24:09 -0700,2022-05-14 21:25:07 -0700,43.0364
Watch,ms,2022-05-14 23:24:08 -0700,2022-05-14 23:25:08 -0700,48.3857
Watch,ms,2022-05-15 01:42:13 -0700,2022-05-15 01:43:13 -0700,53.6627
Watch,ms,2022-05-15 03:26:21 -0700,2022-05-15 03:27:21 -0700,39.078
Watch,ms,2022-05-15 05:24:05 -0700,2022-05-15 05:25:04 -0700,60.0594
Watch,ms,2022-05-15 07:24:05 -0700,2022-05-15 07:25:04 -0700,17.8564
Watch,ms,2022-05-15 09:24:32 -0700,2022-05-15 09:25:32 -0700,29.5616
Watch,ms,2022-05-15 11:25:04 -0700,2022-05-15 11:25:25 -0700,12.5348
Watch,ms,2022-05-15 11:26:37 -0700,2022-05-15 11:27:37 -0700,63.6255
Watch,ms,2022-05-15 13:24:07 -0700,2022-05-15 13:25:06 -0700,15.125
Watch,ms,2022-05-15 16:17:58 -0700,2022-05-15 16:18:57 -0700,38.8742
Watch,ms,2022-05-16 12:11:57 -0700,2022-05-16 12:12:51 -0700,36.3278
Watch,ms,2022-05-16 13:33:06 -0700,2022-05-16 13:34:06 -0700,68.2831
Watch,ms,2022-05-16 15:41:40 -0700,2022-05-16 15:42:40 -0700,72.3021
Watch,ms,2022-05-16 18:09:29 -0700,2022-05-16 18:10:28 -0700,85.0136
Watch,ms,2022-05-16 19:51:53 -0700,2022-05-16 19:52:49 -0700,44.3669
Watch,ms,2022-05-16 22:07:49 -0700,2022-05-16 22:08:49 -0700,58.0836
Watch,ms,2022-05-17 13:10:54 -0700,2022-05-17 13:11:12 -0700,24.7145
Watch,ms,2022-05-17 13:36:13 -0700,2022-05-17 13:37:09 -0700,46.2202
Watch,ms,2022-05-17 15:59:30 -0700,2022-05-17 16:00:29 -0700,105.103
Watch,ms,2022-05-17 17:28:15 -0700,2022-05-17 17:29:14 -0700,104.557
Watch,ms,2022-05-17 19:44:14 -0700,2022-05-17 19:45:14 -0700,36.6845
Watch,ms,2022-05-17 21:43:16 -0700,2022-05-17 21:44:12 -0700,46.3211
Watch,ms,2022-05-18 00:03:53 -0700,2022-05-18 00:04:25 -0700,57.4436
Watch,ms,2022-05-18 17:56:52 -0700,2022-05-18 17:57:45 -0700,31.5445
Watch,ms,2022-05-18 18:54:35 -0700,2022-05-18 18:55:11 -0700,17.9663
Watch,ms,2022-05-18 20:02:12 -0700,2022-05-18 20:03:11 -0700,20.7345
Watch,ms,2022-05-19 11:39:39 -0700,2022-05-19 11:40:33 -0700,47.1976
Watch,ms,2022-05-19 13:28:31 -0700,2022-05-19 13:29:31 -0700,51.8321
Watch,ms,2022-05-19 16:09:13 -0700,2022-05-19 16:10:12 -0700,35.6537
Watch,ms,2022-05-19 18:16:18 -0700,2022-05-19 18:17:16 -0700,34.6097
Watch,ms,2022-05-19 23:55:51 -0700,2022-05-19 23:56:15 -0700,12.8078
Watch,ms,2022-05-22 12:58:50 -0700,2022-05-22 12:59:49 -0700,47.1193
Watch,ms,2022-05-22 13:29:55 -0700,2022-05-22 13:30:54 -0700,46.3261
Watch,ms,2022-05-22 17:43:22 -0700,2022-05-22 17:44:22 -0700,23.6942
Watch,ms,2022-05-22 17:46:14 -0700,2022-05-22 17:47:14 -0700,14.421
Watch,ms,2022-05-22 21:58:16 -0700,2022-05-22 21:59:16 -0700,33.8444
Watch,ms,2022-05-27 21:45:12 -0700,2022-05-27 21:46:12 -0700,9.50382
Watch,ms,2022-05-28 11:56:34 -0700,2022-05-28 11:57:24 -0700,36.3413
Watch,ms,2022-05-28 14:03:35 -0700,2022-05-28 14:04:35 -0700,18.5479
Watch,ms,2022-05-28 15:20:00 -0700,2022-05-28 15:21:00 -0700,9.29009
Watch,ms,2022-05-28 16:37:25 -0700,2022-05-28 16:38:25 -0700,15.6783
Watch,ms,2022-05-30 14:59:45 -0700,2022-05-30 15:00:44 -0700,15.0444
Watch,ms,2022-05-30 16:30:21 -0700,2022-05-30 16:31:20 -0700,24.3313
Watch,ms,2022-05-30 18:04:44 -0700,2022-05-30 18:05:42 -0700,26.0032
Watch,ms,2022-05-30 20:31:44 -0700,2022-05-30 20:32:43 -0700,14.4217
Watch,ms,2022-05-31 19:49:49 -0700,2022-05-31 19:50:49 -0700,58.2389
Watch,ms,2022-05-31 20:11:36 -0700,2022-05-31 20:12:35 -0700,52.2037
Watch,ms,2022-06-01 01:37:21 -0700,2022-06-01 01:38:21 -0700,23.4393
Watch,ms,2022-06-01 18:17:33 -0700,2022-06-01 18:18:33 -0700,23.682
Watch,ms,2022-06-01 21:27:04 -0700,2022-06-01 21:28:02 -0700,22.0223
Watch,ms,2022-06-01 22:46:12 -0700,2022-06-01 22:47:11 -0700,32.4657
Watch,ms,2022-06-02 00:25:41 -0700,2022-06-02 00:26:41 -0700,34.6098
Watch,ms,2022-06-02 13:36:41 -0700,2022-06-02 13:37:37 -0700,15.0629
Watch,ms,2022-06-02 14:05:31 -0700,2022-06-02 14:06:26 -0700,20.4759
Watch,ms,2022-06-02 16:10:42 -0700,2022-06-02 16:11:42 -0700,36.3041
Watch,ms,2022-06-03 10:22:50 -0700,2022-06-03 10:23:49 -0700,52.6269
Watch,ms,2022-06-03 11:08:47 -0700,2022-06-03 11:09:46 -0700,43.1277
Watch,ms,2022-06-03 15:56:34 -0700,2022-06-03 15:57:33 -0700,35.0029
Watch,ms,2022-06-03 16:08:48 -0700,2022-06-03 16:09:48 -0700,15.3678
Watch,ms,2022-06-03 18:05:18 -0700,2022-06-03 18:06:17 -0700,30.9353
Watch,ms,2022-06-03 20:57:46 -0700,2022-06-03 20:58:46 -0700,28.2654
Watch,ms,2022-06-03 22:32:56 -0700,2022-06-03 22:33:53 -0700,31.5018
Watch,ms,2022-06-04 00:05:06 -0700,2022-06-04 00:06:06 -0700,36.8435
Watch,ms,2022-06-04 02:03:58 -0700,2022-06-04 02:04:58 -0700,35.9376
Watch,ms,2022-06-04 22:55:42 -0700,2022-06-04 22:56:34 -0700,80.7134
Watch,ms,2022-06-05 00:03:59 -0700,2022-06-05 00:04:58 -0700,114.783
Watch,ms,2022-06-07 13:43:39 -0700,2022-06-07 13:44:36 -0700,70.0514
Watch,ms,2022-06-07 18:39:28 -0700,2022-06-07 18:40:28 -0700,23.7412
Watch,ms,2022-06-07 20:06:51 -0700,2022-06-07 20:07:46 -0700,57.5415
Watch,ms,2022-06-08 16:36:15 -0700,2022-06-08 16:37:09 -0700,23.3385
Watch,ms,2022-06-08 21:36:26 -0700,2022-06-08 21:37:25 -0700,21.4674
Watch,ms,2022-06-08 22:06:16 -0700,2022-06-08 22:06:58 -0700,27.9633
Watch,ms,2022-06-09 15:34:07 -0700,2022-06-09 15:35:07 -0700,35.0875
Watch,ms,2022-06-09 16:37:23 -0700,2022-06-09 16:38:23 -0700,34.8551
Watch,ms,2022-06-09 18:21:16 -0700,2022-06-09 18:22:16 -0700,31.8013
Watch,ms,2022-06-09 21:23:35 -0700,2022-06-09 21:24:35 -0700,41.8034
Watch,ms,2022-06-10 08:42:52 -0700,2022-06-10 08:43:21 -0700,32.4104
Watch,ms,2022-06-10 13:27:05 -0700,2022-06-10 13:27:53 -0700,65.4215
Watch,ms,2022-06-10 14:03:58 -0700,2022-06-10 14:04:55 -0700,72.9757
Watch,ms,2022-06-10 16:55:38 -0700,2022-06-10 16:56:38 -0700,10.733
Watch,ms,2022-06-12 19:31:39 -0700,2022-06-12 19:32:37 -0700,52.0481
Watch,ms,2022-06-12 23:07:23 -0700,2022-06-12 23:08:22 -0700,28.6692
Watch,ms,2022-06-13 00:03:57 -0700,2022-06-13 00:04:57 -0700,29.9678
Watch,ms,2022-06-13 02:03:58 -0700,2022-06-13 02:04:58 -0700,31.4042
Watch,ms,2022-06-13 04:04:01 -0700,2022-06-13 04:05:00 -0700,46.6611
Watch,ms,2022-06-13 06:03:56 -0700,2022-06-13 06:04:56 -0700,34.2317
Watch,ms,2022-06-13 11:39:49 -0700,2022-06-13 11:40:48 -0700,61.8919
Watch,ms,2022-06-13 12:08:26 -0700,2022-06-13 12:09:26 -0700,49.8333
Watch,ms,2022-06-14 07:04:52 -0700,2022-06-14 07:05:39 -0700,17.2914
Watch,ms,2022-06-14 11:54:28 -0700,2022-06-14 11:55:27 -0700,185.772
Watch,ms,2022-06-14 12:04:00 -0700,2022-06-14 12:04:59 -0700,175.205
Watch,ms,2022-06-14 14:33:02 -0700,2022-06-14 14:33:58 -0700,63.9027
Watch,ms,2022-06-15 11:26:59 -0700,2022-06-15 11:27:59 -0700,101.47
Watch,ms,2022-06-15 11:29:10 -0700,2022-06-15 11:30:10 -0700,130.229
Watch,ms,2022-06-15 14:06:14 -0700,2022-06-15 14:07:14 -0700,123.021
Watch,ms,2022-06-15 14:08:21 -0700,2022-06-15 14:09:21 -0700,97.2214
Watch,ms,2022-06-15 18:24:28 -0700,2022-06-15 18:25:28 -0700,36.0207
Watch,ms,2022-06-18 10:22:31 -0700,2022-06-18 10:23:29 -0700,33.8608
Watch,ms,2022-06-18 13:29:58 -0700,2022-06-18 13:30:56 -0700,14.9855
Watch,ms,2022-06-19 10:57:37 -0700,2022-06-19 10:58:25 -0700,37.412
Watch,ms,2022-06-19 13:46:02 -0700,2022-06-19 13:47:02 -0700,65.6037
Watch,ms,2022-06-19 18:55:25 -0700,2022-06-19 18:56:25 -0700,52.4611
Watch,ms,2022-06-21 10:17:06 -0700,2022-06-21 10:18:00 -0700,55.2219
Watch,ms,2022-06-21 10:59:39 -0700,2022-06-21 11:00:39 -0700,45.7074
Watch,ms,2022-06-21 23:39:25 -0700,2022-06-21 23:40:25 -0700,11.8087
Watch,ms,2022-06-21 23:43:01 -0700,2022-06-21 23:44:01 -0700,19.5856
Watch,ms,2022-06-22 10:49:43 -0700,2022-06-22 10:50:41 -0700,24.4493
Watch,ms,2022-06-22 13:39:54 -0700,2022-06-22 13:40:52 -0700,30.8127
Watch,ms,2022-06-22 14:45:18 -0700,2022-06-22 14:46:16 -0700,54.6573
Watch,ms,2022-06-23 09:51:27 -0700,2022-06-23 09:52:27 -0700,11.2382
Watch,ms,2022-06-23 12:53:35 -0700,2022-06-23 12:54:34 -0700,72.4154
Watch,ms,2022-06-23 12:55:45 -0700,2022-06-23 12:56:45 -0700,68.6592
Watch,ms,2022-06-23 15:13:43 -0700,2022-06-23 15:14:42 -0700,62.9712
Watch,ms,2022-06-23 16:20:59 -0700,2022-06-23 16:21:53 -0700,54.1862
Watch,ms,2022-06-23 18:20:40 -0700,2022-06-23 18:21:32 -0700,22.5133
Watch,ms,2022-06-24 13:09:49 -0700,2022-06-24 13:10:48 -0700,46.5162
Watch,ms,2022-06-24 13:19:24 -0700,2022-06-24 13:20:17 -0700,26.7287
Watch,ms,2022-06-24 15:48:00 -0700,2022-06-24 15:49:00 -0700,136.867
Watch,ms,2022-06-25 08:53:39 -0700,2022-06-25 08:54:38 -0700,71.6454
Watch,ms,2022-06-25 10:20:48 -0700,2022-06-25 10:21:47 -0700,15.3627
Watch,ms,2022-06-25 14:55:23 -0700,2022-06-25 14:56:09 -0700,61.3237
Watch,ms,2022-06-25 21:22:30 -0700,2022-06-25 21:23:30 -0700,18.3879
Watch,ms,2022-06-26 08:19:00 -0700,2022-06-26 08:19:59 -0700,86.997
Watch,ms,2022-06-26 08:43:05 -0700,2022-06-26 08:43:47 -0700,43.0812
Watch,ms,2022-06-26 19:46:35 -0700,2022-06-26 19:47:34 -0700,30.9526
Watch,ms,2022-06-27 14:38:52 -0700,2022-06-27 14:39:52 -0700,34.4773
Watch,ms,2022-06-27 17:55:41 -0700,2022-06-27 17:56:41 -0700,20.3732
Watch,ms,2022-06-28 12:19:45 -0700,2022-06-28 12:20:33 -0700,34.4293
Watch,ms,2022-06-28 13:08:26 -0700,2022-06-28 13:09:12 -0700,14.6203
Watch,ms,2022-06-28 16:50:34 -0700,2022-06-28 16:51:29 -0700,49.5092
Watch,ms,2022-06-28 16:54:02 -0700,2022-06-28 16:55:01 -0700,54.9175
Watch,ms,2022-06-28 19:43:43 -0700,2022-06-28 19:44:42 -0700,44.9023
Watch,ms,2022-06-28 20:25:23 -0700,2022-06-28 20:26:23 -0700,34.4444
Watch,ms,2022-06-28 22:54:48 -0700,2022-06-28 22:55:17 -0700,29.8096
Watch,ms,2022-06-29 00:49:24 -0700,2022-06-29 00:50:24 -0700,34.692
Watch,ms,2022-06-29 20:22:33 -0700,2022-06-29 20:23:33 -0700,34.5149
Watch,ms,2022-06-30 11:42:51 -0700,2022-06-30 11:43:50 -0700,43.8194
Watch,ms,2022-06-30 13:28:55 -0700,2022-06-30 13:29:55 -0700,41.6376
Watch,ms,2022-07-01 12:11:23 -0700,2022-07-01 12:12:22 -0700,86.6203
Watch,ms,2022-07-01 12:24:01 -0700,2022-07-01 12:25:01 -0700,40.183
Watch,ms,2022-07-06 13:07:14 -0700,2022-07-06 13:08:13 -0700,30.6187
Watch,ms,2022-07-06 16:52:14 -0700,2022-07-06 16:53:13 -0700,56.3139
Watch,ms,2022-07-09 05:50:05 -0700,2022-07-09 05:51:05 -0700,49.4446
Watch,ms,2022-07-09 08:52:39 -0700,2022-07-09 08:53:28 -0700,63.5037
Watch,ms,2022-07-09 22:31:28 -0700,2022-07-09 22:32:18 -0700,30.2695
Watch,ms,2022-07-11 10:22:23 -0700,2022-07-11 10:23:22 -0700,62.3122
Watch,ms,2022-07-11 11:00:49 -0700,2022-07-11 11:01:49 -0700,25.5874
Watch,ms,2022-07-11 12:46:45 -0700,2022-07-11 12:47:45 -0700,89.538
Watch,ms,2022-07-11 14:29:20 -0700,2022-07-11 14:30:20 -0700,76.0657
Watch,ms,2022-07-11 20:25:43 -0700,2022-07-11 20:26:43 -0700,28.75
Watch,ms,2022-07-12 12:24:57 -0700,2022-07-12 12:25:56 -0700,32.8122
Watch,ms,2022-07-13 23:28:18 -0700,2022-07-13 23:29:11 -0700,23.7712
Watch,ms,2022-07-13 23:31:50 -0700,2022-07-13 23:32:50 -0700,21.9917
Watch,ms,2022-07-14 10:56:18 -0700,2022-07-14 10:57:14 -0700,71.3609
Watch,ms,2022-07-14 14:47:05 -0700,2022-07-14 14:48:01 -0700,24.5152
Watch,ms,2022-07-14 15:58:18 -0700,2022-07-14 15:58:57 -0700,25.1454
Watch,ms,2022-07-15 11:01:43 -0700,2022-07-15 11:02:43 -0700,26.0314
Watch,ms,2022-07-15 11:51:28 -0700,2022-07-15 11:52:27 -0700,56.38
Watch,ms,2022-07-15 15:16:47 -0700,2022-07-15 15:17:42 -0700,31
Watch,ms,2022-07-15 16:41:44 -0700,2022-07-15 16:42:44 -0700,93.0524
Watch,ms,2022-07-18 07:05:42 -0700,2022-07-18 07:06:10 -0700,38.3153
Watch,ms,2022-07-18 08:17:35 -0700,2022-07-18 08:18:31 -0700,30.3072
Watch,ms,2022-07-18 10:22:30 -0700,2022-07-18 10:23:30 -0700,39.8353
Watch,ms,2022-07-18 12:51:37 -0700,2022-07-18 12:52:36 -0700,56.6306
Watch,ms,2022-07-18 13:51:41 -0700,2022-07-18 13:52:40 -0700,46.6511
Watch,ms,2022-07-18 16:00:26 -0700,2022-07-18 16:01:25 -0700,30.609
Watch,ms,2022-07-18 21:15:01 -0700,2022-07-18 21:16:00 -0700,23.7193
Watch,ms,2022-07-19 08:22:29 -0700,2022-07-19 08:23:29 -0700,36.252
Watch,ms,2022-07-19 09:48:44 -0700,2022-07-19 09:49:43 -0700,55.069
Watch,ms,2022-07-19 12:01:47 -0700,2022-07-19 12:02:46 -0700,43.0919
Watch,ms,2022-07-19 13:54:58 -0700,2022-07-19 13:55:57 -0700,29.0778
Watch,ms,2022-07-19 16:44:18 -0700,2022-07-19 16:45:18 -0700,56.8374
Watch,ms,2022-07-19 18:26:53 -0700,2022-07-19 18:27:52 -0700,24.0782
Watch,ms,2022-07-20 09:01:00 -0700,2022-07-20 09:02:00 -0700,23.0273
Watch,ms,2022-07-20 10:38:26 -0700,2022-07-20 10:39:25 -0700,42.4493
Watch,ms,2022-07-20 12:50:21 -0700,2022-07-20 12:51:20 -0700,58.6468
Watch,ms,2022-07-20 14:26:39 -0700,2022-07-20 14:27:37 -0700,53.5025
Watch,ms,2022-07-20 18:16:08 -0700,2022-07-20 18:17:07 -0700,31.0449
Watch,ms,2022-07-20 18:18:55 -0700,2022-07-20 18:19:55 -0700,38.6468
Watch,ms,2022-07-21 08:18:53 -0700,2022-07-21 08:19:53 -0700,36.1729
Watch,ms,2022-07-21 10:44:27 -0700,2022-07-21 10:45:23 -0700,20.9349
Watch,ms,2022-07-21 11:59:37 -0700,2022-07-21 12:00:36 -0700,30.4856
Watch,ms,2022-07-21 13:48:44 -0700,2022-07-21 13:49:40 -0700,39.4936
Watch,ms,2022-07-21 15:48:42 -0700,2022-07-21 15:49:41 -0700,19.2183
Watch,ms,2022-07-21 17:48:45 -0700,2022-07-21 17:49:45 -0700,40.6566
Watch,ms,2022-07-21 19:48:46 -0700,2022-07-21 19:49:45 -0700,96.4917
Watch,ms,2022-07-22 11:43:16 -0700,2022-07-22 11:44:15 -0700,14.9601
Watch,ms,2022-07-22 12:17:32 -0700,2022-07-22 12:18:31 -0700,14.4735
Watch,ms,2022-07-22 15:12:14 -0700,2022-07-22 15:13:09 -0700,32.4838
Watch,ms,2022-07-22 15:49:56 -0700,2022-07-22 15:50:53 -0700,39.7322
Watch,ms,2022-07-22 20:46:07 -0700,2022-07-22 20:47:06 -0700,29.8647
Watch,ms,2022-07-22 22:03:11 -0700,2022-07-22 22:04:10 -0700,18.2909
Watch,ms,2022-07-23 13:02:07 -0700,2022-07-23 13:02:47 -0700,40.2984
Watch,ms,2022-07-23 14:38:55 -0700,2022-07-23 14:39:55 -0700,36.6845
Watch,ms,2022-07-24 11:53:55 -0700,2022-07-24 11:54:54 -0700,52.6201
Watch,ms,2022-07-24 13:49:45 -0700,2022-07-24 13:50:44 -0700,30.0263
Watch,ms,2022-07-24 19:32:54 -0700,2022-07-24 19:33:51 -0700,53.4758
Watch,ms,2022-07-24 21:00:42 -0700,2022-07-24 21:01:42 -0700,42.9741
Watch,ms,2022-07-24 22:02:17 -0700,2022-07-24 22:03:17 -0700,32.9338
Watch,ms,2022-07-25 12:36:19 -0700,2022-07-25 12:37:18 -0700,41.7177
Watch,ms,2022-07-25 14:20:28 -0700,2022-07-25 14:21:03 -0700,25.7525
Watch,ms,2022-07-26 07:06:26 -0700,2022-07-26 07:07:26 -0700,177.893
Watch,ms,2022-07-26 09:10:41 -0700,2022-07-26 09:11:37 -0700,53.256
Watch,ms,2022-07-26 10:00:18 -0700,2022-07-26 10:01:18 -0700,104.77
Watch,ms,2022-07-26 14:51:10 -0700,2022-07-26 14:52:07 -0700,36.9833
Watch,ms,2022-07-26 14:54:33 -0700,2022-07-26 14:55:33 -0700,59.7722
Watch,ms,2022-07-26 16:00:15 -0700,2022-07-26 16:01:14 -0700,49.025
Watch,ms,2022-07-26 18:00:35 -0700,2022-07-26 18:01:34 -0700,46.2769
Watch,ms,2022-07-26 19:52:36 -0700,2022-07-26 19:53:36 -0700,83.1492
Watch,ms,2022-07-26 22:36:28 -0700,2022-07-26 22:37:25 -0700,36.5367
Watch,ms,2022-07-26 23:49:05 -0700,2022-07-26 23:50:05 -0700,31.2492
Watch,ms,2022-07-27 09:58:55 -0700,2022-07-27 09:59:54 -0700,40.4894
Watch,ms,2022-07-27 10:28:11 -0700,2022-07-27 10:29:05 -0700,58.2216
Watch,ms,2022-07-27 13:38:47 -0700,2022-07-27 13:39:35 -0700,13.0573
Watch,ms,2022-07-27 13:51:14 -0700,2022-07-27 13:52:14 -0700,20.5932
Watch,ms,2022-07-27 17:26:30 -0700,2022-07-27 17:27:29 -0700,44.6357
Watch,ms,2022-07-27 18:43:39 -0700,2022-07-27 18:44:39 -0700,42.7989
Watch,ms,2022-07-27 19:58:43 -0700,2022-07-27 19:59:43 -0700,31.0018
Watch,ms,2022-07-27 22:51:04 -0700,2022-07-27 22:52:03 -0700,21.5663
Watch,ms,2022-07-28 08:22:40 -0700,2022-07-28 08:23:39 -0700,26.2296
Watch,ms,2022-07-28 09:54:57 -0700,2022-07-28 09:55:57 -0700,62.4514
Watch,ms,2022-07-28 12:07:31 -0700,2022-07-28 12:08:31 -0700,28.6812
Watch,ms,2022-07-28 14:49:12 -0700,2022-07-28 14:50:12 -0700,47.35
Watch,ms,2022-07-28 16:16:31 -0700,2022-07-28 16:17:31 -0700,82.8642
Watch,ms,2022-07-29 09:03:18 -0700,2022-07-29 09:04:17 -0700,57.1399
Watch,ms,2022-07-29 11:43:13 -0700,2022-07-29 11:44:00 -0700,37.3699
Watch,ms,2022-07-29 12:24:11 -0700,2022-07-29 12:25:11 -0700,36.0966
Watch,ms,2022-07-29 16:01:42 -0700,2022-07-29 16:02:42 -0700,25.6046
Watch,ms,2022-07-29 20:38:47 -0700,2022-07-29 20:39:46 -0700,22.0395
Watch,ms,2022-07-29 20:41:04 -0700,2022-07-29 20:42:02 -0700,20.7541
Watch,ms,2022-07-29 21:50:35 -0700,2022-07-29 21:51:33 -0700,109.663
Watch,ms,2022-07-30 10:16:33 -0700,2022-07-30 10:17:32 -0700,38.1118
Watch,ms,2022-07-30 12:00:17 -0700,2022-07-30 12:01:16 -0700,37.4015
Watch,ms,2022-07-30 14:00:08 -0700,2022-07-30 14:01:08 -0700,13.931
Watch,ms,2022-07-30 15:56:39 -0700,2022-07-30 15:57:32 -0700,25.8957
Watch,ms,2022-07-31 10:48:20 -0700,2022-07-31 10:49:20 -0700,25.3842
Watch,ms,2022-07-31 16:05:18 -0700,2022-07-31 16:06:18 -0700,37.3495
Watch,ms,2022-07-31 18:18:23 -0700,2022-07-31 18:19:22 -0700,13.1747
Watch,ms,2022-08-01 08:30:14 -0700,2022-08-01 08:31:10 -0700,49.3991
Watch,ms,2022-08-01 09:56:29 -0700,2022-08-01 09:57:28 -0700,41.8563
Watch,ms,2022-08-01 12:09:09 -0700,2022-08-01 12:10:08 -0700,19.5511
Watch,ms,2022-08-01 14:12:52 -0700,2022-08-01 14:13:47 -0700,22.9506
Watch,ms,2022-08-01 16:27:35 -0700,2022-08-01 16:28:35 -0700,75.6173
Watch,ms,2022-08-01 17:48:44 -0700,2022-08-01 17:49:44 -0700,69.7214
Watch,ms,2022-08-01 23:47:21 -0700,2022-08-01 23:48:20 -0700,45.0892
Watch,ms,2022-08-01 23:49:42 -0700,2022-08-01 23:50:42 -0700,36.3442
Watch,ms,2022-08-02 01:48:45 -0700,2022-08-02 01:49:44 -0700,49.882
Watch,ms,2022-08-02 03:48:56 -0700,2022-08-02 03:49:56 -0700,55.145
Watch,ms,2022-08-02 05:49:24 -0700,2022-08-02 05:50:23 -0700,48.3674
Watch,ms,2022-08-02 08:59:12 -0700,2022-08-02 09:00:11 -0700,38.2059
Watch,ms,2022-08-02 09:52:11 -0700,2022-08-02 09:53:09 -0700,35.3437
Watch,ms,2022-08-02 12:23:21 -0700,2022-08-02 12:24:21 -0700,54.6688
Watch,ms,2022-08-02 15:11:36 -0700,2022-08-02 15:12:35 -0700,62.7415
Watch,ms,2022-08-02 15:52:04 -0700,2022-08-02 15:53:02 -0700,42.1875
Watch,ms,2022-08-02 18:30:14 -0700,2022-08-02 18:31:14 -0700,41.2423
Watch,ms,2022-08-03 10:25:44 -0700,2022-08-03 10:26:41 -0700,28.3106
Watch,ms,2022-08-03 12:55:10 -0700,2022-08-03 12:56:09 -0700,57.6464
Watch,ms,2022-08-03 14:09:22 -0700,2022-08-03 14:10:12 -0700,38.9969
Watch,ms,2022-08-03 15:59:38 -0700,2022-08-03 16:00:36 -0700,34.6051
Watch,ms,2022-08-03 18:36:31 -0700,2022-08-03 18:37:27 -0700,66.1125
Watch,ms,2022-08-03 19:50:32 -0700,2022-08-03 19:51:28 -0700,28.0005
Watch,ms,2022-08-05 07:57:36 -0700,2022-08-05 07:58:36 -0700,25.6704
Watch,ms,2022-08-05 07:59:44 -0700,2022-08-05 08:00:43 -0700,27.9122
Watch,ms,2022-08-05 08:52:16 -0700,2022-08-05 08:53:14 -0700,40.7767
Watch,ms,2022-08-05 10:12:21 -0700,2022-08-05 10:13:17 -0700,79.344
Watch,ms,2022-08-05 12:23:49 -0700,2022-08-05 12:24:44 -0700,54.4446
Watch,ms,2022-08-05 16:17:40 -0700,2022-08-05 16:18:31 -0700,62.1406
Watch,ms,2022-08-05 18:13:42 -0700,2022-08-05 18:14:42 -0700,60.6512
Watch,ms,2022-08-06 10:46:09 -0700,2022-08-06 10:47:02 -0700,46.073
Watch,ms,2022-08-06 12:35:00 -0700,2022-08-06 12:36:00 -0700,71.3482
Watch,ms,2022-08-06 14:56:46 -0700,2022-08-06 14:57:46 -0700,40.5838
Watch,ms,2022-08-06 17:09:05 -0700,2022-08-06 17:10:04 -0700,31.1414
Watch,ms,2022-08-07 20:07:28 -0700,2022-08-07 20:08:27 -0700,19.0519
Watch,ms,2022-08-08 22:58:27 -0700,2022-08-08 22:59:26 -0700,45.7421
Watch,ms,2022-08-08 23:15:10 -0700,2022-08-08 23:16:10 -0700,56.3165
Watch,ms,2022-08-09 15:30:49 -0700,2022-08-09 15:31:48 -0700,24.1562
Watch,ms,2022-08-09 18:09:09 -0700,2022-08-09 18:10:02 -0700,21.3157
Watch,ms,2022-08-09 18:34:51 -0700,2022-08-09 18:35:51 -0700,38.8107
Watch,ms,2022-08-10 07:19:52 -0700,2022-08-10 07:20:42 -0700,156.546
Watch,ms,2022-08-10 10:26:02 -0700,2022-08-10 10:27:02 -0700,31.8631
Watch,ms,2022-08-10 12:29:52 -0700,2022-08-10 12:30:40 -0700,67.1685
Watch,ms,2022-08-10 14:16:45 -0700,2022-08-10 14:17:26 -0700,47.3551
Watch,ms,2022-08-10 21:28:41 -0700,2022-08-10 21:29:04 -0700,48.0669
Watch,ms,2022-08-11 01:11:31 -0700,2022-08-11 01:12:31 -0700,44.2519
Watch,ms,2022-08-11 07:35:58 -0700,2022-08-11 07:36:55 -0700,23.2081
Watch,ms,2022-08-11 10:19:24 -0700,2022-08-11 10:20:23 -0700,32.2155
Watch,ms,2022-08-11 13:12:22 -0700,2022-08-11 13:13:22 -0700,96.6382
Watch,ms,2022-08-11 14:31:42 -0700,2022-08-11 14:32:39 -0700,143.281
Watch,ms,2022-08-11 19:04:11 -0700,2022-08-11 19:05:10 -0700,78.2308
Watch,ms,2022-08-12 08:56:10 -0700,2022-08-12 08:57:05 -0700,43.6568
Watch,ms,2022-08-12 09:00:42 -0700,2022-08-12 09:01:41 -0700,92.6545
Watch,ms,2022-08-12 10:28:53 -0700,2022-08-12 10:29:53 -0700,28.3162
Watch,ms,2022-08-12 12:33:55 -0700,2022-08-12 12:34:55 -0700,35.2036
Watch,ms,2022-08-12 14:18:56 -0700,2022-08-12 14:19:56 -0700,32.7567
Watch,ms,2022-08-12 21:26:04 -0700,2022-08-12 21:27:03 -0700,36.0046
Watch,ms,2022-08-12 22:02:56 -0700,2022-08-12 22:03:56 -0700,89.4137
Watch,ms,2022-08-12 22:48:09 -0700,2022-08-12 22:49:06 -0700,29.7644
Watch,ms,2022-08-13 20:00:22 -0700,2022-08-13 20:00:56 -0700,59.1393
Watch,ms,2022-08-13 20:16:48 -0700,2022-08-13 20:17:47 -0700,20.7732
Watch,ms,2022-08-13 22:54:03 -0700,2022-08-13 22:54:56 -0700,37.6702
Watch,ms,2022-08-14 15:12:57 -0700,2022-08-14 15:13:44 -0700,23.8269
Watch,ms,2022-08-14 16:40:35 -0700,2022-08-14 16:41:34 -0700,47.0531
Watch,ms,2022-08-14 19:17:46 -0700,2022-08-14 19:18:46 -0700,41.3329
Watch,ms,2022-08-14 21:42:34 -0700,2022-08-14 21:43:34 -0700,16.2977
Watch,ms,2022-08-14 22:16:48 -0700,2022-08-14 22:17:48 -0700,39.0028
Watch,ms,2022-08-15 08:28:23 -0700,2022-08-15 08:28:38 -0700,7.88822
Watch,ms,2022-08-15 10:45:39 -0700,2022-08-15 10:46:34 -0700,16.0827
Watch,ms,2022-08-15 12:59:12 -0700,2022-08-15 13:00:05 -0700,30.874
Watch,ms,2022-08-15 16:13:37 -0700,2022-08-15 16:14:21 -0700,95.5556
Watch,ms,2022-08-15 16:41:13 -0700,2022-08-15 16:41:55 -0700,27.1435
Watch,ms,2022-08-15 20:27:51 -0700,2022-08-15 20:28:51 -0700,25.8611
Watch,ms,2022-08-15 22:23:21 -0700,2022-08-15 22:24:14 -0700,34.0414
Watch,ms,2022-08-16 07:15:18 -0700,2022-08-16 07:16:17 -0700,51.5645
Watch,ms,2022-08-16 08:42:42 -0700,2022-08-16 08:43:41 -0700,32.5601
Watch,ms,2022-08-16 10:32:52 -0700,2022-08-16 10:33:41 -0700,88.8936
Watch,ms,2022-08-16 13:49:16 -0700,2022-08-16 13:50:15 -0700,40.4362
Watch,ms,2022-08-16 17:42:59 -0700,2022-08-16 17:43:58 -0700,31.7431
Watch,ms,2022-08-16 19:33:09 -0700,2022-08-16 19:34:05 -0700,33.5919
Watch,ms,2022-08-16 20:29:00 -0700,2022-08-16 20:30:00 -0700,52.6658
Watch,ms,2022-08-17 07:30:16 -0700,2022-08-17 07:31:15 -0700,30.3362
Watch,ms,2022-08-17 08:36:58 -0700,2022-08-17 08:37:57 -0700,35.6736
Watch,ms,2022-08-17 10:17:30 -0700,2022-08-17 10:18:27 -0700,45.5638
Watch,ms,2022-08-17 12:19:53 -0700,2022-08-17 12:20:53 -0700,57.0753
Watch,ms,2022-08-17 14:29:43 -0700,2022-08-17 14:30:42 -0700,52.2545
Watch,ms,2022-08-17 17:00:31 -0700,2022-08-17 17:01:28 -0700,69.3304
Watch,ms,2022-08-17 19:53:18 -0700,2022-08-17 19:54:11 -0700,12.0654
Watch,ms,2022-08-18 06:59:00 -0700,2022-08-18 07:00:00 -0700,127.214
Watch,ms,2022-08-18 11:10:40 -0700,2022-08-18 11:11:35 -0700,74.7346
Watch,ms,2022-08-18 12:56:26 -0700,2022-08-18 12:57:26 -0700,44.6636
Watch,ms,2022-08-18 14:17:47 -0700,2022-08-18 14:18:47 -0700,32.5633
Watch,ms,2022-08-18 21:07:12 -0700,2022-08-18 21:08:03 -0700,28.784
Watch,ms,2022-08-18 23:50:47 -0700,2022-08-18 23:51:32 -0700,32.3031
Watch,ms,2022-08-19 10:27:16 -0700,2022-08-19 10:28:15 -0700,64.1102
Watch,ms,2022-08-19 10:33:47 -0700,2022-08-19 10:34:47 -0700,72.3382
Watch,ms,2022-08-19 11:40:48 -0700,2022-08-19 11:41:46 -0700,65.5624
Watch,ms,2022-08-19 14:08:53 -0700,2022-08-19 14:09:48 -0700,53.4153
Watch,ms,2022-08-19 16:24:08 -0700,2022-08-19 16:25:08 -0700,24.3177
Watch,ms,2022-08-19 17:41:35 -0700,2022-08-19 17:42:35 -0700,41.8178
Watch,ms,2022-08-19 19:46:35 -0700,2022-08-19 19:47:35 -0700,46.2022
Watch,ms,2022-08-20 12:53:36 -0700,2022-08-20 12:54:18 -0700,30.9146
Watch,ms,2022-08-20 13:41:07 -0700,2022-08-20 13:42:07 -0700,59.6088
Watch,ms,2022-08-20 19:01:34 -0700,2022-08-20 19:02:33 -0700,28.7883
Watch,ms,2022-08-20 20:34:29 -0700,2022-08-20 20:35:29 -0700,20.5326
Watch,ms,2022-08-20 22:14:32 -0700,2022-08-20 22:15:31 -0700,33.2914
Watch,ms,2022-08-21 16:13:01 -0700,2022-08-21 16:14:00 -0700,40.8098
Watch,ms,2022-08-21 19:04:23 -0700,2022-08-21 19:05:23 -0700,37.7925
Watch,ms,2022-08-21 19:41:15 -0700,2022-08-21 19:42:15 -0700,31.4705
Watch,ms,2022-08-21 22:55:26 -0700,2022-08-21 22:56:15 -0700,9.13416
Watch,ms,2022-08-22 11:12:03 -0700,2022-08-22 11:13:02 -0700,42.4452
Watch,ms,2022-08-22 11:16:49 -0700,2022-08-22 11:17:31 -0700,17.5202
Watch,ms,2022-08-22 12:02:14 -0700,2022-08-22 12:02:45 -0700,50.2055
Watch,ms,2022-08-22 15:17:03 -0700,2022-08-22 15:17:59 -0700,25.8636
Watch,ms,2022-08-29 14:30:28 -0700,2022-08-29 14:31:28 -0700,18.5151
Watch,ms,2022-08-29 14:39:05 -0700,2022-08-29 14:40:05 -0700,44.2035
Watch,ms,2022-08-29 16:56:16 -0700,2022-08-29 16:57:16 -0700,57.6733
Watch,ms,2022-08-29 19:11:56 -0700,2022-08-29 19:12:43 -0700,104.984
Watch,ms,2022-08-30 13:55:48 -0700,2022-08-30 13:56:48 -0700,31.5563
Watch,ms,2022-08-30 17:50:35 -0700,2022-08-30 17:51:31 -0700,20.1679
Watch,ms,2022-08-30 19:52:45 -0700,2022-08-30 19:53:29 -0700,23.077
Watch,ms,2022-08-30 20:35:42 -0700,2022-08-30 20:36:41 -0700,33.89
Watch,ms,2022-08-31 10:16:31 -0700,2022-08-31 10:17:31 -0700,124.709
Watch,ms,2022-08-31 12:38:38 -0700,2022-08-31 12:39:37 -0700,48.9138
Watch,ms,2022-08-31 12:40:49 -0700,2022-08-31 12:41:48 -0700,23.0943
Watch,ms,2022-08-31 18:42:03 -0700,2022-08-31 18:43:01 -0700,33.0437
Watch,ms,2022-08-31 18:44:36 -0700,2022-08-31 18:45:34 -0700,37.3932
Watch,ms,2022-09-01 00:14:18 -0700,2022-09-01 00:14:53 -0700,25.3832
Watch,ms,2022-09-01 09:51:21 -0700,2022-09-01 09:52:18 -0700,39.176
Watch,ms,2022-09-01 11:12:20 -0700,2022-09-01 11:13:20 -0700,22.8334
Watch,ms,2022-09-01 12:40:15 -0700,2022-09-01 12:41:12 -0700,53.8295
Watch,ms,2022-09-01 14:58:50 -0700,2022-09-01 14:59:49 -0700,137.285
Watch,ms,2022-09-03 00:13:55 -0700,2022-09-03 00:14:55 -0700,42.2715
Watch,ms,2022-09-03 00:29:05 -0700,2022-09-03 00:30:05 -0700,18.6474
Watch,ms,2022-09-03 09:38:18 -0700,2022-09-03 09:39:18 -0700,55.9367
Watch,ms,2022-09-03 10:24:56 -0700,2022-09-03 10:25:52 -0700,52.9876
Watch,ms,2022-09-03 13:57:37 -0700,2022-09-03 13:58:37 -0700,54.8685
Watch,ms,2022-09-03 14:40:22 -0700,2022-09-03 14:41:21 -0700,50.3897
Watch,ms,2022-09-05 17:07:51 -0700,2022-09-05 17:08:50 -0700,52.6382
Watch,ms,2022-09-05 19:56:47 -0700,2022-09-05 19:57:46 -0700,18.8332
Watch,ms,2022-09-06 10:14:12 -0700,2022-09-06 10:15:12 -0700,97.4616
Watch,ms,2022-09-06 13:32:27 -0700,2022-09-06 13:33:04 -0700,27.2568
Watch,ms,2022-09-08 07:35:03 -0700,2022-09-08 07:36:02 -0700,91.1093
Watch,ms,2022-09-08 08:32:13 -0700,2022-09-08 08:33:08 -0700,23.694
Watch,ms,2022-09-08 12:49:10 -0700,2022-09-08 12:50:03 -0700,64.8869
Watch,ms,2022-09-08 13:13:07 -0700,2022-09-08 13:14:02 -0700,53.8398
Watch,ms,2022-09-10 15:45:46 -0700,2022-09-10 15:46:46 -0700,90.8941
Watch,ms,2022-09-13 18:55:58 -0700,2022-09-13 18:56:54 -0700,59.1041
Watch,ms,2022-09-14 15:58:32 -0700,2022-09-14 15:59:31 -0700,75.9316
Watch,ms,2022-09-14 16:45:07 -0700,2022-09-14 16:46:07 -0700,65.2951
Watch,ms,2022-09-14 20:41:48 -0700,2022-09-14 20:42:48 -0700,65.3626
Watch,ms,2022-09-15 00:06:45 -0700,2022-09-15 00:07:45 -0700,19.8506
Watch,ms,2022-09-15 15:53:25 -0700,2022-09-15 15:54:25 -0700,51.2101
Watch,ms,2022-09-15 16:50:59 -0700,2022-09-15 16:51:59 -0700,30.83
Watch,ms,2022-09-15 19:56:09 -0700,2022-09-15 19:57:07 -0700,22.903
Watch,ms,2022-09-16 11:05:50 -0700,2022-09-16 11:06:49 -0700,65.2005
Watch,ms,2022-09-16 11:15:55 -0700,2022-09-16 11:16:54 -0700,57.6265
Watch,ms,2022-09-16 12:42:26 -0700,2022-09-16 12:43:26 -0700,32.7056
Watch,ms,2022-09-16 16:25:23 -0700,2022-09-16 16:26:23 -0700,29.843
Watch,ms,2022-09-18 21:28:50 -0700,2022-09-18 21:29:37 -0700,50.6649
Watch,ms,2022-09-18 22:22:24 -0700,2022-09-18 22:23:23 -0700,21.3626
Watch,ms,2022-09-19 00:24:05 -0700,2022-09-19 00:25:05 -0700,30.6407
Watch,ms,2022-09-19 20:54:42 -0700,2022-09-19 20:55:41 -0700,27.3418
Watch,ms,2022-09-20 19:23:36 -0700,2022-09-20 19:24:29 -0700,34.3196
Watch,ms,2022-09-20 19:40:10 -0700,2022-09-20 19:41:09 -0700,54.275
Watch,ms,2022-09-21 17:33:00 -0700,2022-09-21 17:34:00 -0700,24.4425
Watch,ms,2022-09-21 21:24:10 -0700,2022-09-21 21:25:09 -0700,47.3329
Watch,ms,2022-09-22 11:18:31 -0700,2022-09-22 11:19:28 -0700,40.0476
Watch,ms,2022-09-22 12:27:16 -0700,2022-09-22 12:28:15 -0700,56.7171
Watch,ms,2022-09-22 14:31:53 -0700,2022-09-22 14:32:52 -0700,38.2294
Watch,ms,2022-09-23 11:00:30 -0700,2022-09-23 11:01:30 -0700,52.8274
Watch,ms,2022-09-23 11:07:01 -0700,2022-09-23 11:08:01 -0700,23.6587
Watch,ms,2022-09-23 12:37:42 -0700,2022-09-23 12:38:42 -0700,58.9123
Watch,ms,2022-09-23 14:23:09 -0700,2022-09-23 14:24:08 -0700,103.948
Watch,ms,2022-09-23 19:30:25 -0700,2022-09-23 19:31:24 -0700,23.1119
Watch,ms,2022-09-24 12:39:00 -0700,2022-09-24 12:39:59 -0700,89.9733
Watch,ms,2022-09-24 16:23:59 -0700,2022-09-24 16:24:58 -0700,16.6275
Watch,ms,2022-09-24 18:22:30 -0700,2022-09-24 18:23:29 -0700,46.237
Watch,ms,2022-09-24 20:25:49 -0700,2022-09-24 20:26:48 -0700,31.1004
Watch,ms,2022-09-25 00:42:40 -0700,2022-09-25 00:43:37 -0700,22.7989
Watch,ms,2022-09-25 13:42:00 -0700,2022-09-25 13:42:59 -0700,41.2192
Watch,ms,2022-09-25 14:24:33 -0700,2022-09-25 14:25:32 -0700,51.6905
Watch,ms,2022-09-26 02:14:47 -0700,2022-09-26 02:15:47 -0700,46.4087
Watch,ms,2022-09-26 02:35:07 -0700,2022-09-26 02:36:01 -0700,42.879
Watch,ms,2022-09-26 04:22:27 -0700,2022-09-26 04:23:27 -0700,59.4187
Watch,ms,2022-09-26 06:23:15 -0700,2022-09-26 06:24:13 -0700,53.6759
Watch,ms,2022-09-26 08:22:41 -0700,2022-09-26 08:23:40 -0700,26.1053
Watch,ms,2022-09-26 11:05:09 -0700,2022-09-26 11:06:09 -0700,50.4155
Watch,ms,2022-09-26 12:29:52 -0700,2022-09-26 12:30:51 -0700,76.5556
Watch,ms,2022-09-26 16:05:58 -0700,2022-09-26 16:06:58 -0700,28.2066
Watch,ms,2022-09-26 17:06:20 -0700,2022-09-26 17:07:19 -0700,45.9099
Watch,ms,2022-09-26 22:55:12 -0700,2022-09-26 22:56:10 -0700,49.4285
Watch,ms,2022-09-27 10:57:32 -0700,2022-09-27 10:58:20 -0700,21.9315
Watch,ms,2022-09-27 15:01:07 -0700,2022-09-27 15:02:06 -0700,37.3251
Watch,ms,2022-09-27 16:23:12 -0700,2022-09-27 16:24:08 -0700,24.6213
Watch,ms,2022-09-27 18:39:22 -0700,2022-09-27 18:40:22 -0700,33.5459
Watch,ms,2022-09-28 09:27:19 -0700,2022-09-28 09:28:18 -0700,51.8027
Watch,ms,2022-09-28 12:21:24 -0700,2022-09-28 12:22:24 -0700,13.8014
Watch,ms,2022-09-28 12:31:28 -0700,2022-09-28 12:32:28 -0700,19.2135
Watch,ms,2022-09-29 17:04:31 -0700,2022-09-29 17:05:31 -0700,39.6188
Watch,ms,2022-09-30 11:35:28 -0700,2022-09-30 11:36:26 -0700,23.1841
Watch,ms,2022-09-30 12:25:35 -0700,2022-09-30 12:26:25 -0700,28.6327
Watch,ms,2022-09-30 16:36:46 -0700,2022-09-30 16:37:45 -0700,118.137
Watch,ms,2022-09-30 16:40:34 -0700,2022-09-30 16:41:30 -0700,70.5004
Watch,ms,2022-10-01 16:14:23 -0700,2022-10-01 16:15:23 -0700,32.4157
Watch,ms,2022-10-01 18:11:56 -0700,2022-10-01 18:12:54 -0700,43.1824
Watch,ms,2022-10-03 10:53:30 -0700,2022-10-03 10:54:30 -0700,26.6411
Watch,ms,2022-10-03 12:30:09 -0700,2022-10-03 12:31:09 -0700,29.1447
Watch,ms,2022-10-03 14:10:49 -0700,2022-10-03 14:11:49 -0700,46.7126
Watch,ms,2022-10-04 23:51:26 -0700,2022-10-04 23:52:25 -0700,92.2717
Watch,ms,2022-10-05 00:21:02 -0700,2022-10-05 00:22:01 -0700,33.0443
Watch,ms,2022-10-05 09:55:59 -0700,2022-10-05 09:56:59 -0700,57.1905
Watch,ms,2022-10-05 10:06:29 -0700,2022-10-05 10:07:28 -0700,80.3171
Watch,ms,2022-10-05 12:04:02 -0700,2022-10-05 12:05:02 -0700,38.9624
Watch,ms,2022-10-05 14:27:13 -0700,2022-10-05 14:28:13 -0700,24.3191
Watch,ms,2022-10-05 16:10:06 -0700,2022-10-05 16:10:47 -0700,30.5645
Watch,ms,2022-10-05 18:06:31 -0700,2022-10-05 18:07:28 -0700,63.0758
Watch,ms,2022-10-06 17:34:01 -0700,2022-10-06 17:34:19 -0700,52.1952
Watch,ms,2022-10-06 21:14:11 -0700,2022-10-06 21:14:53 -0700,30.2361
Watch,ms,2022-10-06 22:35:54 -0700,2022-10-06 22:36:52 -0700,58.263
Watch,ms,2022-10-07 00:19:27 -0700,2022-10-07 00:20:25 -0700,83.7119
Watch,ms,2022-10-07 23:54:17 -0700,2022-10-07 23:55:16 -0700,27.2612
Watch,ms,2022-10-08 18:47:56 -0700,2022-10-08 18:48:55 -0700,43.9287
Watch,ms,2022-10-08 20:08:27 -0700,2022-10-08 20:09:27 -0700,60.8308
Watch,ms,2022-10-08 22:05:49 -0700,2022-10-08 22:06:47 -0700,31.6559
Watch,ms,2022-10-09 14:39:40 -0700,2022-10-09 14:40:40 -0700,38.6866
Watch,ms,2022-10-09 16:08:46 -0700,2022-10-09 16:09:15 -0700,52.8492
Watch,ms,2022-10-09 18:17:40 -0700,2022-10-09 18:18:40 -0700,21.4032
Watch,ms,2022-10-09 21:23:39 -0700,2022-10-09 21:24:38 -0700,26.2865
Watch,ms,2022-10-09 22:33:33 -0700,2022-10-09 22:34:32 -0700,32.7904
Watch,ms,2022-10-10 00:09:46 -0700,2022-10-10 00:10:45 -0700,27.2464
Watch,ms,2022-10-10 02:05:06 -0700,2022-10-10 02:06:04 -0700,51.2299
Watch,ms,2022-10-10 04:03:54 -0700,2022-10-10 04:04:54 -0700,43.6956
Watch,ms,2022-10-10 06:03:54 -0700,2022-10-10 06:04:54 -0700,40.5576
Watch,ms,2022-10-10 08:03:53 -0700,2022-10-10 08:04:52 -0700,43.1894
Watch,ms,2022-10-10 12:51:00 -0700,2022-10-10 12:51:59 -0700,38.8841
Watch,ms,2022-10-10 15:26:00 -0700,2022-10-10 15:26:46 -0700,12.0091
Watch,ms,2022-10-11 13:45:31 -0700,2022-10-11 13:46:31 -0700,36.3073
Watch,ms,2022-10-11 13:48:28 -0700,2022-10-11 13:49:27 -0700,39.3786
Watch,ms,2022-10-11 14:27:30 -0700,2022-10-11 14:28:30 -0700,45.757
Watch,ms,2022-10-11 16:04:44 -0700,2022-10-11 16:05:43 -0700,41.4404
Watch,ms,2022-10-11 18:12:39 -0700,2022-10-11 18:13:39 -0700,46.547
Watch,ms,2022-10-11 20:06:55 -0700,2022-10-11 20:07:55 -0700,104.033
Watch,ms,2022-10-11 23:39:19 -0700,2022-10-11 23:40:19 -0700,22.6612
Watch,ms,2022-10-12 20:50:43 -0700,2022-10-12 20:51:42 -0700,48.8128
Watch,ms,2022-10-13 11:08:43 -0700,2022-10-13 11:09:42 -0700,26.1318
Watch,ms,2022-10-13 11:29:30 -0700,2022-10-13 11:30:30 -0700,50.9888
Watch,ms,2022-10-13 12:07:05 -0700,2022-10-13 12:08:04 -0700,61.2923
Watch,ms,2022-10-13 14:33:07 -0700,2022-10-13 14:34:06 -0700,44.2971
Watch,ms,2022-10-13 16:03:58 -0700,2022-10-13 16:04:57 -0700,55.5381
Watch,ms,2022-10-13 18:19:39 -0700,2022-10-13 18:20:02 -0700,14.962
Watch,ms,2022-10-14 00:10:25 -0700,2022-10-14 00:11:25 -0700,36.4326
Watch,ms,2022-10-14 00:13:30 -0700,2022-10-14 00:14:29 -0700,32.768
Watch,ms,2022-10-14 02:03:52 -0700,2022-10-14 02:04:51 -0700,54.6687
Watch,ms,2022-10-14 04:03:53 -0700,2022-10-14 04:04:53 -0700,60.0782
Watch,ms,2022-10-14 06:10:00 -0700,2022-10-14 06:10:59 -0700,15.2015
Watch,ms,2022-10-14 08:03:52 -0700,2022-10-14 08:04:52 -0700,10.8559
Watch,ms,2022-10-14 11:14:14 -0700,2022-10-14 11:15:14 -0700,19.831
Watch,ms,2022-10-14 12:40:29 -0700,2022-10-14 12:41:28 -0700,35.8905
Watch,ms,2022-10-14 14:09:52 -0700,2022-10-14 14:10:52 -0700,64.133
Watch,ms,2022-10-14 16:10:10 -0700,2022-10-14 16:11:05 -0700,87.1474
Watch,ms,2022-10-14 18:06:37 -0700,2022-10-14 18:07:36 -0700,55.7796
Watch,ms,2022-10-14 21:21:32 -0700,2022-10-14 21:22:32 -0700,30.401
Watch,ms,2022-10-14 22:33:49 -0700,2022-10-14 22:34:46 -0700,19.2756
Watch,ms,2022-10-15 13:25:33 -0700,2022-10-15 13:26:32 -0700,58.4747
Watch,ms,2022-10-15 18:44:53 -0700,2022-10-15 18:45:53 -0700,45.696
Watch,ms,2022-10-15 21:30:49 -0700,2022-10-15 21:31:48 -0700,56.2336
Watch,ms,2022-10-15 21:59:05 -0700,2022-10-15 22:00:04 -0700,42.447
Watch,ms,2022-10-16 11:42:07 -0700,2022-10-16 11:42:59 -0700,12.3592
Watch,ms,2022-10-16 14:22:34 -0700,2022-10-16 14:23:34 -0700,31.9192
Watch,ms,2022-10-16 15:48:20 -0700,2022-10-16 15:49:19 -0700,34.1346
Watch,ms,2022-10-16 18:09:29 -0700,2022-10-16 18:10:28 -0700,27.987
Watch,ms,2022-10-17 10:57:22 -0700,2022-10-17 10:58:20 -0700,53.0733
Watch,ms,2022-10-17 11:04:10 -0700,2022-10-17 11:05:09 -0700,54.9794
Watch,ms,2022-10-17 11:54:56 -0700,2022-10-17 11:55:54 -0700,60.3879
Watch,ms,2022-10-17 13:48:46 -0700,2022-10-17 13:49:44 -0700,55.3151
Watch,ms,2022-10-17 16:44:05 -0700,2022-10-17 16:45:05 -0700,25.4126
Watch,ms,2022-10-17 18:14:09 -0700,2022-10-17 18:15:09 -0700,25.4461
Watch,ms,2022-10-17 20:02:12 -0700,2022-10-17 20:03:12 -0700,42.4713
Watch,ms,2022-10-17 22:16:02 -0700,2022-10-17 22:17:02 -0700,43.9202
Watch,ms,2022-10-18 12:05:15 -0700,2022-10-18 12:06:15 -0700,34.399
Watch,ms,2022-10-18 13:32:04 -0700,2022-10-18 13:33:03 -0700,21.8828
Watch,ms,2022-10-19 13:59:53 -0700,2022-10-19 13:59:59 -0700,6.88187
Watch,ms,2022-10-20 11:54:05 -0700,2022-10-20 11:54:38 -0700,29.4987
Watch,ms,2022-10-20 14:43:01 -0700,2022-10-20 14:44:01 -0700,22.0813
Watch,ms,2022-10-20 15:48:20 -0700,2022-10-20 15:49:15 -0700,33.2046
Watch,ms,2022-10-20 17:50:35 -0700,2022-10-20 17:51:34 -0700,16.2588
Watch,ms,2022-10-20 20:54:58 -0700,2022-10-20 20:55:54 -0700,50.1613
Watch,ms,2022-10-21 14:09:03 -0700,2022-10-21 14:10:03 -0700,51.8627
Watch,ms,2022-10-21 15:51:53 -0700,2022-10-21 15:52:53 -0700,56.0412
Watch,ms,2022-10-21 17:54:03 -0700,2022-10-21 17:55:03 -0700,27.098
Watch,ms,2022-10-21 20:01:40 -0700,2022-10-21 20:02:40 -0700,41.6044
Watch,ms,2022-10-21 21:49:17 -0700,2022-10-21 21:50:17 -0700,41.2324
Watch,ms,2022-10-22 13:51:12 -0700,2022-10-22 13:52:11 -0700,16.8119
Watch,ms,2022-10-22 16:33:21 -0700,2022-10-22 16:33:54 -0700,15.5044
Watch,ms,2022-10-22 19:32:01 -0700,2022-10-22 19:33:00 -0700,23.1565
Watch,ms,2022-10-22 20:08:12 -0700,2022-10-22 20:09:12 -0700,11.4235
Watch,ms,2022-10-22 22:05:02 -0700,2022-10-22 22:06:01 -0700,34.1352
Watch,ms,2022-10-22 23:51:24 -0700,2022-10-22 23:52:24 -0700,21.5799
Watch,ms,2022-10-23 01:47:55 -0700,2022-10-23 01:48:55 -0700,42.8962
Watch,ms,2022-10-23 03:47:34 -0700,2022-10-23 03:48:33 -0700,46.5411
Watch,ms,2022-10-23 05:47:34 -0700,2022-10-23 05:48:33 -0700,59.2919
Watch,ms,2022-10-23 07:47:33 -0700,2022-10-23 07:48:33 -0700,68.7147
Watch,ms,2022-10-23 09:47:33 -0700,2022-10-23 09:48:33 -0700,35.3185
Watch,ms,2022-10-23 11:47:36 -0700,2022-10-23 11:48:35 -0700,29.6042
Watch,ms,2022-10-23 13:47:34 -0700,2022-10-23 13:48:25 -0700,31.5741
Watch,ms,2022-10-23 16:55:18 -0700,2022-10-23 16:56:13 -0700,12.351
Watch,ms,2022-10-23 19:14:08 -0700,2022-10-23 19:15:08 -0700,25.8414
Watch,ms,2022-10-23 22:31:57 -0700,2022-10-23 22:32:54 -0700,48.1854
Watch,ms,2022-10-23 22:45:39 -0700,2022-10-23 22:46:38 -0700,41.1932
Watch,ms,2022-10-23 23:48:06 -0700,2022-10-23 23:49:00 -0700,27.8305
Watch,ms,2022-10-24 01:47:32 -0700,2022-10-24 01:48:32 -0700,55.6599
Watch,ms,2022-10-24 03:47:35 -0700,2022-10-24 03:48:34 -0700,37.3593
Watch,ms,2022-10-24 05:47:32 -0700,2022-10-24 05:48:32 -0700,73.5532
Watch,ms,2022-10-24 07:47:37 -0700,2022-10-24 07:48:37 -0700,92.5816
Watch,ms,2022-10-24 17:01:37 -0700,2022-10-24 17:01:48 -0700,7.16829
Watch,ms,2022-10-24 18:05:09 -0700,2022-10-24 18:06:08 -0700,48.5445
Watch,ms,2022-10-24 20:11:21 -0700,2022-10-24 20:12:20 -0700,57.9685
Watch,ms,2022-10-24 21:50:34 -0700,2022-10-24 21:51:33 -0700,49.7962
Watch,ms,2022-10-25 01:33:06 -0700,2022-10-25 01:34:06 -0700,60.0444
Watch,ms,2022-10-25 02:03:03 -0700,2022-10-25 02:04:02 -0700,54.3419
Watch,ms,2022-10-25 03:47:34 -0700,2022-10-25 03:48:33 -0700,41.557
Watch,ms,2022-10-25 05:47:36 -0700,2022-10-25 05:48:35 -0700,73.5648
Watch,ms,2022-10-25 16:30:46 -0700,2022-10-25 16:31:45 -0700,27.732
Watch,ms,2022-10-25 18:46:28 -0700,2022-10-25 18:47:25 -0700,41.2845
Watch,ms,2022-10-25 19:47:35 -0700,2022-10-25 19:48:34 -0700,42.7538
Watch,ms,2022-10-25 21:52:03 -0700,2022-10-25 21:53:02 -0700,26.7403
Watch,ms,2022-10-26 11:20:34 -0700,2022-10-26 11:21:34 -0700,16.3575
Watch,ms,2022-10-26 11:54:58 -0700,2022-10-26 11:55:58 -0700,16.3028
Watch,ms,2022-10-26 13:47:35 -0700,2022-10-26 13:48:34 -0700,47.8752
Watch,ms,2022-10-26 15:54:20 -0700,2022-10-26 15:55:20 -0700,44.415
Watch,ms,2022-10-26 17:57:18 -0700,2022-10-26 17:58:18 -0700,38.5551
Watch,ms,2022-10-26 20:09:15 -0700,2022-10-26 20:10:13 -0700,75.2986
Watch,ms,2022-10-26 23:06:21 -0700,2022-10-26 23:07:21 -0700,16.6956
Watch,ms,2022-10-27 09:56:32 -0700,2022-10-27 09:57:31 -0700,91.404
Watch,ms,2022-10-27 13:26:41 -0700,2022-10-27 13:27:41 -0700,30.1386
Watch,ms,2022-10-27 14:31:55 -0700,2022-10-27 14:32:55 -0700,47.9733
Watch,ms,2022-10-27 16:25:15 -0700,2022-10-27 16:26:00 -0700,37.9753
Watch,ms,2022-10-27 17:49:07 -0700,2022-10-27 17:50:07 -0700,46.0866
Watch,ms,2022-10-27 23:21:15 -0700,2022-10-27 23:22:15 -0700,19.677
Watch,ms,2022-10-28 17:21:19 -0700,2022-10-28 17:22:18 -0700,26.1879
Watch,ms,2022-10-28 23:46:33 -0700,2022-10-28 23:47:33 -0700,52.351
Watch,ms,2022-10-29 08:39:40 -0700,2022-10-29 08:40:35 -0700,106.649
Watch,ms,2022-10-29 11:07:24 -0700,2022-10-29 11:08:23 -0700,31.2461
Watch,ms,2022-10-29 13:22:16 -0700,2022-10-29 13:23:15 -0700,52.4753
Watch,ms,2022-10-30 15:59:00 -0700,2022-10-30 15:59:59 -0700,45.9601
Watch,ms,2022-10-30 17:05:53 -0700,2022-10-30 17:06:52 -0700,45.6174
Watch,ms,2022-10-30 21:36:50 -0700,2022-10-30 21:37:48 -0700,25.3497
Watch,ms,2022-10-31 11:20:06 -0700,2022-10-31 11:20:44 -0700,26.4407
Watch,ms,2022-10-31 13:13:27 -0700,2022-10-31 13:14:12 -0700,30.0552
Watch,ms,2022-10-31 16:00:51 -0700,2022-10-31 16:01:51 -0700,29.1285
Watch,ms,2022-10-31 17:23:46 -0700,2022-10-31 17:24:39 -0700,34.7315
Watch,ms,2022-10-31 19:32:04 -0700,2022-10-31 19:33:04 -0700,46.7316
Watch,ms,2022-10-31 22:19:33 -0700,2022-10-31 22:20:33 -0700,35.5302
Watch,ms,2022-10-31 23:05:56 -0700,2022-10-31 23:06:56 -0700,24.0633
Watch,ms,2022-11-01 11:33:34 -0700,2022-11-01 11:34:34 -0700,99.5161
Watch,ms,2022-11-01 13:49:22 -0700,2022-11-01 13:50:20 -0700,41.8566
Watch,ms,2022-11-01 15:16:27 -0700,2022-11-01 15:17:26 -0700,50.2937
Watch,ms,2022-11-01 17:39:24 -0700,2022-11-01 17:39:50 -0700,43.1857
Watch,ms,2022-11-01 19:44:45 -0700,2022-11-01 19:45:44 -0700,11.6358
Watch,ms,2022-11-02 10:57:53 -0700,2022-11-02 10:58:53 -0700,19.8526
Watch,ms,2022-11-02 11:06:10 -0700,2022-11-02 11:07:09 -0700,22.3676
Watch,ms,2022-11-02 13:15:38 -0700,2022-11-02 13:16:38 -0700,78.0694
Watch,ms,2022-11-02 15:14:05 -0700,2022-11-02 15:15:04 -0700,50.6518
Watch,ms,2022-11-02 17:19:47 -0700,2022-11-02 17:20:47 -0700,25.9639
Watch,ms,2022-11-03 22:04:53 -0700,2022-11-03 22:05:41 -0700,29.8597
Watch,ms,2022-11-03 23:06:07 -0700,2022-11-03 23:07:07 -0700,38.861
Watch,ms,2022-11-04 01:07:12 -0700,2022-11-04 01:08:12 -0700,67.9083
Watch,ms,2022-11-04 03:05:23 -0700,2022-11-04 03:06:23 -0700,124.156
Watch,ms,2022-11-04 05:05:25 -0700,2022-11-04 05:06:24 -0700,72.4976
Watch,ms,2022-11-04 07:05:24 -0700,2022-11-04 07:06:23 -0700,8.40003
Watch,ms,2022-11-04 09:05:23 -0700,2022-11-04 09:06:23 -0700,168.878
Watch,ms,2022-11-04 11:05:29 -0700,2022-11-04 11:06:29 -0700,99.1178
Watch,ms,2022-11-04 13:20:30 -0700,2022-11-04 13:21:29 -0700,87.9898
Watch,ms,2022-11-04 19:08:26 -0700,2022-11-04 19:09:25 -0700,21.5185
Watch,ms,2022-11-05 10:36:23 -0700,2022-11-05 10:37:21 -0700,60.7522
Watch,ms,2022-11-05 11:48:41 -0700,2022-11-05 11:49:41 -0700,21.1979
Watch,ms,2022-11-05 13:35:48 -0700,2022-11-05 13:36:48 -0700,21.244
Watch,ms,2022-11-05 20:59:22 -0700,2022-11-05 21:00:21 -0700,109.666
Watch,ms,2022-11-05 22:22:31 -0700,2022-11-05 22:23:31 -0700,21.4114
Watch,ms,2022-11-05 23:27:33 -0700,2022-11-05 23:28:33 -0700,41.5527
Watch,ms,2022-11-06 01:08:08 -0700,2022-11-06 01:09:07 -0700,52.3083
Watch,ms,2022-11-06 03:05:23 -0700,2022-11-06 03:06:22 -0700,58.2782
Watch,ms,2022-11-06 05:05:25 -0700,2022-11-06 05:06:24 -0700,14.2167
Watch,ms,2022-11-06 07:05:23 -0700,2022-11-06 07:06:23 -0700,36.0171
Watch,ms,2022-11-06 09:05:23 -0700,2022-11-06 09:06:23 -0700,10.3584
Watch,ms,2022-11-06 13:00:22 -0700,2022-11-06 13:01:22 -0700,40.3496
Watch,ms,2022-11-07 13:06:55 -0700,2022-11-07 13:07:55 -0700,28.3933
Watch,ms,2022-11-07 15:13:11 -0700,2022-11-07 15:14:10 -0700,22.8534
Watch,ms,2022-11-07 17:10:15 -0700,2022-11-07 17:11:13 -0700,31.8837
Watch,ms,2022-11-07 19:05:45 -0700,2022-11-07 19:06:37 -0700,82.0384
Watch,ms,2022-11-07 21:06:19 -0700,2022-11-07 21:07:16 -0700,59.2679
Watch,ms,2022-11-07 23:21:59 -0700,2022-11-07 23:22:58 -0700,59.6267
Watch,ms,2022-11-08 01:06:27 -0700,2022-11-08 01:07:27 -0700,52.3031
Watch,ms,2022-11-08 23:58:14 -0700,2022-11-08 23:59:14 -0700,49.7122
Watch,ms,2022-11-09 01:05:23 -0700,2022-11-09 01:06:23 -0700,25.1706
Watch,ms,2022-11-09 12:23:21 -0700,2022-11-09 12:24:19 -0700,17.6707
Watch,ms,2022-11-09 13:30:30 -0700,2022-11-09 13:31:19 -0700,27.4828
Watch,ms,2022-11-09 15:06:42 -0700,2022-11-09 15:07:35 -0700,51.8105
Watch,ms,2022-11-09 17:06:43 -0700,2022-11-09 17:07:40 -0700,28.0108
Watch,ms,2022-11-09 21:55:31 -0700,2022-11-09 21:56:28 -0700,23.6537
Watch,ms,2022-11-09 23:13:12 -0700,2022-11-09 23:14:10 -0700,38.8762
Watch,ms,2022-11-10 13:28:57 -0700,2022-11-10 13:29:57 -0700,60.0677
Watch,ms,2022-11-10 16:43:12 -0700,2022-11-10 16:44:12 -0700,61.1966
Watch,ms,2022-11-10 17:38:16 -0700,2022-11-10 17:39:15 -0700,64.6661
Watch,ms,2022-11-10 19:08:21 -0700,2022-11-10 19:09:18 -0700,29.4813
Watch,ms,2022-11-10 21:19:57 -0700,2022-11-10 21:20:56 -0700,35.1316
Watch,ms,2022-11-10 23:07:39 -0700,2022-11-10 23:08:38 -0700,27.6178
Watch,ms,2022-11-11 11:58:51 -0700,2022-11-11 11:59:38 -0700,37.4306
Watch,ms,2022-11-11 14:05:43 -0700,2022-11-11 14:06:36 -0700,40.056
Watch,ms,2022-11-11 19:10:31 -0700,2022-11-11 19:11:27 -0700,70.723
Watch,ms,2022-11-11 20:05:39 -0700,2022-11-11 20:06:39 -0700,51.5872
Watch,ms,2022-11-11 21:05:26 -0700,2022-11-11 21:06:25 -0700,43.879
Watch,ms,2022-11-12 12:28:10 -0700,2022-11-12 12:29:09 -0700,40.105
Watch,ms,2022-11-12 13:05:43 -0700,2022-11-12 13:06:38 -0700,35.6893
Watch,ms,2022-11-14 12:55:16 -0700,2022-11-14 12:55:58 -0700,80.1692
Watch,ms,2022-11-14 13:20:36 -0700,2022-11-14 13:21:22 -0700,23.4672
Watch,ms,2022-11-14 15:14:19 -0700,2022-11-14 15:15:15 -0700,35.1816
Watch,ms,2022-11-14 17:07:57 -0700,2022-11-14 17:08:53 -0700,42.3212
Watch,ms,2022-11-14 19:05:24 -0700,2022-11-14 19:06:23 -0700,28.877
Watch,ms,2022-11-14 21:28:37 -0700,2022-11-14 21:29:36 -0700,56.2271
Watch,ms,2022-11-15 11:01:55 -0700,2022-11-15 11:02:55 -0700,36.2262
Watch,ms,2022-11-15 11:49:47 -0700,2022-11-15 11:50:45 -0700,49.9131
Watch,ms,2022-11-15 13:10:13 -0700,2022-11-15 13:11:13 -0700,11.7691
Watch,ms,2022-11-15 15:37:29 -0700,2022-11-15 15:38:29 -0700,43.4722
Watch,ms,2022-11-15 16:19:18 -0700,2022-11-15 16:20:17 -0700,55.346
Watch,ms,2022-11-15 18:01:32 -0700,2022-11-15 18:02:30 -0700,22.0884
Watch,ms,2022-11-16 17:32:26 -0700,2022-11-16 17:33:23 -0700,20.5324
Watch,ms,2022-11-16 20:03:44 -0700,2022-11-16 20:04:43 -0700,46.5277
Watch,ms,2022-11-16 22:08:20 -0700,2022-11-16 22:09:19 -0700,50.9963
Watch,ms,2022-11-17 18:39:19 -0700,2022-11-17 18:40:18 -0700,18.6
Watch,ms,2022-11-19 15:20:27 -0700,2022-11-19 15:21:27 -0700,48.548
Watch,ms,2022-11-19 17:16:11 -0700,2022-11-19 17:17:11 -0700,22.802
Watch,ms,2022-11-19 18:24:55 -0700,2022-11-19 18:25:55 -0700,48.2253
Watch,ms,2022-11-20 01:20:43 -0700,2022-11-20 01:21:43 -0700,15.1033
Watch,ms,2022-11-20 14:08:35 -0700,2022-11-20 14:09:33 -0700,59.7875
Watch,ms,2022-11-20 17:00:27 -0700,2022-11-20 17:01:16 -0700,30.0848
Watch,ms,2022-11-22 14:15:14 -0700,2022-11-22 14:16:13 -0700,68.7136
Watch,ms,2022-11-22 16:02:13 -0700,2022-11-22 16:03:12 -0700,22.2884
Watch,ms,2022-11-22 18:36:16 -0700,2022-11-22 18:37:14 -0700,23.8892
Watch,ms,2022-11-22 20:02:43 -0700,2022-11-22 20:03:42 -0700,17.8821
Watch,ms,2022-11-22 22:01:30 -0700,2022-11-22 22:02:29 -0700,14.5445
Watch,ms,2022-11-23 00:01:30 -0700,2022-11-23 00:02:29 -0700,26.805
Watch,ms,2022-11-23 02:04:57 -0700,2022-11-23 02:05:56 -0700,77.7994
Watch,ms,2022-11-23 04:01:29 -0700,2022-11-23 04:02:28 -0700,57.7994
Watch,ms,2022-11-23 13:51:28 -0700,2022-11-23 13:52:28 -0700,41.694
Watch,ms,2022-11-23 14:01:29 -0700,2022-11-23 14:02:22 -0700,49.3836
Watch,ms,2022-11-24 17:08:50 -0700,2022-11-24 17:09:50 -0700,26.3363
Watch,ms,2022-11-27 14:10:50 -0700,2022-11-27 14:11:47 -0700,88.2461
Watch,ms,2022-11-27 17:06:28 -0700,2022-11-27 17:07:26 -0700,41.4352
Watch,ms,2022-11-27 18:19:40 -0700,2022-11-27 18:20:39 -0700,15.7217
Watch,ms,2022-11-27 21:32:33 -0700,2022-11-27 21:32:49 -0700,31.9834
Watch,ms,2022-11-27 22:48:42 -0700,2022-11-27 22:49:38 -0700,7.99735
Watch,ms,2022-11-28 18:22:09 -0700,2022-11-28 18:23:09 -0700,36.3682
Watch,ms,2022-11-28 20:41:27 -0700,2022-11-28 20:42:27 -0700,38.331
Watch,ms,2022-11-28 23:42:03 -0700,2022-11-28 23:42:55 -0700,13.0082
Watch,ms,2022-11-29 00:02:37 -0700,2022-11-29 00:03:28 -0700,21.9525
Watch,ms,2022-11-29 14:53:19 -0700,2022-11-29 14:54:18 -0700,20.4702
Watch,ms,2022-11-29 19:47:57 -0700,2022-11-29 19:48:43 -0700,24.3868
Watch,ms,2022-11-30 15:24:59 -0700,2022-11-30 15:25:52 -0700,35.4406
Watch,ms,2022-11-30 16:48:51 -0700,2022-11-30 16:49:50 -0700,43.1873
Watch,ms,2022-11-30 18:07:47 -0700,2022-11-30 18:08:46 -0700,71.4115
Watch,ms,2022-11-30 22:37:52 -0700,2022-11-30 22:38:51 -0700,28.4889
Watch,ms,2022-12-01 00:01:34 -0700,2022-12-01 00:02:34 -0700,14.3821
Watch,ms,2022-12-01 02:02:00 -0700,2022-12-01 02:02:56 -0700,23.2779
Watch,ms,2022-12-01 12:50:16 -0700,2022-12-01 12:51:00 -0700,23.4748
Watch,ms,2022-12-01 20:10:17 -0700,2022-12-01 20:11:15 -0700,57.6178
Watch,ms,2022-12-02 10:27:24 -0700,2022-12-02 10:28:22 -0700,110.695
Watch,ms,2022-12-02 12:03:39 -0700,2022-12-02 12:04:38 -0700,48.3646
Watch,ms,2022-12-02 14:08:39 -0700,2022-12-02 14:09:38 -0700,58.3852
Watch,ms,2022-12-02 16:09:47 -0700,2022-12-02 16:10:46 -0700,46.9271
Watch,ms,2022-12-03 11:06:19 -0700,2022-12-03 11:07:17 -0700,40.0661
Watch,ms,2022-12-03 12:08:15 -0700,2022-12-03 12:09:14 -0700,72.4166
Watch,ms,2022-12-03 14:21:12 -0700,2022-12-03 14:22:09 -0700,27.4944
Watch,ms,2022-12-04 20:32:27 -0700,2022-12-04 20:33:26 -0700,67.621
Watch,ms,2022-12-05 13:25:26 -0700,2022-12-05 13:26:25 -0700,26.6726
Watch,ms,2022-12-05 14:08:18 -0700,2022-12-05 14:09:10 -0700,45.905
Watch,ms,2022-12-06 00:07:43 -0700,2022-12-06 00:08:43 -0700,21.7228
Watch,ms,2022-12-06 13:09:04 -0700,2022-12-06 13:10:02 -0700,33.6882
Watch,ms,2022-12-06 21:06:15 -0700,2022-12-06 21:07:14 -0700,74.1627
Watch,ms,2022-12-08 10:06:54 -0700,2022-12-08 10:07:53 -0700,100.094
Watch,ms,2022-12-08 10:09:02 -0700,2022-12-08 10:10:01 -0700,59.0712
Watch,ms,2022-12-09 15:46:37 -0700,2022-12-09 15:47:37 -0700,19.1088
Watch,ms,2022-12-09 16:01:30 -0700,2022-12-09 16:02:30 -0700,36.1741
Watch,ms,2022-12-09 19:18:59 -0700,2022-12-09 19:19:58 -0700,31.5589
Watch,ms,2022-12-09 20:10:24 -0700,2022-12-09 20:11:24 -0700,55.9643
Watch,ms,2022-12-11 18:17:39 -0700,2022-12-11 18:18:39 -0700,37.4799
Watch,ms,2022-12-11 18:19:53 -0700,2022-12-11 18:20:52 -0700,39.5438
Watch,ms,2022-12-12 09:12:25 -0700,2022-12-12 09:13:23 -0700,18.8914
Watch,ms,2022-12-12 10:05:15 -0700,2022-12-12 10:06:14 -0700,38.5976
Watch,ms,2022-12-12 12:26:34 -0700,2022-12-12 12:27:30 -0700,50.9724
Watch,ms,2022-12-12 14:29:19 -0700,2022-12-12 14:30:18 -0700,28.6007
Watch,ms,2022-12-12 16:15:02 -0700,2022-12-12 16:16:02 -0700,39.5228
Watch,ms,2022-12-13 09:09:21 -0700,2022-12-13 09:09:36 -0700,42.752
Watch,ms,2022-12-13 10:14:12 -0700,2022-12-13 10:15:12 -0700,46.2103
Watch,ms,2022-12-13 12:48:38 -0700,2022-12-13 12:49:37 -0700,51.2745
Watch,ms,2022-12-13 14:27:17 -0700,2022-12-13 14:28:15 -0700,37.6983
Watch,ms,2022-12-13 16:06:21 -0700,2022-12-13 16:07:20 -0700,60.7249
Watch,ms,2022-12-13 19:32:34 -0700,2022-12-13 19:33:33 -0700,70.2234
Watch,ms,2022-12-13 21:59:28 -0700,2022-12-13 22:00:28 -0700,28.3212
Watch,ms,2022-12-13 22:01:53 -0700,2022-12-13 22:02:53 -0700,28.2801
Watch,ms,2022-12-14 09:04:34 -0700,2022-12-14 09:05:33 -0700,30.1969
Watch,ms,2022-12-14 09:09:20 -0700,2022-12-14 09:10:20 -0700,65.6546
Watch,ms,2022-12-14 10:01:30 -0700,2022-12-14 10:02:29 -0700,46.4685
Watch,ms,2022-12-14 12:29:29 -0700,2022-12-14 12:30:26 -0700,45.9965
Watch,ms,2022-12-14 14:24:52 -0700,2022-12-14 14:25:50 -0700,60.7151
Watch,ms,2022-12-14 16:02:11 -0700,2022-12-14 16:03:10 -0700,94.6194
Watch,ms,2022-12-14 18:35:56 -0700,2022-12-14 18:36:35 -0700,34.6136
Watch,ms,2022-12-14 20:04:42 -0700,2022-12-14 20:05:27 -0700,45.6896
Watch,ms,2022-12-15 12:34:18 -0700,2022-12-15 12:35:18 -0700,66.3526
Watch,ms,2022-12-15 13:36:38 -0700,2022-12-15 13:37:34 -0700,24.0889
Watch,ms,2022-12-15 14:01:30 -0700,2022-12-15 14:02:29 -0700,40.8739
Watch,ms,2022-12-15 16:05:31 -0700,2022-12-15 16:06:23 -0700,33.0586
Watch,ms,2022-12-16 18:52:14 -0700,2022-12-16 18:53:13 -0700,14.2382
Watch,ms,2022-12-17 15:09:39 -0700,2022-12-17 15:10:38 -0700,34.5242
Watch,ms,2022-12-17 16:52:04 -0700,2022-12-17 16:53:04 -0700,12.6324
Watch,ms,2022-12-18 02:45:29 -0700,2022-12-18 02:46:29 -0700,15.5049
Watch,ms,2022-12-18 02:49:47 -0700,2022-12-18 02:50:43 -0700,12.0799
Watch,ms,2022-12-18 04:47:33 -0700,2022-12-18 04:48:32 -0700,14.337
Watch,ms,2022-12-18 06:47:34 -0700,2022-12-18 06:48:33 -0700,29.4635
Watch,ms,2022-12-19 10:47:39 -0700,2022-12-19 10:48:33 -0700,12.5178
Watch,ms,2022-12-19 13:34:12 -0700,2022-12-19 13:35:01 -0700,106.94
Watch,ms,2022-12-19 14:53:32 -0700,2022-12-19 14:54:21 -0700,47.1253
Watch,ms,2022-12-19 17:17:34 -0700,2022-12-19 17:18:19 -0700,47.8202
Watch,ms,2022-12-19 22:06:18 -0700,2022-12-19 22:07:17 -0700,25.2324
Watch,ms,2022-12-20 09:45:53 -0700,2022-12-20 09:46:51 -0700,70.458
Watch,ms,2022-12-20 10:23:43 -0700,2022-12-20 10:24:42 -0700,51.9488
Watch,ms,2022-12-20 14:22:10 -0700,2022-12-20 14:22:40 -0700,16.2919
Watch,ms,2022-12-20 16:35:20 -0700,2022-12-20 16:36:11 -0700,92.2026
Watch,ms,2022-12-20 18:26:06 -0700,2022-12-20 18:27:04 -0700,40.6106
Watch,ms,2022-12-20 21:59:54 -0700,2022-12-20 22:00:53 -0700,77.7014
Watch,ms,2022-12-21 08:53:58 -0700,2022-12-21 08:54:55 -0700,41.6224
Watch,ms,2022-12-21 10:22:26 -0700,2022-12-21 10:23:24 -0700,47.8823
Watch,ms,2022-12-21 12:22:52 -0700,2022-12-21 12:23:51 -0700,49.9913
Watch,ms,2022-12-21 14:40:50 -0700,2022-12-21 14:41:44 -0700,74.0424
Watch,ms,2022-12-21 17:11:50 -0700,2022-12-21 17:12:45 -0700,25.1813
Watch,ms,2022-12-21 18:24:18 -0700,2022-12-21 18:24:59 -0700,8.16347
Watch,ms,2022-12-22 09:33:56 -0700,2022-12-22 09:34:56 -0700,28.8266
Watch,ms,2022-12-22 11:48:37 -0700,2022-12-22 11:49:37 -0700,36.088
Watch,ms,2022-12-22 12:29:38 -0700,2022-12-22 12:30:27 -0700,41.3917
Watch,ms,2022-12-22 15:29:18 -0700,2022-12-22 15:30:18 -0700,76.6989
Watch,ms,2022-12-22 16:27:26 -0700,2022-12-22 16:28:26 -0700,80.322
Watch,ms,2022-12-23 10:44:58 -0700,2022-12-23 10:45:58 -0700,48.1755
Watch,ms,2022-12-23 10:59:20 -0700,2022-12-23 11:00:19 -0700,50.4605
Watch,ms,2022-12-23 13:16:32 -0700,2022-12-23 13:17:31 -0700,51.9857
Watch,ms,2022-12-23 14:55:37 -0700,2022-12-23 14:56:34 -0700,83.4948
Watch,ms,2022-12-24 14:06:25 -0700,2022-12-24 14:07:25 -0700,42.2506
Watch,ms,2022-12-24 15:06:44 -0700,2022-12-24 15:07:42 -0700,28.4619
Watch,ms,2022-12-26 13:30:20 -0700,2022-12-26 13:31:19 -0700,25.9896
Watch,ms,2022-12-26 15:14:58 -0700,2022-12-26 15:15:58 -0700,40.8356
Watch,ms,2022-12-26 17:11:28 -0700,2022-12-26 17:12:27 -0700,22.4939
Watch,ms,2022-12-27 09:15:44 -0700,2022-12-27 09:16:44 -0700,43.8157
Watch,ms,2022-12-27 10:32:22 -0700,2022-12-27 10:33:22 -0700,70.5735
Watch,ms,2022-12-27 12:36:40 -0700,2022-12-27 12:37:38 -0700,44.9823
Watch,ms,2022-12-27 14:33:49 -0700,2022-12-27 14:34:49 -0700,64.683
Watch,ms,2022-12-27 16:43:49 -0700,2022-12-27 16:44:48 -0700,58.6764
Watch,ms,2022-12-27 21:19:52 -0700,2022-12-27 21:20:47 -0700,15.9651
Watch,ms,2022-12-28 11:31:02 -0700,2022-12-28 11:31:52 -0700,65.6234
Watch,ms,2022-12-28 12:56:07 -0700,2022-12-28 12:57:06 -0700,51.3545
Watch,ms,2022-12-28 14:57:48 -0700,2022-12-28 14:58:47 -0700,78.368
Watch,ms,2022-12-28 16:49:46 -0700,2022-12-28 16:50:45 -0700,40.3894
Watch,ms,2022-12-29 08:41:33 -0700,2022-12-29 08:42:30 -0700,37.5111
Watch,ms,2022-12-29 10:46:30 -0700,2022-12-29 10:47:17 -0700,71.4909
Watch,ms,2022-12-29 13:13:56 -0700,2022-12-29 13:14:48 -0700,33.0723
Watch,ms,2022-12-29 15:09:10 -0700,2022-12-29 15:10:09 -0700,72.8445
Watch,ms,2022-12-29 16:33:44 -0700,2022-12-29 16:34:43 -0700,78.2778
Watch,ms,2022-12-30 12:12:03 -0700,2022-12-30 12:13:02 -0700,67.5236
Watch,ms,2022-12-30 12:33:45 -0700,2022-12-30 12:34:44 -0700,60.3557
Watch,ms,2022-12-30 15:08:34 -0700,2022-12-30 15:09:33 -0700,38.6621
Watch,ms,2022-12-30 16:32:08 -0700,2022-12-30 16:33:08 -0700,59.6392
Watch,ms,2022-12-31 16:57:16 -0700,2022-12-31 16:58:16 -0700,29.7968
Watch,ms,2022-12-31 19:23:55 -0700,2022-12-31 19:24:55 -0700,32.1705
Watch,ms,2022-12-31 20:31:50 -0700,2022-12-31 20:32:49 -0700,71.4408
Watch,ms,2022-12-31 22:34:15 -0700,2022-12-31 22:35:14 -0700,9.4112
Watch,ms,2023-01-01 00:35:01 -0700,2023-01-01 00:36:01 -0700,35.5967
Watch,ms,2023-01-01 12:50:23 -0700,2023-01-01 12:51:23 -0700,24.5364
Watch,ms,2023-01-02 18:06:59 -0700,2023-01-02 18:07:56 -0700,30.6111
Watch,ms,2023-01-03 08:54:00 -0700,2023-01-03 08:55:00 -0700,53.464
Watch,ms,2023-01-03 10:32:13 -0700,2023-01-03 10:33:12 -0700,29.6548
Watch,ms,2023-01-03 12:01:11 -0700,2023-01-03 12:02:10 -0700,61.1086
Watch,ms,2023-01-03 14:00:24 -0700,2023-01-03 14:01:22 -0700,46.6979
Watch,ms,2023-01-03 16:01:22 -0700,2023-01-03 16:02:20 -0700,111.09
Watch,ms,2023-01-03 18:29:55 -0700,2023-01-03 18:30:55 -0700,65.4637
Watch,ms,2023-01-04 11:36:04 -0700,2023-01-04 11:37:02 -0700,76.0256
Watch,ms,2023-01-04 12:00:50 -0700,2023-01-04 12:01:45 -0700,31.9031
Watch,ms,2023-01-04 14:00:36 -0700,2023-01-04 14:01:27 -0700,14.3862
Watch,ms,2023-01-04 17:12:58 -0700,2023-01-04 17:13:56 -0700,33.8536
Watch,ms,2023-01-05 09:52:10 -0700,2023-01-05 09:52:53 -0700,51.2067
Watch,ms,2023-01-05 12:00:58 -0700,2023-01-05 12:01:53 -0700,51.8542
Watch,ms,2023-01-05 15:09:32 -0700,2023-01-05 15:10:31 -0700,64.2743
Watch,ms,2023-01-05 16:02:17 -0700,2023-01-05 16:03:17 -0700,81.7397
Watch,ms,2023-01-05 22:44:21 -0700,2023-01-05 22:45:20 -0700,75.5734
Watch,ms,2023-01-08 00:53:42 -0700,2023-01-08 00:54:41 -0700,52.9745
Watch,ms,2023-01-09 10:33:38 -0700,2023-01-09 10:34:34 -0700,30.5689
Watch,ms,2023-01-09 12:16:41 -0700,2023-01-09 12:17:40 -0700,52.272
Watch,ms,2023-01-09 14:01:06 -0700,2023-01-09 14:02:01 -0700,38.7601
Watch,ms,2023-01-09 17:30:54 -0700,2023-01-09 17:31:54 -0700,11.6064
Watch,ms,2023-01-09 18:14:24 -0700,2023-01-09 18:15:24 -0700,70.9462
Watch,ms,2023-01-10 10:20:07 -0700,2023-01-10 10:21:00 -0700,84.5765
Watch,ms,2023-01-10 12:25:30 -0700,2023-01-10 12:26:30 -0700,118.527
Watch,ms,2023-01-10 14:06:00 -0700,2023-01-10 14:07:00 -0700,51.5542
Watch,ms,2023-01-10 18:12:00 -0700,2023-01-10 18:12:55 -0700,28.884
Watch,ms,2023-01-11 10:01:17 -0700,2023-01-11 10:02:17 -0700,44.5093
Watch,ms,2023-01-11 12:13:25 -0700,2023-01-11 12:14:25 -0700,48.355
Watch,ms,2023-01-11 14:12:14 -0700,2023-01-11 14:13:07 -0700,50.0179
Watch,ms,2023-01-11 16:01:22 -0700,2023-01-11 16:02:21 -0700,38.6841
Watch,ms,2023-01-12 13:03:07 -0700,2023-01-12 13:04:06 -0700,54.5343
Watch,ms,2023-01-12 14:43:57 -0700,2023-01-12 14:44:52 -0700,62.0541
Watch,ms,2023-01-12 17:00:58 -0700,2023-01-12 17:01:46 -0700,31.5426
Watch,ms,2023-01-13 11:21:21 -0700,2023-01-13 11:22:20 -0700,51.7871
Watch,ms,2023-01-13 12:53:37 -0700,2023-01-13 12:54:28 -0700,42.7074
Watch,ms,2023-01-13 14:51:07 -0700,2023-01-13 14:51:54 -0700,58.351
Watch,ms,2023-01-13 16:51:18 -0700,2023-01-13 16:52:17 -0700,31.0921
Watch,ms,2023-01-13 20:29:24 -0700,2023-01-13 20:30:18 -0700,38.9456
Watch,ms,2023-01-13 21:13:01 -0700,2023-01-13 21:14:00 -0700,19.0092
Watch,ms,2023-01-14 12:33:42 -0700,2023-01-14 12:34:37 -0700,50.338
Watch,ms,2023-01-15 12:55:40 -0700,2023-01-15 12:56:40 -0700,82.4541
Watch,ms,2023-01-16 09:31:30 -0700,2023-01-16 09:32:30 -0700,41.4619
Watch,ms,2023-01-16 09:52:57 -0700,2023-01-16 09:53:54 -0700,57.5205
Watch,ms,2023-01-16 11:49:22 -0700,2023-01-16 11:50:22 -0700,38.2532
Watch,ms,2023-01-16 13:36:46 -0700,2023-01-16 13:37:45 -0700,49.8108
Watch,ms,2023-01-16 15:34:30 -0700,2023-01-16 15:35:28 -0700,52.7656
Watch,ms,2023-01-16 17:49:38 -0700,2023-01-16 17:50:38 -0700,34.3954
Watch,ms,2023-01-17 08:14:52 -0700,2023-01-17 08:15:37 -0700,10.89
Watch,ms,2023-01-17 09:34:59 -0700,2023-01-17 09:35:58 -0700,39.4646
Watch,ms,2023-01-17 12:07:29 -0700,2023-01-17 12:08:29 -0700,66.2969
Watch,ms,2023-01-17 13:58:05 -0700,2023-01-17 13:59:04 -0700,40.2732
Watch,ms,2023-01-17 15:38:09 -0700,2023-01-17 15:39:08 -0700,128.752
Watch,ms,2023-01-18 10:26:18 -0700,2023-01-18 10:27:18 -0700,16.31
Watch,ms,2023-01-18 12:09:36 -0700,2023-01-18 12:10:33 -0700,29.3528
Watch,ms,2023-01-18 13:36:22 -0700,2023-01-18 13:37:22 -0700,44.9938
Watch,ms,2023-01-18 16:16:28 -0700,2023-01-18 16:17:28 -0700,37.793
Watch,ms,2023-01-18 18:00:20 -0700,2023-01-18 18:01:20 -0700,41.5053
Watch,ms,2023-01-19 10:06:41 -0700,2023-01-19 10:07:31 -0700,24.6463
Watch,ms,2023-01-19 12:07:18 -0700,2023-01-19 12:08:16 -0700,47.7099
Watch,ms,2023-01-19 13:56:24 -0700,2023-01-19 13:57:23 -0700,45.3886
Watch,ms,2023-01-19 16:43:05 -0700,2023-01-19 16:44:05 -0700,44.939
Watch,ms,2023-01-19 17:38:11 -0700,2023-01-19 17:39:04 -0700,25.3852
Watch,ms,2023-01-20 09:35:24 -0700,2023-01-20 09:36:24 -0700,88.1432
Watch,ms,2023-01-20 14:53:07 -0700,2023-01-20 14:54:06 -0700,40.3718
Watch,ms,2023-01-20 16:10:15 -0700,2023-01-20 16:11:15 -0700,51.4672
Watch,ms,2023-01-20 20:03:25 -0700,2023-01-20 20:04:25 -0700,9.4573
Watch,ms,2023-01-21 15:20:44 -0700,2023-01-21 15:21:44 -0700,75.0596
Watch,ms,2023-01-22 09:55:14 -0700,2023-01-22 09:56:12 -0700,78.7951
Watch,ms,2023-01-23 14:31:05 -0700,2023-01-23 14:32:05 -0700,44.6071
Watch,ms,2023-01-23 15:36:47 -0700,2023-01-23 15:37:45 -0700,45.0309
Watch,ms,2023-01-23 17:39:31 -0700,2023-01-23 17:40:25 -0700,67.3439
Watch,ms,2023-01-23 22:50:21 -0700,2023-01-23 22:51:21 -0700,41.7282
Watch,ms,2023-01-23 23:43:21 -0700,2023-01-23 23:44:21 -0700,17.5843
Watch,ms,2023-01-24 08:36:31 -0700,2023-01-24 08:37:27 -0700,98.4415
Watch,ms,2023-01-24 09:48:11 -0700,2023-01-24 09:49:02 -0700,27.6466
Watch,ms,2023-01-24 12:20:19 -0700,2023-01-24 12:20:52 -0700,53.3579
Watch,ms,2023-01-24 13:48:54 -0700,2023-01-24 13:49:54 -0700,59.6721
Watch,ms,2023-01-24 15:34:12 -0700,2023-01-24 15:35:06 -0700,57.0635
Watch,ms,2023-01-24 19:37:49 -0700,2023-01-24 19:38:41 -0700,14.5665
Watch,ms,2023-01-24 19:51:47 -0700,2023-01-24 19:52:45 -0700,17.2513
Watch,ms,2023-01-25 10:09:31 -0700,2023-01-25 10:10:31 -0700,88.3088
Watch,ms,2023-01-25 11:42:37 -0700,2023-01-25 11:43:37 -0700,58.9365
Watch,ms,2023-01-25 14:19:36 -0700,2023-01-25 14:20:35 -0700,76.2089
Watch,ms,2023-01-25 15:49:36 -0700,2023-01-25 15:50:35 -0700,141.376
Watch,ms,2023-01-26 09:07:15 -0700,2023-01-26 09:07:43 -0700,73.4238
Watch,ms,2023-01-26 09:49:49 -0700,2023-01-26 09:50:44 -0700,18.6285
Watch,ms,2023-01-26 11:34:14 -0700,2023-01-26 11:35:14 -0700,73.5211
Watch,ms,2023-01-26 14:15:45 -0700,2023-01-26 14:16:44 -0700,114.471
Watch,ms,2023-01-26 15:44:39 -0700,2023-01-26 15:45:39 -0700,29.3384
Watch,ms,2023-01-27 08:26:33 -0700,2023-01-27 08:27:21 -0700,54.422
Watch,ms,2023-01-27 09:16:08 -0700,2023-01-27 09:17:07 -0700,93.7215
Watch,ms,2023-01-27 10:56:19 -0700,2023-01-27 10:57:17 -0700,28.8758
Watch,ms,2023-01-27 12:40:06 -0700,2023-01-27 12:41:06 -0700,88.0654
Watch,ms,2023-01-27 13:47:23 -0700,2023-01-27 13:48:22 -0700,86.9395
Watch,ms,2023-01-27 15:48:34 -0700,2023-01-27 15:49:32 -0700,37.7743
Watch,ms,2023-01-27 17:42:40 -0700,2023-01-27 17:43:28 -0700,37.195
Watch,ms,2023-01-27 21:43:58 -0700,2023-01-27 21:44:57 -0700,38.4193
Watch,ms,2023-01-30 08:14:30 -0700,2023-01-30 08:15:30 -0700,42.8648
Watch,ms,2023-01-30 09:34:56 -0700,2023-01-30 09:35:56 -0700,50.2538
Watch,ms,2023-01-30 11:36:25 -0700,2023-01-30 11:37:25 -0700,33.9819
Watch,ms,2023-01-30 14:19:16 -0700,2023-01-30 14:20:16 -0700,50.8747
Watch,ms,2023-01-30 15:45:52 -0700,2023-01-30 15:46:52 -0700,49.8659
Watch,ms,2023-01-31 11:40:28 -0700,2023-01-31 11:41:27 -0700,58.9022
Watch,ms,2023-01-31 13:34:06 -0700,2023-01-31 13:35:06 -0700,37.333
Watch,ms,2023-01-31 15:48:24 -0700,2023-01-31 15:49:18 -0700,46.6677
Watch,ms,2023-01-31 17:57:22 -0700,2023-01-31 17:58:16 -0700,33.8223
Watch,ms,2023-02-01 10:37:34 -0700,2023-02-01 10:38:33 -0700,69.8212
Watch,ms,2023-02-01 10:48:24 -0700,2023-02-01 10:49:24 -0700,38.1778
Watch,ms,2023-02-01 12:35:49 -0700,2023-02-01 12:36:49 -0700,37.0742
Watch,ms,2023-02-01 14:22:48 -0700,2023-02-01 14:23:48 -0700,50.9172
Watch,ms,2023-02-01 16:28:07 -0700,2023-02-01 16:29:07 -0700,57.1094
Watch,ms,2023-02-01 17:49:52 -0700,2023-02-01 17:50:52 -0700,26.9219
Watch,ms,2023-02-01 21:07:31 -0700,2023-02-01 21:08:17 -0700,17.2044
Watch,ms,2023-02-02 10:52:51 -0700,2023-02-02 10:53:48 -0700,46.3807
Watch,ms,2023-02-02 12:31:10 -0700,2023-02-02 12:32:05 -0700,104.152
Watch,ms,2023-02-02 14:04:42 -0700,2023-02-02 14:05:41 -0700,150.632
Watch,ms,2023-02-02 16:06:25 -0700,2023-02-02 16:06:56 -0700,60.3377
Watch,ms,2023-02-02 17:38:46 -0700,2023-02-02 17:39:46 -0700,87.187
Watch,ms,2023-02-03 10:55:20 -0700,2023-02-03 10:56:20 -0700,17.7026
Watch,ms,2023-02-03 11:42:57 -0700,2023-02-03 11:43:57 -0700,43.3922
Watch,ms,2023-02-03 14:38:49 -0700,2023-02-03 14:39:48 -0700,68.544
Watch,ms,2023-02-03 15:43:18 -0700,2023-02-03 15:44:18 -0700,79.2979
Watch,ms,2023-02-03 17:59:59 -0700,2023-02-03 18:00:31 -0700,19.9183
Watch,ms,2023-02-06 16:40:23 -0700,2023-02-06 16:41:00 -0700,18.3526
Watch,ms,2023-02-06 18:48:33 -0700,2023-02-06 18:49:33 -0700,18.1145
Watch,ms,2023-02-07 08:44:53 -0700,2023-02-07 08:45:52 -0700,93.3214
Watch,ms,2023-02-07 10:25:00 -0700,2023-02-07 10:25:53 -0700,55.3814
Watch,ms,2023-02-07 12:22:50 -0700,2023-02-07 12:23:49 -0700,44.1867
Watch,ms,2023-02-07 13:48:50 -0700,2023-02-07 13:49:47 -0700,33.4166
Watch,ms,2023-02-07 15:36:07 -0700,2023-02-07 15:37:07 -0700,37.251
Watch,ms,2023-02-07 17:44:58 -0700,2023-02-07 17:45:58 -0700,46.5703
Watch,ms,2023-02-07 21:35:32 -0700,2023-02-07 21:36:12 -0700,20.7833
Watch,ms,2023-02-08 11:29:34 -0700,2023-02-08 11:30:18 -0700,20.3379
Watch,ms,2023-02-08 11:46:34 -0700,2023-02-08 11:47:34 -0700,77.7473
Watch,ms,2023-02-08 13:58:17 -0700,2023-02-08 13:59:14 -0700,78.42
Watch,ms,2023-02-08 15:41:12 -0700,2023-02-08 15:42:08 -0700,79.3031
Watch,ms,2023-02-08 17:42:01 -0700,2023-02-08 17:42:56 -0700,45.7673
Watch,ms,2023-02-08 19:46:00 -0700,2023-02-08 19:46:53 -0700,57.5273
Watch,ms,2023-02-12 14:48:14 -0700,2023-02-12 14:49:10 -0700,22.1722
Watch,ms,2023-02-12 15:33:41 -0700,2023-02-12 15:34:35 -0700,24.5976
Watch,ms,2023-02-13 12:17:40 -0700,2023-02-13 12:18:39 -0700,35.3628
Watch,ms,2023-02-13 13:56:12 -0700,2023-02-13 13:57:02 -0700,36.7554
Watch,ms,2023-02-13 16:23:06 -0700,2023-02-13 16:23:37 -0700,29.2668
Watch,ms,2023-02-13 18:01:54 -0700,2023-02-13 18:02:53 -0700,39.7479
Watch,ms,2023-02-13 22:22:12 -0700,2023-02-13 22:23:12 -0700,52.1313
Watch,ms,2023-02-14 09:45:39 -0700,2023-02-14 09:46:38 -0700,139.44
Watch,ms,2023-02-14 11:45:36 -0700,2023-02-14 11:46:35 -0700,18.9356
Watch,ms,2023-02-14 14:00:49 -0700,2023-02-14 14:01:46 -0700,29.3892
Watch,ms,2023-02-14 15:47:03 -0700,2023-02-14 15:47:47 -0700,30.6808
Watch,ms,2023-02-14 17:34:08 -0700,2023-02-14 17:35:03 -0700,53.0782
Watch,ms,2023-02-15 10:27:28 -0700,2023-02-15 10:28:28 -0700,33.8594
Watch,ms,2023-02-15 12:18:40 -0700,2023-02-15 12:19:40 -0700,57.8474
Watch,ms,2023-02-15 13:41:59 -0700,2023-02-15 13:42:58 -0700,37.4139
Watch,ms,2023-02-15 15:59:38 -0700,2023-02-15 16:00:37 -0700,30.2031
Watch,ms,2023-02-15 18:24:48 -0700,2023-02-15 18:25:48 -0700,54.0539
Watch,ms,2023-02-15 22:10:17 -0700,2023-02-15 22:11:03 -0700,33.663
Watch,ms,2023-02-15 23:43:35 -0700,2023-02-15 23:44:35 -0700,29.5602
Watch,ms,2023-02-17 14:14:05 -0700,2023-02-17 14:14:50 -0700,51.1494
Watch,ms,2023-02-17 15:43:19 -0700,2023-02-17 15:44:18 -0700,42.0602
Watch,ms,2023-02-17 21:59:25 -0700,2023-02-17 22:00:25 -0700,39.3802
Watch,ms,2023-02-18 17:38:03 -0700,2023-02-18 17:39:02 -0700,28.0758
Watch,ms,2023-02-18 18:53:59 -0700,2023-02-18 18:54:58 -0700,16.91
Watch,ms,2023-02-18 19:46:49 -0700,2023-02-18 19:47:49 -0700,26.6475
Watch,ms,2023-02-20 08:12:44 -0700,2023-02-20 08:13:31 -0700,13.6029
Watch,ms,2023-02-20 10:46:43 -0700,2023-02-20 10:47:35 -0700,45.4809
Watch,ms,2023-02-20 11:31:29 -0700,2023-02-20 11:32:27 -0700,35.7472
Watch,ms,2023-02-20 16:12:29 -0700,2023-02-20 16:13:27 -0700,39.7701
Watch,ms,2023-02-20 17:20:04 -0700,2023-02-20 17:21:03 -0700,65.686
Watch,ms,2023-02-20 18:26:37 -0700,2023-02-20 18:27:36 -0700,49.8237
Watch,ms,2023-02-20 21:43:30 -0700,2023-02-20 21:44:30 -0700,37.1697
Watch,ms,2023-02-21 09:42:46 -0700,2023-02-21 09:43:46 -0700,35.3083
Watch,ms,2023-02-21 15:28:32 -0700,2023-02-21 15:29:17 -0700,79.8
Watch,ms,2023-02-21 21:04:55 -0700,2023-02-21 21:05:55 -0700,27.608
Watch,ms,2023-02-21 21:10:01 -0700,2023-02-21 21:11:01 -0700,39.7832
Watch,ms,2023-02-22 09:57:02 -0700,2023-02-22 09:57:57 -0700,20.1293
Watch,ms,2023-02-22 18:05:51 -0700,2023-02-22 18:06:51 -0700,31.8735
Watch,ms,2023-02-23 08:49:08 -0700,2023-02-23 08:50:01 -0700,38.0393
Watch,ms,2023-02-23 10:06:13 -0700,2023-02-23 10:07:09 -0700,17.9901
Watch,ms,2023-02-23 11:34:46 -0700,2023-02-23 11:35:46 -0700,39.776
Watch,ms,2023-02-23 14:07:41 -0700,2023-02-23 14:08:41 -0700,44.1286
Watch,ms,2023-02-23 15:44:19 -0700,2023-02-23 15:45:19 -0700,81.528
Watch,ms,2023-02-23 19:45:22 -0700,2023-02-23 19:46:22 -0700,46.5385
Watch,ms,2023-02-24 08:48:28 -0700,2023-02-24 08:49:27 -0700,95.9911
Watch,ms,2023-02-24 10:13:05 -0700,2023-02-24 10:14:03 -0700,40.2295
Watch,ms,2023-02-24 12:41:53 -0700,2023-02-24 12:42:48 -0700,36.8583
Watch,ms,2023-02-24 13:50:11 -0700,2023-02-24 13:51:06 -0700,55.0563
Watch,ms,2023-02-24 15:44:03 -0700,2023-02-24 15:45:03 -0700,59.2933
Watch,ms,2023-02-24 20:36:32 -0700,2023-02-24 20:37:32 -0700,10.6709
Watch,ms,2023-02-26 16:50:34 -0700,2023-02-26 16:51:33 -0700,94.3236
Watch,ms,2023-02-26 17:53:06 -0700,2023-02-26 17:54:05 -0700,34.7785
Watch,ms,2023-02-27 10:24:36 -0700,2023-02-27 10:25:35 -0700,37.0986
Watch,ms,2023-02-27 11:52:14 -0700,2023-02-27 11:53:06 -0700,37.1306
Watch,ms,2023-02-27 13:37:52 -0700,2023-02-27 13:38:51 -0700,109.566
Watch,ms,2023-02-27 15:32:29 -0700,2023-02-27 15:33:29 -0700,109.233
Watch,ms,2023-02-27 17:50:11 -0700,2023-02-27 17:51:10 -0700,36.4374
Watch,ms,2023-02-28 09:27:29 -0700,2023-02-28 09:28:29 -0700,26.5032
Watch,ms,2023-02-28 09:31:42 -0700,2023-02-28 09:32:41 -0700,21.1822
Watch,ms,2023-02-28 11:55:16 -0700,2023-02-28 11:55:59 -0700,46.8984
Watch,ms,2023-02-28 16:07:46 -0700,2023-02-28 16:08:45 -0700,19.1464
Watch,ms,2023-03-01 11:00:07 -0700,2023-03-01 11:01:01 -0700,21.6544
Watch,ms,2023-03-01 13:52:35 -0700,2023-03-01 13:53:02 -0700,23.9303
Watch,ms,2023-03-01 15:36:36 -0700,2023-03-01 15:37:35 -0700,24.6489
Watch,ms,2023-03-01 17:37:25 -0700,2023-03-01 17:38:23 -0700,50.7955
Watch,ms,2023-03-02 11:37:00 -0700,2023-03-02 11:37:21 -0700,45.8968
Watch,ms,2023-03-02 13:31:49 -0700,2023-03-02 13:32:48 -0700,80.6745
Watch,ms,2023-03-03 15:39:53 -0700,2023-03-03 15:40:48 -0700,18.5945
Watch,ms,2023-03-03 15:57:19 -0700,2023-03-03 15:58:18 -0700,25.936
Watch,ms,2023-03-03 17:45:27 -0700,2023-03-03 17:46:21 -0700,32.4281
Watch,ms,2023-03-03 19:34:39 -0700,2023-03-03 19:35:38 -0700,38.6458
Watch,ms,2023-03-03 21:47:42 -0700,2023-03-03 21:48:31 -0700,35.5717
Watch,ms,2023-03-04 19:07:59 -0700,2023-03-04 19:08:58 -0700,44.5476
Watch,ms,2023-03-06 17:51:32 -0700,2023-03-06 17:52:32 -0700,28.6408
Watch,ms,2023-03-06 17:53:45 -0700,2023-03-06 17:54:44 -0700,36.4732
Watch,ms,2023-03-06 22:16:28 -0700,2023-03-06 22:17:22 -0700,19.9716
Watch,ms,2023-03-06 23:43:09 -0700,2023-03-06 23:44:09 -0700,45.5008
Watch,ms,2023-03-07 01:42:18 -0700,2023-03-07 01:43:18 -0700,42.1058
Watch,ms,2023-03-07 03:42:15 -0700,2023-03-07 03:43:15 -0700,44.7503
Watch,ms,2023-03-07 05:42:16 -0700,2023-03-07 05:43:15 -0700,57.2951
Watch,ms,2023-03-07 07:42:19 -0700,2023-03-07 07:43:18 -0700,44.2756
Watch,ms,2023-03-07 12:28:47 -0700,2023-03-07 12:29:40 -0700,34.2844
Watch,ms,2023-03-07 13:46:00 -0700,2023-03-07 13:46:59 -0700,58.8293
Watch,ms,2023-03-07 16:00:53 -0700,2023-03-07 16:01:47 -0700,35.1303
Watch,ms,2023-03-07 17:44:10 -0700,2023-03-07 17:44:59 -0700,39.606
Watch,ms,2023-03-08 13:03:05 -0700,2023-03-08 13:03:36 -0700,22.3383
Watch,ms,2023-03-08 13:08:57 -0700,2023-03-08 13:09:56 -0700,34.6448
Watch,ms,2023-03-08 13:43:24 -0700,2023-03-08 13:43:48 -0700,53.0844
Watch,ms,2023-03-08 18:41:21 -0700,2023-03-08 18:42:19 -0700,76.4209
Watch,ms,2023-03-08 18:50:37 -0700,2023-03-08 18:51:37 -0700,82.4662
Watch,ms,2023-03-09 09:59:22 -0700,2023-03-09 10:00:13 -0700,16.538
Watch,ms,2023-03-09 12:22:49 -0700,2023-03-09 12:23:49 -0700,97.9706
Watch,ms,2023-03-09 13:42:17 -0700,2023-03-09 13:43:17 -0700,130.54
Watch,ms,2023-03-09 16:35:18 -0700,2023-03-09 16:36:12 -0700,90.8704
Watch,ms,2023-03-09 17:49:22 -0700,2023-03-09 17:50:22 -0700,22.656
Watch,ms,2023-03-09 19:48:49 -0700,2023-03-09 19:49:44 -0700,16.1564
Watch,ms,2023-03-10 09:53:24 -0700,2023-03-10 09:54:23 -0700,35.4322
Watch,ms,2023-03-10 13:14:03 -0700,2023-03-10 13:14:59 -0700,40.3355
Watch,ms,2023-03-10 14:04:47 -0700,2023-03-10 14:05:47 -0700,35.7384
Watch,ms,2023-03-10 18:17:51 -0700,2023-03-10 18:18:51 -0700,26.4156
Watch,ms,2023-03-12 19:21:50 -0700,2023-03-12 19:22:49 -0700,23.8118
Watch,ms,2023-03-12 19:45:02 -0700,2023-03-12 19:45:58 -0700,31.3949
Watch,ms,2023-03-12 21:49:00 -0700,2023-03-12 21:50:00 -0700,16.7335
Watch,ms,2023-03-13 08:06:07 -0700,2023-03-13 08:06:47 -0700,101.657
Watch,ms,2023-03-13 11:04:55 -0700,2023-03-13 11:05:55 -0700,37.1879
Watch,ms,2023-03-13 12:02:59 -0700,2023-03-13 12:03:58 -0700,46.7197
Watch,ms,2023-03-13 14:08:48 -0700,2023-03-13 14:09:47 -0700,114.775
Watch,ms,2023-03-13 16:35:53 -0700,2023-03-13 16:36:53 -0700,48.0868
Watch,ms,2023-03-13 17:45:41 -0700,2023-03-13 17:46:41 -0700,64.2635
Watch,ms,2023-03-13 20:04:41 -0700,2023-03-13 20:05:34 -0700,35.553
Watch,ms,2023-03-14 11:40:12 -0700,2023-03-14 11:41:09 -0700,30.1599
Watch,ms,2023-03-14 11:46:53 -0700,2023-03-14 11:47:42 -0700,9.01119
Watch,ms,2023-03-14 14:42:20 -0700,2023-03-14 14:43:17 -0700,49.33
Watch,ms,2023-03-14 16:27:08 -0700,2023-03-14 16:28:02 -0700,44.9236
Watch,ms,2023-03-15 12:14:11 -0700,2023-03-15 12:15:02 -0700,47.2755
Watch,ms,2023-03-21 12:37:06 -0700,2023-03-21 12:38:06 -0700,62.2
Watch,ms,2023-03-21 14:09:27 -0700,2023-03-21 14:10:27 -0700,30.8582
Watch,ms,2023-03-21 15:52:59 -0700,2023-03-21 15:53:58 -0700,46.8207
Watch,ms,2023-03-21 18:13:39 -0700,2023-03-21 18:14:32 -0700,29.5338
Watch,ms,2023-03-22 09:00:22 -0700,2023-03-22 09:01:18 -0700,102.826
Watch,ms,2023-03-22 09:43:06 -0700,2023-03-22 09:44:06 -0700,9.60982
Watch,ms,2023-03-22 11:35:17 -0700,2023-03-22 11:36:17 -0700,31.9071
Watch,ms,2023-03-22 13:15:27 -0700,2023-03-22 13:16:23 -0700,35.2512
Watch,ms,2023-03-22 17:28:25 -0700,2023-03-22 17:28:57 -0700,38.5802
Watch,ms,2023-03-24 16:38:41 -0700,2023-03-24 16:39:41 -0700,58.7153
Watch,ms,2023-03-24 17:45:10 -0700,2023-03-24 17:45:30 -0700,26.7834
Watch,ms,2023-03-24 18:09:47 -0700,2023-03-24 18:10:47 -0700,34.0443
Watch,ms,2023-03-24 20:16:21 -0700,2023-03-24 20:17:21 -0700,47.903
Watch,ms,2023-03-24 23:50:10 -0700,2023-03-24 23:51:10 -0700,25.4155
Watch,ms,2023-03-25 09:36:57 -0700,2023-03-25 09:37:56 -0700,157
Watch,ms,2023-03-25 10:48:13 -0700,2023-03-25 10:49:11 -0700,32.2557
Watch,ms,2023-03-25 12:15:11 -0700,2023-03-25 12:16:05 -0700,77.252
Watch,ms,2023-03-25 15:44:13 -0700,2023-03-25 15:45:12 -0700,49.527
Watch,ms,2023-03-26 14:45:00 -0700,2023-03-26 14:45:59 -0700,30.0906
Watch,ms,2023-03-26 14:48:28 -0700,2023-03-26 14:49:12 -0700,32.6683
Watch,ms,2023-03-26 18:21:33 -0700,2023-03-26 18:22:31 -0700,47.284
Watch,ms,2023-03-26 20:07:20 -0700,2023-03-26 20:08:19 -0700,34.1673
Watch,ms,2023-03-26 23:54:15 -0700,2023-03-26 23:55:12 -0700,15.5426
Watch,ms,2023-03-27 00:04:32 -0700,2023-03-27 00:05:32 -0700,17.4233
Watch,ms,2023-03-27 10:35:01 -0700,2023-03-27 10:35:58 -0700,34.6793
Watch,ms,2023-03-27 12:18:12 -0700,2023-03-27 12:19:02 -0700,33.6266
Watch,ms,2023-03-27 17:48:14 -0700,2023-03-27 17:49:11 -0700,41.9577
Watch,ms,2023-03-27 17:51:26 -0700,2023-03-27 17:52:25 -0700,48.006
Watch,ms,2023-03-27 18:08:13 -0700,2023-03-27 18:09:11 -0700,46.7602
Watch,ms,2023-03-28 12:08:40 -0700,2023-03-28 12:09:34 -0700,33.7391
Watch,ms,2023-03-28 15:29:33 -0700,2023-03-28 15:30:32 -0700,48.2107
Watch,ms,2023-03-28 16:21:58 -0700,2023-03-28 16:22:54 -0700,65.4578
Watch,ms,2023-03-28 18:04:38 -0700,2023-03-28 18:05:34 -0700,45.1363
Watch,ms,2023-03-29 10:36:52 -0700,2023-03-29 10:37:49 -0700,46.6889
Watch,ms,2023-03-29 12:14:15 -0700,2023-03-29 12:15:14 -0700,88.6721
Watch,ms,2023-03-29 15:29:55 -0700,2023-03-29 15:30:55 -0700,43.081
Watch,ms,2023-03-29 16:04:36 -0700,2023-03-29 16:05:35 -0700,23.6951
Watch,ms,2023-03-29 18:11:07 -0700,2023-03-29 18:12:07 -0700,36.0943
Watch,ms,2023-03-29 20:20:57 -0700,2023-03-29 20:21:55 -0700,40.4579
Watch,ms,2023-03-30 10:38:53 -0700,2023-03-30 10:39:53 -0700,45.5272
Watch,ms,2023-03-30 13:07:27 -0700,2023-03-30 13:08:27 -0700,14.2306
Watch,ms,2023-03-30 15:13:54 -0700,2023-03-30 15:14:54 -0700,31.8331
Watch,ms,2023-03-30 16:48:11 -0700,2023-03-30 16:49:08 -0700,45.2129
Watch,ms,2023-03-30 20:44:42 -0700,2023-03-30 20:45:33 -0700,27.0258
Watch,ms,2023-03-31 10:03:05 -0700,2023-03-31 10:04:05 -0700,29.0558
Watch,ms,2023-03-31 11:27:33 -0700,2023-03-31 11:28:29 -0700,72.3967
Watch,ms,2023-03-31 12:35:50 -0700,2023-03-31 12:36:48 -0700,39.7411
Watch,ms,2023-03-31 14:10:54 -0700,2023-03-31 14:11:18 -0700,29.5344
Watch,ms,2023-03-31 16:15:24 -0700,2023-03-31 16:16:24 -0700,38.1715
Watch,ms,2023-04-02 13:31:23 -0700,2023-04-02 13:32:23 -0700,47.2995
Watch,ms,2023-04-02 14:08:59 -0700,2023-04-02 14:09:53 -0700,52.927
Watch,ms,2023-04-02 16:20:19 -0700,2023-04-02 16:21:18 -0700,22.3622
Watch,ms,2023-04-02 18:51:08 -0700,2023-04-02 18:51:50 -0700,18.1707
Watch,ms,2023-04-02 22:52:26 -0700,2023-04-02 22:53:23 -0700,86.2431
Watch,ms,2023-04-03 00:04:33 -0700,2023-04-03 00:05:09 -0700,68.704
Watch,ms,2023-04-03 08:44:16 -0700,2023-04-03 08:45:16 -0700,78.3206
Watch,ms,2023-04-03 10:32:04 -0700,2023-04-03 10:33:03 -0700,51.924
Watch,ms,2023-04-03 13:06:32 -0700,2023-04-03 13:07:26 -0700,51.0031
Watch,ms,2023-04-03 15:16:42 -0700,2023-04-03 15:17:40 -0700,41.6899
Watch,ms,2023-04-03 16:24:32 -0700,2023-04-03 16:25:32 -0700,115.894
Watch,ms,2023-04-03 18:51:32 -0700,2023-04-03 18:52:31 -0700,69.0876
Watch,ms,2023-04-04 09:57:20 -0700,2023-04-04 09:58:20 -0700,24.5592
Watch,ms,2023-04-04 10:19:17 -0700,2023-04-04 10:20:17 -0700,33.0612
Watch,ms,2023-04-04 12:37:02 -0700,2023-04-04 12:38:01 -0700,74.4017
Watch,ms,2023-04-04 14:15:10 -0700,2023-04-04 14:16:09 -0700,77.3675
Watch,ms,2023-04-04 16:53:58 -0700,2023-04-04 16:54:58 -0700,105.146
Watch,ms,2023-04-04 20:06:38 -0700,2023-04-04 20:07:36 -0700,42.6479
Watch,ms,2023-04-04 22:18:00 -0700,2023-04-04 22:18:36 -0700,29.0425
Watch,ms,2023-04-05 09:26:49 -0700,2023-04-05 09:27:45 -0700,22.3378
Watch,ms,2023-04-05 10:59:18 -0700,2023-04-05 11:00:15 -0700,54.1685
Watch,ms,2023-04-05 15:36:21 -0700,2023-04-05 15:37:09 -0700,52.7403
Watch,ms,2023-04-05 19:28:35 -0700,2023-04-05 19:29:32 -0700,12.6751
Watch,ms,2023-04-06 09:21:19 -0700,2023-04-06 09:22:09 -0700,21.2603
Watch,ms,2023-04-06 10:10:08 -0700,2023-04-06 10:11:07 -0700,45.3367
Watch,ms,2023-04-06 13:02:47 -0700,2023-04-06 13:03:46 -0700,38.2799
Watch,ms,2023-04-06 15:06:08 -0700,2023-04-06 15:07:07 -0700,30.2651
Watch,ms,2023-04-06 16:04:33 -0700,2023-04-06 16:05:33 -0700,194.746
Watch,ms,2023-04-06 18:12:47 -0700,2023-04-06 18:13:46 -0700,58.0469
Watch,ms,2023-04-09 12:12:20 -0700,2023-04-09 12:13:20 -0700,63.4472
Watch,ms,2023-04-09 14:05:09 -0700,2023-04-09 14:06:08 -0700,53.37
Watch,ms,2023-04-10 06:11:58 -0700,2023-04-10 06:12:57 -0700,48.5973
Watch,ms,2023-04-10 06:14:33 -0700,2023-04-10 06:15:32 -0700,54.9824
Watch,ms,2023-04-10 08:18:51 -0700,2023-04-10 08:19:50 -0700,34.6444
Watch,ms,2023-04-10 10:35:19 -0700,2023-04-10 10:36:18 -0700,38.7933
Watch,ms,2023-04-10 12:33:39 -0700,2023-04-10 12:34:32 -0700,24.6282
Watch,ms,2023-04-10 14:26:01 -0700,2023-04-10 14:27:00 -0700,26.5563
Watch,ms,2023-04-10 21:10:37 -0700,2023-04-10 21:11:37 -0700,73.369
Watch,ms,2023-04-10 22:53:19 -0700,2023-04-10 22:54:06 -0700,22.179
Watch,ms,2023-04-11 10:09:25 -0700,2023-04-11 10:10:25 -0700,31.0889
Watch,ms,2023-04-11 12:05:31 -0700,2023-04-11 12:06:29 -0700,51.6805
Watch,ms,2023-04-11 14:24:06 -0700,2023-04-11 14:24:53 -0700,31.8971
Watch,ms,2023-04-11 16:05:00 -0700,2023-04-11 16:05:59 -0700,45.2629
Watch,ms,2023-04-11 18:58:13 -0700,2023-04-11 18:59:13 -0700,14.153
Watch,ms,2023-04-17 13:28:19 -0700,2023-04-17 13:29:18 -0700,33.4333
Watch,ms,2023-04-17 14:41:10 -0700,2023-04-17 14:42:10 -0700,28.2044
Watch,ms,2023-04-17 17:26:08 -0700,2023-04-17 17:27:08 -0700,17.1434
Watch,ms,2023-04-17 22:24:11 -0700,2023-04-17 22:25:10 -0700,15.7082
Watch,ms,2023-04-17 22:47:14 -0700,2023-04-17 22:48:14 -0700,24.4659
Watch,ms,2023-04-18 09:45:00 -0700,2023-04-18 09:45:55 -0700,13.6283
Watch,ms,2023-04-18 10:56:09 -0700,2023-04-18 10:57:09 -0700,40.8361
Watch,ms,2023-04-18 14:53:07 -0700,2023-04-18 14:54:07 -0700,67.3549
Watch,ms,2023-04-18 17:04:49 -0700,2023-04-18 17:05:43 -0700,72.504
Watch,ms,2023-04-18 18:42:12 -0700,2023-04-18 18:42:56 -0700,59.98
Watch,ms,2023-04-19 10:29:18 -0700,2023-04-19 10:30:18 -0700,37.1296
Watch,ms,2023-04-19 10:54:58 -0700,2023-04-19 10:55:56 -0700,40.148
Watch,ms,2023-04-19 13:05:59 -0700,2023-04-19 13:06:59 -0700,34.0629
Watch,ms,2023-04-19 14:41:31 -0700,2023-04-19 14:42:30 -0700,39.9799
Watch,ms,2023-04-19 17:38:45 -0700,2023-04-19 17:39:39 -0700,16.4487
Watch,ms,2023-04-20 09:28:26 -0700,2023-04-20 09:29:21 -0700,19.5996
Watch,ms,2023-04-20 10:48:43 -0700,2023-04-20 10:49:33 -0700,28.4543
Watch,ms,2023-04-20 13:47:39 -0700,2023-04-20 13:48:39 -0700,106.71
Watch,ms,2023-04-20 15:20:17 -0700,2023-04-20 15:21:09 -0700,30.1521
Watch,ms,2023-04-20 19:33:20 -0700,2023-04-20 19:34:16 -0700,86.0518
Watch,ms,2023-04-20 20:49:35 -0700,2023-04-20 20:50:30 -0700,95.6914
Watch,ms,2023-04-23 16:10:10 -0700,2023-04-23 16:11:10 -0700,39.4513
Watch,ms,2023-04-23 17:08:48 -0700,2023-04-23 17:09:47 -0700,27.7675
Watch,ms,2023-04-23 18:49:44 -0700,2023-04-23 18:50:44 -0700,32.4888
Watch,ms,2023-04-23 20:42:10 -0700,2023-04-23 20:43:10 -0700,33.7358
Watch,ms,2023-04-23 23:18:07 -0700,2023-04-23 23:19:07 -0700,24.3767
Watch,ms,2023-04-24 09:22:13 -0700,2023-04-24 09:22:31 -0700,17.0225
Watch,ms,2023-04-24 13:47:12 -0700,2023-04-24 13:48:10 -0700,95.2203
Watch,ms,2023-04-24 15:23:25 -0700,2023-04-24 15:24:24 -0700,42.205
Watch,ms,2023-04-24 17:04:00 -0700,2023-04-24 17:05:00 -0700,24.2879
Watch,ms,2023-04-25 13:57:49 -0700,2023-04-25 13:58:49 -0700,60.6521
Watch,ms,2023-04-25 14:01:21 -0700,2023-04-25 14:02:18 -0700,36.0161
Watch,ms,2023-04-25 15:47:36 -0700,2023-04-25 15:48:36 -0700,28.616
Watch,ms,2023-04-26 13:55:15 -0700,2023-04-26 13:56:14 -0700,86.0999
Watch,ms,2023-04-26 15:18:04 -0700,2023-04-26 15:18:59 -0700,58.0747
Watch,ms,2023-04-26 17:35:25 -0700,2023-04-26 17:36:22 -0700,13.5946
Watch,ms,2023-04-27 01:11:36 -0700,2023-04-27 01:12:36 -0700,26.5231
Watch,ms,2023-04-27 01:14:03 -0700,2023-04-27 01:14:34 -0700,8.78352
Watch,ms,2023-04-27 09:07:43 -0700,2023-04-27 09:08:41 -0700,22.0097
Watch,ms,2023-04-27 15:12:52 -0700,2023-04-27 15:13:52 -0700,72.7594
Watch,ms,2023-04-27 15:18:13 -0700,2023-04-27 15:19:12 -0700,93.3835
Watch,ms,2023-04-27 16:53:22 -0700,2023-04-27 16:54:21 -0700,41.4667
Watch,ms,2023-04-27 19:50:03 -0700,2023-04-27 19:51:01 -0700,36.9815
Watch,ms,2023-04-28 13:13:58 -0700,2023-04-28 13:14:58 -0700,29.2263
Watch,ms,2023-04-28 19:09:17 -0700,2023-04-28 19:10:17 -0700,29.1489
Watch,ms,2023-04-30 13:31:18 -0700,2023-04-30 13:32:17 -0700,22.5802
Watch,ms,2023-04-30 14:43:43 -0700,2023-04-30 14:44:30 -0700,71.2548
Watch,ms,2023-04-30 16:55:36 -0700,2023-04-30 16:56:36 -0700,98.3128
Watch,ms,2023-04-30 20:51:06 -0700,2023-04-30 20:52:01 -0700,30.9618
Watch,ms,2023-05-01 07:19:35 -0700,2023-05-01 07:20:24 -0700,28.1515
Watch,ms,2023-05-01 09:27:45 -0700,2023-05-01 09:28:45 -0700,48.2977
Watch,ms,2023-05-01 10:52:43 -0700,2023-05-01 10:53:37 -0700,48.0905
Watch,ms,2023-05-01 13:03:35 -0700,2023-05-01 13:04:35 -0700,50.3412
Watch,ms,2023-05-01 15:36:24 -0700,2023-05-01 15:37:23 -0700,61.1273
Watch,ms,2023-05-01 20:16:30 -0700,2023-05-01 20:17:28 -0700,50.1591
Watch,ms,2023-05-01 22:19:22 -0700,2023-05-01 22:20:22 -0700,16.2401
Watch,ms,2023-05-02 09:51:36 -0700,2023-05-02 09:52:36 -0700,22.6637
Watch,ms,2023-05-02 10:57:46 -0700,2023-05-02 10:58:42 -0700,58.3438
Watch,ms,2023-05-02 12:51:14 -0700,2023-05-02 12:52:11 -0700,47.8966
Watch,ms,2023-05-02 16:01:44 -0700,2023-05-02 16:02:42 -0700,115.066
Watch,ms,2023-05-02 17:04:37 -0700,2023-05-02 17:05:37 -0700,32.3458
Watch,ms,2023-05-02 21:25:35 -0700,2023-05-02 21:26:26 -0700,12.538
Watch,ms,2023-05-03 08:14:50 -0700,2023-05-03 08:15:41 -0700,36.7981
Watch,ms,2023-05-03 08:58:39 -0700,2023-05-03 08:59:39 -0700,19.6185
Watch,ms,2023-05-03 11:06:10 -0700,2023-05-03 11:07:10 -0700,74.4786
Watch,ms,2023-05-03 12:48:55 -0700,2023-05-03 12:49:50 -0700,49.6392
Watch,ms,2023-05-03 17:35:22 -0700,2023-05-03 17:36:18 -0700,78.6543
Watch,ms,2023-05-04 09:50:20 -0700,2023-05-04 09:51:17 -0700,30.3359
Watch,ms,2023-05-04 11:36:24 -0700,2023-05-04 11:37:23 -0700,36.6049
Watch,ms,2023-05-04 14:23:23 -0700,2023-05-04 14:24:23 -0700,32.7047
Watch,ms,2023-05-04 14:55:54 -0700,2023-05-04 14:56:53 -0700,37.5648
Watch,ms,2023-05-04 19:42:58 -0700,2023-05-04 19:43:48 -0700,30.9324
Watch,ms,2023-05-05 09:53:29 -0700,2023-05-05 09:54:29 -0700,79.7824
Watch,ms,2023-05-05 10:57:53 -0700,2023-05-05 10:58:26 -0700,40.214
Watch,ms,2023-05-05 14:25:44 -0700,2023-05-05 14:26:44 -0700,16.5536
Watch,ms,2023-05-05 14:53:36 -0700,2023-05-05 14:54:36 -0700,60.0023
Watch,ms,2023-05-05 18:33:24 -0700,2023-05-05 18:34:23 -0700,16.7197
Watch,ms,2023-05-05 18:41:10 -0700,2023-05-05 18:42:09 -0700,24.0837
Watch,ms,2023-05-06 15:40:13 -0700,2023-05-06 15:41:05 -0700,27.3963
Watch,ms,2023-05-06 17:15:45 -0700,2023-05-06 17:16:45 -0700,12.8088
Watch,ms,2023-05-08 08:37:00 -0700,2023-05-08 08:37:57 -0700,96.903
Watch,ms,2023-05-08 11:59:33 -0700,2023-05-08 12:00:26 -0700,17.2892
Watch,ms,2023-05-08 12:33:01 -0700,2023-05-08 12:34:00 -0700,35.5113
Watch,ms,2023-05-08 13:53:24 -0700,2023-05-08 13:54:21 -0700,29.5375
Watch,ms,2023-05-08 14:41:08 -0700,2023-05-08 14:42:08 -0700,48.0914
Watch,ms,2023-05-08 16:45:25 -0700,2023-05-08 16:46:24 -0700,53.4428
Watch,ms,2023-05-08 18:41:08 -0700,2023-05-08 18:42:08 -0700,52.8486
Watch,ms,2023-05-10 08:38:23 -0700,2023-05-10 08:39:22 -0700,104.014
Watch,ms,2023-05-10 09:26:39 -0700,2023-05-10 09:27:36 -0700,102.184
Watch,ms,2023-05-10 11:10:36 -0700,2023-05-10 11:11:35 -0700,33.479
Watch,ms,2023-05-10 12:41:10 -0700,2023-05-10 12:42:10 -0700,30.3821
Watch,ms,2023-05-10 15:54:23 -0700,2023-05-10 15:55:22 -0700,63.4278
Watch,ms,2023-05-11 08:35:44 -0700,2023-05-11 08:36:42 -0700,47.4275
Watch,ms,2023-05-11 09:49:58 -0700,2023-05-11 09:50:55 -0700,29.3517
Watch,ms,2023-05-11 10:52:03 -0700,2023-05-11 10:52:45 -0700,26.5847
Watch,ms,2023-05-11 14:15:18 -0700,2023-05-11 14:16:18 -0700,52.6859
Watch,ms,2023-05-14 18:17:11 -0700,2023-05-14 18:18:10 -0700,28.7433
Watch,ms,2023-05-14 22:16:56 -0700,2023-05-14 22:17:47 -0700,21.9734
Watch,ms,2023-05-15 10:24:56 -0700,2023-05-15 10:25:54 -0700,79.0013
Watch,ms,2023-05-15 11:43:13 -0700,2023-05-15 11:44:12 -0700,35.7088
Watch,ms,2023-05-15 12:54:12 -0700,2023-05-15 12:55:12 -0700,79.6365
Watch,ms,2023-05-15 14:43:00 -0700,2023-05-15 14:43:59 -0700,39.5411
Watch,ms,2023-05-15 17:03:28 -0700,2023-05-15 17:04:23 -0700,44.1223
Watch,ms,2023-05-15 18:55:16 -0700,2023-05-15 18:55:58 -0700,46.8146
Watch,ms,2023-05-16 09:38:12 -0700,2023-05-16 09:39:12 -0700,35.9501
Watch,ms,2023-05-16 12:59:04 -0700,2023-05-16 12:59:54 -0700,29.9583
Watch,ms,2023-05-17 22:53:32 -0700,2023-05-17 22:54:32 -0700,13.5523
Watch,ms,2023-05-18 08:13:18 -0700,2023-05-18 08:14:18 -0700,74.6388
Watch,ms,2023-05-18 09:15:10 -0700,2023-05-18 09:16:06 -0700,32.4207
Watch,ms,2023-05-18 10:41:36 -0700,2023-05-18 10:42:36 -0700,37.3694
Watch,ms,2023-05-18 13:08:44 -0700,2023-05-18 13:09:44 -0700,25.2073
Watch,ms,2023-05-18 15:17:22 -0700,2023-05-18 15:18:12 -0700,45.782
Watch,ms,2023-05-18 16:49:53 -0700,2023-05-18 16:50:53 -0700,34.8168
Watch,ms,2023-05-19 10:40:17 -0700,2023-05-19 10:41:16 -0700,61.6323
Watch,ms,2023-05-19 16:22:50 -0700,2023-05-19 16:23:50 -0700,86.593
Watch,ms,2023-05-19 16:46:31 -0700,2023-05-19 16:47:31 -0700,68.3072
Watch,ms,2023-05-20 13:26:32 -0700,2023-05-20 13:27:28 -0700,29.318
Watch,ms,2023-05-20 21:00:35 -0700,2023-05-20 21:01:34 -0700,53.5688
Watch,ms,2023-05-22 09:40:42 -0700,2023-05-22 09:41:41 -0700,21.2337
Watch,ms,2023-05-22 09:53:55 -0700,2023-05-22 09:54:54 -0700,49.4973
Watch,ms,2023-05-22 10:45:30 -0700,2023-05-22 10:46:28 -0700,29.886
Watch,ms,2023-05-22 12:59:21 -0700,2023-05-22 13:00:20 -0700,33.9211
Watch,ms,2023-05-22 15:17:35 -0700,2023-05-22 15:18:32 -0700,19.7017
Watch,ms,2023-05-22 20:01:22 -0700,2023-05-22 20:01:54 -0700,62.1923
Watch,ms,2023-05-22 20:55:15 -0700,2023-05-22 20:56:15 -0700,46.903
Watch,ms,2023-05-23 10:01:59 -0700,2023-05-23 10:02:59 -0700,49.256
Watch,ms,2023-05-23 11:06:40 -0700,2023-05-23 11:07:40 -0700,28.2627
Watch,ms,2023-05-23 13:18:33 -0700,2023-05-23 13:19:25 -0700,31.5132
Watch,ms,2023-05-23 15:37:11 -0700,2023-05-23 15:38:11 -0700,97.779
Watch,ms,2023-05-23 20:12:31 -0700,2023-05-23 20:13:27 -0700,21.4471
Watch,ms,2023-05-23 20:46:01 -0700,2023-05-23 20:46:55 -0700,70.3459
Watch,ms,2023-05-25 07:07:19 -0700,2023-05-25 07:08:15 -0700,34.1119
Watch,ms,2023-05-25 09:52:42 -0700,2023-05-25 09:53:41 -0700,39.2954
Watch,ms,2023-05-25 13:32:04 -0700,2023-05-25 13:33:03 -0700,33.7085
Watch,ms,2023-05-25 14:52:22 -0700,2023-05-25 14:53:21 -0700,62.1699
Watch,ms,2023-05-25 17:02:12 -0700,2023-05-25 17:02:37 -0700,31.7776
Watch,ms,2023-05-25 18:46:24 -0700,2023-05-25 18:47:23 -0700,50.4477
Watch,ms,2023-05-25 20:49:44 -0700,2023-05-25 20:50:44 -0700,34.3366
Watch,ms,2023-05-27 15:47:14 -0700,2023-05-27 15:48:14 -0700,42.8314
Watch,ms,2023-05-30 07:28:40 -0700,2023-05-30 07:29:37 -0700,38.7287
Watch,ms,2023-05-30 07:31:31 -0700,2023-05-30 07:32:25 -0700,30.2335
Watch,ms,2023-05-30 09:13:16 -0700,2023-05-30 09:14:11 -0700,35.3259
Watch,ms,2023-05-30 13:14:49 -0700,2023-05-30 13:15:24 -0700,26.2283
Watch,ms,2023-05-30 15:24:39 -0700,2023-05-30 15:25:36 -0700,37.2914
Watch,ms,2023-05-31 09:44:31 -0700,2023-05-31 09:45:31 -0700,31.9715
Watch,ms,2023-05-31 13:26:27 -0700,2023-05-31 13:27:22 -0700,50.2718
Watch,ms,2023-06-01 09:29:39 -0700,2023-06-01 09:30:39 -0700,23.1126
Watch,ms,2023-06-01 11:18:14 -0700,2023-06-01 11:19:13 -0700,77.2007
Watch,ms,2023-06-01 14:39:55 -0700,2023-06-01 14:40:44 -0700,14.0987
Watch,ms,2023-06-01 14:56:18 -0700,2023-06-01 14:57:18 -0700,17.3843
Watch,ms,2023-06-02 00:14:43 -0700,2023-06-02 00:15:42 -0700,60.7985
Watch,ms,2023-06-04 15:58:06 -0700,2023-06-04 15:59:06 -0700,24.9172
Watch,ms,2023-06-04 18:13:33 -0700,2023-06-04 18:14:33 -0700,40.6948
Watch,ms,2023-06-04 19:03:12 -0700,2023-06-04 19:04:05 -0700,22.246
Watch,ms,2023-06-04 21:38:57 -0700,2023-06-04 21:39:38 -0700,34.0193
Watch,ms,2023-06-05 01:02:27 -0700,2023-06-05 01:03:26 -0700,36.9029
Watch,ms,2023-06-05 02:45:26 -0700,2023-06-05 02:46:26 -0700,50.5984
Watch,ms,2023-06-05 04:45:27 -0700,2023-06-05 04:46:26 -0700,30.1558
Watch,ms,2023-06-05 07:32:31 -0700,2023-06-05 07:33:29 -0700,32.7181
Watch,ms,2023-06-05 11:17:21 -0700,2023-06-05 11:18:21 -0700,50.9499
Watch,ms,2023-06-05 13:19:20 -0700,2023-06-05 13:20:20 -0700,40.1383
Watch,ms,2023-06-05 16:29:31 -0700,2023-06-05 16:30:30 -0700,28.6634
Watch,ms,2023-06-05 16:46:18 -0700,2023-06-05 16:47:17 -0700,20.2855
Watch,ms,2023-06-05 18:45:46 -0700,2023-06-05 18:46:45 -0700,34.493
Watch,ms,2023-06-05 20:57:23 -0700,2023-06-05 20:58:18 -0700,10.8604
Watch,ms,2023-06-06 14:23:52 -0700,2023-06-06 14:24:23 -0700,19.0817
Watch,ms,2023-06-06 14:35:59 -0700,2023-06-06 14:36:59 -0700,44.877
Watch,ms,2023-06-06 16:44:11 -0700,2023-06-06 16:45:10 -0700,63.8129
Watch,ms,2023-06-06 18:02:19 -0700,2023-06-06 18:03:19 -0700,107.876
Watch,ms,2023-06-06 20:35:28 -0700,2023-06-06 20:36:27 -0700,13.4413
Watch,ms,2023-06-08 13:13:20 -0700,2023-06-08 13:14:17 -0700,29.2841
Watch,ms,2023-06-08 13:44:29 -0700,2023-06-08 13:45:26 -0700,29.9826
Watch,ms,2023-06-13 10:54:43 -0700,2023-06-13 10:55:31 -0700,18.3911
Watch,ms,2023-06-13 15:56:36 -0700,2023-06-13 15:57:35 -0700,43.0293
Watch,ms,2023-06-15 09:40:01 -0700,2023-06-15 09:41:01 -0700,31.4216
Watch,ms,2023-06-15 11:24:07 -0700,2023-06-15 11:25:07 -0700,22.0921
Watch,ms,2023-06-16 09:53:30 -0700,2023-06-16 09:54:30 -0700,45.0299
Watch,ms,2023-06-16 11:12:08 -0700,2023-06-16 11:13:08 -0700,49.7198
Watch,ms,2023-06-16 12:47:03 -0700,2023-06-16 12:47:49 -0700,42.1726
Watch,ms,2023-06-16 15:04:43 -0700,2023-06-16 15:05:41 -0700,40.0955
Watch,ms,2023-06-17 14:27:07 -0700,2023-06-17 14:28:07 -0700,16.7691
Watch,ms,2023-06-17 15:18:44 -0700,2023-06-17 15:19:41 -0700,17.1297
Watch,ms,2023-06-17 20:50:45 -0700,2023-06-17 20:51:44 -0700,13.7935
Watch,ms,2023-06-17 20:57:47 -0700,2023-06-17 20:58:44 -0700,12.5841
Watch,ms,2023-06-20 13:32:14 -0700,2023-06-20 13:33:07 -0700,41.8348
Watch,ms,2023-06-20 14:14:28 -0700,2023-06-20 14:15:20 -0700,49.0263
Watch,ms,2023-06-20 16:17:37 -0700,2023-06-20 16:18:13 -0700,86.2677
Watch,ms,2023-06-20 18:56:32 -0700,2023-06-20 18:57:31 -0700,39.3551
Watch,ms,2023-06-21 10:07:42 -0700,2023-06-21 10:08:42 -0700,35.3629
Watch,ms,2023-06-21 10:28:59 -0700,2023-06-21 10:29:54 -0700,47.3548
Watch,ms,2023-06-21 14:44:35 -0700,2023-06-21 14:45:35 -0700,40.1081
Watch,ms,2023-06-21 17:00:10 -0700,2023-06-21 17:00:38 -0700,45.2066
Watch,ms,2023-06-22 08:49:14 -0700,2023-06-22 08:50:14 -0700,30.7601
Watch,ms,2023-06-22 12:45:46 -0700,2023-06-22 12:46:46 -0700,19.5149
Watch,ms,2023-06-22 14:34:27 -0700,2023-06-22 14:35:26 -0700,47.86
Watch,ms,2023-06-25 16:13:46 -0700,2023-06-25 16:14:38 -0700,21.046
Watch,ms,2023-06-25 18:45:00 -0700,2023-06-25 18:46:00 -0700,18.9698
Watch,ms,2023-06-25 20:12:21 -0700,2023-06-25 20:13:16 -0700,23.8142
Watch,ms,2023-06-25 22:06:15 -0700,2023-06-25 22:07:14 -0700,26.9542
Watch,ms,2023-06-26 07:08:17 -0700,2023-06-26 07:08:54 -0700,51.9337
Watch,ms,2023-06-26 08:41:19 -0700,2023-06-26 08:42:18 -0700,25.283
Watch,ms,2023-06-26 11:07:41 -0700,2023-06-26 11:08:40 -0700,22.4867
Watch,ms,2023-06-26 14:01:23 -0700,2023-06-26 14:02:23 -0700,63.3042
Watch,ms,2023-06-26 14:11:06 -0700,2023-06-26 14:12:00 -0700,38.66
Watch,ms,2023-06-26 16:33:26 -0700,2023-06-26 16:34:23 -0700,99.1112
Watch,ms,2023-06-26 19:08:17 -0700,2023-06-26 19:09:17 -0700,26.1807
Watch,ms,2023-06-26 20:55:31 -0700,2023-06-26 20:56:29 -0700,19.906
Watch,ms,2023-06-27 13:55:22 -0700,2023-06-27 13:56:22 -0700,35.9388
Watch,ms,2023-06-27 14:42:41 -0700,2023-06-27 14:43:27 -0700,22.3564
Watch,ms,2023-06-27 17:19:34 -0700,2023-06-27 17:20:33 -0700,65.1615
Watch,ms,2023-06-27 19:18:13 -0700,2023-06-27 19:19:13 -0700,17.5859
Watch,ms,2023-06-28 09:34:58 -0700,2023-06-28 09:35:57 -0700,38.051
Watch,ms,2023-06-28 13:33:11 -0700,2023-06-28 13:34:01 -0700,96.5308
Watch,ms,2023-06-28 14:43:12 -0700,2023-06-28 14:43:57 -0700,53.9897
Watch,ms,2023-06-28 18:56:07 -0700,2023-06-28 18:57:07 -0700,50.388
Watch,ms,2023-06-29 08:42:31 -0700,2023-06-29 08:43:30 -0700,69.8616
Watch,ms,2023-06-29 12:41:26 -0700,2023-06-29 12:42:23 -0700,57.6549
Watch,ms,2023-06-29 12:45:00 -0700,2023-06-29 12:45:58 -0700,58.402
Watch,ms,2023-06-29 14:45:47 -0700,2023-06-29 14:46:47 -0700,48.8744
Watch,ms,2023-06-29 17:42:24 -0700,2023-06-29 17:43:17 -0700,18.9501
Watch,ms,2023-07-04 15:44:05 -0700,2023-07-04 15:45:04 -0700,26.9756
Watch,ms,2023-07-04 17:06:49 -0700,2023-07-04 17:07:49 -0700,22.2733
Watch,ms,2023-07-05 11:06:40 -0700,2023-07-05 11:07:38 -0700,43.5878
Watch,ms,2023-07-05 15:28:23 -0700,2023-07-05 15:29:22 -0700,29.7888
Watch,ms,2023-07-05 17:16:30 -0700,2023-07-05 17:17:25 -0700,68.2031
Watch,ms,2023-07-05 20:03:43 -0700,2023-07-05 20:04:43 -0700,29.7933
Watch,ms,2023-07-05 20:42:23 -0700,2023-07-05 20:43:22 -0700,26.6035
Watch,ms,2023-07-05 22:42:24 -0700,2023-07-05 22:43:23 -0700,27.0955
Watch,ms,2023-07-06 00:42:25 -0700,2023-07-06 00:43:24 -0700,16.582
Watch,ms,2023-07-06 02:42:24 -0700,2023-07-06 02:43:23 -0700,32.5747
Watch,ms,2023-07-06 09:24:02 -0700,2023-07-06 09:24:50 -0700,51.0533
Watch,ms,2023-07-06 12:45:53 -0700,2023-07-06 12:46:53 -0700,24.2534
Watch,ms,2023-07-06 15:04:26 -0700,2023-07-06 15:05:26 -0700,25.4623
Watch,ms,2023-07-06 17:08:21 -0700,2023-07-06 17:09:21 -0700,33.6271
Watch,ms,2023-07-07 12:38:10 -0700,2023-07-07 12:39:09 -0700,55.5177
Watch,ms,2023-07-07 12:43:08 -0700,2023-07-07 12:44:07 -0700,28.2989
Watch,ms,2023-07-07 14:48:47 -0700,2023-07-07 14:49:46 -0700,49.3325
Watch,ms,2023-07-07 17:08:46 -0700,2023-07-07 17:09:46 -0700,34.2691
Watch,ms,2023-07-08 13:58:42 -0700,2023-07-08 13:59:41 -0700,30.1231
Watch,ms,2023-07-08 14:43:34 -0700,2023-07-08 14:44:33 -0700,36.7466
Watch,ms,2023-07-09 17:49:20 -0700,2023-07-09 17:50:19 -0700,12.3722
Watch,ms,2023-07-10 09:11:38 -0700,2023-07-10 09:12:32 -0700,16.0837
Watch,ms,2023-07-10 10:43:15 -0700,2023-07-10 10:44:14 -0700,19.833
Watch,ms,2023-07-10 14:16:08 -0700,2023-07-10 14:17:04 -0700,57.8222
Watch,ms,2023-07-10 14:45:33 -0700,2023-07-10 14:46:18 -0700,31.8125
Watch,ms,2023-07-11 07:25:06 -0700,2023-07-11 07:26:06 -0700,103.568
Watch,ms,2023-07-11 09:44:05 -0700,2023-07-11 09:44:44 -0700,49.8231
Watch,ms,2023-07-11 14:57:03 -0700,2023-07-11 14:58:02 -0700,27.9221
Watch,ms,2023-07-12 08:52:09 -0700,2023-07-12 08:53:09 -0700,29.537
Watch,ms,2023-07-12 09:13:27 -0700,2023-07-12 09:14:27 -0700,32.5469
Watch,ms,2023-07-12 11:02:44 -0700,2023-07-12 11:03:43 -0700,38.2481
Watch,ms,2023-07-12 12:44:08 -0700,2023-07-12 12:45:07 -0700,31.9649
Watch,ms,2023-07-12 15:51:59 -0700,2023-07-12 15:52:57 -0700,26.908
Watch,ms,2023-07-12 17:28:13 -0700,2023-07-12 17:29:13 -0700,170.153
Watch,ms,2023-07-13 10:12:15 -0700,2023-07-13 10:13:15 -0700,25.9512
Watch,ms,2023-07-13 14:38:52 -0700,2023-07-13 14:39:52 -0700,41.2874
Watch,ms,2023-07-13 14:41:03 -0700,2023-07-13 14:42:02 -0700,44.3046
Watch,ms,2023-07-13 15:00:06 -0700,2023-07-13 15:01:06 -0700,49.2615
Watch,ms,2023-07-13 17:11:37 -0700,2023-07-13 17:12:20 -0700,50.1397
Watch,ms,2023-07-13 18:43:46 -0700,2023-07-13 18:44:45 -0700,48.3202
Watch,ms,2023-07-17 09:39:55 -0700,2023-07-17 09:40:54 -0700,14.8874
Watch,ms,2023-07-17 11:33:43 -0700,2023-07-17 11:34:43 -0700,21.9773
Watch,ms,2023-07-17 13:19:06 -0700,2023-07-17 13:19:57 -0700,70.9524
Watch,ms,2023-07-18 10:13:33 -0700,2023-07-18 10:14:19 -0700,35.7244
Watch,ms,2023-07-18 10:48:05 -0700,2023-07-18 10:49:03 -0700,41.9694
Watch,ms,2023-07-18 15:55:34 -0700,2023-07-18 15:56:29 -0700,64.7965
Watch,ms,2023-07-19 09:39:27 -0700,2023-07-19 09:40:27 -0700,18.7386
Watch,ms,2023-07-19 09:48:04 -0700,2023-07-19 09:49:03 -0700,17.0845
Watch,ms,2023-07-19 10:57:16 -0700,2023-07-19 10:58:12 -0700,63.6821
Watch,ms,2023-07-19 14:43:36 -0700,2023-07-19 14:44:35 -0700,62.0985
Watch,ms,2023-07-21 11:59:27 -0700,2023-07-21 12:00:13 -0700,26.709
Watch,ms,2023-07-21 12:54:14 -0700,2023-07-21 12:55:09 -0700,40.1285
Watch,ms,2023-07-21 15:32:37 -0700,2023-07-21 15:33:33 -0700,51.8921
Watch,ms,2023-07-21 17:50:17 -0700,2023-07-21 17:51:17 -0700,31.0931
Watch,ms,2023-07-21 19:11:49 -0700,2023-07-21 19:12:48 -0700,64.5012
Watch,ms,2023-07-22 10:38:08 -0700,2023-07-22 10:39:07 -0700,42.3277
Watch,ms,2023-07-22 12:44:02 -0700,2023-07-22 12:44:55 -0700,19.8433
Watch,ms,2023-07-22 14:56:53 -0700,2023-07-22 14:57:52 -0700,29.1339
Watch,ms,2023-07-22 16:51:51 -0700,2023-07-22 16:52:50 -0700,57.015
Watch,ms,2023-07-22 20:09:53 -0700,2023-07-22 20:10:49 -0700,16.5347
Watch,ms,2023-07-24 10:32:41 -0700,2023-07-24 10:33:41 -0700,39.779
Watch,ms,2023-07-24 13:20:39 -0700,2023-07-24 13:21:38 -0700,43.6048
Watch,ms,2023-07-24 17:02:01 -0700,2023-07-24 17:03:00 -0700,112.175
Watch,ms,2023-07-27 12:19:13 -0700,2023-07-27 12:19:52 -0700,75.7951
Watch,ms,2023-07-27 13:08:04 -0700,2023-07-27 13:09:04 -0700,26.4526
Watch,ms,2023-07-28 11:39:50 -0700,2023-07-28 11:40:48 -0700,32.2227
Watch,ms,2023-07-28 15:40:49 -0700,2023-07-28 15:41:48 -0700,22.4113
Watch,ms,2023-07-28 17:13:43 -0700,2023-07-28 17:14:43 -0700,18.1237
Watch,ms,2023-07-31 08:20:14 -0700,2023-07-31 08:21:13 -0700,55.4585
Watch,ms,2023-07-31 09:42:57 -0700,2023-07-31 09:43:57 -0700,39.9483
Watch,ms,2023-07-31 12:05:32 -0700,2023-07-31 12:06:32 -0700,72.0695
Watch,ms,2023-07-31 13:20:31 -0700,2023-07-31 13:21:31 -0700,34.8779
Watch,ms,2023-07-31 18:53:45 -0700,2023-07-31 18:54:45 -0700,44.2689
Watch,ms,2023-07-31 20:23:13 -0700,2023-07-31 20:24:12 -0700,49.2418
Watch,ms,2023-08-01 09:00:55 -0700,2023-08-01 09:01:54 -0700,44.6898
Watch,ms,2023-08-01 09:12:37 -0700,2023-08-01 09:13:37 -0700,78.3859
Watch,ms,2023-08-01 12:40:22 -0700,2023-08-01 12:41:21 -0700,45.171
Watch,ms,2023-08-01 14:30:56 -0700,2023-08-01 14:31:55 -0700,17.1372
Watch,ms,2023-08-01 18:19:43 -0700,2023-08-01 18:20:25 -0700,29.0493
Watch,ms,2023-08-02 08:20:28 -0700,2023-08-02 08:21:27 -0700,23.0639
Watch,ms,2023-08-02 08:53:52 -0700,2023-08-02 08:54:52 -0700,23.7442
Watch,ms,2023-08-02 12:48:09 -0700,2023-08-02 12:49:09 -0700,43.0198
Watch,ms,2023-08-02 16:54:44 -0700,2023-08-02 16:55:44 -0700,80.203
Watch,ms,2023-08-02 19:41:27 -0700,2023-08-02 19:41:43 -0700,19.5552
Watch,ms,2023-08-03 08:32:10 -0700,2023-08-03 08:33:08 -0700,43.0509
Watch,ms,2023-08-03 13:36:12 -0700,2023-08-03 13:37:12 -0700,121.354
Watch,ms,2023-08-03 16:29:41 -0700,2023-08-03 16:30:38 -0700,39.5033
Watch,ms,2023-08-05 08:06:23 -0700,2023-08-05 08:07:19 -0700,38.6906
Watch,ms,2023-08-05 08:32:06 -0700,2023-08-05 08:33:06 -0700,70.4934
Watch,ms,2023-08-05 10:42:13 -0700,2023-08-05 10:43:13 -0700,46.2332
Watch,ms,2023-08-05 12:25:39 -0700,2023-08-05 12:26:37 -0700,53.3508
Watch,ms,2023-08-05 14:45:20 -0700,2023-08-05 14:46:19 -0700,46.9182
Watch,ms,2023-08-07 11:04:29 -0700,2023-08-07 11:05:26 -0700,34.5109
Watch,ms,2023-08-07 12:17:19 -0700,2023-08-07 12:18:19 -0700,41.5717
Watch,ms,2023-08-08 18:44:35 -0700,2023-08-08 18:45:35 -0700,47.0475
Watch,ms,2023-08-09 08:50:40 -0700,2023-08-09 08:51:39 -0700,105.431
Watch,ms,2023-08-09 09:38:05 -0700,2023-08-09 09:39:04 -0700,23.9186
Watch,ms,2023-08-09 11:44:31 -0700,2023-08-09 11:45:16 -0700,68.1783
Watch,ms,2023-08-09 13:16:40 -0700,2023-08-09 13:17:37 -0700,115.372
Watch,ms,2023-08-12 10:34:04 -0700,2023-08-12 10:35:04 -0700,46.3687
Watch,ms,2023-08-14 08:44:57 -0700,2023-08-14 08:45:49 -0700,36.7927
Watch,ms,2023-08-14 11:04:46 -0700,2023-08-14 11:05:46 -0700,57.2467
Watch,ms,2023-08-14 23:00:37 -0700,2023-08-14 23:01:37 -0700,56.9826
Watch,ms,2023-08-14 23:10:40 -0700,2023-08-14 23:11:09 -0700,44.8239
Watch,ms,2023-08-15 10:43:59 -0700,2023-08-15 10:44:58 -0700,24.4971
Watch,ms,2023-08-15 13:52:47 -0700,2023-08-15 13:53:47 -0700,58.3992
Watch,ms,2023-08-15 14:45:42 -0700,2023-08-15 14:46:42 -0700,48.1672
Watch,ms,2023-08-16 07:57:22 -0700,2023-08-16 07:58:22 -0700,131.337
Watch,ms,2023-08-16 08:29:19 -0700,2023-08-16 08:30:16 -0700,136.848
Watch,ms,2023-08-16 13:40:53 -0700,2023-08-16 13:41:52 -0700,51.5812
Watch,ms,2023-08-16 15:23:54 -0700,2023-08-16 15:24:50 -0700,55.7494
Watch,ms,2023-08-16 15:50:59 -0700,2023-08-16 15:51:58 -0700,89.0201
Watch,ms,2023-08-17 09:53:14 -0700,2023-08-17 09:54:14 -0700,21.2473
Watch,ms,2023-08-17 13:13:36 -0700,2023-08-17 13:14:35 -0700,36.9155
Watch,ms,2023-08-17 13:59:25 -0700,2023-08-17 14:00:24 -0700,51.2023
Watch,ms,2023-08-17 15:52:08 -0700,2023-08-17 15:53:08 -0700,43.6358
Watch,ms,2023-08-20 12:17:33 -0700,2023-08-20 12:18:32 -0700,58.6883
Watch,ms,2023-08-22 08:53:13 -0700,2023-08-22 08:54:12 -0700,76.0432
Watch,ms,2023-08-22 10:42:41 -0700,2023-08-22 10:43:36 -0700,33.5091
Watch,ms,2023-08-22 12:09:06 -0700,2023-08-22 12:10:06 -0700,51.4993
Watch,ms,2023-08-22 17:59:01 -0700,2023-08-22 18:00:00 -0700,33.5046
Watch,ms,2023-08-23 09:32:22 -0700,2023-08-23 09:33:10 -0700,31.0242
Watch,ms,2023-08-23 13:21:25 -0700,2023-08-23 13:22:25 -0700,21.9353
Watch,ms,2023-08-24 10:37:24 -0700,2023-08-24 10:38:18 -0700,24.5202
Watch,ms,2023-08-24 10:48:37 -0700,2023-08-24 10:49:37 -0700,36.6711
Watch,ms,2023-08-24 13:24:49 -0700,2023-08-24 13:25:48 -0700,46.7904
Watch,ms,2023-08-24 17:16:22 -0700,2023-08-24 17:17:21 -0700,71.6878
Watch,ms,2023-08-25 11:53:50 -0700,2023-08-25 11:54:50 -0700,75.5928
Watch,ms,2023-08-25 12:50:38 -0700,2023-08-25 12:51:37 -0700,81.5453
Watch,ms,2023-08-25 14:45:35 -0700,2023-08-25 14:46:33 -0700,40.8287
Watch,ms,2023-08-25 17:06:58 -0700,2023-08-25 17:07:57 -0700,30.5429
Watch,ms,2023-08-28 10:19:08 -0700,2023-08-28 10:20:08 -0700,141.058
Watch,ms,2023-08-28 10:44:51 -0700,2023-08-28 10:45:51 -0700,35.7063
Watch,ms,2023-08-28 14:04:32 -0700,2023-08-28 14:05:31 -0700,90.8058
Watch,ms,2023-08-28 14:41:50 -0700,2023-08-28 14:42:49 -0700,79.2858
Watch,ms,2023-08-28 17:23:41 -0700,2023-08-28 17:24:39 -0700,38.7697
Watch,ms,2023-08-29 09:15:13 -0700,2023-08-29 09:16:13 -0700,77.9678
Watch,ms,2023-08-29 11:23:39 -0700,2023-08-29 11:24:38 -0700,48.0488
Watch,ms,2023-08-30 19:48:08 -0700,2023-08-30 19:49:07 -0700,22.3529
Watch,ms,2023-08-30 21:26:20 -0700,2023-08-30 21:27:19 -0700,31.2321
Watch,ms,2023-08-30 22:41:40 -0700,2023-08-30 22:42:40 -0700,53.0073
Watch,ms,2023-08-31 00:37:31 -0700,2023-08-31 00:38:30 -0700,40.9006
Watch,ms,2023-08-31 20:01:39 -0700,2023-08-31 20:02:39 -0700,36.1228
Watch,ms,2023-09-01 11:31:39 -0700,2023-09-01 11:32:33 -0700,37.4206
Watch,ms,2023-09-01 13:56:54 -0700,2023-09-01 13:57:54 -0700,52.4022
Watch,ms,2023-09-01 15:06:56 -0700,2023-09-01 15:07:52 -0700,38.9534
Watch,ms,2023-09-01 16:47:28 -0700,2023-09-01 16:48:19 -0700,62.9246
Watch,ms,2023-09-02 19:02:57 -0700,2023-09-02 19:03:53 -0700,38.721
Watch,ms,2023-09-05 17:18:38 -0700,2023-09-05 17:19:38 -0700,54.3362
Watch,ms,2023-09-05 17:24:01 -0700,2023-09-05 17:25:01 -0700,45.3574
Watch,ms,2023-09-05 20:45:12 -0700,2023-09-05 20:46:12 -0700,12.9336
Watch,ms,2023-09-05 22:52:48 -0700,2023-09-05 22:53:46 -0700,47.9928
Watch,ms,2023-09-06 11:22:54 -0700,2023-09-06 11:23:53 -0700,22.8121
Watch,ms,2023-09-06 12:49:04 -0700,2023-09-06 12:50:04 -0700,69.2063
Watch,ms,2023-09-06 15:21:42 -0700,2023-09-06 15:22:42 -0700,39.7745
Watch,ms,2023-09-06 16:39:17 -0700,2023-09-06 16:40:14 -0700,52.4648
Watch,ms,2023-09-08 12:33:46 -0700,2023-09-08 12:34:45 -0700,21.8875
Watch,ms,2023-09-08 12:36:55 -0700,2023-09-08 12:37:43 -0700,20.4445
Watch,ms,2023-09-08 16:00:15 -0700,2023-09-08 16:01:08 -0700,39.6345
Watch,ms,2023-09-09 13:19:55 -0700,2023-09-09 13:20:54 -0700,160.723
Watch,ms,2023-09-11 10:03:29 -0700,2023-09-11 10:04:28 -0700,31.2805
Watch,ms,2023-09-11 11:49:33 -0700,2023-09-11 11:50:20 -0700,45.8554
Watch,ms,2023-09-11 12:40:22 -0700,2023-09-11 12:40:57 -0700,19.5405
Watch,ms,2023-09-11 14:31:50 -0700,2023-09-11 14:32:48 -0700,43.1244
Watch,ms,2023-09-12 10:41:21 -0700,2023-09-12 10:42:20 -0700,19.2022
Watch,ms,2023-09-12 13:27:20 -0700,2023-09-12 13:28:20 -0700,18.4048
Watch,ms,2023-09-12 14:59:10 -0700,2023-09-12 14:59:31 -0700,79.4284
Watch,ms,2023-09-12 16:42:05 -0700,2023-09-12 16:42:58 -0700,30.3338
Watch,ms,2023-09-13 08:52:51 -0700,2023-09-13 08:53:51 -0700,121.071
Watch,ms,2023-09-13 10:40:23 -0700,2023-09-13 10:41:23 -0700,43.5671
Watch,ms,2023-09-13 12:38:42 -0700,2023-09-13 12:39:40 -0700,16.4204
Watch,ms,2023-09-13 15:13:08 -0700,2023-09-13 15:14:00 -0700,49.0013
Watch,ms,2023-09-13 19:26:00 -0700,2023-09-13 19:26:46 -0700,15.7865
Watch,ms,2023-09-13 20:41:56 -0700,2023-09-13 20:42:55 -0700,52.3116
Watch,ms,2023-09-17 12:20:53 -0700,2023-09-17 12:21:41 -0700,31.0866
Watch,ms,2023-09-17 12:54:34 -0700,2023-09-17 12:54:52 -0700,30.7335
Watch,ms,2023-09-17 19:31:46 -0700,2023-09-17 19:32:46 -0700,45.6132
Watch,ms,2023-09-18 09:32:12 -0700,2023-09-18 09:33:10 -0700,15.8789
Watch,ms,2023-09-18 11:35:22 -0700,2023-09-18 11:36:22 -0700,40.6077
Watch,ms,2023-09-18 13:19:45 -0700,2023-09-18 13:20:45 -0700,53.0527
Watch,ms,2023-09-19 12:15:29 -0700,2023-09-19 12:16:29 -0700,74.6399
Watch,ms,2023-09-19 14:50:57 -0700,2023-09-19 14:51:56 -0700,58.1956
Watch,ms,2023-09-23 18:32:16 -0700,2023-09-23 18:33:14 -0700,58.7869
Watch,ms,2023-09-27 09:44:09 -0700,2023-09-27 09:45:09 -0700,25.986
Watch,ms,2023-09-27 11:39:57 -0700,2023-09-27 11:40:56 -0700,33.1738
Watch,ms,2023-09-27 14:34:08 -0700,2023-09-27 14:34:59 -0700,60.185
Watch,ms,2023-09-27 16:26:08 -0700,2023-09-27 16:27:07 -0700,39.775
Watch,ms,2023-09-28 09:37:27 -0700,2023-09-28 09:37:53 -0700,26.9861
Watch,ms,2023-09-28 10:18:56 -0700,2023-09-28 10:19:56 -0700,34.2852
Watch,ms,2023-09-28 13:30:24 -0700,2023-09-28 13:31:22 -0700,37.5474
Watch,ms,2023-09-28 14:27:00 -0700,2023-09-28 14:27:55 -0700,62.7887
Watch,ms,2023-09-29 09:03:33 -0700,2023-09-29 09:04:29 -0700,34.4018
Watch,ms,2023-10-02 05:45:50 -0700,2023-10-02 05:46:23 -0700,85.9629
Watch,ms,2023-10-02 09:05:56 -0700,2023-10-02 09:06:43 -0700,36.2878
Watch,ms,2023-10-02 11:25:48 -0700,2023-10-02 11:26:06 -0700,60.3235
Watch,ms,2023-10-02 14:51:21 -0700,2023-10-02 14:52:20 -0700,40.5097
Watch,ms,2023-10-02 15:11:22 -0700,2023-10-02 15:12:22 -0700,33.2242
Watch,ms,2023-10-03 06:36:28 -0700,2023-10-03 06:37:27 -0700,25.4185
Watch,ms,2023-10-03 07:18:19 -0700,2023-10-03 07:19:19 -0700,26.7411
Watch,ms,2023-10-03 09:34:55 -0700,2023-10-03 09:35:51 -0700,31.7632
Watch,ms,2023-10-03 11:14:10 -0700,2023-10-03 11:15:09 -0700,54.7696
Watch,ms,2023-10-03 13:28:06 -0700,2023-10-03 13:29:03 -0700,12.1119
Watch,ms,2023-10-03 15:09:09 -0700,2023-10-03 15:10:08 -0700,53.4804
Watch,ms,2023-10-04 09:27:20 -0700,2023-10-04 09:28:20 -0700,22.5305
Watch,ms,2023-10-04 09:30:56 -0700,2023-10-04 09:31:56 -0700,27.4972
Watch,ms,2023-10-04 11:17:12 -0700,2023-10-04 11:18:12 -0700,41.4427
Watch,ms,2023-10-05 10:00:10 -0700,2023-10-05 10:01:09 -0700,34.7023
Watch,ms,2023-10-05 11:15:53 -0700,2023-10-05 11:16:47 -0700,96.9211
Watch,ms,2023-10-08 18:29:06 -0700,2023-10-08 18:30:05 -0700,24.6774
Watch,ms,2023-10-09 09:34:09 -0700,2023-10-09 09:34:58 -0700,49.9458
Watch,ms,2023-10-09 10:00:03 -0700,2023-10-09 10:00:56 -0700,35.6875
Watch,ms,2023-10-09 11:43:24 -0700,2023-10-09 11:44:24 -0700,33.0934
Watch,ms,2023-10-09 13:46:54 -0700,2023-10-09 13:47:38 -0700,34.0754
Watch,ms,2023-10-09 15:56:44 -0700,2023-10-09 15:57:24 -0700,18.2205
Watch,ms,2023-10-10 08:08:53 -0700,2023-10-10 08:09:48 -0700,17.8438
Watch,ms,2023-10-10 10:10:03 -0700,2023-10-10 10:11:03 -0700,26.1232
Watch,ms,2023-10-10 12:21:52 -0700,2023-10-10 12:22:52 -0700,32.3819
Watch,ms,2023-10-10 13:37:57 -0700,2023-10-10 13:38:57 -0700,56.8721
Watch,ms,2023-10-10 15:44:50 -0700,2023-10-10 15:45:50 -0700,68.9446
Watch,ms,2023-10-10 17:34:38 -0700,2023-10-10 17:35:38 -0700,51.9286
Watch,ms,2023-10-11 12:02:53 -0700,2023-10-11 12:03:53 -0700,53.7594
Watch,ms,2023-10-11 13:01:55 -0700,2023-10-11 13:02:55 -0700,55.667
Watch,ms,2023-10-11 16:54:19 -0700,2023-10-11 16:55:19 -0700,25.3634
Watch,ms,2023-10-11 19:14:33 -0700,2023-10-11 19:15:32 -0700,32.2236
Watch,ms,2023-10-11 21:49:05 -0700,2023-10-11 21:50:05 -0700,34.2399
Watch,ms,2023-10-11 23:07:30 -0700,2023-10-11 23:08:28 -0700,21.1723
Watch,ms,2023-10-13 21:48:41 -0700,2023-10-13 21:49:36 -0700,28.4897
Watch,ms,2023-10-14 14:15:55 -0700,2023-10-14 14:16:55 -0700,43.8254
Watch,ms,2023-10-14 18:19:40 -0700,2023-10-14 18:20:31 -0700,32.0891
Watch,ms,2023-10-16 14:54:47 -0700,2023-10-16 14:55:47 -0700,38.7554
Watch,ms,2023-10-16 15:09:56 -0700,2023-10-16 15:10:56 -0700,41.9803
Watch,ms,2023-10-16 17:17:50 -0700,2023-10-16 17:18:30 -0700,20.1178
Watch,ms,2023-10-17 08:55:30 -0700,2023-10-17 08:56:29 -0700,13.5418
Watch,ms,2023-10-17 08:57:42 -0700,2023-10-17 08:58:42 -0700,14.6278
Watch,ms,2023-10-17 08:59:58 -0700,2023-10-17 09:00:57 -0700,21.7718
Watch,ms,2023-10-17 10:57:57 -0700,2023-10-17 10:58:10 -0700,28.4506
Watch,ms,2023-10-17 13:07:52 -0700,2023-10-17 13:08:51 -0700,32.6541
Watch,ms,2023-10-17 15:03:05 -0700,2023-10-17 15:04:05 -0700,20.4953
Watch,ms,2023-10-17 17:47:11 -0700,2023-10-17 17:48:11 -0700,41.8021
Watch,ms,2023-10-17 19:29:32 -0700,2023-10-17 19:30:31 -0700,32.628
Watch,ms,2023-10-20 07:00:12 -0700,2023-10-20 07:01:11 -0700,74.5273
Watch,ms,2023-10-20 08:08:36 -0700,2023-10-20 08:09:36 -0700,105.812
Watch,ms,2023-10-20 09:41:37 -0700,2023-10-20 09:42:35 -0700,33.0033
Watch,ms,2023-10-20 11:42:53 -0700,2023-10-20 11:43:53 -0700,60.1544
Watch,ms,2023-10-20 13:23:59 -0700,2023-10-20 13:24:59 -0700,15.984
Watch,ms,2023-10-21 10:00:33 -0700,2023-10-21 10:00:57 -0700,35.4944
Watch,ms,2023-10-24 10:34:02 -0700,2023-10-24 10:34:55 -0700,13.4627
Watch,ms,2023-10-24 11:35:52 -0700,2023-10-24 11:36:51 -0700,33.3022
Watch,ms,2023-10-24 13:11:37 -0700,2023-10-24 13:12:37 -0700,31.4465
Watch,ms,2023-10-24 15:04:33 -0700,2023-10-24 15:05:30 -0700,57.6955
Watch,ms,2023-10-24 18:08:48 -0700,2023-10-24 18:09:47 -0700,106.083
Watch,ms,2023-10-24 19:19:18 -0700,2023-10-24 19:19:55 -0700,28.1638
Watch,ms,2023-10-25 11:53:38 -0700,2023-10-25 11:54:37 -0700,63.7695
Watch,ms,2023-10-25 13:00:10 -0700,2023-10-25 13:01:09 -0700,41.5946
Watch,ms,2023-10-25 15:04:57 -0700,2023-10-25 15:05:57 -0700,32.2011
Watch,ms,2023-10-25 17:07:31 -0700,2023-10-25 17:08:31 -0700,68.4227
Watch,ms,2023-10-25 19:24:08 -0700,2023-10-25 19:25:05 -0700,70.4967
Watch,ms,2023-10-25 22:33:53 -0700,2023-10-25 22:34:53 -0700,65.2142
Watch,ms,2023-10-26 01:14:33 -0700,2023-10-26 01:15:32 -0700,63.5276
Watch,ms,2023-10-31 14:50:09 -0700,2023-10-31 14:51:08 -0700,29.3613
Watch,ms,2023-10-31 16:58:53 -0700,2023-10-31 16:59:42 -0700,76.6272
Watch,ms,2023-10-31 18:02:53 -0700,2023-10-31 18:03:51 -0700,70.9052
Watch,ms,2023-11-01 09:54:59 -0700,2023-11-01 09:55:56 -0700,32.1899
Watch,ms,2023-11-01 09:59:42 -0700,2023-11-01 10:00:42 -0700,34.9258
Watch,ms,2023-11-01 12:10:10 -0700,2023-11-01 12:11:01 -0700,71.8314
Watch,ms,2023-11-04 17:02:43 -0700,2023-11-04 17:03:13 -0700,12.8108
Watch,ms,2023-11-06 10:18:18 -0700,2023-11-06 10:19:14 -0700,51.8049
Watch,ms,2023-11-06 12:35:07 -0700,2023-11-06 12:36:06 -0700,35.369
Watch,ms,2023-11-06 13:03:20 -0700,2023-11-06 13:04:20 -0700,27.4651
Watch,ms,2023-11-06 17:22:00 -0700,2023-11-06 17:22:59 -0700,76.7911
Watch,ms,2023-11-07 11:31:31 -0700,2023-11-07 11:32:30 -0700,24.089
Watch,ms,2023-11-07 13:38:56 -0700,2023-11-07 13:39:56 -0700,35.001
Watch,ms,2023-11-07 13:58:00 -0700,2023-11-07 13:59:00 -0700,31.0182
Watch,ms,2023-11-07 16:56:58 -0700,2023-11-07 16:57:47 -0700,68.4888
Watch,ms,2023-11-07 17:51:37 -0700,2023-11-07 17:52:36 -0700,53.6524
Watch,ms,2023-11-07 20:33:05 -0700,2023-11-07 20:34:05 -0700,33.667
Watch,ms,2023-11-13 10:52:11 -0700,2023-11-13 10:52:42 -0700,22.9068
Watch,ms,2023-11-13 14:56:51 -0700,2023-11-13 14:57:50 -0700,102.76
Watch,ms,2023-11-18 01:26:47 -0700,2023-11-18 01:27:38 -0700,37.7239
Watch,ms,2023-11-18 02:59:16 -0700,2023-11-18 03:00:15 -0700,46.3955
Watch,ms,2023-11-18 04:41:47 -0700,2023-11-18 04:42:46 -0700,86.5431
Watch,ms,2023-11-18 06:41:49 -0700,2023-11-18 06:42:48 -0700,44.2386
Watch,ms,2023-11-18 08:41:45 -0700,2023-11-18 08:42:44 -0700,63.6632
Watch,ms,2023-11-18 10:42:25 -0700,2023-11-18 10:43:23 -0700,76.6585
Watch,ms,2023-11-18 17:04:58 -0700,2023-11-18 17:05:52 -0700,20.0886
Watch,ms,2023-11-20 14:17:18 -0700,2023-11-20 14:18:17 -0700,46.9438
Watch,ms,2023-11-20 20:58:48 -0700,2023-11-20 20:59:48 -0700,62.0908
Watch,ms,2023-11-22 11:13:15 -0700,2023-11-22 11:14:13 -0700,39.9861
Watch,ms,2023-11-22 11:21:56 -0700,2023-11-22 11:22:56 -0700,35.3797
Watch,ms,2023-11-22 12:42:55 -0700,2023-11-22 12:43:55 -0700,31.6416
Watch,ms,2023-11-22 15:16:37 -0700,2023-11-22 15:17:29 -0700,20.3034
Watch,ms,2023-11-22 17:01:14 -0700,2023-11-22 17:02:14 -0700,53.7649
Watch,ms,2023-11-22 20:09:11 -0700,2023-11-22 20:10:00 -0700,40.707
Watch,ms,2023-11-22 20:47:13 -0700,2023-11-22 20:48:02 -0700,15.6421
Watch,ms,2023-11-23 01:22:46 -0700,2023-11-23 01:23:38 -0700,16.7172
Watch,ms,2023-11-23 02:48:27 -0700,2023-11-23 02:49:18 -0700,27.0144
Watch,ms,2023-11-23 04:41:48 -0700,2023-11-23 04:42:48 -0700,55.8235
Watch,ms,2023-11-23 06:41:46 -0700,2023-11-23 06:42:45 -0700,111.362
Watch,ms,2023-11-23 08:42:47 -0700,2023-11-23 08:43:47 -0700,79.3144
Watch,ms,2023-11-23 10:41:48 -0700,2023-11-23 10:42:47 -0700,67.4585
Watch,ms,2023-11-23 12:41:46 -0700,2023-11-23 12:42:27 -0700,93.0745
Watch,ms,2023-11-23 14:43:34 -0700,2023-11-23 14:44:33 -0700,50.2518
Watch,ms,2023-11-25 15:26:55 -0700,2023-11-25 15:27:55 -0700,40.2641
Watch,ms,2023-11-27 07:25:13 -0700,2023-11-27 07:26:04 -0700,60.1824
Watch,ms,2023-11-27 09:08:07 -0700,2023-11-27 09:09:00 -0700,29.5482
Watch,ms,2023-11-27 10:13:03 -0700,2023-11-27 10:14:02 -0700,44.3735
Watch,ms,2023-11-27 12:02:52 -0700,2023-11-27 12:03:52 -0700,23.6774
Watch,ms,2023-11-27 14:17:24 -0700,2023-11-27 14:18:23 -0700,33.6847
Watch,ms,2023-11-27 16:13:16 -0700,2023-11-27 16:14:02 -0700,51.6199
Watch,ms,2023-11-27 18:06:55 -0700,2023-11-27 18:07:54 -0700,134.683
Watch,ms,2023-11-27 20:51:52 -0700,2023-11-27 20:52:43 -0700,24.3196
Watch,ms,2023-11-27 22:06:59 -0700,2023-11-27 22:07:58 -0700,32.4273
Watch,ms,2023-11-28 00:02:34 -0700,2023-11-28 00:03:33 -0700,44.7849
Watch,ms,2023-11-28 15:49:11 -0700,2023-11-28 15:50:11 -0700,31.6952
Watch,ms,2023-11-28 17:26:17 -0700,2023-11-28 17:27:17 -0700,49.2215
Watch,ms,2023-11-28 18:39:08 -0700,2023-11-28 18:40:08 -0700,48.5351
Watch,ms,2023-11-28 20:46:04 -0700,2023-11-28 20:47:04 -0700,14.541
Watch,ms,2023-12-04 14:16:04 -0700,2023-12-04 14:17:04 -0700,58.5975
Watch,ms,2023-12-04 16:02:44 -0700,2023-12-04 16:03:40 -0700,86.8086
Watch,ms,2023-12-06 15:51:33 -0700,2023-12-06 15:52:33 -0700,108.311
Watch,ms,2023-12-06 17:50:24 -0700,2023-12-06 17:51:24 -0700,100.555
Watch,ms,2023-12-06 22:17:11 -0700,2023-12-06 22:18:08 -0700,19.251
Watch,ms,2023-12-07 00:56:53 -0700,2023-12-07 00:57:45 -0700,59.1138
Watch,ms,2023-12-07 02:41:57 -0700,2023-12-07 02:42:55 -0700,33.0888
Watch,ms,2023-12-07 03:54:23 -0700,2023-12-07 03:55:22 -0700,46.1374
Watch,ms,2023-12-07 05:54:26 -0700,2023-12-07 05:55:25 -0700,112.943
Watch,ms,2023-12-07 07:54:26 -0700,2023-12-07 07:55:25 -0700,67.3382
Watch,ms,2023-12-07 09:54:23 -0700,2023-12-07 09:55:22 -0700,90.8552
Watch,ms,2023-12-07 11:55:18 -0700,2023-12-07 11:56:12 -0700,33.2328
Watch,ms,2023-12-07 14:18:50 -0700,2023-12-07 14:19:48 -0700,70.1104
Watch,ms,2023-12-07 15:56:39 -0700,2023-12-07 15:57:39 -0700,87.4388
