source_name,unit,start_date,end_date,value
Clock,,2019-03-04 07:11:00 -0700,2019-03-04 08:29:33 -0700,HKCategoryValueSleepAnalysisInBed
Clock,,2019-03-04 07:11:00 -0700,2019-03-04 08:29:33 -0700,HKCategoryValueSleepAnalysisInBed
Clock,,2019-03-05 08:09:51 -0700,2019-03-05 09:11:56 -0700,HKCategoryValueSleepAnalysisInBed
Clock,,2019-03-05 08:09:51 -0700,2019-03-05 09:11:56 -0700,HKCategoryValueSleepAnalysisInBed
Clock,,2019-03-06 07:30:19 -0700,2019-03-06 08:43:19 -0700,HKCategoryValueSleepAnalysisInBed
Clock,,2019-03-07 07:53:59 -0700,2019-03-07 09:11:23 -0700,HKCategoryValueSleepAnalysisInBed
Clock,,2019-03-08 00:15:00 -0700,2019-03-08 07:10:39 -0700,HKCategoryValueSleepAnalysisInBed
Clock,,2019-03-11 06:08:00 -0700,2019-03-11 06:57:51 -0700,HKCategoryValueSleepAnalysisInBed
Clock,,2019-03-13 02:49:20 -0700,2019-03-13 07:15:14 -0700,HKCategoryValueSleepAnalysisInBed
Clock,,2019-03-15 00:00:00 -0700,2019-03-15 08:40:59 -0700,HKCategoryValueSleepAnalysisInBed
Clock,,2019-03-16 07:10:28 -0700,2019-03-16 07:18:16 -0700,HKCategoryValueSleepAnalysisInBed
Clock,,2019-03-18 01:41:16 -0700,2019-03-18 08:36:41 -0700,HKCategoryValueSleepAnalysisInBed
Clock,,2019-03-20 00:00:00 -0700,2019-03-20 07:06:44 -0700,HKCategoryValueSleepAnalysisInBed
Clock,,2019-03-20 07:06:52 -0700,2019-03-20 07:07:00 -0700,HKCategoryValueSleepAnalysisInBed
Clock,,2019-03-20 07:07:04 -0700,2019-03-20 07:12:12 -0700,HKCategoryValueSleepAnalysisInBed
Clock,,2019-03-21 06:44:27 -0700,2019-03-21 08:18:28 -0700,HKCategoryValueSleepAnalysisInBed
Clock,,2019-03-21 08:19:52 -0700,2019-03-21 08:28:52 -0700,HKCategoryValueSleepAnalysisInBed
Clock,,2019-03-23 00:00:00 -0700,2019-03-23 07:00:22 -0700,HKCategoryValueSleepAnalysisInBed
Clock,,2019-03-25 00:00:00 -0700,2019-03-25 07:02:34 -0700,HKCategoryValueSleepAnalysisInBed
Clock,,2019-03-29 00:00:00 -0700,2019-03-29 07:00:07 -0700,HKCategoryValueSleepAnalysisInBed
Clock,,2019-04-01 07:43:48 -0700,2019-04-01 08:54:07 -0700,HKCategoryValueSleepAnalysisInBed
Clock,,2019-04-01 23:45:00 -0700,2019-04-02 06:37:05 -0700,HKCategoryValueSleepAnalysisInBed
Clock,,2019-04-03 01:28:55 -0700,2019-04-03 08:02:19 -0700,HKCategoryValueSleepAnalysisInBed
Clock,,2019-04-04 02:25:17 -0700,2019-04-04 10:30:17 -0700,HKCategoryValueSleepAnalysisInBed
Clock,,2019-04-06 00:00:00 -0700,2019-04-06 06:39:41 -0700,HKCategoryValueSleepAnalysisInBed
Clock,,2019-04-10 07:00:04 -0700,2019-04-10 08:08:28 -0700,HKCategoryValueSleepAnalysisInBed
Clock,,2019-04-12 00:24:44 -0700,2019-04-12 07:50:29 -0700,HKCategoryValueSleepAnalysisInBed
Clock,,2019-04-13 00:00:00 -0700,2019-04-13 06:41:28 -0700,HKCategoryValueSleepAnalysisInBed
Clock,,2019-04-13 06:41:44 -0700,2019-04-13 07:10:05 -0700,HKCategoryValueSleepAnalysisInBed
Clock,,2019-04-23 00:10:00 -0700,2019-04-23 08:12:33 -0700,HKCategoryValueSleepAnalysisInBed
Clock,,2019-04-24 00:10:00 -0700,2019-04-24 07:33:12 -0700,HKCategoryValueSleepAnalysisInBed
Clock,,2019-04-25 07:30:56 -0700,2019-04-25 07:33:42 -0700,HKCategoryValueSleepAnalysisInBed
Clock,,2019-04-26 00:10:00 -0700,2019-04-26 06:36:36 -0700,HKCategoryValueSleepAnalysisInBed
Clock,,2019-04-27 02:43:33 -0700,2019-04-27 06:05:08 -0700,HKCategoryValueSleepAnalysisInBed
Clock,,2019-04-30 06:20:09 -0700,2019-04-30 08:57:33 -0700,HKCategoryValueSleepAnalysisInBed
Clock,,2019-05-02 00:45:00 -0700,2019-05-02 08:19:58 -0700,HKCategoryValueSleepAnalysisInBed
Clock,,2019-05-05 21:15:00 -0700,2019-05-05 23:37:08 -0700,HKCategoryValueSleepAnalysisInBed
Clock,,2019-05-05 23:38:20 -0700,2019-05-06 04:28:48 -0700,HKCategoryValueSleepAnalysisInBed
Clock,,2019-05-06 04:30:20 -0700,2019-05-06 04:37:41 -0700,HKCategoryValueSleepAnalysisInBed
Clock,,2019-05-07 23:30:00 -0700,2019-05-08 07:14:36 -0700,HKCategoryValueSleepAnalysisInBed
Clock,,2019-05-08 07:14:52 -0700,2019-05-08 07:19:56 -0700,HKCategoryValueSleepAnalysisInBed
Clock,,2019-05-08 07:21:12 -0700,2019-05-08 07:23:28 -0700,HKCategoryValueSleepAnalysisInBed
Clock,,2019-05-10 23:04:49 -0700,2019-05-11 06:34:30 -0700,HKCategoryValueSleepAnalysisInBed
Clock,,2019-05-13 06:06:10 -0700,2019-05-13 07:26:45 -0700,HKCategoryValueSleepAnalysisInBed
Clock,,2019-05-14 23:31:01 -0700,2019-05-15 07:01:13 -0700,HKCategoryValueSleepAnalysisInBed
Clock,,2019-05-15 22:40:00 -0700,2019-05-16 06:40:28 -0700,HKCategoryValueSleepAnalysisInBed
Clock,,2019-05-16 06:49:44 -0700,2019-05-16 06:55:29 -0700,HKCategoryValueSleepAnalysisInBed
Clock,,2019-05-20 22:40:00 -0700,2019-05-21 09:41:00 -0700,HKCategoryValueSleepAnalysisInBed
Clock,,2019-05-21 23:44:13 -0700,2019-05-22 06:13:07 -0700,HKCategoryValueSleepAnalysisInBed
Clock,,2019-05-24 00:30:00 -0700,2019-05-24 07:45:35 -0700,HKCategoryValueSleepAnalysisInBed
Clock,,2019-05-25 00:50:34 -0700,2019-05-25 06:35:28 -0700,HKCategoryValueSleepAnalysisInBed
Clock,,2019-05-25 06:35:40 -0700,2019-05-25 06:45:06 -0700,HKCategoryValueSleepAnalysisInBed
Clock,,2019-05-27 00:30:00 -0700,2019-05-27 06:46:57 -0700,HKCategoryValueSleepAnalysisInBed
Clock,,2019-05-28 00:30:00 -0700,2019-05-28 08:47:26 -0700,HKCategoryValueSleepAnalysisInBed
Clock,,2019-05-29 06:46:47 -0700,2019-05-29 07:53:30 -0700,HKCategoryValueSleepAnalysisInBed
Clock,,2019-05-31 06:14:54 -0700,2019-05-31 08:47:24 -0700,HKCategoryValueSleepAnalysisInBed
Clock,,2019-06-03 00:35:00 -0700,2019-06-03 08:04:56 -0700,HKCategoryValueSleepAnalysisInBed
Clock,,2019-06-03 00:35:00 -0700,2019-06-03 08:04:56 -0700,HKCategoryValueSleepAnalysisInBed
Clock,,2019-06-06 00:35:08 -0700,2019-06-06 07:10:18 -0700,HKCategoryValueSleepAnalysisInBed
Clock,,2019-06-08 00:21:20 -0700,2019-06-08 06:53:08 -0700,HKCategoryValueSleepAnalysisInBed
Clock,,2019-06-10 06:03:26 -0700,2019-06-10 07:07:18 -0700,HKCategoryValueSleepAnalysisInBed
Clock,,2019-06-10 06:03:26 -0700,2019-06-10 07:07:19 -0700,HKCategoryValueSleepAnalysisInBed
Clock,,2019-06-10 06:03:26 -0700,2019-06-10 07:07:19 -0700,HKCategoryValueSleepAnalysisInBed
Clock,,2019-06-10 06:03:26 -0700,2019-06-10 07:07:20 -0700,HKCategoryValueSleepAnalysisInBed
Clock,,2019-06-10 23:20:08 -0700,2019-06-11 06:07:30 -0700,HKCategoryValueSleepAnalysisInBed
Clock,,2019-06-11 23:13:58 -0700,2019-06-12 06:00:37 -0700,HKCategoryValueSleepAnalysisInBed
Clock,,2019-06-24 12:45:48 -0700,2019-06-24 12:55:04 -0700,HKCategoryValueSleepAnalysisInBed
Clock,,2019-07-02 05:30:02 -0700,2019-07-02 06:32:01 -0700,HKCategoryValueSleepAnalysisInBed
Clock,,2019-07-09 23:35:00 -0700,2019-07-10 07:37:54 -0700,HKCategoryValueSleepAnalysisInBed
Clock,,2019-07-11 00:20:00 -0700,2019-07-11 08:51:22 -0700,HKCategoryValueSleepAnalysisInBed
Clock,,2019-07-12 05:45:41 -0700,2019-07-12 07:18:44 -0700,HKCategoryValueSleepAnalysisInBed
Clock,,2019-07-12 07:18:52 -0700,2019-07-12 08:25:10 -0700,HKCategoryValueSleepAnalysisInBed
Clock,,2019-07-12 23:41:49 -0700,2019-07-13 07:04:17 -0700,HKCategoryValueSleepAnalysisInBed
Clock,,2019-07-16 22:50:00 -0700,2019-07-17 06:59:55 -0700,HKCategoryValueSleepAnalysisInBed
Clock,,2019-07-18 00:14:24 -0700,2019-07-18 05:32:48 -0700,HKCategoryValueSleepAnalysisInBed
Clock,,2019-07-18 05:33:36 -0700,2019-07-18 05:44:52 -0700,HKCategoryValueSleepAnalysisInBed
Clock,,2019-07-18 05:47:08 -0700,2019-07-18 05:49:08 -0700,HKCategoryValueSleepAnalysisInBed
Clock,,2019-07-18 05:51:48 -0700,2019-07-18 06:19:40 -0700,HKCategoryValueSleepAnalysisInBed
Clock,,2019-07-18 06:24:00 -0700,2019-07-18 06:40:10 -0700,HKCategoryValueSleepAnalysisInBed
Clock,,2019-07-26 06:31:41 -0700,2019-07-26 08:33:39 -0700,HKCategoryValueSleepAnalysisInBed
Clock,,2019-07-27 01:02:00 -0700,2019-07-27 07:43:24 -0700,HKCategoryValueSleepAnalysisInBed
Clock,,2019-07-27 07:44:08 -0700,2019-07-27 07:44:16 -0700,HKCategoryValueSleepAnalysisInBed
Clock,,2019-07-27 08:05:00 -0700,2019-07-27 08:15:12 -0700,HKCategoryValueSleepAnalysisInBed
Clock,,2019-08-19 03:29:05 -0700,2019-08-19 05:27:51 -0700,HKCategoryValueSleepAnalysisInBed
Clock,,2019-08-19 23:55:00 -0700,2019-08-20 08:01:45 -0700,HKCategoryValueSleepAnalysisInBed
Clock,,2019-08-19 23:55:00 -0700,2019-08-20 08:01:45 -0700,HKCategoryValueSleepAnalysisInBed
Clock,,2019-09-11 06:30:10 -0700,2019-09-11 08:29:53 -0700,HKCategoryValueSleepAnalysisInBed
Clock,,2019-09-14 05:59:08 -0700,2019-09-14 07:27:13 -0700,HKCategoryValueSleepAnalysisInBed
Clock,,2019-09-16 01:05:00 -0700,2019-09-16 08:45:34 -0700,HKCategoryValueSleepAnalysisInBed
Clock,,2019-09-16 01:05:00 -0700,2019-09-16 09:14:04 -0700,HKCategoryValueSleepAnalysisInBed
Clock,,2019-09-16 01:05:00 -0700,2019-09-16 09:14:04 -0700,HKCategoryValueSleepAnalysisInBed
Clock,,2019-09-23 02:00:00 -0700,2019-09-23 09:28:13 -0700,HKCategoryValueSleepAnalysisInBed
Clock,,2019-09-23 23:55:00 -0700,2019-09-24 07:15:02 -0700,HKCategoryValueSleepAnalysisInBed
Clock,,2019-09-24 23:55:00 -0700,2019-09-25 09:16:58 -0700,HKCategoryValueSleepAnalysisInBed
Clock,,2019-09-26 07:42:43 -0700,2019-09-26 09:06:11 -0700,HKCategoryValueSleepAnalysisInBed
Clock,,2019-09-27 06:30:21 -0700,2019-09-27 07:35:16 -0700,HKCategoryValueSleepAnalysisInBed
Clock,,2019-10-10 07:42:32 -0700,2019-10-10 08:55:04 -0700,HKCategoryValueSleepAnalysisInBed
Clock,,2019-10-13 02:35:00 -0700,2019-10-13 08:24:47 -0700,HKCategoryValueSleepAnalysisInBed
Clock,,2019-10-16 08:19:14 -0700,2019-10-16 09:29:05 -0700,HKCategoryValueSleepAnalysisInBed
Clock,,2019-10-16 23:48:18 -0700,2019-10-17 07:07:05 -0700,HKCategoryValueSleepAnalysisInBed
Clock,,2019-10-20 00:41:20 -0700,2019-10-20 08:04:40 -0700,HKCategoryValueSleepAnalysisInBed
Clock,,2019-10-21 00:20:27 -0700,2019-10-21 07:18:26 -0700,HKCategoryValueSleepAnalysisInBed
Clock,,2019-10-26 00:03:56 -0700,2019-10-26 08:16:22 -0700,HKCategoryValueSleepAnalysisInBed
Clock,,2019-10-26 23:05:00 -0700,2019-10-27 08:06:07 -0700,HKCategoryValueSleepAnalysisInBed
Clock,,2019-10-28 07:57:10 -0700,2019-10-28 09:09:09 -0700,HKCategoryValueSleepAnalysisInBed
Clock,,2019-10-29 01:05:00 -0700,2019-10-29 04:36:13 -0700,HKCategoryValueSleepAnalysisInBed
Clock,,2019-10-30 01:48:58 -0700,2019-10-30 09:09:07 -0700,HKCategoryValueSleepAnalysisInBed
Clock,,2019-10-31 08:00:10 -0700,2019-10-31 09:00:10 -0700,HKCategoryValueSleepAnalysisInBed
Clock,,2019-11-01 01:05:00 -0700,2019-11-01 09:27:57 -0700,HKCategoryValueSleepAnalysisInBed
Clock,,2019-11-02 01:05:00 -0700,2019-11-02 09:00:09 -0700,HKCategoryValueSleepAnalysisInBed
Clock,,2019-11-03 02:05:00 -0700,2019-11-03 10:00:08 -0700,HKCategoryValueSleepAnalysisInBed
Clock,,2019-11-04 09:19:30 -0700,2019-11-04 10:42:01 -0700,HKCategoryValueSleepAnalysisInBed
Clock,,2019-11-04 09:19:30 -0700,2019-11-04 10:42:06 -0700,HKCategoryValueSleepAnalysisInBed
Clock,,2019-11-05 01:42:06 -0700,2019-11-05 08:53:26 -0700,HKCategoryValueSleepAnalysisInBed
Clock,,2019-11-06 08:39:49 -0700,2019-11-06 10:27:32 -0700,HKCategoryValueSleepAnalysisInBed
Clock,,2019-11-07 07:24:31 -0700,2019-11-07 09:37:45 -0700,HKCategoryValueSleepAnalysisInBed
Clock,,2019-11-07 07:24:31 -0700,2019-11-07 09:37:50 -0700,HKCategoryValueSleepAnalysisInBed
Clock,,2019-11-08 07:50:26 -0700,2019-11-08 08:59:26 -0700,HKCategoryValueSleepAnalysisInBed
Clock,,2019-11-11 02:13:02 -0700,2019-11-11 10:01:09 -0700,HKCategoryValueSleepAnalysisInBed
Clock,,2019-11-12 08:50:51 -0700,2019-11-12 09:52:22 -0700,HKCategoryValueSleepAnalysisInBed
Clock,,2019-11-14 00:32:04 -0700,2019-11-14 07:27:27 -0700,HKCategoryValueSleepAnalysisInBed
Clock,,2019-11-15 00:15:22 -0700,2019-11-15 07:38:50 -0700,HKCategoryValueSleepAnalysisInBed
Clock,,2019-12-02 03:07:44 -0700,2019-12-02 07:10:01 -0700,HKCategoryValueSleepAnalysisInBed
Clock,,2019-12-04 08:02:00 -0700,2019-12-04 09:02:00 -0700,HKCategoryValueSleepAnalysisInBed
Clock,,2019-12-04 08:02:05 -0700,2019-12-04 09:02:05 -0700,HKCategoryValueSleepAnalysisInBed
Clock,,2019-12-06 08:00:33 -0700,2019-12-06 09:22:08 -0700,HKCategoryValueSleepAnalysisInBed
Clock,,2019-12-20 08:22:57 -0700,2019-12-20 09:43:06 -0700,HKCategoryValueSleepAnalysisInBed
Clock,,2019-12-21 02:52:21 -0700,2019-12-21 10:25:09 -0700,HKCategoryValueSleepAnalysisInBed
Clock,,2019-12-23 00:26:30 -0700,2019-12-23 06:57:52 -0700,HKCategoryValueSleepAnalysisInBed
Clock,,2019-12-24 08:02:07 -0700,2019-12-24 09:34:00 -0700,HKCategoryValueSleepAnalysisInBed
Clock,,2019-12-25 01:10:00 -0700,2019-12-25 09:15:16 -0700,HKCategoryValueSleepAnalysisInBed
Clock,,2019-12-26 02:55:00 -0700,2019-12-26 10:46:36 -0700,HKCategoryValueSleepAnalysisInBed
Clock,,2019-12-26 02:55:00 -0700,2019-12-26 10:46:48 -0700,HKCategoryValueSleepAnalysisInBed
Clock,,2019-12-26 02:55:00 -0700,2019-12-26 10:46:48 -0700,HKCategoryValueSleepAnalysisInBed
Clock,,2019-12-26 02:55:00 -0700,2019-12-26 10:46:48 -0700,HKCategoryValueSleepAnalysisInBed
Clock,,2019-12-27 01:00:00 -0700,2019-12-27 08:00:14 -0700,HKCategoryValueSleepAnalysisInBed
Clock,,2019-12-28 01:15:32 -0700,2019-12-28 09:31:13 -0700,HKCategoryValueSleepAnalysisInBed
Clock,,2019-12-31 02:11:54 -0700,2019-12-31 07:58:24 -0700,HKCategoryValueSleepAnalysisInBed
Clock,,2019-12-31 07:58:34 -0700,2019-12-31 08:00:17 -0700,HKCategoryValueSleepAnalysisInBed
Clock,,2019-12-31 08:00:20 -0700,2019-12-31 08:04:28 -0700,HKCategoryValueSleepAnalysisInBed
Clock,,2020-01-03 03:19:59 -0700,2020-01-03 07:05:44 -0700,HKCategoryValueSleepAnalysisInBed
Clock,,2020-01-04 02:25:00 -0700,2020-01-04 10:51:00 -0700,HKCategoryValueSleepAnalysisInBed
Clock,,2020-01-05 02:25:00 -0700,2020-01-05 09:01:13 -0700,HKCategoryValueSleepAnalysisInBed
Clock,,2020-01-18 03:10:12 -0700,2020-01-18 09:35:43 -0700,HKCategoryValueSleepAnalysisInBed
Clock,,2020-01-20 08:24:25 -0700,2020-01-20 09:53:28 -0700,HKCategoryValueSleepAnalysisInBed
Clock,,2020-01-20 09:54:59 -0700,2020-01-20 09:55:16 -0700,HKCategoryValueSleepAnalysisInBed
Clock,,2020-01-31 00:36:18 -0700,2020-01-31 06:50:12 -0700,HKCategoryValueSleepAnalysisInBed
Clock,,2020-02-04 02:31:55 -0700,2020-02-04 07:54:22 -0700,HKCategoryValueSleepAnalysisInBed
Clock,,2020-02-05 07:38:58 -0700,2020-02-05 08:14:55 -0700,HKCategoryValueSleepAnalysisInBed
Clock,,2020-02-07 02:38:33 -0700,2020-02-07 07:27:50 -0700,HKCategoryValueSleepAnalysisInBed
Clock,,2020-02-07 02:38:33 -0700,2020-02-07 07:27:50 -0700,HKCategoryValueSleepAnalysisInBed
Clock,,2020-02-07 07:27:53 -0700,2020-02-07 07:30:10 -0700,HKCategoryValueSleepAnalysisInBed
Clock,,2020-02-07 07:27:53 -0700,2020-02-07 07:30:10 -0700,HKCategoryValueSleepAnalysisInBed
Clock,,2020-02-07 07:31:28 -0700,2020-02-07 07:33:43 -0700,HKCategoryValueSleepAnalysisInBed
Clock,,2020-02-07 07:31:28 -0700,2020-02-07 07:33:43 -0700,HKCategoryValueSleepAnalysisInBed
Clock,,2020-02-10 03:18:57 -0700,2020-02-10 08:35:38 -0700,HKCategoryValueSleepAnalysisInBed
Clock,,2020-02-10 08:44:08 -0700,2020-02-10 08:44:33 -0700,HKCategoryValueSleepAnalysisInBed
Clock,,2020-02-11 01:01:59 -0700,2020-02-11 06:50:05 -0700,HKCategoryValueSleepAnalysisInBed
Clock,,2020-02-12 01:08:21 -0700,2020-02-12 06:51:08 -0700,HKCategoryValueSleepAnalysisInBed
Clock,,2020-02-18 02:43:42 -0700,2020-02-18 06:59:58 -0700,HKCategoryValueSleepAnalysisInBed
Clock,,2020-02-19 07:37:05 -0700,2020-02-19 09:54:55 -0700,HKCategoryValueSleepAnalysisInBed
Clock,,2020-02-19 22:55:00 -0700,2020-02-20 06:50:11 -0700,HKCategoryValueSleepAnalysisInBed
Clock,,2020-03-09 06:53:25 -0700,2020-03-09 07:56:41 -0700,HKCategoryValueSleepAnalysisInBed
Clock,,2020-03-10 08:23:54 -0700,2020-03-10 09:27:55 -0700,HKCategoryValueSleepAnalysisInBed
Clock,,2020-03-10 08:23:54 -0700,2020-03-10 09:27:57 -0700,HKCategoryValueSleepAnalysisInBed
Clock,,2020-03-16 22:09:21 -0700,2020-03-17 06:57:16 -0700,HKCategoryValueSleepAnalysisInBed
Clock,,2020-03-17 23:40:17 -0700,2020-03-18 07:15:50 -0700,HKCategoryValueSleepAnalysisInBed
Clock,,2020-03-19 23:16:31 -0700,2020-03-20 01:57:01 -0700,HKCategoryValueSleepAnalysisInBed
Clock,,2020-03-20 01:57:06 -0700,2020-03-20 07:43:10 -0700,HKCategoryValueSleepAnalysisInBed
Clock,,2020-03-21 01:57:34 -0700,2020-03-21 07:18:29 -0700,HKCategoryValueSleepAnalysisInBed
Clock,,2020-03-23 03:14:14 -0700,2020-03-23 07:30:05 -0700,HKCategoryValueSleepAnalysisInBed
Clock,,2020-03-23 03:14:14 -0700,2020-03-23 07:30:12 -0700,HKCategoryValueSleepAnalysisInBed
Clock,,2020-03-23 03:14:14 -0700,2020-03-23 07:30:12 -0700,HKCategoryValueSleepAnalysisInBed
Clock,,2020-03-23 03:14:14 -0700,2020-03-23 07:30:12 -0700,HKCategoryValueSleepAnalysisInBed
Clock,,2020-03-23 03:14:14 -0700,2020-03-23 07:30:12 -0700,HKCategoryValueSleepAnalysisInBed
Clock,,2020-04-17 02:35:15 -0700,2020-04-17 08:00:00 -0700,HKCategoryValueSleepAnalysisInBed
Clock,,2020-04-18 01:30:31 -0700,2020-04-18 07:00:25 -0700,HKCategoryValueSleepAnalysisInBed
Clock,,2020-04-25 07:30:32 -0700,2020-04-25 07:32:51 -0700,HKCategoryValueSleepAnalysisInBed
Clock,,2020-04-26 03:51:17 -0700,2020-04-26 08:55:15 -0700,HKCategoryValueSleepAnalysisInBed
Clock,,2020-04-27 00:06:31 -0700,2020-04-27 07:03:43 -0700,HKCategoryValueSleepAnalysisInBed
Clock,,2020-05-07 01:50:00 -0700,2020-05-07 08:17:38 -0700,HKCategoryValueSleepAnalysisInBed
Clock,,2020-05-07 08:18:08 -0700,2020-05-07 09:58:27 -0700,HKCategoryValueSleepAnalysisInBed
Clock,,2020-05-07 09:59:48 -0700,2020-05-07 09:59:49 -0700,HKCategoryValueSleepAnalysisInBed
Clock,,2020-05-07 10:03:12 -0700,2020-05-07 10:04:51 -0700,HKCategoryValueSleepAnalysisInBed
Clock,,2020-05-07 10:12:04 -0700,2020-05-07 10:14:26 -0700,HKCategoryValueSleepAnalysisInBed
Clock,,2020-05-08 01:50:00 -0700,2020-05-08 08:37:02 -0700,HKCategoryValueSleepAnalysisInBed
Clock,,2020-05-08 01:50:00 -0700,2020-05-08 08:37:02 -0700,HKCategoryValueSleepAnalysisInBed
Clock,,2020-05-11 01:31:00 -0700,2020-05-11 06:59:59 -0700,HKCategoryValueSleepAnalysisInBed
Clock,,2020-05-14 08:39:57 -0700,2020-05-14 10:14:27 -0700,HKCategoryValueSleepAnalysisInBed
Clock,,2020-05-15 07:34:47 -0700,2020-05-15 09:01:38 -0700,HKCategoryValueSleepAnalysisInBed
Clock,,2020-05-15 07:34:47 -0700,2020-05-15 10:02:00 -0700,HKCategoryValueSleepAnalysisInBed
Clock,,2020-05-15 07:34:47 -0700,2020-05-15 10:07:10 -0700,HKCategoryValueSleepAnalysisInBed
Clock,,2020-05-15 07:34:47 -0700,2020-05-15 10:07:10 -0700,HKCategoryValueSleepAnalysisInBed
Clock,,2020-05-16 02:17:26 -0700,2020-05-16 10:07:29 -0700,HKCategoryValueSleepAnalysisInBed
Clock,,2020-05-17 03:18:06 -0700,2020-05-17 06:50:13 -0700,HKCategoryValueSleepAnalysisInBed
Clock,,2020-05-18 03:37:23 -0700,2020-05-18 06:50:10 -0700,HKCategoryValueSleepAnalysisInBed
Clock,,2020-05-19 02:39:16 -0700,2020-05-19 07:08:58 -0700,HKCategoryValueSleepAnalysisInBed
Clock,,2020-05-19 07:09:07 -0700,2020-05-19 07:09:27 -0700,HKCategoryValueSleepAnalysisInBed
Clock,,2020-05-19 07:10:29 -0700,2020-05-19 07:36:02 -0700,HKCategoryValueSleepAnalysisInBed
Clock,,2020-05-19 07:36:13 -0700,2020-05-19 07:36:36 -0700,HKCategoryValueSleepAnalysisInBed
Clock,,2020-05-20 00:00:00 -0700,2020-05-20 07:05:29 -0700,HKCategoryValueSleepAnalysisInBed
Clock,,2020-05-21 02:20:00 -0700,2020-05-21 08:02:36 -0700,HKCategoryValueSleepAnalysisInBed
Clock,,2020-05-21 08:02:37 -0700,2020-05-21 08:02:40 -0700,HKCategoryValueSleepAnalysisInBed
Clock,,2020-05-21 08:04:01 -0700,2020-05-21 10:07:32 -0700,HKCategoryValueSleepAnalysisInBed
Clock,,2020-05-21 10:07:39 -0700,2020-05-21 10:07:53 -0700,HKCategoryValueSleepAnalysisInBed
Clock,,2020-05-21 10:09:15 -0700,2020-05-21 10:10:03 -0700,HKCategoryValueSleepAnalysisInBed
Clock,,2020-05-22 09:22:25 -0700,2020-05-22 10:10:10 -0700,HKCategoryValueSleepAnalysisInBed
Clock,,2020-05-23 04:07:28 -0700,2020-05-23 12:18:14 -0700,HKCategoryValueSleepAnalysisInBed
Clock,,2020-05-25 05:00:00 -0700,2020-05-25 11:02:30 -0700,HKCategoryValueSleepAnalysisInBed
Clock,,2020-05-28 00:15:39 -0700,2020-05-28 07:01:32 -0700,HKCategoryValueSleepAnalysisInBed
Clock,,2020-05-28 22:30:00 -0700,2020-05-29 00:08:34 -0700,HKCategoryValueSleepAnalysisInBed
Clock,,2020-05-29 00:08:54 -0700,2020-05-29 01:15:07 -0700,HKCategoryValueSleepAnalysisInBed
Clock,,2020-05-29 01:15:13 -0700,2020-05-29 01:15:21 -0700,HKCategoryValueSleepAnalysisInBed
Clock,,2020-05-29 01:22:04 -0700,2020-05-29 01:50:32 -0700,HKCategoryValueSleepAnalysisInBed
Clock,,2020-05-29 02:38:22 -0700,2020-05-29 02:56:52 -0700,HKCategoryValueSleepAnalysisInBed
Clock,,2020-05-29 03:00:57 -0700,2020-05-29 03:08:55 -0700,HKCategoryValueSleepAnalysisInBed
Clock,,2020-05-29 03:37:38 -0700,2020-05-29 03:46:31 -0700,HKCategoryValueSleepAnalysisInBed
Clock,,2020-05-29 03:46:44 -0700,2020-05-29 03:46:46 -0700,HKCategoryValueSleepAnalysisInBed
Clock,,2020-05-29 03:46:52 -0700,2020-05-29 03:53:50 -0700,HKCategoryValueSleepAnalysisInBed
Clock,,2020-05-29 03:56:46 -0700,2020-05-29 03:56:58 -0700,HKCategoryValueSleepAnalysisInBed
Clock,,2020-05-29 03:57:52 -0700,2020-05-29 03:59:05 -0700,HKCategoryValueSleepAnalysisInBed
Clock,,2020-05-29 03:59:13 -0700,2020-05-29 04:02:12 -0700,HKCategoryValueSleepAnalysisInBed
Clock,,2020-05-29 04:02:49 -0700,2020-05-29 04:06:26 -0700,HKCategoryValueSleepAnalysisInBed
Clock,,2020-05-29 04:07:27 -0700,2020-05-29 04:12:25 -0700,HKCategoryValueSleepAnalysisInBed
Clock,,2020-05-29 04:17:33 -0700,2020-05-29 04:19:17 -0700,HKCategoryValueSleepAnalysisInBed
Clock,,2020-05-29 04:23:04 -0700,2020-05-29 07:49:41 -0700,HKCategoryValueSleepAnalysisInBed
Clock,,2020-05-29 04:23:04 -0700,2020-05-29 10:30:21 -0700,HKCategoryValueSleepAnalysisInBed
Clock,,2020-06-03 08:15:19 -0700,2020-06-03 08:16:26 -0700,HKCategoryValueSleepAnalysisInBed
Clock,,2020-06-04 01:50:03 -0700,2020-06-04 09:44:40 -0700,HKCategoryValueSleepAnalysisInBed
Clock,,2020-06-05 02:31:46 -0700,2020-06-05 08:45:59 -0700,HKCategoryValueSleepAnalysisInBed
Clock,,2020-06-05 08:46:08 -0700,2020-06-05 08:47:38 -0700,HKCategoryValueSleepAnalysisInBed
Clock,,2020-06-05 08:51:44 -0700,2020-06-05 08:53:33 -0700,HKCategoryValueSleepAnalysisInBed
Clock,,2020-06-06 00:45:00 -0700,2020-06-06 08:32:22 -0700,HKCategoryValueSleepAnalysisInBed
Clock,,2020-06-07 00:45:00 -0700,2020-06-07 08:31:32 -0700,HKCategoryValueSleepAnalysisInBed
Clock,,2020-06-08 01:39:52 -0700,2020-06-08 08:41:40 -0700,HKCategoryValueSleepAnalysisInBed
Clock,,2020-06-08 01:39:52 -0700,2020-06-08 08:41:40 -0700,HKCategoryValueSleepAnalysisInBed
Clock,,2020-06-08 08:43:33 -0700,2020-06-08 09:03:09 -0700,HKCategoryValueSleepAnalysisInBed
Clock,,2020-06-08 08:43:33 -0700,2020-06-08 09:03:09 -0700,HKCategoryValueSleepAnalysisInBed
Clock,,2020-06-13 00:01:45 -0700,2020-06-13 06:00:03 -0700,HKCategoryValueSleepAnalysisInBed
Clock,,2020-06-14 23:30:00 -0700,2020-06-15 06:07:35 -0700,HKCategoryValueSleepAnalysisInBed
Clock,,2020-06-15 06:10:02 -0700,2020-06-15 06:15:19 -0700,HKCategoryValueSleepAnalysisInBed
Clock,,2020-06-15 06:15:23 -0700,2020-06-15 06:35:31 -0700,HKCategoryValueSleepAnalysisInBed
Clock,,2020-06-16 05:42:48 -0700,2020-06-16 07:55:08 -0700,HKCategoryValueSleepAnalysisInBed
Clock,,2020-06-16 23:45:01 -0700,2020-06-17 05:18:46 -0700,HKCategoryValueSleepAnalysisInBed
Clock,,2020-06-17 05:51:38 -0700,2020-06-17 05:55:22 -0700,HKCategoryValueSleepAnalysisInBed
Clock,,2020-06-17 23:53:02 -0700,2020-06-18 06:10:49 -0700,HKCategoryValueSleepAnalysisInBed
Clock,,2020-06-17 23:53:02 -0700,2020-06-18 06:10:49 -0700,HKCategoryValueSleepAnalysisInBed
Clock,,2020-06-22 01:47:55 -0700,2020-06-22 06:35:39 -0700,HKCategoryValueSleepAnalysisInBed
Clock,,2020-06-24 01:40:00 -0700,2020-06-24 07:02:25 -0700,HKCategoryValueSleepAnalysisInBed
Clock,,2020-07-10 03:04:22 -0700,2020-07-10 09:18:03 -0700,HKCategoryValueSleepAnalysisInBed
Clock,,2020-07-24 00:15:00 -0700,2020-07-24 07:34:30 -0700,HKCategoryValueSleepAnalysisInBed
Clock,,2020-07-24 07:35:29 -0700,2020-07-24 07:35:30 -0700,HKCategoryValueSleepAnalysisInBed
Clock,,2020-07-24 07:41:02 -0700,2020-07-24 07:48:54 -0700,HKCategoryValueSleepAnalysisInBed
Clock,,2020-07-25 00:15:00 -0700,2020-07-25 07:30:47 -0700,HKCategoryValueSleepAnalysisInBed
Clock,,2020-07-26 00:28:59 -0700,2020-07-26 07:32:48 -0700,HKCategoryValueSleepAnalysisInBed
Clock,,2020-09-01 22:35:00 -0700,2020-09-02 05:23:24 -0700,HKCategoryValueSleepAnalysisInBed
Clock,,2020-09-02 05:23:33 -0700,2020-09-02 05:29:17 -0700,HKCategoryValueSleepAnalysisInBed
Clock,,2020-09-02 05:31:53 -0700,2020-09-02 05:35:14 -0700,HKCategoryValueSleepAnalysisInBed
Clock,,2020-09-09 06:41:01 -0700,2020-09-09 08:15:00 -0700,HKCategoryValueSleepAnalysisInBed
Clock,,2020-09-09 08:15:24 -0700,2020-09-09 08:22:36 -0700,HKCategoryValueSleepAnalysisInBed
Clock,,2020-09-09 23:05:00 -0700,2020-09-10 06:49:19 -0700,HKCategoryValueSleepAnalysisInBed
Clock,,2020-09-10 23:44:12 -0700,2020-09-11 06:45:01 -0700,HKCategoryValueSleepAnalysisInBed
Clock,,2020-09-11 06:45:34 -0700,2020-09-11 06:49:32 -0700,HKCategoryValueSleepAnalysisInBed
Clock,,2020-09-12 00:52:04 -0700,2020-09-12 06:31:26 -0700,HKCategoryValueSleepAnalysisInBed
Clock,,2020-09-12 06:31:34 -0700,2020-09-12 06:31:43 -0700,HKCategoryValueSleepAnalysisInBed
Clock,,2020-09-12 06:31:45 -0700,2020-09-12 06:31:47 -0700,HKCategoryValueSleepAnalysisInBed
Clock,,2020-09-12 06:32:27 -0700,2020-09-12 06:32:35 -0700,HKCategoryValueSleepAnalysisInBed
Clock,,2020-09-12 06:32:41 -0700,2020-09-12 06:40:02 -0700,HKCategoryValueSleepAnalysisInBed
Clock,,2020-09-16 07:28:15 -0700,2020-09-16 08:28:27 -0700,HKCategoryValueSleepAnalysisInBed
Clock,,2020-09-18 06:41:11 -0700,2020-09-18 08:05:54 -0700,HKCategoryValueSleepAnalysisInBed
Clock,,2020-09-18 23:05:00 -0700,2020-09-19 06:40:08 -0700,HKCategoryValueSleepAnalysisInBed
Clock,,2020-09-20 00:27:00 -0700,2020-09-20 06:45:13 -0700,HKCategoryValueSleepAnalysisInBed
Melody’s iPhone,,2020-09-24 23:25:00 -0700,2020-09-25 07:25:02 -0700,HKCategoryValueSleepAnalysisInBed
Melody’s iPhone,,2020-09-26 03:44:04 -0700,2020-09-26 07:25:00 -0700,HKCategoryValueSleepAnalysisInBed
Health,,2020-09-26 22:48:00 -0700,2020-09-26 22:48:00 -0700,HKCategoryValueSleepAnalysisInBed
Melody’s iPhone,,2020-09-27 02:16:57 -0700,2020-09-27 08:11:46 -0700,HKCategoryValueSleepAnalysisInBed
Melody’s iPhone,,2020-09-28 00:12:26 -0700,2020-09-28 07:25:04 -0700,HKCategoryValueSleepAnalysisInBed
Melody’s iPhone,,2020-09-29 01:07:30 -0700,2020-09-29 07:25:07 -0700,HKCategoryValueSleepAnalysisInBed
Melody’s iPhone,,2020-09-29 22:30:00 -0700,2020-09-30 06:47:37 -0700,HKCategoryValueSleepAnalysisInBed
Melody’s iPhone,,2020-10-01 01:05:00 -0700,2020-10-01 07:19:14 -0700,HKCategoryValueSleepAnalysisInBed
Melody’s iPhone,,2020-10-02 00:00:00 -0700,2020-10-02 06:29:16 -0700,HKCategoryValueSleepAnalysisInBed
Melody’s iPhone,,2020-10-02 23:53:27 -0700,2020-10-03 07:25:14 -0700,HKCategoryValueSleepAnalysisInBed
Melody’s iPhone,,2020-10-03 23:25:00 -0700,2020-10-04 07:25:06 -0700,HKCategoryValueSleepAnalysisInBed
Melody’s iPhone,,2020-10-05 00:15:26 -0700,2020-10-05 06:00:44 -0700,HKCategoryValueSleepAnalysisInBed
Melody’s iPhone,,2020-10-06 07:33:41 -0700,2020-10-06 07:34:03 -0700,HKCategoryValueSleepAnalysisInBed
Melody’s iPhone,,2020-10-06 23:41:08 -0700,2020-10-07 07:25:12 -0700,HKCategoryValueSleepAnalysisInBed
Melody’s iPhone,,2020-10-07 23:30:31 -0700,2020-10-08 06:33:27 -0700,HKCategoryValueSleepAnalysisInBed
Melody’s iPhone,,2020-10-09 01:36:52 -0700,2020-10-09 07:25:04 -0700,HKCategoryValueSleepAnalysisInBed
Melody’s iPhone,,2020-10-11 01:46:47 -0700,2020-10-11 07:25:12 -0700,HKCategoryValueSleepAnalysisInBed
Melody’s iPhone,,2020-10-12 01:03:26 -0700,2020-10-12 07:47:57 -0700,HKCategoryValueSleepAnalysisInBed
Melody’s iPhone,,2020-10-12 07:50:00 -0700,2020-10-12 07:51:40 -0700,HKCategoryValueSleepAnalysisInBed
Melody’s iPhone,,2020-10-12 07:54:09 -0700,2020-10-12 07:54:10 -0700,HKCategoryValueSleepAnalysisInBed
Melody’s iPhone,,2020-10-12 07:54:21 -0700,2020-10-12 07:54:26 -0700,HKCategoryValueSleepAnalysisInBed
Melody’s iPhone,,2020-10-13 02:22:25 -0700,2020-10-13 08:00:02 -0700,HKCategoryValueSleepAnalysisInBed
Melody’s iPhone,,2020-10-14 01:06:51 -0700,2020-10-14 07:25:12 -0700,HKCategoryValueSleepAnalysisInBed
Melody’s iPhone,,2020-10-15 02:30:00 -0700,2020-10-15 07:30:44 -0700,HKCategoryValueSleepAnalysisInBed
Melody’s iPhone,,2020-10-16 01:46:44 -0700,2020-10-16 08:11:35 -0700,HKCategoryValueSleepAnalysisInBed
Melody’s iPhone,,2020-10-17 07:43:49 -0700,2020-10-17 09:46:00 -0700,HKCategoryValueSleepAnalysisInBed
Melody’s iPhone,,2020-10-17 09:51:15 -0700,2020-10-17 09:53:48 -0700,HKCategoryValueSleepAnalysisInBed
Melody’s iPhone,,2020-10-17 23:25:00 -0700,2020-10-18 10:00:40 -0700,HKCategoryValueSleepAnalysisInBed
Melody’s iPhone,,2020-10-19 08:18:05 -0700,2020-10-19 08:19:15 -0700,HKCategoryValueSleepAnalysisInBed
Melody’s iPhone,,2020-10-19 08:19:42 -0700,2020-10-19 08:22:53 -0700,HKCategoryValueSleepAnalysisInBed
Melody’s iPhone,,2020-10-20 01:10:22 -0700,2020-10-20 07:24:19 -0700,HKCategoryValueSleepAnalysisInBed
Melody’s iPhone,,2020-10-20 07:24:21 -0700,2020-10-20 07:25:05 -0700,HKCategoryValueSleepAnalysisInBed
Melody’s iPhone,,2020-10-21 00:29:22 -0700,2020-10-21 08:57:59 -0700,HKCategoryValueSleepAnalysisInBed
Melody’s iPhone,,2020-10-21 08:59:40 -0700,2020-10-21 09:03:16 -0700,HKCategoryValueSleepAnalysisInBed
Melody’s iPhone,,2020-10-22 02:21:28 -0700,2020-10-22 08:52:07 -0700,HKCategoryValueSleepAnalysisInBed
Melody’s iPhone,,2020-10-22 08:53:09 -0700,2020-10-22 08:55:16 -0700,HKCategoryValueSleepAnalysisInBed
Melody’s iPhone,,2020-10-22 08:56:04 -0700,2020-10-22 09:13:27 -0700,HKCategoryValueSleepAnalysisInBed
Melody’s iPhone,,2020-10-22 09:14:28 -0700,2020-10-22 09:14:42 -0700,HKCategoryValueSleepAnalysisInBed
Melody’s iPhone,,2020-10-23 03:43:16 -0700,2020-10-23 07:25:05 -0700,HKCategoryValueSleepAnalysisInBed
Melody’s iPhone,,2020-10-24 01:53:07 -0700,2020-10-24 07:27:29 -0700,HKCategoryValueSleepAnalysisInBed
Melody’s iPhone,,2020-10-25 02:25:00 -0700,2020-10-25 07:29:43 -0700,HKCategoryValueSleepAnalysisInBed
Melody’s iPhone,,2020-10-26 00:29:12 -0700,2020-10-26 03:51:51 -0700,HKCategoryValueSleepAnalysisInBed
Melody’s iPhone,,2020-10-26 03:54:44 -0700,2020-10-26 07:10:35 -0700,HKCategoryValueSleepAnalysisInBed
Melody’s iPhone,,2020-10-26 07:11:41 -0700,2020-10-26 07:25:16 -0700,HKCategoryValueSleepAnalysisInBed
Melody’s iPhone,,2020-10-26 07:25:20 -0700,2020-10-26 07:34:29 -0700,HKCategoryValueSleepAnalysisInBed
Melody’s iPhone,,2020-10-27 00:17:27 -0700,2020-10-27 07:56:56 -0700,HKCategoryValueSleepAnalysisInBed
Melody’s iPhone,,2020-10-28 04:44:29 -0700,2020-10-28 07:26:14 -0700,HKCategoryValueSleepAnalysisInBed
Melody’s iPhone,,2020-10-29 02:44:12 -0700,2020-10-29 08:00:30 -0700,HKCategoryValueSleepAnalysisInBed
Melody’s iPhone,,2020-10-29 08:00:41 -0700,2020-10-29 08:13:53 -0700,HKCategoryValueSleepAnalysisInBed
Melody’s iPhone,,2020-10-29 08:14:52 -0700,2020-10-29 08:24:51 -0700,HKCategoryValueSleepAnalysisInBed
Melody’s iPhone,,2020-10-29 08:25:10 -0700,2020-10-29 08:55:22 -0700,HKCategoryValueSleepAnalysisInBed
Melody’s iPhone,,2020-10-29 08:55:25 -0700,2020-10-29 08:55:33 -0700,HKCategoryValueSleepAnalysisInBed
Melody’s iPhone,,2020-10-29 08:56:22 -0700,2020-10-29 08:56:41 -0700,HKCategoryValueSleepAnalysisInBed
Melody’s iPhone,,2020-10-29 08:57:53 -0700,2020-10-29 08:58:15 -0700,HKCategoryValueSleepAnalysisInBed
Melody’s iPhone,,2020-10-30 07:25:17 -0700,2020-10-30 08:40:08 -0700,HKCategoryValueSleepAnalysisInBed
Melody’s iPhone,,2020-10-31 07:55:54 -0700,2020-10-31 08:41:37 -0700,HKCategoryValueSleepAnalysisInBed
Melody’s iPhone,,2020-10-31 23:01:09 -0700,2020-11-01 07:45:00 -0700,HKCategoryValueSleepAnalysisInBed
Melody’s iPhone,,2020-11-02 02:09:45 -0700,2020-11-02 07:43:17 -0700,HKCategoryValueSleepAnalysisInBed
Melody’s iPhone,,2020-11-02 07:44:34 -0700,2020-11-02 07:44:36 -0700,HKCategoryValueSleepAnalysisInBed
Melody’s iPhone,,2020-11-02 07:44:50 -0700,2020-11-02 08:16:39 -0700,HKCategoryValueSleepAnalysisInBed
Melody’s iPhone,,2020-11-02 08:16:53 -0700,2020-11-02 08:18:44 -0700,HKCategoryValueSleepAnalysisInBed
Melody’s iPhone,,2020-11-02 08:19:40 -0700,2020-11-02 08:25:00 -0700,HKCategoryValueSleepAnalysisInBed
Melody’s iPhone,,2020-11-03 02:10:20 -0700,2020-11-03 08:34:15 -0700,HKCategoryValueSleepAnalysisInBed
Melody’s iPhone,,2020-11-04 01:00:00 -0700,2020-11-04 08:44:16 -0700,HKCategoryValueSleepAnalysisInBed
Melody’s iPhone,,2020-11-04 08:45:11 -0700,2020-11-04 09:00:08 -0700,HKCategoryValueSleepAnalysisInBed
Melody’s iPhone,,2020-11-05 00:59:13 -0700,2020-11-05 08:25:05 -0700,HKCategoryValueSleepAnalysisInBed
Melody’s iPhone,,2020-11-06 00:25:00 -0700,2020-11-06 07:24:01 -0700,HKCategoryValueSleepAnalysisInBed
Melody’s iPhone,,2020-11-06 07:24:41 -0700,2020-11-06 07:24:48 -0700,HKCategoryValueSleepAnalysisInBed
Melody’s iPhone,,2020-11-06 07:25:02 -0700,2020-11-06 07:26:08 -0700,HKCategoryValueSleepAnalysisInBed
Melody’s iPhone,,2020-11-06 07:27:50 -0700,2020-11-06 07:38:52 -0700,HKCategoryValueSleepAnalysisInBed
Melody’s iPhone,,2020-11-06 07:39:44 -0700,2020-11-06 07:59:08 -0700,HKCategoryValueSleepAnalysisInBed
Melody’s iPhone,,2020-11-06 08:00:14 -0700,2020-11-06 08:02:31 -0700,HKCategoryValueSleepAnalysisInBed
Melody’s iPhone,,2020-11-06 08:02:34 -0700,2020-11-06 08:02:52 -0700,HKCategoryValueSleepAnalysisInBed
Melody’s iPhone,,2020-11-06 08:02:54 -0700,2020-11-06 08:02:55 -0700,HKCategoryValueSleepAnalysisInBed
Melody’s iPhone,,2020-11-06 08:07:13 -0700,2020-11-06 08:09:37 -0700,HKCategoryValueSleepAnalysisInBed
Melody’s iPhone,,2020-11-06 08:11:28 -0700,2020-11-06 08:25:08 -0700,HKCategoryValueSleepAnalysisInBed
Melody’s iPhone,,2020-11-08 00:25:00 -0700,2020-11-08 08:25:14 -0700,HKCategoryValueSleepAnalysisInBed
Melody’s iPhone,,2020-11-09 02:45:00 -0700,2020-11-09 09:58:35 -0700,HKCategoryValueSleepAnalysisInBed
Melody’s iPhone,,2020-11-09 09:58:36 -0700,2020-11-09 09:58:37 -0700,HKCategoryValueSleepAnalysisInBed
Melody’s iPhone,,2020-11-09 09:58:50 -0700,2020-11-09 10:05:05 -0700,HKCategoryValueSleepAnalysisInBed
Melody’s iPhone,,2020-11-10 01:02:21 -0700,2020-11-10 08:55:06 -0700,HKCategoryValueSleepAnalysisInBed
Melody’s iPhone,,2020-11-11 01:00:00 -0700,2020-11-11 09:43:25 -0700,HKCategoryValueSleepAnalysisInBed
Melody’s iPhone,,2020-11-11 09:48:53 -0700,2020-11-11 10:01:28 -0700,HKCategoryValueSleepAnalysisInBed
Melody’s iPhone,,2020-11-12 01:38:35 -0700,2020-11-12 08:25:08 -0700,HKCategoryValueSleepAnalysisInBed
Melody’s iPhone,,2020-11-13 02:19:35 -0700,2020-11-13 07:45:13 -0700,HKCategoryValueSleepAnalysisInBed
Melody’s iPhone,,2020-11-13 07:45:41 -0700,2020-11-13 08:14:39 -0700,HKCategoryValueSleepAnalysisInBed
Melody’s iPhone,,2020-11-13 08:15:47 -0700,2020-11-13 08:38:08 -0700,HKCategoryValueSleepAnalysisInBed
Melody’s iPhone,,2020-11-14 02:40:04 -0700,2020-11-14 08:26:25 -0700,HKCategoryValueSleepAnalysisInBed
Melody’s iPhone,,2020-11-15 02:22:49 -0700,2020-11-15 09:27:27 -0700,HKCategoryValueSleepAnalysisInBed
Melody’s iPhone,,2020-11-16 05:00:00 -0700,2020-11-16 09:53:31 -0700,HKCategoryValueSleepAnalysisInBed
Melody’s iPhone,,2020-11-17 10:16:06 -0700,2020-11-17 11:43:42 -0700,HKCategoryValueSleepAnalysisInBed
Melody’s iPhone,,2020-11-18 02:04:01 -0700,2020-11-18 09:30:37 -0700,HKCategoryValueSleepAnalysisInBed
Melody’s iPhone,,2020-11-19 01:00:24 -0700,2020-11-19 07:32:53 -0700,HKCategoryValueSleepAnalysisInBed
Melody’s iPhone,,2020-11-19 07:34:12 -0700,2020-11-19 07:56:27 -0700,HKCategoryValueSleepAnalysisInBed
Melody’s iPhone,,2020-11-20 07:05:46 -0700,2020-11-20 08:11:28 -0700,HKCategoryValueSleepAnalysisInBed
Melody’s iPhone,,2020-11-21 01:46:35 -0700,2020-11-21 08:35:34 -0700,HKCategoryValueSleepAnalysisInBed
Melody’s iPhone,,2020-11-22 00:25:00 -0700,2020-11-22 20:46:16 -0700,HKCategoryValueSleepAnalysisInBed
Melody’s iPhone,,2020-11-23 03:29:58 -0700,2020-11-23 08:25:41 -0700,HKCategoryValueSleepAnalysisInBed
Melody’s iPhone,,2020-11-24 01:31:35 -0700,2020-11-24 09:03:51 -0700,HKCategoryValueSleepAnalysisInBed
Melody’s iPhone,,2020-11-25 00:37:24 -0700,2020-11-25 08:28:37 -0700,HKCategoryValueSleepAnalysisInBed
Melody’s iPhone,,2020-11-25 08:29:07 -0700,2020-11-25 08:34:04 -0700,HKCategoryValueSleepAnalysisInBed
Melody’s iPhone,,2020-11-26 00:25:00 -0700,2020-11-26 10:49:42 -0700,HKCategoryValueSleepAnalysisInBed
Melody’s iPhone,,2020-11-28 01:20:19 -0700,2020-11-28 08:27:24 -0700,HKCategoryValueSleepAnalysisInBed
Melody’s iPhone,,2020-11-29 10:02:48 -0700,2020-11-29 11:24:06 -0700,HKCategoryValueSleepAnalysisInBed
Melody’s iPhone,,2020-11-30 09:00:31 -0700,2020-11-30 09:05:02 -0700,HKCategoryValueSleepAnalysisInBed
Melody’s iPhone,,2020-12-01 07:18:45 -0700,2020-12-01 08:25:00 -0700,HKCategoryValueSleepAnalysisInBed
Melody’s iPhone,,2020-12-02 01:05:00 -0700,2020-12-02 08:03:52 -0700,HKCategoryValueSleepAnalysisInBed
Melody’s iPhone,,2020-12-03 05:36:03 -0700,2020-12-03 08:14:33 -0700,HKCategoryValueSleepAnalysisInBed
Melody’s iPhone,,2020-12-04 02:14:45 -0700,2020-12-04 08:37:19 -0700,HKCategoryValueSleepAnalysisInBed
Melody’s iPhone,,2020-12-04 08:40:00 -0700,2020-12-04 08:43:20 -0700,HKCategoryValueSleepAnalysisInBed
Melody’s iPhone,,2020-12-05 01:06:16 -0700,2020-12-05 09:40:06 -0700,HKCategoryValueSleepAnalysisInBed
Melody’s iPhone,,2020-12-06 02:33:45 -0700,2020-12-06 08:25:44 -0700,HKCategoryValueSleepAnalysisInBed
Melody’s iPhone,,2020-12-07 01:40:00 -0700,2020-12-07 07:25:49 -0700,HKCategoryValueSleepAnalysisInBed
Melody’s iPhone,,2020-12-08 00:55:28 -0700,2020-12-08 07:50:27 -0700,HKCategoryValueSleepAnalysisInBed
Melody’s iPhone,,2020-12-10 00:25:00 -0700,2020-12-10 08:16:29 -0700,HKCategoryValueSleepAnalysisInBed
Melody’s iPhone,,2020-12-10 08:16:37 -0700,2020-12-10 08:20:35 -0700,HKCategoryValueSleepAnalysisInBed
Melody’s iPhone,,2020-12-11 01:05:00 -0700,2020-12-11 09:09:10 -0700,HKCategoryValueSleepAnalysisInBed
Melody’s iPhone,,2020-12-12 02:43:40 -0700,2020-12-12 08:25:01 -0700,HKCategoryValueSleepAnalysisInBed
Melody’s iPhone,,2020-12-14 01:18:05 -0700,2020-12-14 08:25:11 -0700,HKCategoryValueSleepAnalysisInBed
Melody’s iPhone,,2020-12-16 02:40:04 -0700,2020-12-16 08:25:56 -0700,HKCategoryValueSleepAnalysisInBed
Melody’s iPhone,,2020-12-17 02:00:01 -0700,2020-12-17 08:09:40 -0700,HKCategoryValueSleepAnalysisInBed
Melody’s iPhone,,2020-12-18 04:38:02 -0700,2020-12-18 10:16:21 -0700,HKCategoryValueSleepAnalysisInBed
Melody’s iPhone,,2020-12-19 03:45:22 -0700,2020-12-19 08:25:00 -0700,HKCategoryValueSleepAnalysisInBed
Melody’s iPhone,,2020-12-20 04:07:30 -0700,2020-12-20 09:05:46 -0700,HKCategoryValueSleepAnalysisInBed
Melody’s iPhone,,2020-12-21 00:15:00 -0700,2020-12-21 08:15:26 -0700,HKCategoryValueSleepAnalysisInBed
Melody’s iPhone,,2020-12-22 01:48:14 -0700,2020-12-22 08:34:14 -0700,HKCategoryValueSleepAnalysisInBed
Melody’s iPhone,,2020-12-24 02:51:48 -0700,2020-12-24 08:25:52 -0700,HKCategoryValueSleepAnalysisInBed
Melody’s iPhone,,2020-12-24 08:26:17 -0700,2020-12-24 08:34:55 -0700,HKCategoryValueSleepAnalysisInBed
Melody’s iPhone,,2020-12-25 02:30:55 -0700,2020-12-25 10:03:09 -0700,HKCategoryValueSleepAnalysisInBed
Melody’s iPhone,,2020-12-26 01:08:08 -0700,2020-12-26 08:25:02 -0700,HKCategoryValueSleepAnalysisInBed
Melody’s iPhone,,2020-12-27 06:09:23 -0700,2020-12-27 07:42:11 -0700,HKCategoryValueSleepAnalysisInBed
Melody’s iPhone,,2020-12-27 07:43:04 -0700,2020-12-27 07:45:37 -0700,HKCategoryValueSleepAnalysisInBed
Melody’s iPhone,,2020-12-27 07:46:35 -0700,2020-12-27 07:50:08 -0700,HKCategoryValueSleepAnalysisInBed
Melody’s iPhone,,2020-12-27 07:54:21 -0700,2020-12-27 07:56:53 -0700,HKCategoryValueSleepAnalysisInBed
Melody’s iPhone,,2020-12-27 07:57:17 -0700,2020-12-27 08:25:00 -0700,HKCategoryValueSleepAnalysisInBed
Melody’s iPhone,,2020-12-28 02:09:07 -0700,2020-12-28 10:10:01 -0700,HKCategoryValueSleepAnalysisInBed
Melody’s iPhone,,2020-12-29 02:38:22 -0700,2020-12-29 08:25:10 -0700,HKCategoryValueSleepAnalysisInBed
Melody’s iPhone,,2021-01-01 00:26:39 -0700,2021-01-01 08:35:35 -0700,HKCategoryValueSleepAnalysisInBed
Melody’s iPhone,,2021-01-02 03:06:33 -0700,2021-01-02 08:26:24 -0700,HKCategoryValueSleepAnalysisInBed
Melody’s iPhone,,2021-01-03 00:25:00 -0700,2021-01-03 04:41:04 -0700,HKCategoryValueSleepAnalysisInBed
Melody’s iPhone,,2021-01-03 04:41:08 -0700,2021-01-03 08:34:19 -0700,HKCategoryValueSleepAnalysisInBed
Melody’s iPhone,,2021-01-04 01:51:39 -0700,2021-01-04 08:25:05 -0700,HKCategoryValueSleepAnalysisInBed
Melody’s iPhone,,2021-01-05 09:13:45 -0700,2021-01-05 10:48:32 -0700,HKCategoryValueSleepAnalysisInBed
Melody’s iPhone,,2021-01-07 02:25:53 -0700,2021-01-07 09:03:14 -0700,HKCategoryValueSleepAnalysisInBed
Melody’s iPhone,,2021-01-08 04:07:07 -0700,2021-01-08 08:25:07 -0700,HKCategoryValueSleepAnalysisInBed
Melody’s iPhone,,2021-01-10 03:04:06 -0700,2021-01-10 10:22:58 -0700,HKCategoryValueSleepAnalysisInBed
Melody’s iPhone,,2021-01-10 10:23:26 -0700,2021-01-10 10:23:54 -0700,HKCategoryValueSleepAnalysisInBed
Melody’s iPhone,,2021-01-10 10:25:17 -0700,2021-01-10 10:25:30 -0700,HKCategoryValueSleepAnalysisInBed
Melody’s iPhone,,2021-01-11 02:11:08 -0700,2021-01-11 10:01:23 -0700,HKCategoryValueSleepAnalysisInBed
Melody’s iPhone,,2021-01-12 01:43:21 -0700,2021-01-12 09:38:58 -0700,HKCategoryValueSleepAnalysisInBed
Melody’s iPhone,,2021-01-12 09:39:15 -0700,2021-01-12 09:39:23 -0700,HKCategoryValueSleepAnalysisInBed
Melody’s iPhone,,2021-01-13 01:55:00 -0700,2021-01-13 08:07:42 -0700,HKCategoryValueSleepAnalysisInBed
Melody’s iPhone,,2021-01-13 08:08:10 -0700,2021-01-13 08:13:14 -0700,HKCategoryValueSleepAnalysisInBed
Melody’s iPhone,,2021-01-14 08:54:04 -0700,2021-01-14 08:54:50 -0700,HKCategoryValueSleepAnalysisInBed
Melody’s iPhone,,2021-01-15 10:47:33 -0700,2021-01-15 11:10:00 -0700,HKCategoryValueSleepAnalysisInBed
Melody’s iPhone,,2021-01-16 00:36:46 -0700,2021-01-16 09:26:52 -0700,HKCategoryValueSleepAnalysisInBed
Melody’s iPhone,,2021-01-16 09:30:55 -0700,2021-01-16 09:31:18 -0700,HKCategoryValueSleepAnalysisInBed
Melody’s iPhone,,2021-01-18 01:45:00 -0700,2021-01-18 09:24:01 -0700,HKCategoryValueSleepAnalysisInBed
Melody’s iPhone,,2021-01-19 01:10:34 -0700,2021-01-19 08:09:05 -0700,HKCategoryValueSleepAnalysisInBed
Melody’s iPhone,,2021-01-20 01:27:21 -0700,2021-01-20 08:59:18 -0700,HKCategoryValueSleepAnalysisInBed
Melody’s iPhone,,2021-01-20 08:59:27 -0700,2021-01-20 08:59:31 -0700,HKCategoryValueSleepAnalysisInBed
Melody’s iPhone,,2021-01-22 05:00:00 -0700,2021-01-22 10:15:47 -0700,HKCategoryValueSleepAnalysisInBed
Melody’s iPhone,,2021-01-25 01:23:20 -0700,2021-01-25 08:00:05 -0700,HKCategoryValueSleepAnalysisInBed
Melody’s iPhone,,2021-01-26 03:56:49 -0700,2021-01-26 08:38:10 -0700,HKCategoryValueSleepAnalysisInBed
Melody’s iPhone,,2021-01-27 02:39:40 -0700,2021-01-27 09:10:29 -0700,HKCategoryValueSleepAnalysisInBed
Melody’s iPhone,,2021-01-27 09:10:43 -0700,2021-01-27 09:10:45 -0700,HKCategoryValueSleepAnalysisInBed
Melody’s iPhone,,2021-01-28 02:45:14 -0700,2021-01-28 08:47:23 -0700,HKCategoryValueSleepAnalysisInBed
Melody’s iPhone,,2021-01-29 07:17:04 -0700,2021-01-29 10:02:57 -0700,HKCategoryValueSleepAnalysisInBed
Melody’s iPhone,,2021-02-01 01:10:00 -0700,2021-02-01 08:30:57 -0700,HKCategoryValueSleepAnalysisInBed
Melody’s iPhone,,2021-02-03 03:05:00 -0700,2021-02-03 10:24:39 -0700,HKCategoryValueSleepAnalysisInBed
Melody’s iPhone,,2021-02-03 10:26:47 -0700,2021-02-03 10:27:20 -0700,HKCategoryValueSleepAnalysisInBed
Melody’s iPhone,,2021-02-03 10:50:44 -0700,2021-02-03 11:06:04 -0700,HKCategoryValueSleepAnalysisInBed
Melody’s iPhone,,2021-02-04 00:20:00 -0700,2021-02-04 06:29:31 -0700,HKCategoryValueSleepAnalysisInBed
Melody’s iPhone,,2021-02-05 02:05:00 -0700,2021-02-05 09:08:12 -0700,HKCategoryValueSleepAnalysisInBed
Melody’s iPhone,,2021-02-05 09:12:15 -0700,2021-02-05 09:42:51 -0700,HKCategoryValueSleepAnalysisInBed
Melody’s iPhone,,2021-02-06 09:46:51 -0700,2021-02-06 12:03:27 -0700,HKCategoryValueSleepAnalysisInBed
Melody’s iPhone,,2021-02-06 12:09:02 -0700,2021-02-06 12:09:04 -0700,HKCategoryValueSleepAnalysisInBed
Melody’s iPhone,,2021-02-09 08:00:20 -0700,2021-02-09 09:36:53 -0700,HKCategoryValueSleepAnalysisInBed
Melody’s iPhone,,2021-02-10 07:40:52 -0700,2021-02-10 10:00:10 -0700,HKCategoryValueSleepAnalysisInBed
Melody’s iPhone,,2021-02-11 04:06:05 -0700,2021-02-11 08:00:14 -0700,HKCategoryValueSleepAnalysisInBed
Melody’s iPhone,,2021-02-12 08:40:30 -0700,2021-02-12 10:00:18 -0700,HKCategoryValueSleepAnalysisInBed
Melody’s iPhone,,2021-02-15 04:11:29 -0700,2021-02-15 10:54:35 -0700,HKCategoryValueSleepAnalysisInBed
Melody’s iPhone,,2021-02-15 11:11:11 -0700,2021-02-15 11:15:17 -0700,HKCategoryValueSleepAnalysisInBed
Melody’s iPhone,,2021-02-15 11:15:21 -0700,2021-02-15 11:19:40 -0700,HKCategoryValueSleepAnalysisInBed
Melody’s iPhone,,2021-02-16 02:44:11 -0700,2021-02-16 08:00:00 -0700,HKCategoryValueSleepAnalysisInBed
Melody’s iPhone,,2021-02-17 01:30:05 -0700,2021-02-17 08:00:31 -0700,HKCategoryValueSleepAnalysisInBed
Melody’s iPhone,,2021-02-18 01:01:17 -0700,2021-02-18 08:19:13 -0700,HKCategoryValueSleepAnalysisInBed
Melody’s iPhone,,2021-02-19 01:50:38 -0700,2021-02-19 07:30:17 -0700,HKCategoryValueSleepAnalysisInBed
Melody’s iPhone,,2021-02-22 02:35:00 -0700,2021-02-22 09:44:29 -0700,HKCategoryValueSleepAnalysisInBed
Melody’s iPhone,,2021-02-23 02:54:15 -0700,2021-02-23 08:00:44 -0700,HKCategoryValueSleepAnalysisInBed
Melody’s iPhone,,2021-02-24 02:50:53 -0700,2021-02-24 08:00:06 -0700,HKCategoryValueSleepAnalysisInBed
Melody’s iPhone,,2021-02-25 00:56:40 -0700,2021-02-25 08:40:51 -0700,HKCategoryValueSleepAnalysisInBed
Melody’s iPhone,,2021-02-26 08:01:14 -0700,2021-02-26 09:18:21 -0700,HKCategoryValueSleepAnalysisInBed
Melody’s iPhone,,2021-03-01 00:17:19 -0700,2021-03-01 07:42:28 -0700,HKCategoryValueSleepAnalysisInBed
Melody’s iPhone,,2021-03-01 07:51:10 -0700,2021-03-01 07:57:28 -0700,HKCategoryValueSleepAnalysisInBed
Melody’s iPhone,,2021-03-02 00:11:26 -0700,2021-03-02 07:19:23 -0700,HKCategoryValueSleepAnalysisInBed
Melody’s iPhone,,2021-03-03 00:33:41 -0700,2021-03-03 08:57:31 -0700,HKCategoryValueSleepAnalysisInBed
Melody’s iPhone,,2021-03-03 08:57:41 -0700,2021-03-03 09:01:28 -0700,HKCategoryValueSleepAnalysisInBed
Melody’s iPhone,,2021-03-05 02:05:00 -0700,2021-03-05 09:15:00 -0700,HKCategoryValueSleepAnalysisInBed
Melody’s iPhone,,2021-03-05 09:15:24 -0700,2021-03-05 09:21:03 -0700,HKCategoryValueSleepAnalysisInBed
Melody’s iPhone,,2021-03-08 00:38:57 -0700,2021-03-08 07:34:29 -0700,HKCategoryValueSleepAnalysisInBed
Melody’s iPhone,,2021-03-08 07:34:33 -0700,2021-03-08 07:34:34 -0700,HKCategoryValueSleepAnalysisInBed
Melody’s iPhone,,2021-03-09 02:05:00 -0700,2021-03-09 08:54:19 -0700,HKCategoryValueSleepAnalysisInBed
Melody’s iPhone,,2021-03-10 01:24:28 -0700,2021-03-10 07:21:17 -0700,HKCategoryValueSleepAnalysisInBed
Melody’s iPhone,,2021-03-11 01:35:00 -0700,2021-03-11 08:04:22 -0700,HKCategoryValueSleepAnalysisInBed
Melody’s iPhone,,2021-03-12 01:50:00 -0700,2021-03-12 09:45:35 -0700,HKCategoryValueSleepAnalysisInBed
Melody’s iPhone,,2021-03-15 01:00:00 -0700,2021-03-15 09:05:15 -0700,HKCategoryValueSleepAnalysisInBed
Melody’s iPhone,,2021-03-15 09:07:10 -0700,2021-03-15 09:09:16 -0700,HKCategoryValueSleepAnalysisInBed
Melody’s iPhone,,2021-03-16 01:38:15 -0700,2021-03-16 07:07:17 -0700,HKCategoryValueSleepAnalysisInBed
Melody’s iPhone,,2021-03-17 01:35:00 -0700,2021-03-17 09:53:47 -0700,HKCategoryValueSleepAnalysisInBed
Melody’s iPhone,,2021-03-17 10:05:21 -0700,2021-03-17 10:08:23 -0700,HKCategoryValueSleepAnalysisInBed
Melody’s iPhone,,2021-03-18 03:30:53 -0700,2021-03-18 11:20:02 -0700,HKCategoryValueSleepAnalysisInBed
Melody’s iPhone,,2021-03-18 11:31:45 -0700,2021-03-18 11:38:00 -0700,HKCategoryValueSleepAnalysisInBed
Melody’s iPhone,,2021-03-19 03:50:00 -0700,2021-03-19 10:19:10 -0700,HKCategoryValueSleepAnalysisInBed
Melody’s iPhone,,2021-03-19 10:19:39 -0700,2021-03-19 10:21:17 -0700,HKCategoryValueSleepAnalysisInBed
Melody’s iPhone,,2021-03-22 00:13:45 -0700,2021-03-22 06:15:20 -0700,HKCategoryValueSleepAnalysisInBed
Melody’s iPhone,,2021-03-23 01:35:00 -0700,2021-03-23 08:24:53 -0700,HKCategoryValueSleepAnalysisInBed
Melody’s iPhone,,2021-03-24 01:21:17 -0700,2021-03-24 06:25:17 -0700,HKCategoryValueSleepAnalysisInBed
Melody’s iPhone,,2021-03-25 02:33:15 -0700,2021-03-25 07:33:49 -0700,HKCategoryValueSleepAnalysisInBed
Melody’s iPhone,,2021-03-26 06:02:03 -0700,2021-03-26 07:00:00 -0700,HKCategoryValueSleepAnalysisInBed
Melody’s iPhone,,2021-03-29 00:15:00 -0700,2021-03-29 07:27:34 -0700,HKCategoryValueSleepAnalysisInBed
Melody’s iPhone,,2021-03-30 05:39:01 -0700,2021-03-30 08:39:00 -0700,HKCategoryValueSleepAnalysisInBed
Melody’s iPhone,,2021-03-31 07:07:01 -0700,2021-03-31 07:08:15 -0700,HKCategoryValueSleepAnalysisInBed
Melody’s iPhone,,2021-03-31 23:00:27 -0700,2021-04-01 11:39:10 -0700,HKCategoryValueSleepAnalysisInBed
Melody’s iPhone,,2021-04-01 21:37:01 -0700,2021-04-02 05:01:13 -0700,HKCategoryValueSleepAnalysisInBed
Melody’s iPhone,,2021-04-04 23:30:05 -0700,2021-04-05 05:22:55 -0700,HKCategoryValueSleepAnalysisInBed
Melody’s iPhone,,2021-04-06 00:12:48 -0700,2021-04-06 04:55:09 -0700,HKCategoryValueSleepAnalysisInBed
Melody’s iPhone,,2021-04-07 00:44:23 -0700,2021-04-07 05:00:00 -0700,HKCategoryValueSleepAnalysisInBed
Melody’s iPhone,,2021-04-07 21:38:48 -0700,2021-04-08 05:25:16 -0700,HKCategoryValueSleepAnalysisInBed
Melody’s iPhone,,2021-04-08 23:30:18 -0700,2021-04-09 00:39:56 -0700,HKCategoryValueSleepAnalysisInBed
Melody’s iPhone,,2021-04-12 01:04:56 -0700,2021-04-12 05:25:01 -0700,HKCategoryValueSleepAnalysisInBed
Melody’s iPhone,,2021-04-13 00:36:45 -0700,2021-04-13 04:24:12 -0700,HKCategoryValueSleepAnalysisInBed
Melody’s iPhone,,2021-04-14 05:44:18 -0700,2021-04-14 05:47:07 -0700,HKCategoryValueSleepAnalysisInBed
Melody’s iPhone,,2021-04-15 00:04:35 -0700,2021-04-15 05:27:39 -0700,HKCategoryValueSleepAnalysisInBed
Melody’s iPhone,,2021-04-16 01:17:20 -0700,2021-04-16 05:05:24 -0700,HKCategoryValueSleepAnalysisInBed
Melody’s iPhone,,2021-04-18 22:26:25 -0700,2021-04-18 23:21:19 -0700,HKCategoryValueSleepAnalysisInBed
Melody’s iPhone,,2021-04-19 00:34:23 -0700,2021-04-19 04:15:01 -0700,HKCategoryValueSleepAnalysisInBed
Melody’s iPhone,,2021-04-20 23:43:47 -0700,2021-04-21 04:15:00 -0700,HKCategoryValueSleepAnalysisInBed
Melody’s iPhone,,2021-04-22 02:03:45 -0700,2021-04-22 05:09:03 -0700,HKCategoryValueSleepAnalysisInBed
Melody’s iPhone,,2021-05-02 05:53:12 -0700,2021-05-02 07:55:28 -0700,HKCategoryValueSleepAnalysisInBed
Melody’s iPhone,,2021-05-03 03:32:11 -0700,2021-05-03 04:08:00 -0700,HKCategoryValueSleepAnalysisInBed
Melody’s iPhone,,2021-05-03 04:09:26 -0700,2021-05-03 04:09:40 -0700,HKCategoryValueSleepAnalysisInBed
Melody’s iPhone,,2021-05-04 02:00:00 -0700,2021-05-04 09:39:14 -0700,HKCategoryValueSleepAnalysisInBed
Melody’s iPhone,,2021-05-04 22:26:33 -0700,2021-05-05 04:15:33 -0700,HKCategoryValueSleepAnalysisInBed
Melody’s iPhone,,2021-05-06 05:21:55 -0700,2021-05-06 09:47:37 -0700,HKCategoryValueSleepAnalysisInBed
Melody’s iPhone,,2021-05-07 05:59:11 -0700,2021-05-07 07:00:07 -0700,HKCategoryValueSleepAnalysisInBed
Melody’s iPhone,,2021-05-10 02:27:24 -0700,2021-05-10 04:25:08 -0700,HKCategoryValueSleepAnalysisInBed
Melody’s iPhone,,2021-05-11 01:54:12 -0700,2021-05-11 03:25:54 -0700,HKCategoryValueSleepAnalysisInBed
Melody’s iPhone,,2021-05-12 03:14:29 -0700,2021-05-12 04:15:00 -0700,HKCategoryValueSleepAnalysisInBed
Melody’s iPhone,,2021-05-13 09:26:51 -0700,2021-05-13 09:30:06 -0700,HKCategoryValueSleepAnalysisInBed
Melody’s iPhone,,2021-05-14 03:59:48 -0700,2021-05-14 04:15:05 -0700,HKCategoryValueSleepAnalysisInBed
Melody’s iPhone,,2021-05-17 03:56:35 -0700,2021-05-17 04:15:02 -0700,HKCategoryValueSleepAnalysisInBed
Melody’s iPhone,,2021-06-03 23:00:00 -0700,2021-06-04 05:53:14 -0700,HKCategoryValueSleepAnalysisInBed
Melody’s iPhone,,2021-06-07 00:05:10 -0700,2021-06-07 04:16:17 -0700,HKCategoryValueSleepAnalysisInBed
Melody’s iPhone,,2021-06-08 01:17:58 -0700,2021-06-08 04:15:01 -0700,HKCategoryValueSleepAnalysisInBed
Melody’s iPhone,,2021-06-08 23:07:30 -0700,2021-06-09 04:15:08 -0700,HKCategoryValueSleepAnalysisInBed
Melody’s iPhone,,2021-06-10 00:49:39 -0700,2021-06-10 06:14:22 -0700,HKCategoryValueSleepAnalysisInBed
Melody’s iPhone,,2021-06-11 00:04:54 -0700,2021-06-11 05:10:44 -0700,HKCategoryValueSleepAnalysisInBed
Melody’s iPhone,,2021-06-12 23:48:45 -0700,2021-06-13 04:15:01 -0700,HKCategoryValueSleepAnalysisInBed
Melody’s iPhone,,2021-06-26 00:06:40 -0700,2021-06-26 07:23:46 -0700,HKCategoryValueSleepAnalysisInBed
Melody’s iPhone,,2021-06-26 07:27:16 -0700,2021-06-26 07:30:18 -0700,HKCategoryValueSleepAnalysisInBed
Melody’s iPhone,,2021-07-19 00:23:52 -0700,2021-07-19 06:25:18 -0700,HKCategoryValueSleepAnalysisInBed
Melody’s iPhone,,2021-07-20 05:51:10 -0700,2021-07-20 06:34:41 -0700,HKCategoryValueSleepAnalysisInBed
Melody’s iPhone,,2021-07-20 23:15:00 -0700,2021-07-21 07:56:57 -0700,HKCategoryValueSleepAnalysisInBed
Melody’s iPhone,,2021-07-22 04:10:07 -0700,2021-07-22 08:01:17 -0700,HKCategoryValueSleepAnalysisInBed
Melody’s iPhone,,2021-07-22 23:29:05 -0700,2021-07-23 06:32:57 -0700,HKCategoryValueSleepAnalysisInBed
Melody’s iPhone,,2021-07-25 02:22:35 -0700,2021-07-25 06:30:02 -0700,HKCategoryValueSleepAnalysisInBed
Melody’s iPhone,,2021-07-26 02:08:16 -0700,2021-07-26 06:30:25 -0700,HKCategoryValueSleepAnalysisInBed
Melody’s iPhone,,2021-07-27 01:06:41 -0700,2021-07-27 06:58:17 -0700,HKCategoryValueSleepAnalysisInBed
Melody’s iPhone,,2021-08-13 23:21:51 -0700,2021-08-14 06:20:11 -0700,HKCategoryValueSleepAnalysisInBed
Melody’s iPhone,,2021-08-28 00:45:05 -0700,2021-08-28 06:45:26 -0700,HKCategoryValueSleepAnalysisInBed
Melody’s iPhone,,2021-08-30 08:00:44 -0700,2021-08-30 08:01:55 -0700,HKCategoryValueSleepAnalysisInBed
Melody’s iPhone,,2021-08-31 02:40:00 -0700,2021-08-31 08:48:48 -0700,HKCategoryValueSleepAnalysisInBed
Melody’s iPhone,,2021-08-31 08:51:18 -0700,2021-08-31 08:52:26 -0700,HKCategoryValueSleepAnalysisInBed
Melody’s iPhone,,2021-08-31 08:55:07 -0700,2021-08-31 08:55:10 -0700,HKCategoryValueSleepAnalysisInBed
Melody’s iPhone,,2021-08-31 09:01:39 -0700,2021-08-31 09:04:22 -0700,HKCategoryValueSleepAnalysisInBed
Melody’s iPhone,,2021-09-01 08:24:25 -0700,2021-09-01 10:26:22 -0700,HKCategoryValueSleepAnalysisInBed
Melody’s iPhone,,2021-09-01 10:31:42 -0700,2021-09-01 10:31:54 -0700,HKCategoryValueSleepAnalysisInBed
Melody’s iPhone,,2021-09-02 04:05:52 -0700,2021-09-02 08:38:09 -0700,HKCategoryValueSleepAnalysisInBed
Melody’s iPhone,,2021-09-02 08:43:10 -0700,2021-09-02 08:43:19 -0700,HKCategoryValueSleepAnalysisInBed
Melody’s iPhone,,2021-09-03 02:56:44 -0700,2021-09-03 08:10:00 -0700,HKCategoryValueSleepAnalysisInBed
Melody’s iPhone,,2021-09-06 01:19:01 -0700,2021-09-06 09:15:57 -0700,HKCategoryValueSleepAnalysisInBed
Melody’s iPhone,,2021-09-07 01:10:00 -0700,2021-09-07 07:29:34 -0700,HKCategoryValueSleepAnalysisInBed
Melody’s iPhone,,2021-09-07 07:31:10 -0700,2021-09-07 08:10:01 -0700,HKCategoryValueSleepAnalysisInBed
Melody’s iPhone,,2021-09-08 01:45:00 -0700,2021-09-08 08:04:58 -0700,HKCategoryValueSleepAnalysisInBed
Melody’s iPhone,,2021-09-09 02:03:52 -0700,2021-09-09 08:10:02 -0700,HKCategoryValueSleepAnalysisInBed
Melody’s iPhone,,2021-09-10 04:00:00 -0700,2021-09-10 10:10:00 -0700,HKCategoryValueSleepAnalysisInBed
Melody’s iPhone,,2021-09-13 03:10:46 -0700,2021-09-13 08:10:00 -0700,HKCategoryValueSleepAnalysisInBed
Melody’s iPhone,,2021-09-14 04:13:31 -0700,2021-09-14 08:10:00 -0700,HKCategoryValueSleepAnalysisInBed
Melody’s iPhone,,2021-09-15 01:28:16 -0700,2021-09-15 08:10:00 -0700,HKCategoryValueSleepAnalysisInBed
Melody’s iPhone,,2021-09-16 07:55:03 -0700,2021-09-16 08:10:02 -0700,HKCategoryValueSleepAnalysisInBed
Melody’s iPhone,,2021-09-22 09:17:46 -0700,2021-09-22 09:19:12 -0700,HKCategoryValueSleepAnalysisInBed
Melody’s iPhone,,2021-09-23 09:36:14 -0700,2021-09-23 11:41:20 -0700,HKCategoryValueSleepAnalysisInBed
Melody’s iPhone,,2021-09-23 11:41:23 -0700,2021-09-23 11:41:24 -0700,HKCategoryValueSleepAnalysisInBed
Melody’s iPhone,,2021-09-23 11:46:26 -0700,2021-09-23 11:49:30 -0700,HKCategoryValueSleepAnalysisInBed
Melody’s iPhone,,2021-09-23 11:49:49 -0700,2021-09-23 11:50:21 -0700,HKCategoryValueSleepAnalysisInBed
Melody’s iPhone,,2021-09-24 03:21:46 -0700,2021-09-24 05:30:01 -0700,HKCategoryValueSleepAnalysisInBed
Melody’s iPhone,,2021-09-26 23:05:10 -0700,2021-09-27 05:58:04 -0700,HKCategoryValueSleepAnalysisInBed
Melody’s iPhone,,2021-09-27 23:55:16 -0700,2021-09-28 07:07:56 -0700,HKCategoryValueSleepAnalysisInBed
Melody’s iPhone,,2021-09-28 07:08:38 -0700,2021-09-28 07:11:30 -0700,HKCategoryValueSleepAnalysisInBed
Melody’s iPhone,,2021-09-29 07:45:52 -0700,2021-09-29 07:46:14 -0700,HKCategoryValueSleepAnalysisInBed
Melody’s iPhone,,2021-09-29 07:57:35 -0700,2021-09-29 08:03:49 -0700,HKCategoryValueSleepAnalysisInBed
Melody’s iPhone,,2021-09-29 08:04:49 -0700,2021-09-29 08:10:18 -0700,HKCategoryValueSleepAnalysisInBed
Melody’s iPhone,,2021-09-29 08:10:35 -0700,2021-09-29 08:22:40 -0700,HKCategoryValueSleepAnalysisInBed
Melody’s iPhone,,2021-09-29 08:22:42 -0700,2021-09-29 08:22:43 -0700,HKCategoryValueSleepAnalysisInBed
Melody’s iPhone,,2021-09-30 00:00:00 -0700,2021-09-30 07:46:23 -0700,HKCategoryValueSleepAnalysisInBed
Melody’s iPhone,,2021-10-01 01:16:05 -0700,2021-10-01 07:05:09 -0700,HKCategoryValueSleepAnalysisInBed
Melody’s iPhone,,2021-10-01 07:07:51 -0700,2021-10-01 07:07:58 -0700,HKCategoryValueSleepAnalysisInBed
Melody’s iPhone,,2021-10-03 23:59:52 -0700,2021-10-04 06:08:35 -0700,HKCategoryValueSleepAnalysisInBed
Melody’s iPhone,,2021-10-04 06:10:08 -0700,2021-10-04 06:10:50 -0700,HKCategoryValueSleepAnalysisInBed
Melody’s iPhone,,2021-10-04 06:11:00 -0700,2021-10-04 06:11:02 -0700,HKCategoryValueSleepAnalysisInBed
Melody’s iPhone,,2021-10-04 06:11:15 -0700,2021-10-04 06:11:18 -0700,HKCategoryValueSleepAnalysisInBed
Melody’s iPhone,,2021-10-05 06:23:32 -0700,2021-10-05 07:45:54 -0700,HKCategoryValueSleepAnalysisInBed
Melody’s iPhone,,2021-10-06 02:04:33 -0700,2021-10-06 08:02:18 -0700,HKCategoryValueSleepAnalysisInBed
Melody’s iPhone,,2021-10-07 02:07:24 -0700,2021-10-07 04:18:19 -0700,HKCategoryValueSleepAnalysisInBed
Melody’s iPhone,,2021-10-07 04:18:22 -0700,2021-10-07 05:30:03 -0700,HKCategoryValueSleepAnalysisInBed
Melody’s iPhone,,2021-10-08 07:43:41 -0700,2021-10-08 07:43:43 -0700,HKCategoryValueSleepAnalysisInBed
Melody’s iPhone,,2021-10-11 02:25:14 -0700,2021-10-11 08:46:33 -0700,HKCategoryValueSleepAnalysisInBed
Melody’s iPhone,,2021-10-12 02:49:08 -0700,2021-10-12 07:04:23 -0700,HKCategoryValueSleepAnalysisInBed
La Melodía,,2021-10-14 01:21:15 -0700,2021-10-14 08:18:42 -0700,HKCategoryValueSleepAnalysisInBed
La Melodía,,2021-10-14 01:21:15 -0700,2021-10-14 08:18:42 -0700,HKCategoryValueSleepAnalysisInBed
La Melodía,,2021-10-15 00:00:00 -0700,2021-10-15 07:10:43 -0700,HKCategoryValueSleepAnalysisInBed
La Melodía,,2021-10-18 02:17:33 -0700,2021-10-18 06:04:51 -0700,HKCategoryValueSleepAnalysisInBed
La Melodía,,2021-10-19 02:29:26 -0700,2021-10-19 06:14:23 -0700,HKCategoryValueSleepAnalysisInBed
La Melodía,,2021-10-20 02:28:43 -0700,2021-10-20 05:35:23 -0700,HKCategoryValueSleepAnalysisInBed
La Melodía,,2021-10-21 00:00:00 -0700,2021-10-21 07:46:38 -0700,HKCategoryValueSleepAnalysisInBed
La Melodía,,2021-10-22 00:38:00 -0700,2021-10-22 07:10:15 -0700,HKCategoryValueSleepAnalysisInBed
La Melodía,,2021-10-22 00:38:00 -0700,2021-10-22 07:10:15 -0700,HKCategoryValueSleepAnalysisInBed
La Melodía,,2021-10-24 01:05:00 -0700,2021-10-24 08:00:13 -0700,HKCategoryValueSleepAnalysisInBed
La Melodía,,2021-10-25 01:09:12 -0700,2021-10-25 06:21:47 -0700,HKCategoryValueSleepAnalysisInBed
La Melodía,,2021-10-26 00:00:00 -0700,2021-10-26 06:26:31 -0700,HKCategoryValueSleepAnalysisInBed
La Melodía,,2021-10-27 01:51:10 -0700,2021-10-27 07:23:32 -0700,HKCategoryValueSleepAnalysisInBed
La Melodía,,2021-10-27 07:23:37 -0700,2021-10-27 07:23:38 -0700,HKCategoryValueSleepAnalysisInBed
La Melodía,,2021-10-27 07:23:43 -0700,2021-10-27 07:23:45 -0700,HKCategoryValueSleepAnalysisInBed
La Melodía,,2021-10-27 07:25:21 -0700,2021-10-27 08:00:22 -0700,HKCategoryValueSleepAnalysisInBed
La Melodía,,2021-10-28 02:00:00 -0700,2021-10-28 08:55:05 -0700,HKCategoryValueSleepAnalysisInBed
La Melodía,,2021-10-28 08:56:06 -0700,2021-10-28 09:00:07 -0700,HKCategoryValueSleepAnalysisInBed
La Melodía,,2021-10-29 03:12:23 -0700,2021-10-29 10:01:51 -0700,HKCategoryValueSleepAnalysisInBed
La Melodía,,2021-10-29 10:03:47 -0700,2021-10-29 10:04:08 -0700,HKCategoryValueSleepAnalysisInBed
La Melodía,,2021-11-01 02:00:00 -0700,2021-11-01 08:51:14 -0700,HKCategoryValueSleepAnalysisInBed
La Melodía,,2021-11-02 02:00:00 -0700,2021-11-02 08:31:40 -0700,HKCategoryValueSleepAnalysisInBed
La Melodía,,2021-11-03 02:00:00 -0700,2021-11-03 06:41:07 -0700,HKCategoryValueSleepAnalysisInBed
La Melodía,,2021-11-03 02:00:00 -0700,2021-11-03 06:41:07 -0700,HKCategoryValueSleepAnalysisInBed
La Melodía,,2021-11-03 06:46:37 -0700,2021-11-03 06:55:40 -0700,HKCategoryValueSleepAnalysisInBed
La Melodía,,2021-11-03 06:46:37 -0700,2021-11-03 06:55:40 -0700,HKCategoryValueSleepAnalysisInBed
La Melodía,,2021-11-03 06:56:03 -0700,2021-11-03 08:51:36 -0700,HKCategoryValueSleepAnalysisInBed
La Melodía,,2021-11-03 06:56:03 -0700,2021-11-03 08:51:36 -0700,HKCategoryValueSleepAnalysisInBed
La Melodía,,2021-11-03 08:52:53 -0700,2021-11-03 09:59:04 -0700,HKCategoryValueSleepAnalysisInBed
La Melodía,,2021-11-03 08:52:53 -0700,2021-11-03 09:59:04 -0700,HKCategoryValueSleepAnalysisInBed
La Melodía,,2021-11-04 00:00:00 -0700,2021-11-04 10:04:28 -0700,HKCategoryValueSleepAnalysisInBed
La Melodía,,2021-11-04 00:00:00 -0700,2021-11-04 10:04:34 -0700,HKCategoryValueSleepAnalysisInBed
La Melodía,,2021-11-04 10:05:14 -0700,2021-11-04 10:05:19 -0700,HKCategoryValueSleepAnalysisInBed
La Melodía,,2021-11-04 10:07:02 -0700,2021-11-04 10:07:50 -0700,HKCategoryValueSleepAnalysisInBed
La Melodía,,2021-11-08 04:50:00 -0700,2021-11-08 09:33:51 -0700,HKCategoryValueSleepAnalysisInBed
La Melodía,,2021-11-08 09:34:42 -0700,2021-11-08 09:35:45 -0700,HKCategoryValueSleepAnalysisInBed
La Melodía,,2021-11-08 09:36:47 -0700,2021-11-08 09:48:47 -0700,HKCategoryValueSleepAnalysisInBed
La Melodía,,2021-11-08 09:49:38 -0700,2021-11-08 11:02:28 -0700,HKCategoryValueSleepAnalysisInBed
La Melodía,,2021-11-09 03:00:00 -0700,2021-11-09 09:25:17 -0700,HKCategoryValueSleepAnalysisInBed
La Melodía,,2021-11-09 09:25:55 -0700,2021-11-09 10:52:04 -0700,HKCategoryValueSleepAnalysisInBed
La Melodía,,2021-11-10 03:00:00 -0700,2021-11-10 07:31:07 -0700,HKCategoryValueSleepAnalysisInBed
La Melodía,,2021-11-11 00:25:00 -0700,2021-11-11 08:16:19 -0700,HKCategoryValueSleepAnalysisInBed
La Melodía,,2021-11-12 02:36:20 -0700,2021-11-12 08:43:08 -0700,HKCategoryValueSleepAnalysisInBed
La Melodía,,2021-11-12 08:43:25 -0700,2021-11-12 10:00:18 -0700,HKCategoryValueSleepAnalysisInBed
La Melodía,,2021-11-15 01:45:53 -0700,2021-11-15 08:20:31 -0700,HKCategoryValueSleepAnalysisInBed
La Melodía,,2021-11-16 03:00:00 -0700,2021-11-16 08:48:55 -0700,HKCategoryValueSleepAnalysisInBed
La Melodía,,2021-11-16 08:49:03 -0700,2021-11-16 09:28:30 -0700,HKCategoryValueSleepAnalysisInBed
La Melodía,,2021-11-16 09:28:38 -0700,2021-11-16 10:45:10 -0700,HKCategoryValueSleepAnalysisInBed
La Melodía,,2021-11-16 10:55:44 -0700,2021-11-16 11:00:05 -0700,HKCategoryValueSleepAnalysisInBed
La Melodía,,2021-11-17 03:00:00 -0700,2021-11-17 10:00:18 -0700,HKCategoryValueSleepAnalysisInBed
La Melodía,,2021-11-18 03:00:00 -0700,2021-11-18 10:00:18 -0700,HKCategoryValueSleepAnalysisInBed
La Melodía,,2021-11-19 03:00:00 -0700,2021-11-19 09:28:33 -0700,HKCategoryValueSleepAnalysisInBed
La Melodía,,2021-11-19 09:28:36 -0700,2021-11-19 09:28:41 -0700,HKCategoryValueSleepAnalysisInBed
La Melodía,,2021-11-22 04:18:42 -0700,2021-11-22 08:26:06 -0700,HKCategoryValueSleepAnalysisInBed
La Melodía,,2021-11-22 08:26:37 -0700,2021-11-22 11:25:35 -0700,HKCategoryValueSleepAnalysisInBed
La Melodía,,2021-11-23 03:19:08 -0700,2021-11-23 11:14:26 -0700,HKCategoryValueSleepAnalysisInBed
La Melodía,,2021-11-24 07:21:44 -0700,2021-11-24 07:21:49 -0700,HKCategoryValueSleepAnalysisInBed
La Melodía,,2021-11-24 07:24:01 -0700,2021-11-24 07:44:46 -0700,HKCategoryValueSleepAnalysisInBed
La Melodía,,2021-11-25 03:33:22 -0700,2021-11-25 10:11:22 -0700,HKCategoryValueSleepAnalysisInBed
La Melodía,,2021-11-26 05:00:00 -0700,2021-11-26 13:00:17 -0700,HKCategoryValueSleepAnalysisInBed
La Melodía,,2021-11-27 03:25:00 -0700,2021-11-27 12:42:27 -0700,HKCategoryValueSleepAnalysisInBed
La Melodía,,2021-11-28 04:10:00 -0700,2021-11-28 11:22:10 -0700,HKCategoryValueSleepAnalysisInBed
La Melodía,,2021-11-29 03:00:00 -0700,2021-11-29 07:14:12 -0700,HKCategoryValueSleepAnalysisInBed
La Melodía,,2021-11-29 07:14:23 -0700,2021-11-29 07:18:00 -0700,HKCategoryValueSleepAnalysisInBed
La Melodía,,2021-11-29 07:27:21 -0700,2021-11-29 07:28:30 -0700,HKCategoryValueSleepAnalysisInBed
La Melodía,,2021-11-29 07:28:34 -0700,2021-11-29 07:28:38 -0700,HKCategoryValueSleepAnalysisInBed
La Melodía,,2021-11-29 07:29:18 -0700,2021-11-29 07:41:16 -0700,HKCategoryValueSleepAnalysisInBed
La Melodía,,2021-11-29 07:41:28 -0700,2021-11-29 07:41:32 -0700,HKCategoryValueSleepAnalysisInBed
La Melodía,,2021-11-29 07:41:50 -0700,2021-11-29 07:45:51 -0700,HKCategoryValueSleepAnalysisInBed
La Melodía,,2021-11-29 07:47:31 -0700,2021-11-29 07:53:13 -0700,HKCategoryValueSleepAnalysisInBed
La Melodía,,2021-11-29 07:53:27 -0700,2021-11-29 07:55:15 -0700,HKCategoryValueSleepAnalysisInBed
La Melodía,,2021-11-29 07:55:18 -0700,2021-11-29 07:55:19 -0700,HKCategoryValueSleepAnalysisInBed
La Melodía,,2021-11-29 07:55:21 -0700,2021-11-29 07:55:26 -0700,HKCategoryValueSleepAnalysisInBed
La Melodía,,2021-11-29 07:56:57 -0700,2021-11-29 07:58:38 -0700,HKCategoryValueSleepAnalysisInBed
La Melodía,,2021-11-29 08:01:19 -0700,2021-11-29 08:03:55 -0700,HKCategoryValueSleepAnalysisInBed
La Melodía,,2021-11-29 08:04:27 -0700,2021-11-29 08:08:19 -0700,HKCategoryValueSleepAnalysisInBed
La Melodía,,2021-11-29 08:08:27 -0700,2021-11-29 08:18:55 -0700,HKCategoryValueSleepAnalysisInBed
La Melodía,,2021-11-29 08:32:11 -0700,2021-11-29 08:35:42 -0700,HKCategoryValueSleepAnalysisInBed
La Melodía,,2021-11-29 08:36:07 -0700,2021-11-29 08:36:19 -0700,HKCategoryValueSleepAnalysisInBed
La Melodía,,2021-11-29 08:36:23 -0700,2021-11-29 09:23:25 -0700,HKCategoryValueSleepAnalysisInBed
La Melodía,,2021-11-29 09:45:46 -0700,2021-11-29 09:48:40 -0700,HKCategoryValueSleepAnalysisInBed
La Melodía,,2021-11-29 09:49:26 -0700,2021-11-29 09:54:00 -0700,HKCategoryValueSleepAnalysisInBed
La Melodía,,2021-11-29 09:54:07 -0700,2021-11-29 09:54:08 -0700,HKCategoryValueSleepAnalysisInBed
La Melodía,,2021-11-30 03:00:00 -0700,2021-11-30 08:45:34 -0700,HKCategoryValueSleepAnalysisInBed
La Melodía,,2021-12-01 03:15:44 -0700,2021-12-01 08:09:18 -0700,HKCategoryValueSleepAnalysisInBed
La Melodía,,2021-12-02 03:00:00 -0700,2021-12-02 10:00:09 -0700,HKCategoryValueSleepAnalysisInBed
La Melodía,,2021-12-03 03:40:00 -0700,2021-12-03 12:13:50 -0700,HKCategoryValueSleepAnalysisInBed
La Melodía,,2021-12-04 03:55:05 -0700,2021-12-04 09:10:07 -0700,HKCategoryValueSleepAnalysisInBed
La Melodía,,2021-12-05 02:25:00 -0700,2021-12-05 10:22:30 -0700,HKCategoryValueSleepAnalysisInBed
La Melodía,,2021-12-07 03:00:00 -0700,2021-12-07 10:10:11 -0700,HKCategoryValueSleepAnalysisInBed
La Melodía,,2021-12-08 03:00:00 -0700,2021-12-08 10:04:45 -0700,HKCategoryValueSleepAnalysisInBed
La Melodía,,2021-12-09 03:00:00 -0700,2021-12-09 12:06:10 -0700,HKCategoryValueSleepAnalysisInBed
La Melodía,,2021-12-10 03:00:00 -0700,2021-12-10 10:47:06 -0700,HKCategoryValueSleepAnalysisInBed
La Melodía,,2021-12-13 03:25:00 -0700,2021-12-13 11:00:10 -0700,HKCategoryValueSleepAnalysisInBed
La Melodía,,2021-12-14 02:58:07 -0700,2021-12-14 10:27:33 -0700,HKCategoryValueSleepAnalysisInBed
La Melodía,,2021-12-15 02:29:28 -0700,2021-12-15 10:31:07 -0700,HKCategoryValueSleepAnalysisInBed
La Melodía,,2021-12-16 04:00:00 -0700,2021-12-16 11:53:05 -0700,HKCategoryValueSleepAnalysisInBed
La Melodía,,2021-12-17 04:10:37 -0700,2021-12-17 06:10:16 -0700,HKCategoryValueSleepAnalysisInBed
La Melodía,,2021-12-17 06:10:38 -0700,2021-12-17 06:24:07 -0700,HKCategoryValueSleepAnalysisInBed
La Melodía,,2021-12-17 06:24:11 -0700,2021-12-17 06:30:15 -0700,HKCategoryValueSleepAnalysisInBed
La Melodía,,2021-12-17 06:30:24 -0700,2021-12-17 06:48:26 -0700,HKCategoryValueSleepAnalysisInBed
La Melodía,,2021-12-17 06:48:31 -0700,2021-12-17 07:39:47 -0700,HKCategoryValueSleepAnalysisInBed
La Melodía,,2021-12-17 07:40:10 -0700,2021-12-17 08:06:58 -0700,HKCategoryValueSleepAnalysisInBed
La Melodía,,2021-12-20 02:20:00 -0700,2021-12-20 09:19:59 -0700,HKCategoryValueSleepAnalysisInBed
La Melodía,,2021-12-20 09:24:05 -0700,2021-12-20 09:24:38 -0700,HKCategoryValueSleepAnalysisInBed
La Melodía,,2021-12-20 09:25:12 -0700,2021-12-20 09:27:42 -0700,HKCategoryValueSleepAnalysisInBed
La Melodía,,2021-12-21 02:20:00 -0700,2021-12-21 07:34:18 -0700,HKCategoryValueSleepAnalysisInBed
La Melodía,,2021-12-21 07:34:29 -0700,2021-12-21 10:29:41 -0700,HKCategoryValueSleepAnalysisInBed
La Melodía,,2021-12-22 01:35:00 -0700,2021-12-22 08:35:16 -0700,HKCategoryValueSleepAnalysisInBed
La Melodía,,2021-12-23 04:11:10 -0700,2021-12-23 11:27:37 -0700,HKCategoryValueSleepAnalysisInBed
La Melodía,,2021-12-24 04:24:14 -0700,2021-12-24 10:02:23 -0700,HKCategoryValueSleepAnalysisInBed
La Melodía,,2021-12-24 04:24:14 -0700,2021-12-24 10:09:02 -0700,HKCategoryValueSleepAnalysisInBed
La Melodía,,2021-12-27 05:10:37 -0700,2021-12-27 10:00:10 -0700,HKCategoryValueSleepAnalysisInBed
La Melodía,,2021-12-27 05:10:37 -0700,2021-12-27 10:00:10 -0700,HKCategoryValueSleepAnalysisInBed
La Melodía,,2021-12-28 03:52:45 -0700,2021-12-28 10:18:00 -0700,HKCategoryValueSleepAnalysisInBed
La Melodía,,2021-12-29 05:33:50 -0700,2021-12-29 10:18:00 -0700,HKCategoryValueSleepAnalysisInBed
La Melodía,,2021-12-30 03:05:00 -0700,2021-12-30 09:04:33 -0700,HKCategoryValueSleepAnalysisInBed
La Melodía,,2021-12-30 09:32:31 -0700,2021-12-30 09:40:06 -0700,HKCategoryValueSleepAnalysisInBed
La Melodía,,2021-12-31 02:20:00 -0700,2021-12-31 09:05:04 -0700,HKCategoryValueSleepAnalysisInBed
La Melodía,,2021-12-31 09:05:06 -0700,2021-12-31 09:12:32 -0700,HKCategoryValueSleepAnalysisInBed
La Melodía,,2021-12-31 09:12:57 -0700,2021-12-31 09:14:45 -0700,HKCategoryValueSleepAnalysisInBed
La Melodía,,2022-01-03 03:48:41 -0700,2022-01-03 07:49:27 -0700,HKCategoryValueSleepAnalysisInBed
La Melodía,,2022-01-03 07:52:38 -0700,2022-01-03 09:21:02 -0700,HKCategoryValueSleepAnalysisInBed
La Melodía,,2022-01-04 04:45:11 -0700,2022-01-04 07:56:42 -0700,HKCategoryValueSleepAnalysisInBed
La Melodía,,2022-01-04 07:56:48 -0700,2022-01-04 08:03:09 -0700,HKCategoryValueSleepAnalysisInBed
La Melodía,,2022-01-04 08:03:17 -0700,2022-01-04 08:03:24 -0700,HKCategoryValueSleepAnalysisInBed
La Melodía,,2022-01-04 08:03:29 -0700,2022-01-04 08:03:32 -0700,HKCategoryValueSleepAnalysisInBed
La Melodía,,2022-01-04 08:03:34 -0700,2022-01-04 08:04:29 -0700,HKCategoryValueSleepAnalysisInBed
La Melodía,,2022-01-04 08:04:35 -0700,2022-01-04 08:04:39 -0700,HKCategoryValueSleepAnalysisInBed
La Melodía,,2022-01-04 08:04:47 -0700,2022-01-04 08:09:48 -0700,HKCategoryValueSleepAnalysisInBed
La Melodía,,2022-01-04 08:19:38 -0700,2022-01-04 08:23:08 -0700,HKCategoryValueSleepAnalysisInBed
La Melodía,,2022-01-04 08:23:29 -0700,2022-01-04 08:23:39 -0700,HKCategoryValueSleepAnalysisInBed
La Melodía,,2022-01-04 08:23:49 -0700,2022-01-04 08:27:59 -0700,HKCategoryValueSleepAnalysisInBed
La Melodía,,2022-01-04 08:29:11 -0700,2022-01-04 08:29:39 -0700,HKCategoryValueSleepAnalysisInBed
La Melodía,,2022-01-04 08:29:59 -0700,2022-01-04 08:30:05 -0700,HKCategoryValueSleepAnalysisInBed
La Melodía,,2022-01-04 08:30:14 -0700,2022-01-04 08:33:06 -0700,HKCategoryValueSleepAnalysisInBed
La Melodía,,2022-01-04 08:34:50 -0700,2022-01-04 08:36:10 -0700,HKCategoryValueSleepAnalysisInBed
La Melodía,,2022-01-04 08:36:28 -0700,2022-01-04 08:36:43 -0700,HKCategoryValueSleepAnalysisInBed
La Melodía,,2022-01-04 08:38:03 -0700,2022-01-04 08:38:33 -0700,HKCategoryValueSleepAnalysisInBed
La Melodía,,2022-01-04 08:42:06 -0700,2022-01-04 08:44:14 -0700,HKCategoryValueSleepAnalysisInBed
La Melodía,,2022-01-04 08:44:37 -0700,2022-01-04 08:45:22 -0700,HKCategoryValueSleepAnalysisInBed
La Melodía,,2022-01-04 08:46:10 -0700,2022-01-04 08:49:09 -0700,HKCategoryValueSleepAnalysisInBed
La Melodía,,2022-01-04 08:49:14 -0700,2022-01-04 09:03:42 -0700,HKCategoryValueSleepAnalysisInBed
La Melodía,,2022-01-04 09:03:54 -0700,2022-01-04 09:21:07 -0700,HKCategoryValueSleepAnalysisInBed
La Melodía,,2022-01-05 03:27:11 -0700,2022-01-05 07:10:00 -0700,HKCategoryValueSleepAnalysisInBed
La Melodía,,2022-01-06 05:54:00 -0700,2022-01-06 07:40:20 -0700,HKCategoryValueSleepAnalysisInBed
La Melodía,,2022-01-06 07:40:25 -0700,2022-01-06 07:41:02 -0700,HKCategoryValueSleepAnalysisInBed
La Melodía,,2022-01-06 07:41:25 -0700,2022-01-06 07:43:13 -0700,HKCategoryValueSleepAnalysisInBed
La Melodía,,2022-01-06 07:43:59 -0700,2022-01-06 07:51:55 -0700,HKCategoryValueSleepAnalysisInBed
La Melodía,,2022-01-06 07:52:01 -0700,2022-01-06 08:07:03 -0700,HKCategoryValueSleepAnalysisInBed
La Melodía,,2022-01-06 08:07:30 -0700,2022-01-06 08:07:55 -0700,HKCategoryValueSleepAnalysisInBed
La Melodía,,2022-01-06 08:08:12 -0700,2022-01-06 08:08:25 -0700,HKCategoryValueSleepAnalysisInBed
La Melodía,,2022-01-06 08:08:39 -0700,2022-01-06 08:12:00 -0700,HKCategoryValueSleepAnalysisInBed
La Melodía,,2022-01-06 08:12:09 -0700,2022-01-06 08:13:57 -0700,HKCategoryValueSleepAnalysisInBed
La Melodía,,2022-01-06 08:14:07 -0700,2022-01-06 08:14:15 -0700,HKCategoryValueSleepAnalysisInBed
La Melodía,,2022-01-06 08:14:16 -0700,2022-01-06 08:14:22 -0700,HKCategoryValueSleepAnalysisInBed
La Melodía,,2022-01-06 08:14:34 -0700,2022-01-06 08:15:11 -0700,HKCategoryValueSleepAnalysisInBed
La Melodía,,2022-01-06 08:15:19 -0700,2022-01-06 08:15:47 -0700,HKCategoryValueSleepAnalysisInBed
La Melodía,,2022-01-06 08:15:55 -0700,2022-01-06 08:16:06 -0700,HKCategoryValueSleepAnalysisInBed
La Melodía,,2022-01-06 08:17:51 -0700,2022-01-06 08:19:36 -0700,HKCategoryValueSleepAnalysisInBed
La Melodía,,2022-01-06 08:19:42 -0700,2022-01-06 08:20:28 -0700,HKCategoryValueSleepAnalysisInBed
La Melodía,,2022-01-06 08:20:37 -0700,2022-01-06 08:27:20 -0700,HKCategoryValueSleepAnalysisInBed
La Melodía,,2022-01-06 08:33:55 -0700,2022-01-06 08:40:03 -0700,HKCategoryValueSleepAnalysisInBed
La Melodía,,2022-01-06 08:40:25 -0700,2022-01-06 08:59:02 -0700,HKCategoryValueSleepAnalysisInBed
La Melodía,,2022-01-06 08:59:10 -0700,2022-01-06 09:00:18 -0700,HKCategoryValueSleepAnalysisInBed
La Melodía,,2022-01-06 09:00:32 -0700,2022-01-06 09:00:36 -0700,HKCategoryValueSleepAnalysisInBed
La Melodía,,2022-01-06 09:06:55 -0700,2022-01-06 09:07:59 -0700,HKCategoryValueSleepAnalysisInBed
La Melodía,,2022-01-06 09:08:29 -0700,2022-01-06 09:10:14 -0700,HKCategoryValueSleepAnalysisInBed
La Melodía,,2022-01-06 09:10:28 -0700,2022-01-06 09:10:29 -0700,HKCategoryValueSleepAnalysisInBed
La Melodía,,2022-01-06 09:10:34 -0700,2022-01-06 09:15:03 -0700,HKCategoryValueSleepAnalysisInBed
La Melodía,,2022-01-06 09:15:34 -0700,2022-01-06 09:16:50 -0700,HKCategoryValueSleepAnalysisInBed
La Melodía,,2022-01-06 09:16:56 -0700,2022-01-06 09:18:44 -0700,HKCategoryValueSleepAnalysisInBed
La Melodía,,2022-01-07 06:28:17 -0700,2022-01-07 09:22:00 -0700,HKCategoryValueSleepAnalysisInBed
La Melodía,,2022-01-07 09:22:01 -0700,2022-01-07 09:22:04 -0700,HKCategoryValueSleepAnalysisInBed
La Melodía,,2022-01-07 09:22:24 -0700,2022-01-07 09:39:58 -0700,HKCategoryValueSleepAnalysisInBed
La Melodía,,2022-01-10 02:20:00 -0700,2022-01-10 07:44:26 -0700,HKCategoryValueSleepAnalysisInBed
La Melodía,,2022-01-10 07:44:36 -0700,2022-01-10 09:10:15 -0700,HKCategoryValueSleepAnalysisInBed
La Melodía,,2022-01-10 09:10:18 -0700,2022-01-10 09:17:12 -0700,HKCategoryValueSleepAnalysisInBed
La Melodía,,2022-01-10 09:17:39 -0700,2022-01-10 09:29:28 -0700,HKCategoryValueSleepAnalysisInBed
La Melodía,,2022-01-11 03:00:55 -0700,2022-01-11 09:49:28 -0700,HKCategoryValueSleepAnalysisInBed
La Melodía,,2022-01-12 00:40:39 -0700,2022-01-12 08:54:43 -0700,HKCategoryValueSleepAnalysisInBed
La Melodía,,2022-01-13 02:52:02 -0700,2022-01-13 07:45:11 -0700,HKCategoryValueSleepAnalysisInBed
La Melodía,,2022-01-14 03:35:08 -0700,2022-01-14 07:09:26 -0700,HKCategoryValueSleepAnalysisInBed
La Melodía,,2022-01-14 03:35:08 -0700,2022-01-14 07:09:26 -0700,HKCategoryValueSleepAnalysisInBed
La Melodía,,2022-01-16 01:15:00 -0700,2022-01-16 08:12:22 -0700,HKCategoryValueSleepAnalysisInBed
La Melodía,,2022-01-16 08:12:42 -0700,2022-01-16 08:13:39 -0700,HKCategoryValueSleepAnalysisInBed
La Melodía,,2022-01-16 08:16:31 -0700,2022-01-16 08:40:18 -0700,HKCategoryValueSleepAnalysisInBed
La Melodía,,2022-01-16 08:41:26 -0700,2022-01-16 08:41:29 -0700,HKCategoryValueSleepAnalysisInBed
La Melodía,,2022-01-16 08:42:12 -0700,2022-01-16 08:42:20 -0700,HKCategoryValueSleepAnalysisInBed
La Melodía,,2022-01-16 08:42:24 -0700,2022-01-16 08:48:00 -0700,HKCategoryValueSleepAnalysisInBed
La Melodía,,2022-01-17 00:35:59 -0700,2022-01-17 07:36:01 -0700,HKCategoryValueSleepAnalysisInBed
La Melodía,,2022-01-18 00:00:00 -0700,2022-01-18 08:00:32 -0700,HKCategoryValueSleepAnalysisInBed
La Melodía,,2022-01-19 03:23:36 -0700,2022-01-19 07:03:30 -0700,HKCategoryValueSleepAnalysisInBed
La Melodía,,2022-01-19 07:04:08 -0700,2022-01-19 07:06:19 -0700,HKCategoryValueSleepAnalysisInBed
La Melodía,,2022-01-19 07:06:34 -0700,2022-01-19 07:23:42 -0700,HKCategoryValueSleepAnalysisInBed
La Melodía,,2022-01-19 07:24:39 -0700,2022-01-19 07:26:06 -0700,HKCategoryValueSleepAnalysisInBed
La Melodía,,2022-01-20 02:00:22 -0700,2022-01-20 07:00:30 -0700,HKCategoryValueSleepAnalysisInBed
La Melodía,,2022-01-20 07:01:02 -0700,2022-01-20 07:05:38 -0700,HKCategoryValueSleepAnalysisInBed
La Melodía,,2022-01-20 07:05:42 -0700,2022-01-20 07:09:22 -0700,HKCategoryValueSleepAnalysisInBed
La Melodía,,2022-01-21 03:48:08 -0700,2022-01-21 08:00:00 -0700,HKCategoryValueSleepAnalysisInBed
La Melodía,,2022-01-24 03:37:04 -0700,2022-01-24 08:05:56 -0700,HKCategoryValueSleepAnalysisInBed
La Melodía,,2022-01-25 02:33:01 -0700,2022-01-25 08:40:27 -0700,HKCategoryValueSleepAnalysisInBed
La Melodía,,2022-01-26 02:21:08 -0700,2022-01-26 09:00:22 -0700,HKCategoryValueSleepAnalysisInBed
La Melodía,,2022-01-27 02:45:00 -0700,2022-01-27 09:10:07 -0700,HKCategoryValueSleepAnalysisInBed
La Melodía,,2022-01-27 09:10:14 -0700,2022-01-27 09:10:15 -0700,HKCategoryValueSleepAnalysisInBed
La Melodía,,2022-01-27 09:10:35 -0700,2022-01-27 09:12:20 -0700,HKCategoryValueSleepAnalysisInBed
La Melodía,,2022-01-28 02:45:00 -0700,2022-01-28 08:37:25 -0700,HKCategoryValueSleepAnalysisInBed
La Melodía,,2022-01-28 23:50:00 -0700,2022-01-29 05:29:05 -0700,HKCategoryValueSleepAnalysisInBed
La Melodía,,2022-01-29 05:29:05 -0700,2022-01-29 05:29:09 -0700,HKCategoryValueSleepAnalysisInBed
La Melodía,,2022-01-29 05:29:14 -0700,2022-01-29 08:07:07 -0700,HKCategoryValueSleepAnalysisInBed
La Melodía,,2022-01-31 05:37:26 -0700,2022-01-31 08:55:19 -0700,HKCategoryValueSleepAnalysisInBed
La Melodía,,2022-02-01 02:45:00 -0700,2022-02-01 06:08:16 -0700,HKCategoryValueSleepAnalysisInBed
La Melodía,,2022-02-01 06:31:00 -0700,2022-02-01 06:35:51 -0700,HKCategoryValueSleepAnalysisInBed
La Melodía,,2022-02-01 06:36:19 -0700,2022-02-01 09:23:42 -0700,HKCategoryValueSleepAnalysisInBed
La Melodía,,2022-02-01 09:23:45 -0700,2022-02-01 09:23:49 -0700,HKCategoryValueSleepAnalysisInBed
La Melodía,,2022-02-02 02:45:00 -0700,2022-02-02 06:50:39 -0700,HKCategoryValueSleepAnalysisInBed
La Melodía,,2022-02-02 06:51:08 -0700,2022-02-02 09:02:55 -0700,HKCategoryValueSleepAnalysisInBed
La Melodía,,2022-02-02 09:03:06 -0700,2022-02-02 09:18:48 -0700,HKCategoryValueSleepAnalysisInBed
La Melodía,,2022-02-03 07:25:14 -0700,2022-02-03 07:47:53 -0700,HKCategoryValueSleepAnalysisInBed
La Melodía,,2022-02-03 08:04:55 -0700,2022-02-03 08:13:24 -0700,HKCategoryValueSleepAnalysisInBed
La Melodía,,2022-02-03 08:13:51 -0700,2022-02-03 08:56:28 -0700,HKCategoryValueSleepAnalysisInBed
La Melodía,,2022-02-03 08:56:28 -0700,2022-02-03 09:02:37 -0700,HKCategoryValueSleepAnalysisInBed
La Melodía,,2022-02-03 09:02:49 -0700,2022-02-03 09:05:59 -0700,HKCategoryValueSleepAnalysisInBed
La Melodía,,2022-02-04 02:45:00 -0700,2022-02-04 05:51:41 -0700,HKCategoryValueSleepAnalysisInBed
La Melodía,,2022-02-04 05:51:46 -0700,2022-02-04 05:51:54 -0700,HKCategoryValueSleepAnalysisInBed
La Melodía,,2022-02-04 05:52:04 -0700,2022-02-04 08:18:04 -0700,HKCategoryValueSleepAnalysisInBed
La Melodía,,2022-02-04 08:18:26 -0700,2022-02-04 09:26:27 -0700,HKCategoryValueSleepAnalysisInBed
La Melodía,,2022-02-07 06:03:04 -0700,2022-02-07 09:42:35 -0700,HKCategoryValueSleepAnalysisInBed
La Melodía,,2022-02-08 06:36:38 -0700,2022-02-08 08:10:17 -0700,HKCategoryValueSleepAnalysisInBed
La Melodía,,2022-02-09 02:45:00 -0700,2022-02-09 07:26:29 -0700,HKCategoryValueSleepAnalysisInBed
La Melodía,,2022-02-09 07:27:00 -0700,2022-02-09 08:58:51 -0700,HKCategoryValueSleepAnalysisInBed
La Melodía,,2022-02-10 06:39:29 -0700,2022-02-10 09:33:05 -0700,HKCategoryValueSleepAnalysisInBed
La Melodía,,2022-02-10 09:33:39 -0700,2022-02-10 09:40:06 -0700,HKCategoryValueSleepAnalysisInBed
La Melodía,,2022-02-11 05:15:46 -0700,2022-02-11 09:15:52 -0700,HKCategoryValueSleepAnalysisInBed
La Melodía,,2022-02-14 03:31:36 -0700,2022-02-14 06:56:19 -0700,HKCategoryValueSleepAnalysisInBed
La Melodía,,2022-02-15 00:04:32 -0700,2022-02-15 06:41:10 -0700,HKCategoryValueSleepAnalysisInBed
La Melodía,,2022-02-17 04:00:00 -0700,2022-02-17 11:15:54 -0700,HKCategoryValueSleepAnalysisInBed
La Melodía,,2022-02-17 04:00:00 -0700,2022-02-17 11:15:54 -0700,HKCategoryValueSleepAnalysisInBed
La Melodía,,2022-02-17 11:16:10 -0700,2022-02-17 11:21:26 -0700,HKCategoryValueSleepAnalysisInBed
La Melodía,,2022-02-17 11:16:10 -0700,2022-02-17 11:21:26 -0700,HKCategoryValueSleepAnalysisInBed
La Melodía,,2022-02-18 00:34:32 -0700,2022-02-18 07:25:24 -0700,HKCategoryValueSleepAnalysisInBed
La Melodía,,2022-02-19 02:45:00 -0700,2022-02-19 07:00:00 -0700,HKCategoryValueSleepAnalysisInBed
La Melodía,,2022-02-21 04:22:04 -0700,2022-02-21 09:14:42 -0700,HKCategoryValueSleepAnalysisInBed
La Melodía,,2022-02-21 09:15:06 -0700,2022-02-21 09:55:40 -0700,HKCategoryValueSleepAnalysisInBed
La Melodía,,2022-02-22 01:24:45 -0700,2022-02-22 07:36:17 -0700,HKCategoryValueSleepAnalysisInBed
La Melodía,,2022-02-23 02:45:00 -0700,2022-02-23 08:59:20 -0700,HKCategoryValueSleepAnalysisInBed
La Melodía,,2022-02-24 03:09:14 -0700,2022-02-24 08:36:36 -0700,HKCategoryValueSleepAnalysisInBed
La Melodía,,2022-02-25 02:45:00 -0700,2022-02-25 07:00:11 -0700,HKCategoryValueSleepAnalysisInBed
La Melodía,,2022-02-26 02:25:00 -0700,2022-02-26 08:22:36 -0700,HKCategoryValueSleepAnalysisInBed
La Melodía,,2022-02-26 08:22:40 -0700,2022-02-26 08:22:46 -0700,HKCategoryValueSleepAnalysisInBed
La Melodía,,2022-02-26 08:22:52 -0700,2022-02-26 08:25:23 -0700,HKCategoryValueSleepAnalysisInBed
La Melodía,,2022-02-26 08:33:40 -0700,2022-02-26 08:33:43 -0700,HKCategoryValueSleepAnalysisInBed
La Melodía,,2022-02-26 09:09:29 -0700,2022-02-26 09:16:23 -0700,HKCategoryValueSleepAnalysisInBed
La Melodía,,2022-02-26 09:16:56 -0700,2022-02-26 09:17:04 -0700,HKCategoryValueSleepAnalysisInBed
La Melodía,,2022-02-26 09:17:36 -0700,2022-02-26 09:35:26 -0700,HKCategoryValueSleepAnalysisInBed
La Melodía,,2022-02-28 01:16:48 -0700,2022-02-28 06:31:07 -0700,HKCategoryValueSleepAnalysisInBed
La Melodía,,2022-02-28 06:36:20 -0700,2022-02-28 08:26:24 -0700,HKCategoryValueSleepAnalysisInBed
La Melodía,,2022-03-02 03:29:36 -0700,2022-03-02 07:01:12 -0700,HKCategoryValueSleepAnalysisInBed
La Melodía,,2022-03-02 03:29:36 -0700,2022-03-02 07:01:12 -0700,HKCategoryValueSleepAnalysisInBed
La Melodía,,2022-03-03 09:34:04 -0700,2022-03-03 09:52:30 -0700,HKCategoryValueSleepAnalysisInBed
La Melodía,,2022-03-04 01:17:40 -0700,2022-03-04 06:44:40 -0700,HKCategoryValueSleepAnalysisInBed
La Melodía,,2022-03-07 01:02:20 -0700,2022-03-07 07:00:13 -0700,HKCategoryValueSleepAnalysisInBed
La Melodía,,2022-03-08 00:49:23 -0700,2022-03-08 06:09:24 -0700,HKCategoryValueSleepAnalysisInBed
La Melodía,,2022-03-08 06:09:32 -0700,2022-03-08 06:09:35 -0700,HKCategoryValueSleepAnalysisInBed
La Melodía,,2022-03-08 06:10:58 -0700,2022-03-08 07:43:38 -0700,HKCategoryValueSleepAnalysisInBed
La Melodía,,2022-03-09 01:54:09 -0700,2022-03-09 07:03:25 -0700,HKCategoryValueSleepAnalysisInBed
La Melodía,,2022-03-09 07:04:00 -0700,2022-03-09 07:26:00 -0700,HKCategoryValueSleepAnalysisInBed
La Melodía,,2022-03-09 07:26:19 -0700,2022-03-09 08:24:11 -0700,HKCategoryValueSleepAnalysisInBed
La Melodía,,2022-03-10 02:41:55 -0700,2022-03-10 07:29:59 -0700,HKCategoryValueSleepAnalysisInBed
La Melodía,,2022-03-10 07:31:18 -0700,2022-03-10 09:25:47 -0700,HKCategoryValueSleepAnalysisInBed
La Melodía,,2022-03-11 05:15:00 -0700,2022-03-11 11:00:10 -0700,HKCategoryValueSleepAnalysisInBed
La Melodía,,2022-03-12 03:00:00 -0700,2022-03-12 09:40:58 -0700,HKCategoryValueSleepAnalysisInBed
La Melodía,,2022-03-14 03:25:00 -0700,2022-03-14 09:05:09 -0700,HKCategoryValueSleepAnalysisInBed
La Melodía,,2022-03-15 01:43:48 -0700,2022-03-15 08:39:24 -0700,HKCategoryValueSleepAnalysisInBed
La Melodía,,2022-03-16 05:21:40 -0700,2022-03-16 09:39:24 -0700,HKCategoryValueSleepAnalysisInBed
La Melodía,,2022-03-16 09:40:11 -0700,2022-03-16 09:42:32 -0700,HKCategoryValueSleepAnalysisInBed
La Melodía,,2022-03-17 00:30:00 -0700,2022-03-17 06:30:14 -0700,HKCategoryValueSleepAnalysisInBed
La Melodía,,2022-03-18 01:57:30 -0700,2022-03-18 07:18:04 -0700,HKCategoryValueSleepAnalysisInBed
La Melodía,,2022-03-21 05:35:28 -0700,2022-03-21 08:00:41 -0700,HKCategoryValueSleepAnalysisInBed
La Melodía,,2022-03-21 08:03:30 -0700,2022-03-21 08:27:40 -0700,HKCategoryValueSleepAnalysisInBed
La Melodía,,2022-03-21 08:27:52 -0700,2022-03-21 08:37:27 -0700,HKCategoryValueSleepAnalysisInBed
La Melodía,,2022-03-23 00:31:45 -0700,2022-03-23 05:48:00 -0700,HKCategoryValueSleepAnalysisInBed
La Melodía,,2022-03-24 02:14:29 -0700,2022-03-24 05:48:00 -0700,HKCategoryValueSleepAnalysisInBed
La Melodía,,2022-03-25 01:41:10 -0700,2022-03-25 01:42:54 -0700,HKCategoryValueSleepAnalysisInBed
La Melodía,,2022-03-25 02:00:50 -0700,2022-03-25 05:48:00 -0700,HKCategoryValueSleepAnalysisInBed
La Melodía,,2022-03-28 00:10:00 -0700,2022-03-28 06:59:02 -0700,HKCategoryValueSleepAnalysisInBed
La Melodía,,2022-03-28 00:10:00 -0700,2022-03-28 06:59:02 -0700,HKCategoryValueSleepAnalysisInBed
La Melodía,,2022-03-28 06:59:30 -0700,2022-03-28 08:39:56 -0700,HKCategoryValueSleepAnalysisInBed
La Melodía,,2022-03-28 06:59:30 -0700,2022-03-28 08:39:56 -0700,HKCategoryValueSleepAnalysisInBed
La Melodía,,2022-03-29 03:00:00 -0700,2022-03-29 09:55:50 -0700,HKCategoryValueSleepAnalysisInBed
La Melodía,,2022-03-30 05:10:00 -0700,2022-03-30 11:54:14 -0700,HKCategoryValueSleepAnalysisInBed
La Melodía,,2022-03-30 11:58:53 -0700,2022-03-30 12:03:37 -0700,HKCategoryValueSleepAnalysisInBed
La Melodía,,2022-03-30 12:04:18 -0700,2022-03-30 12:49:42 -0700,HKCategoryValueSleepAnalysisInBed
La Melodía,,2022-03-31 07:57:35 -0700,2022-03-31 11:39:32 -0700,HKCategoryValueSleepAnalysisInBed
La Melodía,,2022-03-31 11:42:00 -0700,2022-03-31 12:35:11 -0700,HKCategoryValueSleepAnalysisInBed
La Melodía,,2022-04-01 03:18:35 -0700,2022-04-01 11:07:44 -0700,HKCategoryValueSleepAnalysisInBed
La Melodía,,2022-04-02 02:33:31 -0700,2022-04-02 09:13:26 -0700,HKCategoryValueSleepAnalysisInBed
La Melodía,,2022-04-02 02:33:31 -0700,2022-04-02 09:13:26 -0700,HKCategoryValueSleepAnalysisInBed
La Melodía,,2022-04-03 23:01:51 -0700,2022-04-04 06:56:32 -0700,HKCategoryValueSleepAnalysisInBed
La Melodía,,2022-04-05 00:46:12 -0700,2022-04-05 08:15:13 -0700,HKCategoryValueSleepAnalysisInBed
La Melodía,,2022-04-06 03:00:00 -0700,2022-04-06 08:34:23 -0700,HKCategoryValueSleepAnalysisInBed
La Melodía,,2022-04-07 03:00:00 -0700,2022-04-07 10:40:21 -0700,HKCategoryValueSleepAnalysisInBed
La Melodía,,2022-04-08 02:06:36 -0700,2022-04-08 09:12:52 -0700,HKCategoryValueSleepAnalysisInBed
La Melodía,,2022-04-12 02:25:35 -0700,2022-04-12 09:54:52 -0700,HKCategoryValueSleepAnalysisInBed
La Melodía,,2022-04-13 03:29:58 -0700,2022-04-13 09:42:07 -0700,HKCategoryValueSleepAnalysisInBed
La Melodía,,2022-04-14 03:05:00 -0700,2022-04-14 09:29:33 -0700,HKCategoryValueSleepAnalysisInBed
La Melodía,,2022-04-14 09:30:21 -0700,2022-04-14 10:29:29 -0700,HKCategoryValueSleepAnalysisInBed
La Melodía,,2022-04-15 03:20:57 -0700,2022-04-15 09:23:29 -0700,HKCategoryValueSleepAnalysisInBed
La Melodía,,2022-04-16 03:10:00 -0700,2022-04-16 10:20:14 -0700,HKCategoryValueSleepAnalysisInBed
La Melodía,,2022-04-18 03:00:00 -0700,2022-04-18 09:54:55 -0700,HKCategoryValueSleepAnalysisInBed
La Melodía,,2022-04-19 04:31:40 -0700,2022-04-19 09:49:44 -0700,HKCategoryValueSleepAnalysisInBed
La Melodía,,2022-04-20 03:38:51 -0700,2022-04-20 09:00:17 -0700,HKCategoryValueSleepAnalysisInBed
La Melodía,,2022-04-21 01:45:00 -0700,2022-04-21 08:00:23 -0700,HKCategoryValueSleepAnalysisInBed
La Melodía,,2022-04-22 02:00:00 -0700,2022-04-22 09:01:47 -0700,HKCategoryValueSleepAnalysisInBed
La Melodía,,2022-04-25 03:00:00 -0700,2022-04-25 09:41:04 -0700,HKCategoryValueSleepAnalysisInBed
La Melodía,,2022-04-26 03:12:46 -0700,2022-04-26 08:37:41 -0700,HKCategoryValueSleepAnalysisInBed
La Melodía,,2022-04-28 05:33:43 -0700,2022-04-28 09:55:00 -0700,HKCategoryValueSleepAnalysisInBed
La Melodía,,2022-04-29 05:53:42 -0700,2022-04-29 09:55:02 -0700,HKCategoryValueSleepAnalysisInBed
La Melodía,,2022-04-30 04:53:35 -0700,2022-04-30 08:50:13 -0700,HKCategoryValueSleepAnalysisInBed
La Melodía,,2022-05-02 02:20:00 -0700,2022-05-02 05:32:58 -0700,HKCategoryValueSleepAnalysisInBed
La Melodía,,2022-05-02 05:33:14 -0700,2022-05-02 09:25:25 -0700,HKCategoryValueSleepAnalysisInBed
La Melodía,,2022-05-03 01:48:33 -0700,2022-05-03 07:00:22 -0700,HKCategoryValueSleepAnalysisInBed
La Melodía,,2022-05-03 07:02:42 -0700,2022-05-03 07:02:47 -0700,HKCategoryValueSleepAnalysisInBed
La Melodía,,2022-05-04 01:35:00 -0700,2022-05-04 07:42:17 -0700,HKCategoryValueSleepAnalysisInBed
La Melodía,,2022-05-04 07:42:45 -0700,2022-05-04 08:50:34 -0700,HKCategoryValueSleepAnalysisInBed
La Melodía,,2022-05-05 02:05:00 -0700,2022-05-05 08:10:29 -0700,HKCategoryValueSleepAnalysisInBed
La Melodía,,2022-05-06 02:09:13 -0700,2022-05-06 09:00:12 -0700,HKCategoryValueSleepAnalysisInBed
La Melodía,,2022-05-07 04:38:22 -0700,2022-05-07 10:00:20 -0700,HKCategoryValueSleepAnalysisInBed
La Melodía,,2022-05-09 03:19:49 -0700,2022-05-09 11:19:55 -0700,HKCategoryValueSleepAnalysisInBed
La Melodía,,2022-05-09 11:20:11 -0700,2022-05-09 11:21:52 -0700,HKCategoryValueSleepAnalysisInBed
La Melodía,,2022-05-09 11:22:13 -0700,2022-05-09 11:29:06 -0700,HKCategoryValueSleepAnalysisInBed
La Melodía,,2022-05-10 05:10:00 -0700,2022-05-10 11:54:39 -0700,HKCategoryValueSleepAnalysisInBed
La Melodía,,2022-05-10 11:55:22 -0700,2022-05-10 12:45:36 -0700,HKCategoryValueSleepAnalysisInBed
La Melodía,,2022-05-11 04:16:52 -0700,2022-05-11 06:31:14 -0700,HKCategoryValueSleepAnalysisInBed
La Melodía,,2022-05-12 03:00:00 -0700,2022-05-12 08:02:30 -0700,HKCategoryValueSleepAnalysisInBed
La Melodía,,2022-05-12 08:04:39 -0700,2022-05-12 08:07:24 -0700,HKCategoryValueSleepAnalysisInBed
La Melodía,,2022-05-13 02:23:12 -0700,2022-05-13 11:53:48 -0700,HKCategoryValueSleepAnalysisInBed
La Melodía,,2022-05-16 00:40:00 -0700,2022-05-16 08:00:11 -0700,HKCategoryValueSleepAnalysisInBed
La Melodía,,2022-05-17 07:58:20 -0700,2022-05-17 08:53:14 -0700,HKCategoryValueSleepAnalysisInBed
La Melodía,,2022-05-18 03:41:23 -0700,2022-05-18 05:49:25 -0700,HKCategoryValueSleepAnalysisInBed
La Melodía,,2022-05-19 03:38:20 -0700,2022-05-19 06:35:02 -0700,HKCategoryValueSleepAnalysisInBed
La Melodía,,2022-05-19 06:35:05 -0700,2022-05-19 06:35:08 -0700,HKCategoryValueSleepAnalysisInBed
La Melodía,,2022-05-20 01:53:50 -0700,2022-05-20 07:06:51 -0700,HKCategoryValueSleepAnalysisInBed
La Melodía,,2022-05-23 01:35:00 -0700,2022-05-23 10:18:28 -0700,HKCategoryValueSleepAnalysisInBed
La Melodía,,2022-05-24 01:35:00 -0700,2022-05-24 06:31:08 -0700,HKCategoryValueSleepAnalysisInBed
La Melodía,,2022-05-25 03:10:00 -0700,2022-05-25 09:47:00 -0700,HKCategoryValueSleepAnalysisInBed
La Melodía,,2022-05-26 02:00:00 -0700,2022-05-26 10:00:16 -0700,HKCategoryValueSleepAnalysisInBed
La Melodía,,2022-05-27 02:28:15 -0700,2022-05-27 08:32:46 -0700,HKCategoryValueSleepAnalysisInBed
La Melodía,,2022-05-27 08:32:55 -0700,2022-05-27 09:29:23 -0700,HKCategoryValueSleepAnalysisInBed
La Melodía,,2022-05-30 06:24:35 -0700,2022-05-30 12:14:04 -0700,HKCategoryValueSleepAnalysisInBed
La Melodía,,2022-05-30 12:14:18 -0700,2022-05-30 12:14:25 -0700,HKCategoryValueSleepAnalysisInBed
La Melodía,,2022-05-31 02:20:16 -0700,2022-05-31 08:42:26 -0700,HKCategoryValueSleepAnalysisInBed
La Melodía,,2022-06-01 03:04:38 -0700,2022-06-01 08:34:40 -0700,HKCategoryValueSleepAnalysisInBed
La Melodía,,2022-06-01 08:34:57 -0700,2022-06-01 08:35:56 -0700,HKCategoryValueSleepAnalysisInBed
La Melodía,,2022-06-01 08:36:31 -0700,2022-06-01 08:37:28 -0700,HKCategoryValueSleepAnalysisInBed
La Melodía,,2022-06-02 03:11:31 -0700,2022-06-02 12:08:48 -0700,HKCategoryValueSleepAnalysisInBed
La Melodía,,2022-06-03 02:18:12 -0700,2022-06-03 08:48:13 -0700,HKCategoryValueSleepAnalysisInBed
La Melodía,,2022-06-06 00:40:00 -0700,2022-06-06 06:03:47 -0700,HKCategoryValueSleepAnalysisInBed
La Melodía,,2022-06-06 06:24:32 -0700,2022-06-06 06:24:58 -0700,HKCategoryValueSleepAnalysisInBed
La Melodía,,2022-06-06 06:28:03 -0700,2022-06-06 06:29:48 -0700,HKCategoryValueSleepAnalysisInBed
La Melodía,,2022-06-06 06:30:01 -0700,2022-06-06 06:32:51 -0700,HKCategoryValueSleepAnalysisInBed
La Melodía,,2022-06-06 06:40:18 -0700,2022-06-06 07:03:39 -0700,HKCategoryValueSleepAnalysisInBed
La Melodía,,2022-06-06 07:05:39 -0700,2022-06-06 07:08:56 -0700,HKCategoryValueSleepAnalysisInBed
La Melodía,,2022-06-06 07:09:21 -0700,2022-06-06 07:11:01 -0700,HKCategoryValueSleepAnalysisInBed
La Melodía,,2022-06-06 07:11:28 -0700,2022-06-06 07:18:50 -0700,HKCategoryValueSleepAnalysisInBed
La Melodía,,2022-06-06 07:20:19 -0700,2022-06-06 07:22:56 -0700,HKCategoryValueSleepAnalysisInBed
La Melodía,,2022-06-06 07:24:10 -0700,2022-06-06 07:29:01 -0700,HKCategoryValueSleepAnalysisInBed
La Melodía,,2022-06-06 07:29:50 -0700,2022-06-06 07:29:55 -0700,HKCategoryValueSleepAnalysisInBed
La Melodía,,2022-06-06 07:34:41 -0700,2022-06-06 07:35:07 -0700,HKCategoryValueSleepAnalysisInBed
La Melodía,,2022-06-06 07:37:36 -0700,2022-06-06 07:49:30 -0700,HKCategoryValueSleepAnalysisInBed
La Melodía,,2022-06-06 07:49:49 -0700,2022-06-06 07:49:51 -0700,HKCategoryValueSleepAnalysisInBed
La Melodía,,2022-06-06 07:52:11 -0700,2022-06-06 07:56:59 -0700,HKCategoryValueSleepAnalysisInBed
La Melodía,,2022-06-07 02:35:00 -0700,2022-06-07 08:44:09 -0700,HKCategoryValueSleepAnalysisInBed
La Melodía,,2022-06-07 08:45:36 -0700,2022-06-07 08:48:40 -0700,HKCategoryValueSleepAnalysisInBed
La Melodía,,2022-06-07 08:49:08 -0700,2022-06-07 08:50:06 -0700,HKCategoryValueSleepAnalysisInBed
La Melodía,,2022-06-07 08:50:38 -0700,2022-06-07 08:51:33 -0700,HKCategoryValueSleepAnalysisInBed
La Melodía,,2022-06-07 08:52:46 -0700,2022-06-07 08:53:42 -0700,HKCategoryValueSleepAnalysisInBed
La Melodía,,2022-06-07 08:54:37 -0700,2022-06-07 08:56:53 -0700,HKCategoryValueSleepAnalysisInBed
La Melodía,,2022-06-07 08:57:44 -0700,2022-06-07 09:00:58 -0700,HKCategoryValueSleepAnalysisInBed
La Melodía,,2022-06-07 09:03:47 -0700,2022-06-07 09:09:42 -0700,HKCategoryValueSleepAnalysisInBed
La Melodía,,2022-06-07 09:12:19 -0700,2022-06-07 09:15:54 -0700,HKCategoryValueSleepAnalysisInBed
La Melodía,,2022-06-07 09:16:18 -0700,2022-06-07 09:16:51 -0700,HKCategoryValueSleepAnalysisInBed
La Melodía,,2022-06-07 09:20:15 -0700,2022-06-07 09:21:16 -0700,HKCategoryValueSleepAnalysisInBed
La Melodía,,2022-06-07 09:22:04 -0700,2022-06-07 09:27:37 -0700,HKCategoryValueSleepAnalysisInBed
La Melodía,,2022-06-07 09:31:08 -0700,2022-06-07 11:31:09 -0700,HKCategoryValueSleepAnalysisInBed
La Melodía,,2022-06-08 04:52:56 -0700,2022-06-08 04:54:59 -0700,HKCategoryValueSleepAnalysisInBed
La Melodía,,2022-06-08 04:55:34 -0700,2022-06-08 04:56:00 -0700,HKCategoryValueSleepAnalysisInBed
La Melodía,,2022-06-08 04:58:30 -0700,2022-06-08 05:00:11 -0700,HKCategoryValueSleepAnalysisInBed
La Melodía,,2022-06-08 05:00:18 -0700,2022-06-08 05:00:52 -0700,HKCategoryValueSleepAnalysisInBed
La Melodía,,2022-06-08 05:01:37 -0700,2022-06-08 13:38:08 -0700,HKCategoryValueSleepAnalysisInBed
La Melodía,,2022-06-09 01:51:49 -0700,2022-06-09 08:30:02 -0700,HKCategoryValueSleepAnalysisInBed
La Melodía,,2022-06-10 01:05:00 -0700,2022-06-10 06:41:39 -0700,HKCategoryValueSleepAnalysisInBed
La Melodía,,2022-06-13 01:07:11 -0700,2022-06-13 06:00:17 -0700,HKCategoryValueSleepAnalysisInBed
La Melodía,,2022-06-14 01:55:28 -0700,2022-06-14 06:20:07 -0700,HKCategoryValueSleepAnalysisInBed
La Melodía,,2022-06-15 00:56:11 -0700,2022-06-15 06:09:30 -0700,HKCategoryValueSleepAnalysisInBed
La Melodía,,2022-06-16 02:06:07 -0700,2022-06-16 06:00:00 -0700,HKCategoryValueSleepAnalysisInBed
La Melodía,,2022-06-16 22:40:08 -0700,2022-06-17 06:02:26 -0700,HKCategoryValueSleepAnalysisInBed
La Melodía,,2022-06-19 00:58:11 -0700,2022-06-19 06:08:16 -0700,HKCategoryValueSleepAnalysisInBed
La Melodía,,2022-06-20 01:12:18 -0700,2022-06-20 05:53:07 -0700,HKCategoryValueSleepAnalysisInBed
La Melodía,,2022-06-21 00:21:16 -0700,2022-06-21 05:02:51 -0700,HKCategoryValueSleepAnalysisInBed
La Melodía,,2022-06-22 02:23:06 -0700,2022-06-22 06:00:00 -0700,HKCategoryValueSleepAnalysisInBed
La Melodía,,2022-06-22 22:00:00 -0700,2022-06-23 06:53:12 -0700,HKCategoryValueSleepAnalysisInBed
La Melodía,,2022-06-22 22:00:00 -0700,2022-06-23 06:53:12 -0700,HKCategoryValueSleepAnalysisInBed
La Melodía,,2022-06-24 00:17:38 -0700,2022-06-24 06:30:14 -0700,HKCategoryValueSleepAnalysisInBed
La Melodía,,2022-06-25 23:32:29 -0700,2022-06-26 06:32:38 -0700,HKCategoryValueSleepAnalysisInBed
La Melodía,,2022-06-26 23:59:01 -0700,2022-06-27 07:46:45 -0700,HKCategoryValueSleepAnalysisInBed
La Melodía,,2022-06-27 07:47:12 -0700,2022-06-27 07:47:13 -0700,HKCategoryValueSleepAnalysisInBed
La Melodía,,2022-06-27 07:48:23 -0700,2022-06-27 07:48:43 -0700,HKCategoryValueSleepAnalysisInBed
La Melodía,,2022-06-27 07:49:00 -0700,2022-06-27 07:49:01 -0700,HKCategoryValueSleepAnalysisInBed
La Melodía,,2022-06-27 07:49:05 -0700,2022-06-27 07:49:09 -0700,HKCategoryValueSleepAnalysisInBed
La Melodía,,2022-06-29 01:26:44 -0700,2022-06-29 06:00:00 -0700,HKCategoryValueSleepAnalysisInBed
La Melodía,,2022-06-30 01:02:02 -0700,2022-06-30 05:46:09 -0700,HKCategoryValueSleepAnalysisInBed
La Melodía,,2022-06-30 01:02:02 -0700,2022-06-30 05:46:09 -0700,HKCategoryValueSleepAnalysisInBed
La Melodía,,2022-07-01 03:18:58 -0700,2022-07-01 05:52:28 -0700,HKCategoryValueSleepAnalysisInBed
La Melodía,,2022-07-04 00:52:20 -0700,2022-07-04 07:24:29 -0700,HKCategoryValueSleepAnalysisInBed
La Melodía,,2022-07-04 00:52:20 -0700,2022-07-04 07:24:29 -0700,HKCategoryValueSleepAnalysisInBed
La Melodía,,2022-07-05 01:09:17 -0700,2022-07-05 06:48:31 -0700,HKCategoryValueSleepAnalysisInBed
La Melodía,,2022-07-06 02:47:27 -0700,2022-07-06 07:00:00 -0700,HKCategoryValueSleepAnalysisInBed
La Melodía,,2022-07-07 01:19:56 -0700,2022-07-07 07:00:00 -0700,HKCategoryValueSleepAnalysisInBed
La Melodía,,2022-07-08 02:00:20 -0700,2022-07-08 06:50:09 -0700,HKCategoryValueSleepAnalysisInBed
La Melodía,,2022-07-11 00:00:00 -0700,2022-07-11 07:00:00 -0700,HKCategoryValueSleepAnalysisInBed
La Melodía,,2022-07-12 00:37:50 -0700,2022-07-12 07:00:00 -0700,HKCategoryValueSleepAnalysisInBed
La Melodía,,2022-07-13 01:39:30 -0700,2022-07-13 07:00:00 -0700,HKCategoryValueSleepAnalysisInBed
La Melodía,,2022-07-14 00:34:23 -0700,2022-07-14 07:00:00 -0700,HKCategoryValueSleepAnalysisInBed
La Melodía,,2022-07-15 01:53:11 -0700,2022-07-15 07:00:00 -0700,HKCategoryValueSleepAnalysisInBed
La Melodía,,2022-07-18 01:27:33 -0700,2022-07-18 06:09:22 -0700,HKCategoryValueSleepAnalysisInBed
La Melodía,,2022-07-19 00:11:07 -0700,2022-07-19 05:50:15 -0700,HKCategoryValueSleepAnalysisInBed
La Melodía,,2022-07-20 01:04:51 -0700,2022-07-20 05:50:18 -0700,HKCategoryValueSleepAnalysisInBed
La Melodía,,2022-07-21 00:18:42 -0700,2022-07-21 05:51:55 -0700,HKCategoryValueSleepAnalysisInBed
La Melodía,,2022-07-22 00:00:00 -0700,2022-07-22 05:10:32 -0700,HKCategoryValueSleepAnalysisInBed
La Melodía,,2022-07-25 02:28:16 -0700,2022-07-25 07:39:20 -0700,HKCategoryValueSleepAnalysisInBed
La Melodía,,2022-07-26 00:34:16 -0700,2022-07-26 06:28:37 -0700,HKCategoryValueSleepAnalysisInBed
La Melodía,,2022-07-26 00:34:16 -0700,2022-07-26 06:28:37 -0700,HKCategoryValueSleepAnalysisInBed
La Melodía,,2022-07-26 06:28:47 -0700,2022-07-26 06:33:14 -0700,HKCategoryValueSleepAnalysisInBed
La Melodía,,2022-07-26 06:28:47 -0700,2022-07-26 06:33:14 -0700,HKCategoryValueSleepAnalysisInBed
La Melodía,,2022-07-26 06:33:25 -0700,2022-07-26 06:54:54 -0700,HKCategoryValueSleepAnalysisInBed
La Melodía,,2022-07-26 06:33:25 -0700,2022-07-26 06:54:54 -0700,HKCategoryValueSleepAnalysisInBed
La Melodía,,2022-07-27 01:00:00 -0700,2022-07-27 06:27:56 -0700,HKCategoryValueSleepAnalysisInBed
La Melodía,,2022-07-28 01:15:02 -0700,2022-07-28 06:41:09 -0700,HKCategoryValueSleepAnalysisInBed
La Melodía,,2022-07-29 02:00:00 -0700,2022-07-29 07:03:55 -0700,HKCategoryValueSleepAnalysisInBed
La Melodía,,2022-07-30 02:05:01 -0700,2022-07-30 07:28:28 -0700,HKCategoryValueSleepAnalysisInBed
La Melodía,,2022-08-01 02:00:00 -0700,2022-08-01 06:36:07 -0700,HKCategoryValueSleepAnalysisInBed
La Melodía,,2022-08-02 02:00:00 -0700,2022-08-02 06:54:28 -0700,HKCategoryValueSleepAnalysisInBed
La Melodía,,2022-08-03 00:00:00 -0700,2022-08-03 06:54:00 -0700,HKCategoryValueSleepAnalysisInBed
La Melodía,,2022-08-04 02:00:00 -0700,2022-08-04 06:57:07 -0700,HKCategoryValueSleepAnalysisInBed
La Melodía,,2022-08-05 02:00:00 -0700,2022-08-05 06:32:53 -0700,HKCategoryValueSleepAnalysisInBed
La Melodía,,2022-08-08 00:15:00 -0700,2022-08-08 06:00:20 -0700,HKCategoryValueSleepAnalysisInBed
La Melodía,,2022-08-09 02:00:00 -0700,2022-08-09 06:32:07 -0700,HKCategoryValueSleepAnalysisInBed
La Melodía,,2022-08-10 02:00:00 -0700,2022-08-10 06:13:20 -0700,HKCategoryValueSleepAnalysisInBed
La Melodía,,2022-08-11 02:00:00 -0700,2022-08-11 06:09:39 -0700,HKCategoryValueSleepAnalysisInBed
La Melodía,,2022-08-12 02:00:00 -0700,2022-08-12 06:13:24 -0700,HKCategoryValueSleepAnalysisInBed
La Melodía,,2022-08-14 01:59:46 -0700,2022-08-14 06:13:13 -0700,HKCategoryValueSleepAnalysisInBed
La Melodía,,2022-08-15 01:26:35 -0700,2022-08-15 06:26:16 -0700,HKCategoryValueSleepAnalysisInBed
La Melodía,,2022-08-16 00:10:00 -0700,2022-08-16 06:03:48 -0700,HKCategoryValueSleepAnalysisInBed
La Melodía,,2022-08-17 01:15:00 -0700,2022-08-17 06:05:12 -0700,HKCategoryValueSleepAnalysisInBed
La Melodía,,2022-08-18 01:15:21 -0700,2022-08-18 06:22:14 -0700,HKCategoryValueSleepAnalysisInBed
La Melodía,,2022-08-19 01:16:22 -0700,2022-08-19 06:05:12 -0700,HKCategoryValueSleepAnalysisInBed
La Melodía,,2022-08-22 02:17:47 -0700,2022-08-22 06:46:26 -0700,HKCategoryValueSleepAnalysisInBed
La Melodía,,2022-08-23 01:15:00 -0700,2022-08-23 03:54:41 -0700,HKCategoryValueSleepAnalysisInBed
La Melodía,,2022-08-23 03:54:53 -0700,2022-08-23 03:54:55 -0700,HKCategoryValueSleepAnalysisInBed
La Melodía,,2022-08-23 03:55:03 -0700,2022-08-23 06:06:16 -0700,HKCategoryValueSleepAnalysisInBed
La Melodía,,2022-08-24 01:15:00 -0700,2022-08-24 06:05:02 -0700,HKCategoryValueSleepAnalysisInBed
La Melodía,,2022-08-25 04:30:54 -0700,2022-08-25 06:05:00 -0700,HKCategoryValueSleepAnalysisInBed
La Melodía,,2022-08-26 03:05:31 -0700,2022-08-26 06:05:01 -0700,HKCategoryValueSleepAnalysisInBed
La Melodía,,2022-08-29 01:15:00 -0700,2022-08-29 06:05:00 -0700,HKCategoryValueSleepAnalysisInBed
La Melodía,,2022-08-30 05:15:00 -0700,2022-08-30 09:25:56 -0700,HKCategoryValueSleepAnalysisInBed
La Melodía,,2022-08-30 09:27:34 -0700,2022-08-30 09:28:25 -0700,HKCategoryValueSleepAnalysisInBed
La Melodía,,2022-08-30 09:28:40 -0700,2022-08-30 09:45:25 -0700,HKCategoryValueSleepAnalysisInBed
La Melodía,,2022-08-30 09:45:43 -0700,2022-08-30 09:50:05 -0700,HKCategoryValueSleepAnalysisInBed
La Melodía,,2022-08-30 09:51:41 -0700,2022-08-30 10:17:49 -0700,HKCategoryValueSleepAnalysisInBed
La Melodía,,2022-08-30 10:18:59 -0700,2022-08-30 11:59:29 -0700,HKCategoryValueSleepAnalysisInBed
La Melodía,,2022-08-31 09:53:55 -0700,2022-08-31 10:12:33 -0700,HKCategoryValueSleepAnalysisInBed
La Melodía,,2022-08-31 10:19:55 -0700,2022-08-31 10:21:56 -0700,HKCategoryValueSleepAnalysisInBed
La Melodía,,2022-08-31 10:27:44 -0700,2022-08-31 10:28:34 -0700,HKCategoryValueSleepAnalysisInBed
La Melodía,,2022-09-01 01:23:01 -0700,2022-09-01 06:04:07 -0700,HKCategoryValueSleepAnalysisInBed
La Melodía,,2022-09-02 00:53:04 -0700,2022-09-02 06:00:41 -0700,HKCategoryValueSleepAnalysisInBed
La Melodía,,2022-09-05 01:43:25 -0700,2022-09-05 07:14:04 -0700,HKCategoryValueSleepAnalysisInBed
La Melodía,,2022-09-06 01:35:00 -0700,2022-09-06 08:56:01 -0700,HKCategoryValueSleepAnalysisInBed
La Melodía,,2022-09-07 01:35:00 -0700,2022-09-07 08:35:40 -0700,HKCategoryValueSleepAnalysisInBed
La Melodía,,2022-09-08 02:02:49 -0700,2022-09-08 07:04:43 -0700,HKCategoryValueSleepAnalysisInBed
La Melodía,,2022-09-08 23:00:00 -0700,2022-09-09 04:53:09 -0700,HKCategoryValueSleepAnalysisInBed
La Melodía,,2022-09-09 04:55:10 -0700,2022-09-09 06:37:15 -0700,HKCategoryValueSleepAnalysisInBed
La Melodía,,2022-09-12 01:01:53 -0700,2022-09-12 06:15:50 -0700,HKCategoryValueSleepAnalysisInBed
La Melodía,,2022-09-12 01:01:53 -0700,2022-09-12 06:15:50 -0700,HKCategoryValueSleepAnalysisInBed
La Melodía,,2022-09-13 00:28:45 -0700,2022-09-13 06:13:46 -0700,HKCategoryValueSleepAnalysisInBed
La Melodía,,2022-09-14 02:05:00 -0700,2022-09-14 08:52:43 -0700,HKCategoryValueSleepAnalysisInBed
La Melodía,,2022-09-14 08:52:55 -0700,2022-09-14 08:52:56 -0700,HKCategoryValueSleepAnalysisInBed
La Melodía,,2022-09-14 08:53:02 -0700,2022-09-14 08:55:31 -0700,HKCategoryValueSleepAnalysisInBed
La Melodía,,2022-09-14 08:56:10 -0700,2022-09-14 08:56:25 -0700,HKCategoryValueSleepAnalysisInBed
La Melodía,,2022-09-14 08:57:38 -0700,2022-09-14 08:57:48 -0700,HKCategoryValueSleepAnalysisInBed
La Melodía,,2022-09-14 08:57:57 -0700,2022-09-14 08:58:56 -0700,HKCategoryValueSleepAnalysisInBed
La Melodía,,2022-09-14 09:26:46 -0700,2022-09-14 09:26:49 -0700,HKCategoryValueSleepAnalysisInBed
La Melodía,,2022-09-15 03:19:13 -0700,2022-09-15 10:19:42 -0700,HKCategoryValueSleepAnalysisInBed
La Melodía,,2022-09-16 06:46:54 -0700,2022-09-16 08:57:21 -0700,HKCategoryValueSleepAnalysisInBed
La Melodía,,2022-09-19 03:05:00 -0700,2022-09-19 07:49:45 -0700,HKCategoryValueSleepAnalysisInBed
La Melodía,,2022-09-19 07:50:29 -0700,2022-09-19 07:57:09 -0700,HKCategoryValueSleepAnalysisInBed
La Melodía,,2022-09-19 07:57:14 -0700,2022-09-19 07:57:59 -0700,HKCategoryValueSleepAnalysisInBed
La Melodía,,2022-09-19 08:10:14 -0700,2022-09-19 08:10:51 -0700,HKCategoryValueSleepAnalysisInBed
La Melodía,,2022-09-19 08:11:23 -0700,2022-09-19 08:11:26 -0700,HKCategoryValueSleepAnalysisInBed
La Melodía,,2022-09-19 08:11:52 -0700,2022-09-19 08:15:56 -0700,HKCategoryValueSleepAnalysisInBed
La Melodía,,2022-09-19 09:23:06 -0700,2022-09-19 09:25:14 -0700,HKCategoryValueSleepAnalysisInBed
La Melodía,,2022-09-19 09:25:36 -0700,2022-09-19 09:26:28 -0700,HKCategoryValueSleepAnalysisInBed
La Melodía,,2022-09-19 09:44:21 -0700,2022-09-19 09:49:18 -0700,HKCategoryValueSleepAnalysisInBed
La Melodía,,2022-09-19 09:52:03 -0700,2022-09-19 09:52:33 -0700,HKCategoryValueSleepAnalysisInBed
La Melodía,,2022-09-19 09:53:48 -0700,2022-09-19 09:54:55 -0700,HKCategoryValueSleepAnalysisInBed
La Melodía,,2022-09-19 09:55:08 -0700,2022-09-19 09:56:52 -0700,HKCategoryValueSleepAnalysisInBed
La Melodía,,2022-09-19 09:59:08 -0700,2022-09-19 10:00:13 -0700,HKCategoryValueSleepAnalysisInBed
La Melodía,,2022-09-19 10:00:20 -0700,2022-09-19 10:00:55 -0700,HKCategoryValueSleepAnalysisInBed
La Melodía,,2022-09-19 10:08:30 -0700,2022-09-19 10:10:36 -0700,HKCategoryValueSleepAnalysisInBed
La Melodía,,2022-09-19 10:11:18 -0700,2022-09-19 10:11:23 -0700,HKCategoryValueSleepAnalysisInBed
La Melodía,,2022-09-20 03:50:00 -0700,2022-09-20 09:54:10 -0700,HKCategoryValueSleepAnalysisInBed
La Melodía,,2022-09-20 23:27:14 -0700,2022-09-21 06:32:52 -0700,HKCategoryValueSleepAnalysisInBed
La Melodía,,2022-09-20 23:27:14 -0700,2022-09-21 06:32:52 -0700,HKCategoryValueSleepAnalysisInBed
La Melodía,,2022-09-22 02:23:21 -0700,2022-09-22 04:12:54 -0700,HKCategoryValueSleepAnalysisInBed
La Melodía,,2022-09-22 02:23:21 -0700,2022-09-22 04:12:54 -0700,HKCategoryValueSleepAnalysisInBed
La Melodía,,2022-09-22 04:16:03 -0700,2022-09-22 06:57:32 -0700,HKCategoryValueSleepAnalysisInBed
La Melodía,,2022-09-22 04:16:03 -0700,2022-09-22 06:57:32 -0700,HKCategoryValueSleepAnalysisInBed
La Melodía,,2022-09-23 01:32:52 -0700,2022-09-23 07:52:13 -0700,HKCategoryValueSleepAnalysisInBed
La Melodía,,2022-09-26 03:09:05 -0700,2022-09-26 07:24:16 -0700,HKCategoryValueSleepAnalysisInBed
La Melodía,,2022-09-27 01:00:00 -0700,2022-09-27 08:03:53 -0700,HKCategoryValueSleepAnalysisInBed
La Melodía,,2022-09-27 08:03:56 -0700,2022-09-27 09:59:03 -0700,HKCategoryValueSleepAnalysisInBed
La Melodía,,2022-09-28 01:38:38 -0700,2022-09-28 08:12:33 -0700,HKCategoryValueSleepAnalysisInBed
La Melodía,,2022-09-28 23:54:05 -0700,2022-09-29 09:16:04 -0700,HKCategoryValueSleepAnalysisInBed
La Melodía,,2022-09-30 04:05:49 -0700,2022-09-30 07:36:56 -0700,HKCategoryValueSleepAnalysisInBed
La Melodía,,2022-09-30 07:37:57 -0700,2022-09-30 07:41:43 -0700,HKCategoryValueSleepAnalysisInBed
La Melodía,,2022-10-03 02:41:28 -0700,2022-10-03 08:18:33 -0700,HKCategoryValueSleepAnalysisInBed
La Melodía,,2022-10-04 00:41:45 -0700,2022-10-04 06:23:29 -0700,HKCategoryValueSleepAnalysisInBed
La Melodía,,2022-10-05 02:25:54 -0700,2022-10-05 09:04:36 -0700,HKCategoryValueSleepAnalysisInBed
La Melodía,,2022-10-06 01:55:00 -0700,2022-10-06 10:11:20 -0700,HKCategoryValueSleepAnalysisInBed
La Melodía,,2022-10-07 01:55:00 -0700,2022-10-07 08:44:56 -0700,HKCategoryValueSleepAnalysisInBed
La Melodía,,2022-10-07 08:45:07 -0700,2022-10-07 08:45:10 -0700,HKCategoryValueSleepAnalysisInBed
La Melodía,,2022-10-10 01:58:23 -0700,2022-10-10 08:18:09 -0700,HKCategoryValueSleepAnalysisInBed
La Melodía,,2022-10-10 08:18:28 -0700,2022-10-10 08:21:19 -0700,HKCategoryValueSleepAnalysisInBed
La Melodía,,2022-10-10 08:25:02 -0700,2022-10-10 08:27:23 -0700,HKCategoryValueSleepAnalysisInBed
La Melodía,,2022-10-11 01:55:00 -0700,2022-10-11 08:57:22 -0700,HKCategoryValueSleepAnalysisInBed
La Melodía,,2022-10-12 02:04:52 -0700,2022-10-12 08:42:26 -0700,HKCategoryValueSleepAnalysisInBed
La Melodía,,2022-10-12 08:43:38 -0700,2022-10-12 09:07:22 -0700,HKCategoryValueSleepAnalysisInBed
La Melodía,,2022-10-12 09:07:37 -0700,2022-10-12 10:00:09 -0700,HKCategoryValueSleepAnalysisInBed
La Melodía,,2022-10-13 03:20:31 -0700,2022-10-13 03:41:29 -0700,HKCategoryValueSleepAnalysisInBed
La Melodía,,2022-10-13 03:45:52 -0700,2022-10-13 07:10:56 -0700,HKCategoryValueSleepAnalysisInBed
La Melodía,,2022-10-14 00:54:34 -0700,2022-10-14 07:15:18 -0700,HKCategoryValueSleepAnalysisInBed
La Melodía,,2022-10-16 02:35:27 -0700,2022-10-16 09:12:38 -0700,HKCategoryValueSleepAnalysisInBed
La Melodía,,2022-10-17 02:33:50 -0700,2022-10-17 07:54:00 -0700,HKCategoryValueSleepAnalysisInBed
La Melodía,,2022-10-18 01:55:00 -0700,2022-10-18 07:59:15 -0700,HKCategoryValueSleepAnalysisInBed
La Melodía,,2022-10-19 01:55:00 -0700,2022-10-19 08:18:43 -0700,HKCategoryValueSleepAnalysisInBed
La Melodía,,2022-10-20 00:35:00 -0700,2022-10-20 08:19:36 -0700,HKCategoryValueSleepAnalysisInBed
La Melodía,,2022-10-20 08:22:38 -0700,2022-10-20 09:09:54 -0700,HKCategoryValueSleepAnalysisInBed
La Melodía,,2022-10-21 02:50:08 -0700,2022-10-21 08:01:47 -0700,HKCategoryValueSleepAnalysisInBed
La Melodía,,2022-10-24 02:00:00 -0700,2022-10-24 09:05:17 -0700,HKCategoryValueSleepAnalysisInBed
La Melodía,,2022-10-25 02:44:04 -0700,2022-10-25 07:10:13 -0700,HKCategoryValueSleepAnalysisInBed
La Melodía,,2022-10-25 07:11:00 -0700,2022-10-25 07:31:10 -0700,HKCategoryValueSleepAnalysisInBed
La Melodía,,2022-10-26 02:00:00 -0700,2022-10-26 07:33:50 -0700,HKCategoryValueSleepAnalysisInBed
La Melodía,,2022-10-27 01:26:13 -0700,2022-10-27 08:15:29 -0700,HKCategoryValueSleepAnalysisInBed
La Melodía,,2022-10-27 08:15:55 -0700,2022-10-27 09:28:14 -0700,HKCategoryValueSleepAnalysisInBed
La Melodía,,2022-10-28 02:00:00 -0700,2022-10-28 07:55:50 -0700,HKCategoryValueSleepAnalysisInBed
La Melodía,,2022-10-28 07:56:16 -0700,2022-10-28 08:00:03 -0700,HKCategoryValueSleepAnalysisInBed
La Melodía,,2022-10-31 02:23:24 -0700,2022-10-31 08:49:46 -0700,HKCategoryValueSleepAnalysisInBed
La Melodía,,2022-11-01 03:17:03 -0700,2022-11-01 09:06:41 -0700,HKCategoryValueSleepAnalysisInBed
La Melodía,,2022-11-01 09:08:00 -0700,2022-11-01 09:08:52 -0700,HKCategoryValueSleepAnalysisInBed
La Melodía,,2022-11-02 02:05:34 -0700,2022-11-02 08:15:09 -0700,HKCategoryValueSleepAnalysisInBed
La Melodía,,2022-11-03 02:15:08 -0700,2022-11-03 08:49:48 -0700,HKCategoryValueSleepAnalysisInBed
La Melodía,,2022-11-04 02:44:49 -0700,2022-11-04 10:46:18 -0700,HKCategoryValueSleepAnalysisInBed
La Melodía,,2022-11-06 03:00:00 -0700,2022-11-06 09:15:31 -0700,HKCategoryValueSleepAnalysisInBed
La Melodía,,2022-11-07 06:22:48 -0700,2022-11-07 09:28:50 -0700,HKCategoryValueSleepAnalysisInBed
La Melodía,,2022-11-08 03:00:00 -0700,2022-11-08 09:23:33 -0700,HKCategoryValueSleepAnalysisInBed
La Melodía,,2022-11-09 03:00:00 -0700,2022-11-09 09:19:14 -0700,HKCategoryValueSleepAnalysisInBed
La Melodía,,2022-11-10 01:00:00 -0700,2022-11-10 07:20:37 -0700,HKCategoryValueSleepAnalysisInBed
La Melodía,,2022-11-10 07:20:59 -0700,2022-11-10 07:24:14 -0700,HKCategoryValueSleepAnalysisInBed
La Melodía,,2022-11-10 07:25:32 -0700,2022-11-10 07:26:29 -0700,HKCategoryValueSleepAnalysisInBed
La Melodía,,2022-11-10 07:26:32 -0700,2022-11-10 09:10:42 -0700,HKCategoryValueSleepAnalysisInBed
La Melodía,,2022-11-11 03:17:41 -0700,2022-11-11 08:18:07 -0700,HKCategoryValueSleepAnalysisInBed
La Melodía,,2022-11-14 03:00:00 -0700,2022-11-14 09:00:09 -0700,HKCategoryValueSleepAnalysisInBed
La Melodía,,2022-11-15 07:00:00 -0700,2022-11-15 07:50:13 -0700,HKCategoryValueSleepAnalysisInBed
La Melodía,,2022-11-16 03:00:00 -0700,2022-11-16 09:05:41 -0700,HKCategoryValueSleepAnalysisInBed
La Melodía,,2022-11-16 09:05:58 -0700,2022-11-16 09:24:41 -0700,HKCategoryValueSleepAnalysisInBed
La Melodía,,2022-11-17 03:00:00 -0700,2022-11-17 09:06:24 -0700,HKCategoryValueSleepAnalysisInBed
La Melodía,,2022-11-18 03:00:00 -0700,2022-11-18 10:58:22 -0700,HKCategoryValueSleepAnalysisInBed
La Melodía,,2022-11-20 04:42:53 -0700,2022-11-20 11:18:44 -0700,HKCategoryValueSleepAnalysisInBed
La Melodía,,2022-11-21 03:17:52 -0700,2022-11-21 10:13:34 -0700,HKCategoryValueSleepAnalysisInBed
La Melodía,,2022-11-22 04:12:17 -0700,2022-11-22 09:00:00 -0700,HKCategoryValueSleepAnalysisInBed
La Melodía,,2022-11-24 03:00:00 -0700,2022-11-24 09:00:00 -0700,HKCategoryValueSleepAnalysisInBed
La Melodía,,2022-11-25 04:53:58 -0700,2022-11-25 08:28:01 -0700,HKCategoryValueSleepAnalysisInBed
La Melodía,,2022-11-28 05:29:19 -0700,2022-11-28 09:00:00 -0700,HKCategoryValueSleepAnalysisInBed
La Melodía,,2022-11-29 02:30:00 -0700,2022-11-29 09:51:15 -0700,HKCategoryValueSleepAnalysisInBed
La Melodía,,2022-11-30 02:30:00 -0700,2022-11-30 08:14:20 -0700,HKCategoryValueSleepAnalysisInBed
La Melodía,,2022-12-01 03:27:26 -0700,2022-12-01 09:00:07 -0700,HKCategoryValueSleepAnalysisInBed
La Melodía,,2022-12-02 01:40:00 -0700,2022-12-02 10:13:18 -0700,HKCategoryValueSleepAnalysisInBed
La Melodía,,2022-12-05 01:40:00 -0700,2022-12-05 08:27:38 -0700,HKCategoryValueSleepAnalysisInBed
La Melodía,,2022-12-05 08:28:08 -0700,2022-12-05 08:30:07 -0700,HKCategoryValueSleepAnalysisInBed
La Melodía,,2022-12-06 01:40:00 -0700,2022-12-06 09:40:06 -0700,HKCategoryValueSleepAnalysisInBed
La Melodía,,2022-12-07 01:40:00 -0700,2022-12-07 04:28:04 -0700,HKCategoryValueSleepAnalysisInBed
La Melodía,,2022-12-07 04:56:35 -0700,2022-12-07 04:59:01 -0700,HKCategoryValueSleepAnalysisInBed
La Melodía,,2022-12-07 04:59:23 -0700,2022-12-07 04:59:51 -0700,HKCategoryValueSleepAnalysisInBed
La Melodía,,2022-12-07 05:00:19 -0700,2022-12-07 05:02:40 -0700,HKCategoryValueSleepAnalysisInBed
La Melodía,,2022-12-07 05:02:56 -0700,2022-12-07 10:13:06 -0700,HKCategoryValueSleepAnalysisInBed
La Melodía,,2022-12-08 02:44:30 -0700,2022-12-08 09:25:14 -0700,HKCategoryValueSleepAnalysisInBed
La Melodía,,2022-12-08 09:25:17 -0700,2022-12-08 09:25:18 -0700,HKCategoryValueSleepAnalysisInBed
La Melodía,,2022-12-09 02:10:57 -0700,2022-12-09 04:16:54 -0700,HKCategoryValueSleepAnalysisInBed
La Melodía,,2022-12-09 04:16:57 -0700,2022-12-09 04:17:05 -0700,HKCategoryValueSleepAnalysisInBed
La Melodía,,2022-12-09 04:17:16 -0700,2022-12-09 08:16:00 -0700,HKCategoryValueSleepAnalysisInBed
La Melodía,,2022-12-09 08:16:05 -0700,2022-12-09 08:16:07 -0700,HKCategoryValueSleepAnalysisInBed
La Melodía,,2022-12-09 08:16:27 -0700,2022-12-09 08:17:38 -0700,HKCategoryValueSleepAnalysisInBed
La Melodía,,2022-12-09 08:40:05 -0700,2022-12-09 09:47:23 -0700,HKCategoryValueSleepAnalysisInBed
La Melodía,,2022-12-10 00:33:32 -0700,2022-12-10 01:23:41 -0700,HKCategoryValueSleepAnalysisInBed
La Melodía,,2022-12-10 01:26:40 -0700,2022-12-10 01:45:25 -0700,HKCategoryValueSleepAnalysisInBed
La Melodía,,2022-12-10 02:20:22 -0700,2022-12-10 07:55:01 -0700,HKCategoryValueSleepAnalysisInBed
La Melodía,,2022-12-12 01:13:40 -0700,2022-12-12 01:13:41 -0700,HKCategoryValueSleepAnalysisInBed
La Melodía,,2022-12-12 01:54:51 -0700,2022-12-12 08:04:16 -0700,HKCategoryValueSleepAnalysisInBed
La Melodía,,2022-12-13 01:12:21 -0700,2022-12-13 01:38:49 -0700,HKCategoryValueSleepAnalysisInBed
La Melodía,,2022-12-13 01:38:54 -0700,2022-12-13 01:46:44 -0700,HKCategoryValueSleepAnalysisInBed
La Melodía,,2022-12-13 01:47:08 -0700,2022-12-13 01:51:00 -0700,HKCategoryValueSleepAnalysisInBed
La Melodía,,2022-12-13 01:51:03 -0700,2022-12-13 02:19:03 -0700,HKCategoryValueSleepAnalysisInBed
La Melodía,,2022-12-13 02:20:31 -0700,2022-12-13 02:20:34 -0700,HKCategoryValueSleepAnalysisInBed
La Melodía,,2022-12-13 02:35:31 -0700,2022-12-13 02:41:15 -0700,HKCategoryValueSleepAnalysisInBed
La Melodía,,2022-12-13 02:42:58 -0700,2022-12-13 08:05:33 -0700,HKCategoryValueSleepAnalysisInBed
La Melodía,,2022-12-13 08:05:55 -0700,2022-12-13 08:08:58 -0700,HKCategoryValueSleepAnalysisInBed
La Melodía,,2022-12-14 00:59:47 -0700,2022-12-14 02:20:15 -0700,HKCategoryValueSleepAnalysisInBed
La Melodía,,2022-12-14 02:31:58 -0700,2022-12-14 07:51:16 -0700,HKCategoryValueSleepAnalysisInBed
La Melodía,,2022-12-15 01:24:05 -0700,2022-12-15 01:30:58 -0700,HKCategoryValueSleepAnalysisInBed
La Melodía,,2022-12-15 01:31:26 -0700,2022-12-15 01:36:52 -0700,HKCategoryValueSleepAnalysisInBed
La Melodía,,2022-12-15 01:39:05 -0700,2022-12-15 07:34:11 -0700,HKCategoryValueSleepAnalysisInBed
La Melodía,,2022-12-15 23:55:00 -0700,2022-12-16 07:25:00 -0700,HKCategoryValueSleepAnalysisInBed
La Melodía,,2022-12-19 00:32:21 -0700,2022-12-19 07:34:31 -0700,HKCategoryValueSleepAnalysisInBed
La Melodía,,2022-12-19 07:34:37 -0700,2022-12-19 07:42:07 -0700,HKCategoryValueSleepAnalysisInBed
La Melodía,,2022-12-19 07:42:16 -0700,2022-12-19 07:42:29 -0700,HKCategoryValueSleepAnalysisInBed
La Melodía,,2022-12-19 07:42:31 -0700,2022-12-19 07:43:20 -0700,HKCategoryValueSleepAnalysisInBed
La Melodía,,2022-12-20 01:17:10 -0700,2022-12-20 02:11:05 -0700,HKCategoryValueSleepAnalysisInBed
La Melodía,,2022-12-20 02:11:16 -0700,2022-12-20 03:08:46 -0700,HKCategoryValueSleepAnalysisInBed
La Melodía,,2022-12-20 03:09:57 -0700,2022-12-20 08:12:54 -0700,HKCategoryValueSleepAnalysisInBed
La Melodía,,2022-12-20 08:13:54 -0700,2022-12-20 08:16:43 -0700,HKCategoryValueSleepAnalysisInBed
La Melodía,,2022-12-20 08:17:04 -0700,2022-12-20 08:18:35 -0700,HKCategoryValueSleepAnalysisInBed
La Melodía,,2022-12-21 01:17:26 -0700,2022-12-21 02:11:02 -0700,HKCategoryValueSleepAnalysisInBed
La Melodía,,2022-12-21 02:11:39 -0700,2022-12-21 02:14:14 -0700,HKCategoryValueSleepAnalysisInBed
La Melodía,,2022-12-21 02:14:22 -0700,2022-12-21 02:14:24 -0700,HKCategoryValueSleepAnalysisInBed
La Melodía,,2022-12-21 02:14:29 -0700,2022-12-21 02:16:57 -0700,HKCategoryValueSleepAnalysisInBed
La Melodía,,2022-12-21 02:17:01 -0700,2022-12-21 02:55:17 -0700,HKCategoryValueSleepAnalysisInBed
La Melodía,,2022-12-21 02:55:31 -0700,2022-12-21 02:55:47 -0700,HKCategoryValueSleepAnalysisInBed
La Melodía,,2022-12-21 02:56:46 -0700,2022-12-21 02:56:47 -0700,HKCategoryValueSleepAnalysisInBed
La Melodía,,2022-12-21 03:03:04 -0700,2022-12-21 03:03:12 -0700,HKCategoryValueSleepAnalysisInBed
La Melodía,,2022-12-21 03:03:19 -0700,2022-12-21 03:03:21 -0700,HKCategoryValueSleepAnalysisInBed
La Melodía,,2022-12-21 03:03:44 -0700,2022-12-21 08:09:13 -0700,HKCategoryValueSleepAnalysisInBed
La Melodía,,2022-12-21 08:09:26 -0700,2022-12-21 08:18:20 -0700,HKCategoryValueSleepAnalysisInBed
La Melodía,,2022-12-21 08:19:01 -0700,2022-12-21 08:24:02 -0700,HKCategoryValueSleepAnalysisInBed
La Melodía,,2022-12-22 00:42:46 -0700,2022-12-22 08:43:52 -0700,HKCategoryValueSleepAnalysisInBed
La Melodía,,2022-12-22 08:44:12 -0700,2022-12-22 08:48:57 -0700,HKCategoryValueSleepAnalysisInBed
La Melodía,,2022-12-22 08:49:05 -0700,2022-12-22 08:49:06 -0700,HKCategoryValueSleepAnalysisInBed
La Melodía,,2022-12-23 01:10:00 -0700,2022-12-23 08:40:16 -0700,HKCategoryValueSleepAnalysisInBed
La Melodía,,2022-12-26 01:10:00 -0700,2022-12-26 05:44:29 -0700,HKCategoryValueSleepAnalysisInBed
La Melodía,,2022-12-26 05:44:45 -0700,2022-12-26 07:31:35 -0700,HKCategoryValueSleepAnalysisInBed
La Melodía,,2022-12-26 07:32:43 -0700,2022-12-26 07:40:45 -0700,HKCategoryValueSleepAnalysisInBed
La Melodía,,2022-12-26 07:41:16 -0700,2022-12-26 09:08:53 -0700,HKCategoryValueSleepAnalysisInBed
La Melodía,,2022-12-26 09:09:07 -0700,2022-12-26 09:36:18 -0700,HKCategoryValueSleepAnalysisInBed
La Melodía,,2022-12-26 09:40:31 -0700,2022-12-26 09:51:58 -0700,HKCategoryValueSleepAnalysisInBed
La Melodía,,2022-12-26 09:53:26 -0700,2022-12-26 09:54:57 -0700,HKCategoryValueSleepAnalysisInBed
La Melodía,,2022-12-27 00:28:23 -0700,2022-12-27 07:47:34 -0700,HKCategoryValueSleepAnalysisInBed
La Melodía,,2022-12-27 07:47:53 -0700,2022-12-27 07:51:08 -0700,HKCategoryValueSleepAnalysisInBed
La Melodía,,2022-12-27 07:51:13 -0700,2022-12-27 07:51:16 -0700,HKCategoryValueSleepAnalysisInBed
La Melodía,,2022-12-28 00:58:19 -0700,2022-12-28 00:58:45 -0700,HKCategoryValueSleepAnalysisInBed
La Melodía,,2022-12-28 01:04:37 -0700,2022-12-28 01:05:15 -0700,HKCategoryValueSleepAnalysisInBed
La Melodía,,2022-12-28 01:09:13 -0700,2022-12-28 01:09:14 -0700,HKCategoryValueSleepAnalysisInBed
La Melodía,,2022-12-28 01:09:38 -0700,2022-12-28 01:11:57 -0700,HKCategoryValueSleepAnalysisInBed
La Melodía,,2022-12-28 01:14:39 -0700,2022-12-28 01:14:44 -0700,HKCategoryValueSleepAnalysisInBed
La Melodía,,2022-12-28 01:15:00 -0700,2022-12-28 06:26:11 -0700,HKCategoryValueSleepAnalysisInBed
La Melodía,,2022-12-28 06:26:21 -0700,2022-12-28 07:39:44 -0700,HKCategoryValueSleepAnalysisInBed
La Melodía,,2022-12-29 00:11:05 -0700,2022-12-29 07:45:10 -0700,HKCategoryValueSleepAnalysisInBed
La Melodía,,2022-12-29 23:30:00 -0700,2022-12-30 00:47:05 -0700,HKCategoryValueSleepAnalysisInBed
La Melodía,,2022-12-30 01:12:24 -0700,2022-12-30 01:12:37 -0700,HKCategoryValueSleepAnalysisInBed
La Melodía,,2022-12-30 02:02:00 -0700,2022-12-30 02:02:17 -0700,HKCategoryValueSleepAnalysisInBed
La Melodía,,2022-12-30 02:02:26 -0700,2022-12-30 02:02:56 -0700,HKCategoryValueSleepAnalysisInBed
La Melodía,,2022-12-30 02:56:48 -0700,2022-12-30 02:57:35 -0700,HKCategoryValueSleepAnalysisInBed
La Melodía,,2022-12-30 02:58:41 -0700,2022-12-30 02:59:47 -0700,HKCategoryValueSleepAnalysisInBed
La Melodía,,2022-12-30 03:00:39 -0700,2022-12-30 03:01:25 -0700,HKCategoryValueSleepAnalysisInBed
La Melodía,,2022-12-30 03:02:14 -0700,2022-12-30 03:02:51 -0700,HKCategoryValueSleepAnalysisInBed
La Melodía,,2022-12-30 03:05:05 -0700,2022-12-30 03:05:51 -0700,HKCategoryValueSleepAnalysisInBed
La Melodía,,2022-12-30 03:13:19 -0700,2022-12-30 08:57:59 -0700,HKCategoryValueSleepAnalysisInBed
La Melodía,,2022-12-30 08:59:24 -0700,2022-12-30 09:39:45 -0700,HKCategoryValueSleepAnalysisInBed
La Melodía,,2023-01-01 23:30:00 -0700,2023-01-02 01:53:52 -0700,HKCategoryValueSleepAnalysisInBed
La Melodía,,2023-01-02 01:55:03 -0700,2023-01-02 07:30:00 -0700,HKCategoryValueSleepAnalysisInBed
La Melodía,,2023-01-03 00:57:33 -0700,2023-01-03 00:58:47 -0700,HKCategoryValueSleepAnalysisInBed
La Melodía,,2023-01-03 01:00:20 -0700,2023-01-03 01:06:57 -0700,HKCategoryValueSleepAnalysisInBed
La Melodía,,2023-01-03 01:07:42 -0700,2023-01-03 01:08:34 -0700,HKCategoryValueSleepAnalysisInBed
La Melodía,,2023-01-03 01:10:10 -0700,2023-01-03 01:14:12 -0700,HKCategoryValueSleepAnalysisInBed
La Melodía,,2023-01-03 01:14:19 -0700,2023-01-03 01:14:37 -0700,HKCategoryValueSleepAnalysisInBed
La Melodía,,2023-01-03 01:22:45 -0700,2023-01-03 01:23:29 -0700,HKCategoryValueSleepAnalysisInBed
La Melodía,,2023-01-03 01:23:49 -0700,2023-01-03 08:00:21 -0700,HKCategoryValueSleepAnalysisInBed
La Melodía,,2023-01-04 00:37:53 -0700,2023-01-04 01:01:25 -0700,HKCategoryValueSleepAnalysisInBed
La Melodía,,2023-01-04 01:20:03 -0700,2023-01-04 01:25:01 -0700,HKCategoryValueSleepAnalysisInBed
La Melodía,,2023-01-04 01:25:34 -0700,2023-01-04 08:06:21 -0700,HKCategoryValueSleepAnalysisInBed
La Melodía,,2023-01-05 00:41:54 -0700,2023-01-05 08:46:54 -0700,HKCategoryValueSleepAnalysisInBed
La Melodía,,2023-01-05 08:53:23 -0700,2023-01-05 08:54:52 -0700,HKCategoryValueSleepAnalysisInBed
La Melodía,,2023-01-06 00:54:06 -0700,2023-01-06 01:01:49 -0700,HKCategoryValueSleepAnalysisInBed
La Melodía,,2023-01-06 01:01:54 -0700,2023-01-06 01:16:33 -0700,HKCategoryValueSleepAnalysisInBed
La Melodía,,2023-01-06 01:16:37 -0700,2023-01-06 01:20:33 -0700,HKCategoryValueSleepAnalysisInBed
La Melodía,,2023-01-06 01:23:13 -0700,2023-01-06 02:16:48 -0700,HKCategoryValueSleepAnalysisInBed
La Melodía,,2023-01-06 02:17:14 -0700,2023-01-06 02:18:11 -0700,HKCategoryValueSleepAnalysisInBed
La Melodía,,2023-01-06 02:18:30 -0700,2023-01-06 08:48:58 -0700,HKCategoryValueSleepAnalysisInBed
La Melodía,,2023-01-09 00:33:59 -0700,2023-01-09 08:01:31 -0700,HKCategoryValueSleepAnalysisInBed
La Melodía,,2023-01-09 08:04:09 -0700,2023-01-09 08:07:13 -0700,HKCategoryValueSleepAnalysisInBed
La Melodía,,2023-01-09 23:30:00 -0700,2023-01-10 01:11:19 -0700,HKCategoryValueSleepAnalysisInBed
La Melodía,,2023-01-10 01:26:11 -0700,2023-01-10 07:30:01 -0700,HKCategoryValueSleepAnalysisInBed
La Melodía,,2023-01-10 23:55:05 -0700,2023-01-11 00:39:05 -0700,HKCategoryValueSleepAnalysisInBed
La Melodía,,2023-01-11 01:32:18 -0700,2023-01-11 08:09:23 -0700,HKCategoryValueSleepAnalysisInBed
La Melodía,,2023-01-11 23:30:00 -0700,2023-01-12 07:45:10 -0700,HKCategoryValueSleepAnalysisInBed
La Melodía,,2023-01-13 02:55:25 -0700,2023-01-13 08:50:23 -0700,HKCategoryValueSleepAnalysisInBed
La Melodía,,2023-01-13 08:51:16 -0700,2023-01-13 09:07:59 -0700,HKCategoryValueSleepAnalysisInBed
La Melodía,,2023-01-16 00:12:22 -0700,2023-01-16 08:03:37 -0700,HKCategoryValueSleepAnalysisInBed
La Melodía,,2023-01-17 00:44:16 -0700,2023-01-17 01:00:25 -0700,HKCategoryValueSleepAnalysisInBed
La Melodía,,2023-01-17 01:05:23 -0700,2023-01-17 01:05:29 -0700,HKCategoryValueSleepAnalysisInBed
La Melodía,,2023-01-17 01:17:19 -0700,2023-01-17 07:39:19 -0700,HKCategoryValueSleepAnalysisInBed
La Melodía,,2023-01-17 07:39:26 -0700,2023-01-17 07:46:17 -0700,HKCategoryValueSleepAnalysisInBed
La Melodía,,2023-01-17 23:30:00 -0700,2023-01-18 01:20:37 -0700,HKCategoryValueSleepAnalysisInBed
La Melodía,,2023-01-18 01:38:47 -0700,2023-01-18 09:09:53 -0700,HKCategoryValueSleepAnalysisInBed
La Melodía,,2023-01-19 00:19:03 -0700,2023-01-19 08:16:01 -0700,HKCategoryValueSleepAnalysisInBed
La Melodía,,2023-01-19 23:30:00 -0700,2023-01-20 01:52:02 -0700,HKCategoryValueSleepAnalysisInBed
La Melodía,,2023-01-20 01:52:21 -0700,2023-01-20 08:24:56 -0700,HKCategoryValueSleepAnalysisInBed
La Melodía,,2023-01-23 00:13:06 -0700,2023-01-23 04:44:12 -0700,HKCategoryValueSleepAnalysisInBed
La Melodía,,2023-01-23 04:44:22 -0700,2023-01-23 04:44:49 -0700,HKCategoryValueSleepAnalysisInBed
La Melodía,,2023-01-23 04:44:59 -0700,2023-01-23 08:19:15 -0700,HKCategoryValueSleepAnalysisInBed
La Melodía,,2023-01-23 08:19:29 -0700,2023-01-23 09:26:48 -0700,HKCategoryValueSleepAnalysisInBed
La Melodía,,2023-01-23 09:29:16 -0700,2023-01-23 09:29:51 -0700,HKCategoryValueSleepAnalysisInBed
La Melodía,,2023-01-23 23:53:04 -0700,2023-01-24 01:08:26 -0700,HKCategoryValueSleepAnalysisInBed
La Melodía,,2023-01-24 01:09:54 -0700,2023-01-24 01:10:11 -0700,HKCategoryValueSleepAnalysisInBed
La Melodía,,2023-01-24 01:39:15 -0700,2023-01-24 01:39:22 -0700,HKCategoryValueSleepAnalysisInBed
La Melodía,,2023-01-24 01:54:42 -0700,2023-01-24 08:04:19 -0700,HKCategoryValueSleepAnalysisInBed
La Melodía,,2023-01-24 08:11:21 -0700,2023-01-24 08:11:22 -0700,HKCategoryValueSleepAnalysisInBed
La Melodía,,2023-01-24 08:11:23 -0700,2023-01-24 08:11:24 -0700,HKCategoryValueSleepAnalysisInBed
La Melodía,,2023-01-24 08:11:27 -0700,2023-01-24 08:11:28 -0700,HKCategoryValueSleepAnalysisInBed
La Melodía,,2023-01-24 23:30:00 -0700,2023-01-25 08:28:28 -0700,HKCategoryValueSleepAnalysisInBed
La Melodía,,2023-01-25 23:30:00 -0700,2023-01-26 01:48:18 -0700,HKCategoryValueSleepAnalysisInBed
La Melodía,,2023-01-26 01:48:19 -0700,2023-01-26 01:51:23 -0700,HKCategoryValueSleepAnalysisInBed
La Melodía,,2023-01-26 01:51:30 -0700,2023-01-26 07:00:00 -0700,HKCategoryValueSleepAnalysisInBed
La Melodía,,2023-01-26 23:53:23 -0700,2023-01-27 08:04:49 -0700,HKCategoryValueSleepAnalysisInBed
La Melodía,,2023-01-30 00:52:00 -0700,2023-01-30 01:11:06 -0700,HKCategoryValueSleepAnalysisInBed
La Melodía,,2023-01-30 01:20:53 -0700,2023-01-30 01:23:08 -0700,HKCategoryValueSleepAnalysisInBed
La Melodía,,2023-01-30 01:23:16 -0700,2023-01-30 01:26:52 -0700,HKCategoryValueSleepAnalysisInBed
La Melodía,,2023-01-30 01:28:22 -0700,2023-01-30 01:44:46 -0700,HKCategoryValueSleepAnalysisInBed
La Melodía,,2023-01-30 01:47:31 -0700,2023-01-30 01:47:32 -0700,HKCategoryValueSleepAnalysisInBed
La Melodía,,2023-01-30 02:09:38 -0700,2023-01-30 02:11:03 -0700,HKCategoryValueSleepAnalysisInBed
La Melodía,,2023-01-30 02:11:05 -0700,2023-01-30 02:11:06 -0700,HKCategoryValueSleepAnalysisInBed
La Melodía,,2023-01-30 02:11:08 -0700,2023-01-30 02:11:09 -0700,HKCategoryValueSleepAnalysisInBed
La Melodía,,2023-01-30 02:11:10 -0700,2023-01-30 02:11:16 -0700,HKCategoryValueSleepAnalysisInBed
La Melodía,,2023-01-30 02:11:20 -0700,2023-01-30 02:15:11 -0700,HKCategoryValueSleepAnalysisInBed
La Melodía,,2023-01-30 02:15:17 -0700,2023-01-30 02:15:18 -0700,HKCategoryValueSleepAnalysisInBed
La Melodía,,2023-01-30 02:16:03 -0700,2023-01-30 02:16:04 -0700,HKCategoryValueSleepAnalysisInBed
La Melodía,,2023-01-30 02:16:08 -0700,2023-01-30 06:05:00 -0700,HKCategoryValueSleepAnalysisInBed
La Melodía,,2023-01-30 23:38:46 -0700,2023-01-31 07:57:55 -0700,HKCategoryValueSleepAnalysisInBed
La Melodía,,2023-01-31 07:57:58 -0700,2023-01-31 08:20:33 -0700,HKCategoryValueSleepAnalysisInBed
La Melodía,,2023-02-01 01:09:26 -0700,2023-02-01 08:54:55 -0700,HKCategoryValueSleepAnalysisInBed
La Melodía,,2023-02-02 01:00:00 -0700,2023-02-02 08:36:36 -0700,HKCategoryValueSleepAnalysisInBed
La Melodía,,2023-02-03 01:01:37 -0700,2023-02-03 02:38:36 -0700,HKCategoryValueSleepAnalysisInBed
La Melodía,,2023-02-03 02:38:41 -0700,2023-02-03 02:39:12 -0700,HKCategoryValueSleepAnalysisInBed
La Melodía,,2023-02-03 02:42:56 -0700,2023-02-03 03:18:01 -0700,HKCategoryValueSleepAnalysisInBed
La Melodía,,2023-02-03 03:18:20 -0700,2023-02-03 03:54:40 -0700,HKCategoryValueSleepAnalysisInBed
La Melodía,,2023-02-03 03:54:43 -0700,2023-02-03 08:37:43 -0700,HKCategoryValueSleepAnalysisInBed
La Melodía,,2023-02-05 22:35:00 -0700,2023-02-06 00:52:38 -0700,HKCategoryValueSleepAnalysisInBed
La Melodía,,2023-02-06 01:41:18 -0700,2023-02-06 01:49:03 -0700,HKCategoryValueSleepAnalysisInBed
La Melodía,,2023-02-06 03:14:44 -0700,2023-02-06 03:15:26 -0700,HKCategoryValueSleepAnalysisInBed
La Melodía,,2023-02-06 05:24:03 -0700,2023-02-06 05:24:16 -0700,HKCategoryValueSleepAnalysisInBed
La Melodía,,2023-02-06 05:24:24 -0700,2023-02-06 07:00:02 -0700,HKCategoryValueSleepAnalysisInBed
La Melodía,,2023-02-06 23:59:17 -0700,2023-02-07 00:17:25 -0700,HKCategoryValueSleepAnalysisInBed
La Melodía,,2023-02-07 00:17:36 -0700,2023-02-07 00:36:31 -0700,HKCategoryValueSleepAnalysisInBed
La Melodía,,2023-02-07 00:36:46 -0700,2023-02-07 00:39:05 -0700,HKCategoryValueSleepAnalysisInBed
La Melodía,,2023-02-07 00:39:21 -0700,2023-02-07 00:41:47 -0700,HKCategoryValueSleepAnalysisInBed
La Melodía,,2023-02-07 00:41:55 -0700,2023-02-07 01:00:12 -0700,HKCategoryValueSleepAnalysisInBed
La Melodía,,2023-02-07 01:00:18 -0700,2023-02-07 01:05:11 -0700,HKCategoryValueSleepAnalysisInBed
La Melodía,,2023-02-07 01:06:50 -0700,2023-02-07 01:15:50 -0700,HKCategoryValueSleepAnalysisInBed
La Melodía,,2023-02-07 01:15:57 -0700,2023-02-07 01:17:12 -0700,HKCategoryValueSleepAnalysisInBed
La Melodía,,2023-02-07 01:17:26 -0700,2023-02-07 01:24:29 -0700,HKCategoryValueSleepAnalysisInBed
La Melodía,,2023-02-07 01:27:10 -0700,2023-02-07 07:00:01 -0700,HKCategoryValueSleepAnalysisInBed
La Melodía,,2023-02-08 01:17:04 -0700,2023-02-08 01:53:40 -0700,HKCategoryValueSleepAnalysisInBed
La Melodía,,2023-02-08 01:53:44 -0700,2023-02-08 01:58:24 -0700,HKCategoryValueSleepAnalysisInBed
La Melodía,,2023-02-08 01:59:01 -0700,2023-02-08 08:53:36 -0700,HKCategoryValueSleepAnalysisInBed
La Melodía,,2023-02-09 00:52:46 -0700,2023-02-09 08:05:15 -0700,HKCategoryValueSleepAnalysisInBed
La Melodía,,2023-02-10 00:00:00 -0700,2023-02-10 09:42:09 -0700,HKCategoryValueSleepAnalysisInBed
La Melodía,,2023-02-10 09:42:16 -0700,2023-02-10 09:43:18 -0700,HKCategoryValueSleepAnalysisInBed
La Melodía,,2023-02-13 01:27:22 -0700,2023-02-13 01:42:31 -0700,HKCategoryValueSleepAnalysisInBed
La Melodía,,2023-02-13 01:59:23 -0700,2023-02-13 03:17:38 -0700,HKCategoryValueSleepAnalysisInBed
La Melodía,,2023-02-13 03:21:21 -0700,2023-02-13 03:23:59 -0700,HKCategoryValueSleepAnalysisInBed
La Melodía,,2023-02-13 03:24:03 -0700,2023-02-13 03:26:31 -0700,HKCategoryValueSleepAnalysisInBed
La Melodía,,2023-02-13 03:26:39 -0700,2023-02-13 03:37:08 -0700,HKCategoryValueSleepAnalysisInBed
La Melodía,,2023-02-13 03:37:10 -0700,2023-02-13 03:50:54 -0700,HKCategoryValueSleepAnalysisInBed
La Melodía,,2023-02-13 03:51:40 -0700,2023-02-13 03:57:06 -0700,HKCategoryValueSleepAnalysisInBed
La Melodía,,2023-02-13 04:01:41 -0700,2023-02-13 04:02:35 -0700,HKCategoryValueSleepAnalysisInBed
La Melodía,,2023-02-13 04:13:32 -0700,2023-02-13 07:29:14 -0700,HKCategoryValueSleepAnalysisInBed
La Melodía,,2023-02-13 07:29:20 -0700,2023-02-13 08:27:21 -0700,HKCategoryValueSleepAnalysisInBed
La Melodía,,2023-02-14 00:50:06 -0700,2023-02-14 01:21:06 -0700,HKCategoryValueSleepAnalysisInBed
La Melodía,,2023-02-14 01:27:41 -0700,2023-02-14 01:58:53 -0700,HKCategoryValueSleepAnalysisInBed
La Melodía,,2023-02-14 01:59:11 -0700,2023-02-14 03:26:32 -0700,HKCategoryValueSleepAnalysisInBed
La Melodía,,2023-02-14 03:26:38 -0700,2023-02-14 03:38:37 -0700,HKCategoryValueSleepAnalysisInBed
La Melodía,,2023-02-14 03:38:53 -0700,2023-02-14 03:39:18 -0700,HKCategoryValueSleepAnalysisInBed
La Melodía,,2023-02-14 03:39:44 -0700,2023-02-14 09:19:55 -0700,HKCategoryValueSleepAnalysisInBed
La Melodía,,2023-02-14 23:53:30 -0700,2023-02-15 07:57:24 -0700,HKCategoryValueSleepAnalysisInBed
La Melodía,,2023-02-15 07:57:25 -0700,2023-02-15 07:57:28 -0700,HKCategoryValueSleepAnalysisInBed
La Melodía,,2023-02-15 07:57:38 -0700,2023-02-15 08:22:16 -0700,HKCategoryValueSleepAnalysisInBed
La Melodía,,2023-02-15 08:23:51 -0700,2023-02-15 08:24:15 -0700,HKCategoryValueSleepAnalysisInBed
La Melodía,,2023-02-15 08:24:36 -0700,2023-02-15 08:24:45 -0700,HKCategoryValueSleepAnalysisInBed
La Melodía,,2023-02-15 08:24:57 -0700,2023-02-15 08:25:06 -0700,HKCategoryValueSleepAnalysisInBed
La Melodía,,2023-02-15 08:25:20 -0700,2023-02-15 08:26:14 -0700,HKCategoryValueSleepAnalysisInBed
La Melodía,,2023-02-15 08:27:18 -0700,2023-02-15 08:27:28 -0700,HKCategoryValueSleepAnalysisInBed
La Melodía,,2023-02-15 08:27:35 -0700,2023-02-15 08:28:21 -0700,HKCategoryValueSleepAnalysisInBed
La Melodía,,2023-02-16 01:11:01 -0700,2023-02-16 01:25:10 -0700,HKCategoryValueSleepAnalysisInBed
La Melodía,,2023-02-16 01:35:07 -0700,2023-02-16 01:35:12 -0700,HKCategoryValueSleepAnalysisInBed
La Melodía,,2023-02-16 01:35:20 -0700,2023-02-16 08:14:18 -0700,HKCategoryValueSleepAnalysisInBed
La Melodía,,2023-02-16 08:15:20 -0700,2023-02-16 08:19:53 -0700,HKCategoryValueSleepAnalysisInBed
La Melodía,,2023-02-16 08:20:35 -0700,2023-02-16 08:29:33 -0700,HKCategoryValueSleepAnalysisInBed
La Melodía,,2023-02-16 08:36:43 -0700,2023-02-16 09:23:27 -0700,HKCategoryValueSleepAnalysisInBed
La Melodía,,2023-02-17 01:30:24 -0700,2023-02-17 08:18:20 -0700,HKCategoryValueSleepAnalysisInBed
La Melodía,,2023-02-20 01:10:26 -0700,2023-02-20 01:58:33 -0700,HKCategoryValueSleepAnalysisInBed
La Melodía,,2023-02-20 02:00:05 -0700,2023-02-20 07:16:19 -0700,HKCategoryValueSleepAnalysisInBed
La Melodía,,2023-02-20 07:19:29 -0700,2023-02-20 07:26:07 -0700,HKCategoryValueSleepAnalysisInBed
La Melodía,,2023-02-20 07:26:18 -0700,2023-02-20 07:30:42 -0700,HKCategoryValueSleepAnalysisInBed
La Melodía,,2023-02-20 07:34:05 -0700,2023-02-20 07:41:19 -0700,HKCategoryValueSleepAnalysisInBed
La Melodía,,2023-02-20 07:43:54 -0700,2023-02-20 07:50:38 -0700,HKCategoryValueSleepAnalysisInBed
La Melodía,,2023-02-20 08:08:14 -0700,2023-02-20 08:10:00 -0700,HKCategoryValueSleepAnalysisInBed
La Melodía,,2023-02-21 00:49:20 -0700,2023-02-21 07:47:37 -0700,HKCategoryValueSleepAnalysisInBed
La Melodía,,2023-02-22 00:10:00 -0700,2023-02-22 07:18:37 -0700,HKCategoryValueSleepAnalysisInBed
La Melodía,,2023-02-22 07:19:00 -0700,2023-02-22 07:25:31 -0700,HKCategoryValueSleepAnalysisInBed
La Melodía,,2023-02-23 00:10:00 -0700,2023-02-23 08:10:00 -0700,HKCategoryValueSleepAnalysisInBed
La Melodía,,2023-02-24 00:10:00 -0700,2023-02-24 05:14:32 -0700,HKCategoryValueSleepAnalysisInBed
La Melodía,,2023-02-24 05:25:15 -0700,2023-02-24 07:25:19 -0700,HKCategoryValueSleepAnalysisInBed
La Melodía,,2023-02-24 07:25:22 -0700,2023-02-24 07:25:30 -0700,HKCategoryValueSleepAnalysisInBed
La Melodía,,2023-02-24 07:25:32 -0700,2023-02-24 07:25:34 -0700,HKCategoryValueSleepAnalysisInBed
La Melodía,,2023-02-24 07:26:03 -0700,2023-02-24 08:10:00 -0700,HKCategoryValueSleepAnalysisInBed
La Melodía,,2023-02-27 00:39:44 -0700,2023-02-27 08:00:45 -0700,HKCategoryValueSleepAnalysisInBed
La Melodía,,2023-02-27 08:03:29 -0700,2023-02-27 08:10:01 -0700,HKCategoryValueSleepAnalysisInBed
La Melodía,,2023-02-28 01:10:23 -0700,2023-02-28 07:45:19 -0700,HKCategoryValueSleepAnalysisInBed
La Melodía,,2023-02-28 07:45:21 -0700,2023-02-28 07:45:22 -0700,HKCategoryValueSleepAnalysisInBed
La Melodía,,2023-02-28 07:45:23 -0700,2023-02-28 07:45:25 -0700,HKCategoryValueSleepAnalysisInBed
La Melodía,,2023-02-28 07:45:32 -0700,2023-02-28 07:45:37 -0700,HKCategoryValueSleepAnalysisInBed
La Melodía,,2023-02-28 07:45:50 -0700,2023-02-28 07:51:35 -0700,HKCategoryValueSleepAnalysisInBed
La Melodía,,2023-02-28 07:58:08 -0700,2023-02-28 08:10:00 -0700,HKCategoryValueSleepAnalysisInBed
La Melodía,,2023-03-01 00:10:00 -0700,2023-03-01 07:04:51 -0700,HKCategoryValueSleepAnalysisInBed
La Melodía,,2023-03-01 07:11:27 -0700,2023-03-01 07:16:33 -0700,HKCategoryValueSleepAnalysisInBed
La Melodía,,2023-03-01 07:54:18 -0700,2023-03-01 07:54:49 -0700,HKCategoryValueSleepAnalysisInBed
La Melodía,,2023-03-02 00:10:00 -0700,2023-03-02 07:19:45 -0700,HKCategoryValueSleepAnalysisInBed
La Melodía,,2023-03-02 07:20:01 -0700,2023-03-02 08:10:02 -0700,HKCategoryValueSleepAnalysisInBed
La Melodía,,2023-03-03 01:21:13 -0700,2023-03-03 01:46:46 -0700,HKCategoryValueSleepAnalysisInBed
La Melodía,,2023-03-03 01:52:01 -0700,2023-03-03 01:58:34 -0700,HKCategoryValueSleepAnalysisInBed
La Melodía,,2023-03-03 02:01:12 -0700,2023-03-03 02:24:20 -0700,HKCategoryValueSleepAnalysisInBed
La Melodía,,2023-03-03 02:26:37 -0700,2023-03-03 02:50:13 -0700,HKCategoryValueSleepAnalysisInBed
La Melodía,,2023-03-03 02:50:21 -0700,2023-03-03 02:51:45 -0700,HKCategoryValueSleepAnalysisInBed
La Melodía,,2023-03-03 02:52:05 -0700,2023-03-03 03:06:24 -0700,HKCategoryValueSleepAnalysisInBed
La Melodía,,2023-03-03 03:06:25 -0700,2023-03-03 03:06:42 -0700,HKCategoryValueSleepAnalysisInBed
La Melodía,,2023-03-03 03:06:44 -0700,2023-03-03 03:13:10 -0700,HKCategoryValueSleepAnalysisInBed
La Melodía,,2023-03-03 03:13:28 -0700,2023-03-03 05:04:16 -0700,HKCategoryValueSleepAnalysisInBed
La Melodía,,2023-03-03 05:04:49 -0700,2023-03-03 05:06:50 -0700,HKCategoryValueSleepAnalysisInBed
La Melodía,,2023-03-03 05:10:26 -0700,2023-03-03 05:11:03 -0700,HKCategoryValueSleepAnalysisInBed
La Melodía,,2023-03-03 05:11:08 -0700,2023-03-03 07:31:55 -0700,HKCategoryValueSleepAnalysisInBed
La Melodía,,2023-03-06 00:10:00 -0700,2023-03-06 02:37:59 -0700,HKCategoryValueSleepAnalysisInBed
La Melodía,,2023-03-06 02:38:05 -0700,2023-03-06 02:39:15 -0700,HKCategoryValueSleepAnalysisInBed
La Melodía,,2023-03-06 02:54:19 -0700,2023-03-06 03:00:06 -0700,HKCategoryValueSleepAnalysisInBed
La Melodía,,2023-03-06 03:00:14 -0700,2023-03-06 08:10:01 -0700,HKCategoryValueSleepAnalysisInBed
La Melodía,,2023-03-07 01:35:32 -0700,2023-03-07 07:33:00 -0700,HKCategoryValueSleepAnalysisInBed
La Melodía,,2023-03-07 07:33:10 -0700,2023-03-07 07:33:38 -0700,HKCategoryValueSleepAnalysisInBed
La Melodía,,2023-03-07 07:33:59 -0700,2023-03-07 07:35:16 -0700,HKCategoryValueSleepAnalysisInBed
La Melodía,,2023-03-07 07:35:35 -0700,2023-03-07 08:10:02 -0700,HKCategoryValueSleepAnalysisInBed
La Melodía,,2023-03-08 00:10:00 -0700,2023-03-08 02:15:43 -0700,HKCategoryValueSleepAnalysisInBed
La Melodía,,2023-03-08 02:15:44 -0700,2023-03-08 02:16:37 -0700,HKCategoryValueSleepAnalysisInBed
La Melodía,,2023-03-08 02:17:06 -0700,2023-03-08 08:10:01 -0700,HKCategoryValueSleepAnalysisInBed
La Melodía,,2023-03-08 23:40:00 -0700,2023-03-09 03:50:21 -0700,HKCategoryValueSleepAnalysisInBed
La Melodía,,2023-03-09 03:50:25 -0700,2023-03-09 07:37:06 -0700,HKCategoryValueSleepAnalysisInBed
La Melodía,,2023-03-10 00:37:03 -0700,2023-03-10 09:05:45 -0700,HKCategoryValueSleepAnalysisInBed
La Melodía,,2023-03-13 00:04:34 -0700,2023-03-13 01:03:20 -0700,HKCategoryValueSleepAnalysisInBed
La Melodía,,2023-03-13 01:03:49 -0700,2023-03-13 07:36:09 -0700,HKCategoryValueSleepAnalysisInBed
La Melodía,,2023-03-14 00:04:34 -0700,2023-03-14 07:24:24 -0700,HKCategoryValueSleepAnalysisInBed
La Melodía,,2023-03-14 23:57:35 -0700,2023-03-15 00:09:31 -0700,HKCategoryValueSleepAnalysisInBed
La Melodía,,2023-03-15 00:13:02 -0700,2023-03-15 00:16:41 -0700,HKCategoryValueSleepAnalysisInBed
La Melodía,,2023-03-15 00:17:00 -0700,2023-03-15 01:25:28 -0700,HKCategoryValueSleepAnalysisInBed
La Melodía,,2023-03-15 01:25:29 -0700,2023-03-15 02:18:16 -0700,HKCategoryValueSleepAnalysisInBed
La Melodía,,2023-03-15 02:21:58 -0700,2023-03-15 08:19:04 -0700,HKCategoryValueSleepAnalysisInBed
La Melodía,,2023-03-16 00:09:56 -0700,2023-03-16 00:10:09 -0700,HKCategoryValueSleepAnalysisInBed
La Melodía,,2023-03-16 01:23:29 -0700,2023-03-16 02:17:46 -0700,HKCategoryValueSleepAnalysisInBed
La Melodía,,2023-03-16 02:20:13 -0700,2023-03-16 06:40:00 -0700,HKCategoryValueSleepAnalysisInBed
La Melodía,,2023-03-16 23:27:39 -0700,2023-03-16 23:31:50 -0700,HKCategoryValueSleepAnalysisInBed
La Melodía,,2023-03-17 01:14:48 -0700,2023-03-17 07:41:04 -0700,HKCategoryValueSleepAnalysisInBed
La Melodía,,2023-03-19 23:59:55 -0700,2023-03-20 06:40:00 -0700,HKCategoryValueSleepAnalysisInBed
La Melodía,,2023-03-21 02:47:08 -0700,2023-03-21 07:31:06 -0700,HKCategoryValueSleepAnalysisInBed
La Melodía,,2023-03-21 23:27:35 -0700,2023-03-22 08:14:25 -0700,HKCategoryValueSleepAnalysisInBed
La Melodía,,2023-03-22 08:15:35 -0700,2023-03-22 08:32:51 -0700,HKCategoryValueSleepAnalysisInBed
La Melodía,,2023-03-23 00:30:00 -0700,2023-03-23 08:03:15 -0700,HKCategoryValueSleepAnalysisInBed
La Melodía,,2023-03-24 00:30:00 -0700,2023-03-24 07:32:25 -0700,HKCategoryValueSleepAnalysisInBed
La Melodía,,2023-03-24 07:32:30 -0700,2023-03-24 07:32:35 -0700,HKCategoryValueSleepAnalysisInBed
La Melodía,,2023-03-24 07:33:34 -0700,2023-03-24 07:34:42 -0700,HKCategoryValueSleepAnalysisInBed
La Melodía,,2023-03-24 07:45:13 -0700,2023-03-24 07:45:19 -0700,HKCategoryValueSleepAnalysisInBed
La Melodía,,2023-03-25 01:08:01 -0700,2023-03-25 09:00:30 -0700,HKCategoryValueSleepAnalysisInBed
La Melodía,,2023-03-27 01:48:57 -0700,2023-03-27 02:03:38 -0700,HKCategoryValueSleepAnalysisInBed
La Melodía,,2023-03-27 02:04:55 -0700,2023-03-27 02:30:15 -0700,HKCategoryValueSleepAnalysisInBed
La Melodía,,2023-03-27 02:30:29 -0700,2023-03-27 02:30:35 -0700,HKCategoryValueSleepAnalysisInBed
La Melodía,,2023-03-27 02:32:30 -0700,2023-03-27 02:32:33 -0700,HKCategoryValueSleepAnalysisInBed
La Melodía,,2023-03-27 02:32:36 -0700,2023-03-27 02:48:09 -0700,HKCategoryValueSleepAnalysisInBed
La Melodía,,2023-03-27 02:48:12 -0700,2023-03-27 02:56:15 -0700,HKCategoryValueSleepAnalysisInBed
La Melodía,,2023-03-27 03:09:37 -0700,2023-03-27 08:29:18 -0700,HKCategoryValueSleepAnalysisInBed
La Melodía,,2023-03-28 00:30:00 -0700,2023-03-28 07:23:32 -0700,HKCategoryValueSleepAnalysisInBed
La Melodía,,2023-03-28 07:23:53 -0700,2023-03-28 07:23:55 -0700,HKCategoryValueSleepAnalysisInBed
La Melodía,,2023-03-28 07:23:57 -0700,2023-03-28 07:24:00 -0700,HKCategoryValueSleepAnalysisInBed
La Melodía,,2023-03-29 00:55:36 -0700,2023-03-29 00:55:38 -0700,HKCategoryValueSleepAnalysisInBed
La Melodía,,2023-03-29 02:22:55 -0700,2023-03-29 02:23:00 -0700,HKCategoryValueSleepAnalysisInBed
La Melodía,,2023-03-29 02:23:03 -0700,2023-03-29 02:27:31 -0700,HKCategoryValueSleepAnalysisInBed
La Melodía,,2023-03-29 02:27:39 -0700,2023-03-29 08:17:00 -0700,HKCategoryValueSleepAnalysisInBed
La Melodía,,2023-03-29 08:17:19 -0700,2023-03-29 08:21:26 -0700,HKCategoryValueSleepAnalysisInBed
La Melodía,,2023-03-30 00:30:00 -0700,2023-03-30 08:40:32 -0700,HKCategoryValueSleepAnalysisInBed
La Melodía,,2023-03-31 00:29:07 -0700,2023-03-31 00:32:41 -0700,HKCategoryValueSleepAnalysisInBed
La Melodía,,2023-03-31 01:10:37 -0700,2023-03-31 01:11:24 -0700,HKCategoryValueSleepAnalysisInBed
La Melodía,,2023-03-31 01:26:59 -0700,2023-03-31 01:27:55 -0700,HKCategoryValueSleepAnalysisInBed
La Melodía,,2023-03-31 01:29:10 -0700,2023-03-31 01:31:48 -0700,HKCategoryValueSleepAnalysisInBed
La Melodía,,2023-03-31 01:31:51 -0700,2023-03-31 01:31:54 -0700,HKCategoryValueSleepAnalysisInBed
La Melodía,,2023-03-31 01:32:04 -0700,2023-03-31 01:32:07 -0700,HKCategoryValueSleepAnalysisInBed
La Melodía,,2023-03-31 01:33:34 -0700,2023-03-31 08:25:36 -0700,HKCategoryValueSleepAnalysisInBed
La Melodía,,2023-03-31 08:30:14 -0700,2023-03-31 08:35:49 -0700,HKCategoryValueSleepAnalysisInBed
La Melodía,,2023-04-02 23:35:00 -0700,2023-04-03 01:11:17 -0700,HKCategoryValueSleepAnalysisInBed
La Melodía,,2023-04-03 01:19:47 -0700,2023-04-03 01:20:10 -0700,HKCategoryValueSleepAnalysisInBed
La Melodía,,2023-04-03 01:20:24 -0700,2023-04-03 05:38:37 -0700,HKCategoryValueSleepAnalysisInBed
La Melodía,,2023-04-03 05:38:59 -0700,2023-04-03 07:59:23 -0700,HKCategoryValueSleepAnalysisInBed
La Melodía,,2023-04-03 23:30:00 -0700,2023-04-04 07:41:49 -0700,HKCategoryValueSleepAnalysisInBed
La Melodía,,2023-04-04 07:41:59 -0700,2023-04-04 07:42:00 -0700,HKCategoryValueSleepAnalysisInBed
La Melodía,,2023-04-05 00:10:00 -0700,2023-04-05 07:05:22 -0700,HKCategoryValueSleepAnalysisInBed
La Melodía,,2023-04-06 00:43:47 -0700,2023-04-06 07:45:49 -0700,HKCategoryValueSleepAnalysisInBed
La Melodía,,2023-04-07 01:20:18 -0700,2023-04-07 01:20:22 -0700,HKCategoryValueSleepAnalysisInBed
La Melodía,,2023-04-07 01:43:57 -0700,2023-04-07 08:00:12 -0700,HKCategoryValueSleepAnalysisInBed
La Melodía,,2023-04-08 00:37:49 -0700,2023-04-08 07:05:00 -0700,HKCategoryValueSleepAnalysisInBed
La Melodía,,2023-04-10 00:10:00 -0700,2023-04-10 05:35:01 -0700,HKCategoryValueSleepAnalysisInBed
La Melodía,,2023-04-10 05:35:09 -0700,2023-04-10 07:49:53 -0700,HKCategoryValueSleepAnalysisInBed
La Melodía,,2023-04-11 01:13:26 -0700,2023-04-11 08:26:56 -0700,HKCategoryValueSleepAnalysisInBed
La Melodía,,2023-04-12 01:28:26 -0700,2023-04-12 07:12:58 -0700,HKCategoryValueSleepAnalysisInBed
La Melodía,,2023-04-13 00:10:00 -0700,2023-04-13 08:22:34 -0700,HKCategoryValueSleepAnalysisInBed
La Melodía,,2023-04-14 00:26:33 -0700,2023-04-14 00:32:38 -0700,HKCategoryValueSleepAnalysisInBed
La Melodía,,2023-04-14 01:47:05 -0700,2023-04-14 07:32:30 -0700,HKCategoryValueSleepAnalysisInBed
La Melodía,,2023-04-17 00:10:00 -0700,2023-04-17 02:09:44 -0700,HKCategoryValueSleepAnalysisInBed
La Melodía,,2023-04-17 02:10:06 -0700,2023-04-17 05:35:09 -0700,HKCategoryValueSleepAnalysisInBed
La Melodía,,2023-04-17 05:35:14 -0700,2023-04-17 05:50:49 -0700,HKCategoryValueSleepAnalysisInBed
La Melodía,,2023-04-17 05:51:39 -0700,2023-04-17 05:53:46 -0700,HKCategoryValueSleepAnalysisInBed
La Melodía,,2023-04-17 05:56:52 -0700,2023-04-17 05:59:29 -0700,HKCategoryValueSleepAnalysisInBed
La Melodía,,2023-04-17 06:04:18 -0700,2023-04-17 06:13:01 -0700,HKCategoryValueSleepAnalysisInBed
La Melodía,,2023-04-17 06:13:52 -0700,2023-04-17 06:17:52 -0700,HKCategoryValueSleepAnalysisInBed
La Melodía,,2023-04-18 00:29:34 -0700,2023-04-18 07:35:36 -0700,HKCategoryValueSleepAnalysisInBed
La Melodía,,2023-04-18 07:38:14 -0700,2023-04-18 07:42:39 -0700,HKCategoryValueSleepAnalysisInBed
La Melodía,,2023-04-19 01:21:15 -0700,2023-04-19 07:53:29 -0700,HKCategoryValueSleepAnalysisInBed
La Melodía,,2023-04-20 00:10:00 -0700,2023-04-20 07:05:22 -0700,HKCategoryValueSleepAnalysisInBed
La Melodía,,2023-04-21 00:10:00 -0700,2023-04-21 01:55:06 -0700,HKCategoryValueSleepAnalysisInBed
La Melodía,,2023-04-21 01:55:37 -0700,2023-04-21 06:05:54 -0700,HKCategoryValueSleepAnalysisInBed
La Melodía,,2023-04-21 06:08:55 -0700,2023-04-21 07:05:28 -0700,HKCategoryValueSleepAnalysisInBed
La Melodía,,2023-04-24 01:15:00 -0700,2023-04-24 07:27:14 -0700,HKCategoryValueSleepAnalysisInBed
La Melodía,,2023-04-25 01:22:08 -0700,2023-04-25 01:26:27 -0700,HKCategoryValueSleepAnalysisInBed
La Melodía,,2023-04-25 02:00:01 -0700,2023-04-25 07:14:37 -0700,HKCategoryValueSleepAnalysisInBed
La Melodía,,2023-04-26 00:45:18 -0700,2023-04-26 06:16:51 -0700,HKCategoryValueSleepAnalysisInBed
La Melodía,,2023-04-26 06:27:05 -0700,2023-04-26 08:01:43 -0700,HKCategoryValueSleepAnalysisInBed
La Melodía,,2023-04-26 08:02:05 -0700,2023-04-26 08:02:44 -0700,HKCategoryValueSleepAnalysisInBed
La Melodía,,2023-04-26 08:03:09 -0700,2023-04-26 08:04:12 -0700,HKCategoryValueSleepAnalysisInBed
La Melodía,,2023-04-26 08:07:31 -0700,2023-04-26 08:08:13 -0700,HKCategoryValueSleepAnalysisInBed
La Melodía,,2023-04-27 01:29:52 -0700,2023-04-27 07:30:31 -0700,HKCategoryValueSleepAnalysisInBed
La Melodía,,2023-04-27 07:30:50 -0700,2023-04-27 07:32:31 -0700,HKCategoryValueSleepAnalysisInBed
La Melodía,,2023-04-27 07:33:27 -0700,2023-04-27 07:48:45 -0700,HKCategoryValueSleepAnalysisInBed
La Melodía,,2023-04-27 07:48:56 -0700,2023-04-27 07:51:13 -0700,HKCategoryValueSleepAnalysisInBed
La Melodía,,2023-04-28 00:10:00 -0700,2023-04-28 08:17:55 -0700,HKCategoryValueSleepAnalysisInBed
La Melodía,,2023-05-01 01:34:23 -0700,2023-05-01 06:50:53 -0700,HKCategoryValueSleepAnalysisInBed
La Melodía,,2023-05-01 06:51:33 -0700,2023-05-01 06:51:36 -0700,HKCategoryValueSleepAnalysisInBed
La Melodía,,2023-05-01 06:51:44 -0700,2023-05-01 06:59:52 -0700,HKCategoryValueSleepAnalysisInBed
La Melodía,,2023-05-01 07:00:14 -0700,2023-05-01 07:00:18 -0700,HKCategoryValueSleepAnalysisInBed
La Melodía,,2023-05-01 07:00:46 -0700,2023-05-01 07:05:00 -0700,HKCategoryValueSleepAnalysisInBed
La Melodía,,2023-05-01 23:26:54 -0700,2023-05-02 06:10:02 -0700,HKCategoryValueSleepAnalysisInBed
La Melodía,,2023-05-03 00:16:17 -0700,2023-05-03 07:33:41 -0700,HKCategoryValueSleepAnalysisInBed
La Melodía,,2023-05-04 00:00:00 -0700,2023-05-04 06:42:05 -0700,HKCategoryValueSleepAnalysisInBed
La Melodía,,2023-05-04 06:42:07 -0700,2023-05-04 06:42:09 -0700,HKCategoryValueSleepAnalysisInBed
La Melodía,,2023-05-05 00:00:00 -0700,2023-05-05 04:52:14 -0700,HKCategoryValueSleepAnalysisInBed
La Melodía,,2023-05-05 04:53:47 -0700,2023-05-05 05:38:16 -0700,HKCategoryValueSleepAnalysisInBed
La Melodía,,2023-05-05 05:55:28 -0700,2023-05-05 08:55:41 -0700,HKCategoryValueSleepAnalysisInBed
La Melodía,,2023-05-08 00:00:00 -0700,2023-05-08 08:07:45 -0700,HKCategoryValueSleepAnalysisInBed
La Melodía,,2023-05-09 00:00:00 -0700,2023-05-09 06:21:20 -0700,HKCategoryValueSleepAnalysisInBed
La Melodía,,2023-05-09 06:22:56 -0700,2023-05-09 07:35:08 -0700,HKCategoryValueSleepAnalysisInBed
La Melodía,,2023-05-10 00:00:00 -0700,2023-05-10 06:18:06 -0700,HKCategoryValueSleepAnalysisInBed
La Melodía,,2023-05-10 06:29:52 -0700,2023-05-10 06:30:04 -0700,HKCategoryValueSleepAnalysisInBed
La Melodía,,2023-05-10 06:30:06 -0700,2023-05-10 06:30:09 -0700,HKCategoryValueSleepAnalysisInBed
La Melodía,,2023-05-10 06:30:16 -0700,2023-05-10 08:26:18 -0700,HKCategoryValueSleepAnalysisInBed
La Melodía,,2023-05-10 08:28:02 -0700,2023-05-10 08:29:42 -0700,HKCategoryValueSleepAnalysisInBed
La Melodía,,2023-05-11 00:00:00 -0700,2023-05-11 07:18:22 -0700,HKCategoryValueSleepAnalysisInBed
La Melodía,,2023-05-11 07:19:52 -0700,2023-05-11 07:23:26 -0700,HKCategoryValueSleepAnalysisInBed
La Melodía,,2023-05-11 23:20:00 -0700,2023-05-12 08:31:10 -0700,HKCategoryValueSleepAnalysisInBed
La Melodía,,2023-05-15 00:43:22 -0700,2023-05-15 00:55:41 -0700,HKCategoryValueSleepAnalysisInBed
La Melodía,,2023-05-15 01:05:29 -0700,2023-05-15 01:07:34 -0700,HKCategoryValueSleepAnalysisInBed
La Melodía,,2023-05-15 01:10:38 -0700,2023-05-15 01:12:15 -0700,HKCategoryValueSleepAnalysisInBed
La Melodía,,2023-05-15 01:18:12 -0700,2023-05-15 01:19:44 -0700,HKCategoryValueSleepAnalysisInBed
La Melodía,,2023-05-15 01:32:09 -0700,2023-05-15 01:37:46 -0700,HKCategoryValueSleepAnalysisInBed
La Melodía,,2023-05-15 01:37:48 -0700,2023-05-15 01:37:51 -0700,HKCategoryValueSleepAnalysisInBed
La Melodía,,2023-05-15 01:49:04 -0700,2023-05-15 02:07:40 -0700,HKCategoryValueSleepAnalysisInBed
La Melodía,,2023-05-15 02:08:35 -0700,2023-05-15 02:14:28 -0700,HKCategoryValueSleepAnalysisInBed
La Melodía,,2023-05-15 02:15:08 -0700,2023-05-15 02:17:35 -0700,HKCategoryValueSleepAnalysisInBed
La Melodía,,2023-05-15 02:22:02 -0700,2023-05-15 02:22:08 -0700,HKCategoryValueSleepAnalysisInBed
La Melodía,,2023-05-15 02:22:23 -0700,2023-05-15 02:48:56 -0700,HKCategoryValueSleepAnalysisInBed
La Melodía,,2023-05-15 02:50:23 -0700,2023-05-15 08:14:03 -0700,HKCategoryValueSleepAnalysisInBed
La Melodía,,2023-05-15 23:38:26 -0700,2023-05-16 03:32:31 -0700,HKCategoryValueSleepAnalysisInBed
La Melodía,,2023-05-16 03:32:45 -0700,2023-05-16 07:20:09 -0700,HKCategoryValueSleepAnalysisInBed
La Melodía,,2023-05-17 00:44:37 -0700,2023-05-17 00:47:55 -0700,HKCategoryValueSleepAnalysisInBed
La Melodía,,2023-05-17 00:52:42 -0700,2023-05-17 00:53:22 -0700,HKCategoryValueSleepAnalysisInBed
La Melodía,,2023-05-17 00:53:33 -0700,2023-05-17 00:54:14 -0700,HKCategoryValueSleepAnalysisInBed
La Melodía,,2023-05-17 00:54:23 -0700,2023-05-17 01:09:08 -0700,HKCategoryValueSleepAnalysisInBed
La Melodía,,2023-05-17 01:09:56 -0700,2023-05-17 01:12:05 -0700,HKCategoryValueSleepAnalysisInBed
La Melodía,,2023-05-17 01:12:34 -0700,2023-05-17 06:42:14 -0700,HKCategoryValueSleepAnalysisInBed
La Melodía,,2023-05-18 01:00:00 -0700,2023-05-18 07:39:54 -0700,HKCategoryValueSleepAnalysisInBed
La Melodía,,2023-05-19 02:07:20 -0700,2023-05-19 02:28:58 -0700,HKCategoryValueSleepAnalysisInBed
La Melodía,,2023-05-19 02:30:12 -0700,2023-05-19 02:31:03 -0700,HKCategoryValueSleepAnalysisInBed
La Melodía,,2023-05-19 02:31:09 -0700,2023-05-19 02:33:33 -0700,HKCategoryValueSleepAnalysisInBed
La Melodía,,2023-05-19 02:33:49 -0700,2023-05-19 02:34:32 -0700,HKCategoryValueSleepAnalysisInBed
La Melodía,,2023-05-19 02:34:43 -0700,2023-05-19 02:37:58 -0700,HKCategoryValueSleepAnalysisInBed
La Melodía,,2023-05-19 02:38:04 -0700,2023-05-19 02:38:05 -0700,HKCategoryValueSleepAnalysisInBed
La Melodía,,2023-05-19 02:38:10 -0700,2023-05-19 02:46:45 -0700,HKCategoryValueSleepAnalysisInBed
La Melodía,,2023-05-19 02:47:25 -0700,2023-05-19 02:51:32 -0700,HKCategoryValueSleepAnalysisInBed
La Melodía,,2023-05-19 02:52:06 -0700,2023-05-19 03:01:43 -0700,HKCategoryValueSleepAnalysisInBed
La Melodía,,2023-05-19 03:01:55 -0700,2023-05-19 03:08:51 -0700,HKCategoryValueSleepAnalysisInBed
La Melodía,,2023-05-19 03:09:36 -0700,2023-05-19 03:10:40 -0700,HKCategoryValueSleepAnalysisInBed
La Melodía,,2023-05-19 03:10:44 -0700,2023-05-19 03:12:58 -0700,HKCategoryValueSleepAnalysisInBed
La Melodía,,2023-05-19 03:13:01 -0700,2023-05-19 03:15:43 -0700,HKCategoryValueSleepAnalysisInBed
La Melodía,,2023-05-19 03:22:23 -0700,2023-05-19 03:27:38 -0700,HKCategoryValueSleepAnalysisInBed
La Melodía,,2023-05-19 03:33:41 -0700,2023-05-19 03:37:35 -0700,HKCategoryValueSleepAnalysisInBed
La Melodía,,2023-05-19 04:00:57 -0700,2023-05-19 07:42:55 -0700,HKCategoryValueSleepAnalysisInBed
La Melodía,,2023-05-19 07:43:33 -0700,2023-05-19 08:00:16 -0700,HKCategoryValueSleepAnalysisInBed
La Melodía,,2023-05-19 08:01:34 -0700,2023-05-19 08:03:42 -0700,HKCategoryValueSleepAnalysisInBed
La Melodía,,2023-05-19 08:06:38 -0700,2023-05-19 08:10:12 -0700,HKCategoryValueSleepAnalysisInBed
La Melodía,,2023-05-19 08:11:03 -0700,2023-05-19 08:56:22 -0700,HKCategoryValueSleepAnalysisInBed
La Melodía,,2023-05-22 02:14:45 -0700,2023-05-22 07:40:43 -0700,HKCategoryValueSleepAnalysisInBed
La Melodía,,2023-05-22 07:41:31 -0700,2023-05-22 07:44:08 -0700,HKCategoryValueSleepAnalysisInBed
La Melodía,,2023-05-23 01:09:06 -0700,2023-05-23 07:38:26 -0700,HKCategoryValueSleepAnalysisInBed
La Melodía,,2023-05-23 07:38:52 -0700,2023-05-23 07:40:29 -0700,HKCategoryValueSleepAnalysisInBed
La Melodía,,2023-05-23 07:40:56 -0700,2023-05-23 08:52:10 -0700,HKCategoryValueSleepAnalysisInBed
La Melodía,,2023-05-24 01:00:00 -0700,2023-05-24 05:39:53 -0700,HKCategoryValueSleepAnalysisInBed
La Melodía,,2023-05-24 05:39:57 -0700,2023-05-24 05:40:02 -0700,HKCategoryValueSleepAnalysisInBed
La Melodía,,2023-05-24 05:41:23 -0700,2023-05-24 06:09:21 -0700,HKCategoryValueSleepAnalysisInBed
La Melodía,,2023-05-24 23:30:00 -0700,2023-05-25 06:39:09 -0700,HKCategoryValueSleepAnalysisInBed
La Melodía,,2023-05-25 23:30:00 -0700,2023-05-26 07:19:03 -0700,HKCategoryValueSleepAnalysisInBed
La Melodía,,2023-05-28 22:00:00 -0700,2023-05-29 06:00:31 -0700,HKCategoryValueSleepAnalysisInBed
La Melodía,,2023-05-29 22:15:15 -0700,2023-05-30 06:00:00 -0700,HKCategoryValueSleepAnalysisInBed
La Melodía,,2023-05-30 22:47:00 -0700,2023-05-31 00:19:48 -0700,HKCategoryValueSleepAnalysisInBed
La Melodía,,2023-05-31 00:20:15 -0700,2023-05-31 00:20:23 -0700,HKCategoryValueSleepAnalysisInBed
La Melodía,,2023-05-31 00:20:33 -0700,2023-05-31 06:00:00 -0700,HKCategoryValueSleepAnalysisInBed
La Melodía,,2023-05-31 23:21:27 -0700,2023-06-01 06:00:00 -0700,HKCategoryValueSleepAnalysisInBed
La Melodía,,2023-06-01 23:27:29 -0700,2023-06-01 23:35:11 -0700,HKCategoryValueSleepAnalysisInBed
La Melodía,,2023-06-01 23:37:18 -0700,2023-06-01 23:42:07 -0700,HKCategoryValueSleepAnalysisInBed
La Melodía,,2023-06-01 23:57:23 -0700,2023-06-02 00:11:19 -0700,HKCategoryValueSleepAnalysisInBed
La Melodía,,2023-06-02 00:35:45 -0700,2023-06-02 00:56:20 -0700,HKCategoryValueSleepAnalysisInBed
La Melodía,,2023-06-02 00:56:20 -0700,2023-06-02 00:56:41 -0700,HKCategoryValueSleepAnalysisInBed
La Melodía,,2023-06-02 00:56:50 -0700,2023-06-02 06:00:00 -0700,HKCategoryValueSleepAnalysisInBed
La Melodía,,2023-06-02 22:00:00 -0700,2023-06-03 06:00:01 -0700,HKCategoryValueSleepAnalysisInBed
La Melodía,,2023-06-03 23:27:22 -0700,2023-06-03 23:29:07 -0700,HKCategoryValueSleepAnalysisInBed
La Melodía,,2023-06-03 23:30:45 -0700,2023-06-03 23:35:17 -0700,HKCategoryValueSleepAnalysisInBed
La Melodía,,2023-06-03 23:37:18 -0700,2023-06-03 23:45:31 -0700,HKCategoryValueSleepAnalysisInBed
La Melodía,,2023-06-03 23:46:39 -0700,2023-06-03 23:51:25 -0700,HKCategoryValueSleepAnalysisInBed
La Melodía,,2023-06-04 00:39:54 -0700,2023-06-04 06:00:01 -0700,HKCategoryValueSleepAnalysisInBed
La Melodía,,2023-06-04 22:47:43 -0700,2023-06-04 23:30:46 -0700,HKCategoryValueSleepAnalysisInBed
La Melodía,,2023-06-04 23:31:24 -0700,2023-06-04 23:31:28 -0700,HKCategoryValueSleepAnalysisInBed
La Melodía,,2023-06-04 23:34:40 -0700,2023-06-04 23:41:00 -0700,HKCategoryValueSleepAnalysisInBed
La Melodía,,2023-06-05 00:06:27 -0700,2023-06-05 01:31:54 -0700,HKCategoryValueSleepAnalysisInBed
La Melodía,,2023-06-05 01:32:39 -0700,2023-06-05 06:00:02 -0700,HKCategoryValueSleepAnalysisInBed
La Melodía,,2023-06-05 23:29:38 -0700,2023-06-05 23:29:40 -0700,HKCategoryValueSleepAnalysisInBed
La Melodía,,2023-06-05 23:30:36 -0700,2023-06-06 06:00:00 -0700,HKCategoryValueSleepAnalysisInBed
La Melodía,,2023-06-06 23:15:50 -0700,2023-06-06 23:26:35 -0700,HKCategoryValueSleepAnalysisInBed
La Melodía,,2023-06-06 23:31:54 -0700,2023-06-06 23:32:57 -0700,HKCategoryValueSleepAnalysisInBed
La Melodía,,2023-06-06 23:33:02 -0700,2023-06-06 23:36:04 -0700,HKCategoryValueSleepAnalysisInBed
La Melodía,,2023-06-06 23:36:09 -0700,2023-06-06 23:41:42 -0700,HKCategoryValueSleepAnalysisInBed
La Melodía,,2023-06-06 23:56:21 -0700,2023-06-07 06:00:00 -0700,HKCategoryValueSleepAnalysisInBed
La Melodía,,2023-06-07 22:00:00 -0700,2023-06-08 06:00:00 -0700,HKCategoryValueSleepAnalysisInBed
La Melodía,,2023-06-08 22:00:00 -0700,2023-06-09 03:41:16 -0700,HKCategoryValueSleepAnalysisInBed
La Melodía,,2023-06-09 03:41:24 -0700,2023-06-09 06:00:00 -0700,HKCategoryValueSleepAnalysisInBed
La Melodía,,2023-06-09 23:22:55 -0700,2023-06-09 23:52:01 -0700,HKCategoryValueSleepAnalysisInBed
La Melodía,,2023-06-09 23:52:10 -0700,2023-06-09 23:55:48 -0700,HKCategoryValueSleepAnalysisInBed
La Melodía,,2023-06-09 23:55:56 -0700,2023-06-09 23:59:30 -0700,HKCategoryValueSleepAnalysisInBed
La Melodía,,2023-06-10 00:00:55 -0700,2023-06-10 00:01:26 -0700,HKCategoryValueSleepAnalysisInBed
La Melodía,,2023-06-10 00:02:28 -0700,2023-06-10 00:05:04 -0700,HKCategoryValueSleepAnalysisInBed
La Melodía,,2023-06-10 00:06:05 -0700,2023-06-10 00:13:36 -0700,HKCategoryValueSleepAnalysisInBed
La Melodía,,2023-06-10 00:13:44 -0700,2023-06-10 00:14:15 -0700,HKCategoryValueSleepAnalysisInBed
La Melodía,,2023-06-10 00:14:32 -0700,2023-06-10 00:15:04 -0700,HKCategoryValueSleepAnalysisInBed
La Melodía,,2023-06-10 00:22:04 -0700,2023-06-10 00:26:01 -0700,HKCategoryValueSleepAnalysisInBed
La Melodía,,2023-06-10 00:26:06 -0700,2023-06-10 00:33:11 -0700,HKCategoryValueSleepAnalysisInBed
La Melodía,,2023-06-10 00:37:40 -0700,2023-06-10 00:51:13 -0700,HKCategoryValueSleepAnalysisInBed
La Melodía,,2023-06-10 00:55:15 -0700,2023-06-10 00:56:46 -0700,HKCategoryValueSleepAnalysisInBed
La Melodía,,2023-06-10 00:56:57 -0700,2023-06-10 01:12:13 -0700,HKCategoryValueSleepAnalysisInBed
La Melodía,,2023-06-10 01:13:54 -0700,2023-06-10 01:55:45 -0700,HKCategoryValueSleepAnalysisInBed
La Melodía,,2023-06-10 01:56:01 -0700,2023-06-10 06:00:00 -0700,HKCategoryValueSleepAnalysisInBed
La Melodía,,2023-06-11 00:54:44 -0700,2023-06-11 06:00:00 -0700,HKCategoryValueSleepAnalysisInBed
La Melodía,,2023-06-11 22:35:54 -0700,2023-06-12 00:29:52 -0700,HKCategoryValueSleepAnalysisInBed
La Melodía,,2023-06-12 00:38:08 -0700,2023-06-12 00:38:23 -0700,HKCategoryValueSleepAnalysisInBed
La Melodía,,2023-06-12 00:38:43 -0700,2023-06-12 00:39:47 -0700,HKCategoryValueSleepAnalysisInBed
La Melodía,,2023-06-12 00:41:58 -0700,2023-06-12 00:43:29 -0700,HKCategoryValueSleepAnalysisInBed
La Melodía,,2023-06-12 00:44:05 -0700,2023-06-12 00:47:18 -0700,HKCategoryValueSleepAnalysisInBed
La Melodía,,2023-06-12 00:47:25 -0700,2023-06-12 01:28:33 -0700,HKCategoryValueSleepAnalysisInBed
La Melodía,,2023-06-12 01:31:53 -0700,2023-06-12 01:32:04 -0700,HKCategoryValueSleepAnalysisInBed
La Melodía,,2023-06-12 01:32:56 -0700,2023-06-12 06:00:00 -0700,HKCategoryValueSleepAnalysisInBed
La Melodía,,2023-06-12 22:41:07 -0700,2023-06-12 23:50:08 -0700,HKCategoryValueSleepAnalysisInBed
La Melodía,,2023-06-12 23:50:16 -0700,2023-06-13 00:30:20 -0700,HKCategoryValueSleepAnalysisInBed
La Melodía,,2023-06-13 00:31:44 -0700,2023-06-13 00:32:00 -0700,HKCategoryValueSleepAnalysisInBed
La Melodía,,2023-06-13 00:32:18 -0700,2023-06-13 00:32:19 -0700,HKCategoryValueSleepAnalysisInBed
La Melodía,,2023-06-13 00:32:29 -0700,2023-06-13 00:33:28 -0700,HKCategoryValueSleepAnalysisInBed
La Melodía,,2023-06-13 00:34:18 -0700,2023-06-13 06:00:01 -0700,HKCategoryValueSleepAnalysisInBed
La Melodía,,2023-06-13 23:20:03 -0700,2023-06-14 06:00:00 -0700,HKCategoryValueSleepAnalysisInBed
La Melodía,,2023-06-14 22:12:52 -0700,2023-06-15 02:50:05 -0700,HKCategoryValueSleepAnalysisInBed
La Melodía,,2023-06-15 02:50:11 -0700,2023-06-15 06:00:01 -0700,HKCategoryValueSleepAnalysisInBed
La Melodía,,2023-06-15 22:44:33 -0700,2023-06-16 01:04:34 -0700,HKCategoryValueSleepAnalysisInBed
La Melodía,,2023-06-16 01:04:44 -0700,2023-06-16 01:05:51 -0700,HKCategoryValueSleepAnalysisInBed
La Melodía,,2023-06-16 01:33:21 -0700,2023-06-16 06:00:00 -0700,HKCategoryValueSleepAnalysisInBed
La Melodía,,2023-06-16 22:44:32 -0700,2023-06-17 06:00:02 -0700,HKCategoryValueSleepAnalysisInBed
La Melodía,,2023-06-17 22:00:00 -0700,2023-06-18 06:00:00 -0700,HKCategoryValueSleepAnalysisInBed
La Melodía,,2023-06-19 00:31:45 -0700,2023-06-19 06:19:49 -0700,HKCategoryValueSleepAnalysisInBed
La Melodía,,2023-06-19 06:20:11 -0700,2023-06-19 06:22:05 -0700,HKCategoryValueSleepAnalysisInBed
La Melodía,,2023-06-20 00:05:00 -0700,2023-06-20 06:44:18 -0700,HKCategoryValueSleepAnalysisInBed
La Melodía,,2023-06-20 23:15:17 -0700,2023-06-21 06:36:41 -0700,HKCategoryValueSleepAnalysisInBed
La Melodía,,2023-06-21 23:10:20 -0700,2023-06-22 06:28:51 -0700,HKCategoryValueSleepAnalysisInBed
La Melodía,,2023-06-22 06:29:40 -0700,2023-06-22 06:32:59 -0700,HKCategoryValueSleepAnalysisInBed
La Melodía,,2023-06-22 23:05:52 -0700,2023-06-23 06:36:12 -0700,HKCategoryValueSleepAnalysisInBed
La Melodía,,2023-06-23 06:37:44 -0700,2023-06-23 06:39:19 -0700,HKCategoryValueSleepAnalysisInBed
La Melodía,,2023-06-23 06:44:15 -0700,2023-06-23 06:51:56 -0700,HKCategoryValueSleepAnalysisInBed
La Melodía,,2023-06-23 23:00:00 -0700,2023-06-24 06:24:41 -0700,HKCategoryValueSleepAnalysisInBed
La Melodía,,2023-06-24 23:54:44 -0700,2023-06-25 00:38:38 -0700,HKCategoryValueSleepAnalysisInBed
La Melodía,,2023-06-25 00:54:26 -0700,2023-06-25 00:58:21 -0700,HKCategoryValueSleepAnalysisInBed
La Melodía,,2023-06-25 00:58:33 -0700,2023-06-25 01:16:39 -0700,HKCategoryValueSleepAnalysisInBed
La Melodía,,2023-06-25 01:17:16 -0700,2023-06-25 01:24:37 -0700,HKCategoryValueSleepAnalysisInBed
La Melodía,,2023-06-25 01:27:29 -0700,2023-06-25 01:51:09 -0700,HKCategoryValueSleepAnalysisInBed
La Melodía,,2023-06-25 04:52:39 -0700,2023-06-25 04:52:40 -0700,HKCategoryValueSleepAnalysisInBed
La Melodía,,2023-06-25 04:53:33 -0700,2023-06-25 06:15:02 -0700,HKCategoryValueSleepAnalysisInBed
La Melodía,,2023-06-25 23:59:37 -0700,2023-06-26 05:24:35 -0700,HKCategoryValueSleepAnalysisInBed
La Melodía,,2023-06-26 05:26:35 -0700,2023-06-26 06:15:01 -0700,HKCategoryValueSleepAnalysisInBed
La Melodía,,2023-06-26 23:05:00 -0700,2023-06-27 05:30:00 -0700,HKCategoryValueSleepAnalysisInBed
La Melodía,,2023-06-28 00:34:53 -0700,2023-06-28 00:34:54 -0700,HKCategoryValueSleepAnalysisInBed
La Melodía,,2023-06-28 00:35:28 -0700,2023-06-28 05:30:00 -0700,HKCategoryValueSleepAnalysisInBed
La Melodía,,2023-06-28 23:44:31 -0700,2023-06-29 01:16:52 -0700,HKCategoryValueSleepAnalysisInBed
La Melodía,,2023-06-29 01:17:01 -0700,2023-06-29 05:30:00 -0700,HKCategoryValueSleepAnalysisInBed
La Melodía,,2023-06-30 00:10:13 -0700,2023-06-30 05:30:00 -0700,HKCategoryValueSleepAnalysisInBed
La Melodía,,2023-07-01 00:04:44 -0700,2023-07-01 04:26:57 -0700,HKCategoryValueSleepAnalysisInBed
La Melodía,,2023-07-01 04:27:39 -0700,2023-07-01 05:30:00 -0700,HKCategoryValueSleepAnalysisInBed
La Melodía,,2023-07-01 23:05:00 -0700,2023-07-02 05:30:00 -0700,HKCategoryValueSleepAnalysisInBed
La Melodía,,2023-07-02 23:05:00 -0700,2023-07-03 00:50:38 -0700,HKCategoryValueSleepAnalysisInBed
La Melodía,,2023-07-03 00:50:55 -0700,2023-07-03 01:29:39 -0700,HKCategoryValueSleepAnalysisInBed
La Melodía,,2023-07-03 01:36:15 -0700,2023-07-03 05:30:00 -0700,HKCategoryValueSleepAnalysisInBed
La Melodía,,2023-07-04 00:02:49 -0700,2023-07-04 05:30:00 -0700,HKCategoryValueSleepAnalysisInBed
La Melodía,,2023-07-04 23:05:00 -0700,2023-07-05 05:30:00 -0700,HKCategoryValueSleepAnalysisInBed
La Melodía,,2023-07-05 23:05:00 -0700,2023-07-06 03:06:58 -0700,HKCategoryValueSleepAnalysisInBed
La Melodía,,2023-07-06 03:16:56 -0700,2023-07-06 03:18:39 -0700,HKCategoryValueSleepAnalysisInBed
La Melodía,,2023-07-06 03:20:48 -0700,2023-07-06 03:27:54 -0700,HKCategoryValueSleepAnalysisInBed
La Melodía,,2023-07-06 03:29:03 -0700,2023-07-06 03:29:59 -0700,HKCategoryValueSleepAnalysisInBed
La Melodía,,2023-07-06 03:30:05 -0700,2023-07-06 03:30:39 -0700,HKCategoryValueSleepAnalysisInBed
La Melodía,,2023-07-06 03:30:56 -0700,2023-07-06 03:33:34 -0700,HKCategoryValueSleepAnalysisInBed
La Melodía,,2023-07-06 03:34:04 -0700,2023-07-06 03:37:41 -0700,HKCategoryValueSleepAnalysisInBed
La Melodía,,2023-07-06 03:42:54 -0700,2023-07-06 03:56:02 -0700,HKCategoryValueSleepAnalysisInBed
La Melodía,,2023-07-06 03:57:59 -0700,2023-07-06 05:30:01 -0700,HKCategoryValueSleepAnalysisInBed
La Melodía,,2023-07-06 23:31:26 -0700,2023-07-07 05:30:00 -0700,HKCategoryValueSleepAnalysisInBed
La Melodía,,2023-07-07 23:43:42 -0700,2023-07-08 05:30:00 -0700,HKCategoryValueSleepAnalysisInBed
La Melodía,,2023-07-09 00:30:32 -0700,2023-07-09 00:36:16 -0700,HKCategoryValueSleepAnalysisInBed
La Melodía,,2023-07-09 00:45:14 -0700,2023-07-09 05:30:00 -0700,HKCategoryValueSleepAnalysisInBed
La Melodía,,2023-07-10 00:34:42 -0700,2023-07-10 00:37:11 -0700,HKCategoryValueSleepAnalysisInBed
La Melodía,,2023-07-10 00:37:52 -0700,2023-07-10 00:39:28 -0700,HKCategoryValueSleepAnalysisInBed
La Melodía,,2023-07-10 00:39:54 -0700,2023-07-10 00:52:16 -0700,HKCategoryValueSleepAnalysisInBed
La Melodía,,2023-07-10 00:52:22 -0700,2023-07-10 00:53:00 -0700,HKCategoryValueSleepAnalysisInBed
La Melodía,,2023-07-10 00:58:52 -0700,2023-07-10 01:00:10 -0700,HKCategoryValueSleepAnalysisInBed
La Melodía,,2023-07-10 01:00:29 -0700,2023-07-10 01:01:28 -0700,HKCategoryValueSleepAnalysisInBed
La Melodía,,2023-07-10 01:03:17 -0700,2023-07-10 01:04:12 -0700,HKCategoryValueSleepAnalysisInBed
La Melodía,,2023-07-10 01:04:39 -0700,2023-07-10 01:05:01 -0700,HKCategoryValueSleepAnalysisInBed
La Melodía,,2023-07-10 01:05:03 -0700,2023-07-10 05:30:02 -0700,HKCategoryValueSleepAnalysisInBed
La Melodía,,2023-07-10 23:05:00 -0700,2023-07-11 05:30:00 -0700,HKCategoryValueSleepAnalysisInBed
La Melodía,,2023-07-11 23:05:00 -0700,2023-07-12 07:05:00 -0700,HKCategoryValueSleepAnalysisInBed
La Melodía,,2023-07-13 00:02:54 -0700,2023-07-13 07:05:00 -0700,HKCategoryValueSleepAnalysisInBed
La Melodía,,2023-07-13 23:58:09 -0700,2023-07-14 07:05:01 -0700,HKCategoryValueSleepAnalysisInBed
La Melodía,,2023-07-14 23:05:00 -0700,2023-07-15 07:05:00 -0700,HKCategoryValueSleepAnalysisInBed
La Melodía,,2023-07-15 23:59:31 -0700,2023-07-16 07:05:00 -0700,HKCategoryValueSleepAnalysisInBed
La Melodía,,2023-07-17 00:05:53 -0700,2023-07-17 00:44:41 -0700,HKCategoryValueSleepAnalysisInBed
La Melodía,,2023-07-17 00:44:46 -0700,2023-07-17 00:47:06 -0700,HKCategoryValueSleepAnalysisInBed
La Melodía,,2023-07-17 00:47:49 -0700,2023-07-17 01:31:50 -0700,HKCategoryValueSleepAnalysisInBed
La Melodía,,2023-07-17 01:32:56 -0700,2023-07-17 06:41:36 -0700,HKCategoryValueSleepAnalysisInBed
La Melodía,,2023-07-17 23:05:00 -0700,2023-07-18 07:05:01 -0700,HKCategoryValueSleepAnalysisInBed
La Melodía,,2023-07-19 01:00:00 -0700,2023-07-19 07:28:28 -0700,HKCategoryValueSleepAnalysisInBed
La Melodía,,2023-07-20 01:00:00 -0700,2023-07-20 07:16:46 -0700,HKCategoryValueSleepAnalysisInBed
La Melodía,,2023-07-21 00:35:00 -0700,2023-07-21 07:53:53 -0700,HKCategoryValueSleepAnalysisInBed
La Melodía,,2023-07-21 07:54:12 -0700,2023-07-21 07:54:16 -0700,HKCategoryValueSleepAnalysisInBed
La Melodía,,2023-07-22 00:35:00 -0700,2023-07-22 08:35:02 -0700,HKCategoryValueSleepAnalysisInBed
La Melodía,,2023-07-23 01:26:27 -0700,2023-07-23 02:08:25 -0700,HKCategoryValueSleepAnalysisInBed
La Melodía,,2023-07-23 02:10:12 -0700,2023-07-23 02:28:32 -0700,HKCategoryValueSleepAnalysisInBed
La Melodía,,2023-07-23 02:30:48 -0700,2023-07-23 08:35:02 -0700,HKCategoryValueSleepAnalysisInBed
La Melodía,,2023-07-24 00:54:00 -0700,2023-07-24 03:00:21 -0700,HKCategoryValueSleepAnalysisInBed
La Melodía,,2023-07-24 03:09:59 -0700,2023-07-24 03:11:40 -0700,HKCategoryValueSleepAnalysisInBed
La Melodía,,2023-07-24 03:11:57 -0700,2023-07-24 06:57:45 -0700,HKCategoryValueSleepAnalysisInBed
La Melodía,,2023-07-24 06:57:49 -0700,2023-07-24 07:00:10 -0700,HKCategoryValueSleepAnalysisInBed
La Melodía,,2023-07-24 07:00:38 -0700,2023-07-24 08:19:48 -0700,HKCategoryValueSleepAnalysisInBed
La Melodía,,2023-07-24 08:20:18 -0700,2023-07-24 08:22:44 -0700,HKCategoryValueSleepAnalysisInBed
La Melodía,,2023-07-24 08:22:57 -0700,2023-07-24 08:25:56 -0700,HKCategoryValueSleepAnalysisInBed
La Melodía,,2023-07-24 08:26:09 -0700,2023-07-24 08:33:57 -0700,HKCategoryValueSleepAnalysisInBed
La Melodía,,2023-07-25 00:35:00 -0700,2023-07-25 08:35:00 -0700,HKCategoryValueSleepAnalysisInBed
La Melodía,,2023-07-26 00:35:00 -0700,2023-07-26 08:35:00 -0700,HKCategoryValueSleepAnalysisInBed
La Melodía,,2023-07-27 01:22:09 -0700,2023-07-27 08:35:00 -0700,HKCategoryValueSleepAnalysisInBed
La Melodía,,2023-07-28 00:35:00 -0700,2023-07-28 08:35:00 -0700,HKCategoryValueSleepAnalysisInBed
La Melodía,,2023-07-29 00:35:00 -0700,2023-07-29 08:35:01 -0700,HKCategoryValueSleepAnalysisInBed
La Melodía,,2023-07-30 01:49:49 -0700,2023-07-30 01:51:43 -0700,HKCategoryValueSleepAnalysisInBed
La Melodía,,2023-07-30 02:10:12 -0700,2023-07-30 02:28:26 -0700,HKCategoryValueSleepAnalysisInBed
La Melodía,,2023-07-30 02:30:17 -0700,2023-07-30 02:32:25 -0700,HKCategoryValueSleepAnalysisInBed
La Melodía,,2023-07-30 02:34:46 -0700,2023-07-30 02:46:28 -0700,HKCategoryValueSleepAnalysisInBed
La Melodía,,2023-07-30 02:46:51 -0700,2023-07-30 03:07:11 -0700,HKCategoryValueSleepAnalysisInBed
La Melodía,,2023-07-30 03:08:36 -0700,2023-07-30 08:35:00 -0700,HKCategoryValueSleepAnalysisInBed
La Melodía,,2023-07-31 00:35:00 -0700,2023-07-31 07:26:09 -0700,HKCategoryValueSleepAnalysisInBed
La Melodía,,2023-08-01 00:45:36 -0700,2023-08-01 05:58:46 -0700,HKCategoryValueSleepAnalysisInBed
La Melodía,,2023-08-02 00:00:00 -0700,2023-08-02 05:17:53 -0700,HKCategoryValueSleepAnalysisInBed
La Melodía,,2023-08-02 05:18:00 -0700,2023-08-02 07:17:47 -0700,HKCategoryValueSleepAnalysisInBed
La Melodía,,2023-08-02 07:18:10 -0700,2023-08-02 07:18:13 -0700,HKCategoryValueSleepAnalysisInBed
La Melodía,,2023-08-03 00:46:40 -0700,2023-08-03 07:41:12 -0700,HKCategoryValueSleepAnalysisInBed
La Melodía,,2023-08-03 07:59:23 -0700,2023-08-03 07:59:25 -0700,HKCategoryValueSleepAnalysisInBed
La Melodía,,2023-08-03 07:59:28 -0700,2023-08-03 07:59:30 -0700,HKCategoryValueSleepAnalysisInBed
La Melodía,,2023-08-03 23:25:00 -0700,2023-08-04 07:09:55 -0700,HKCategoryValueSleepAnalysisInBed
La Melodía,,2023-08-04 23:25:00 -0700,2023-08-05 07:15:01 -0700,HKCategoryValueSleepAnalysisInBed
La Melodía,,2023-08-05 23:25:00 -0700,2023-08-06 07:15:00 -0700,HKCategoryValueSleepAnalysisInBed
La Melodía,,2023-08-07 00:55:00 -0700,2023-08-07 01:12:42 -0700,HKCategoryValueSleepAnalysisInBed
La Melodía,,2023-08-07 01:13:37 -0700,2023-08-07 01:13:42 -0700,HKCategoryValueSleepAnalysisInBed
La Melodía,,2023-08-07 01:15:15 -0700,2023-08-07 06:34:27 -0700,HKCategoryValueSleepAnalysisInBed
La Melodía,,2023-08-07 06:34:39 -0700,2023-08-07 07:15:00 -0700,HKCategoryValueSleepAnalysisInBed
La Melodía,,2023-08-08 03:05:00 -0700,2023-08-08 08:00:01 -0700,HKCategoryValueSleepAnalysisInBed
La Melodía,,2023-08-09 03:05:00 -0700,2023-08-09 08:00:00 -0700,HKCategoryValueSleepAnalysisInBed
La Melodía,,2023-08-10 03:05:00 -0700,2023-08-10 08:00:00 -0700,HKCategoryValueSleepAnalysisInBed
La Melodía,,2023-08-11 03:11:05 -0700,2023-08-11 08:00:02 -0700,HKCategoryValueSleepAnalysisInBed
La Melodía,,2023-08-12 03:46:12 -0700,2023-08-12 08:00:00 -0700,HKCategoryValueSleepAnalysisInBed
La Melodía,,2023-08-13 03:05:00 -0700,2023-08-13 08:00:01 -0700,HKCategoryValueSleepAnalysisInBed
La Melodía,,2023-08-14 00:10:00 -0700,2023-08-14 05:36:54 -0700,HKCategoryValueSleepAnalysisInBed
La Melodía,,2023-08-14 05:37:03 -0700,2023-08-14 06:17:40 -0700,HKCategoryValueSleepAnalysisInBed
La Melodía,,2023-08-15 00:10:00 -0700,2023-08-15 05:13:49 -0700,HKCategoryValueSleepAnalysisInBed
La Melodía,,2023-08-16 00:10:00 -0700,2023-08-16 04:55:30 -0700,HKCategoryValueSleepAnalysisInBed
La Melodía,,2023-08-17 00:12:10 -0700,2023-08-17 07:32:44 -0700,HKCategoryValueSleepAnalysisInBed
La Melodía,,2023-08-17 07:33:19 -0700,2023-08-17 08:36:11 -0700,HKCategoryValueSleepAnalysisInBed
La Melodía,,2023-08-18 01:36:08 -0700,2023-08-18 02:45:36 -0700,HKCategoryValueSleepAnalysisInBed
La Melodía,,2023-08-18 02:49:03 -0700,2023-08-18 08:10:07 -0700,HKCategoryValueSleepAnalysisInBed
La Melodía,,2023-08-19 00:10:00 -0700,2023-08-19 08:10:41 -0700,HKCategoryValueSleepAnalysisInBed
La Melodía,,2023-08-20 00:10:00 -0700,2023-08-20 08:10:16 -0700,HKCategoryValueSleepAnalysisInBed
La Melodía,,2023-08-21 00:10:00 -0700,2023-08-21 08:03:45 -0700,HKCategoryValueSleepAnalysisInBed
La Melodía,,2023-08-21 08:06:56 -0700,2023-08-21 08:10:04 -0700,HKCategoryValueSleepAnalysisInBed
La Melodía,,2023-08-22 00:10:00 -0700,2023-08-22 08:13:47 -0700,HKCategoryValueSleepAnalysisInBed
La Melodía,,2023-08-23 00:10:00 -0700,2023-08-23 08:10:31 -0700,HKCategoryValueSleepAnalysisInBed
La Melodía,,2023-08-24 02:00:00 -0700,2023-08-24 07:40:37 -0700,HKCategoryValueSleepAnalysisInBed
La Melodía,,2023-08-25 02:00:00 -0700,2023-08-25 06:47:29 -0700,HKCategoryValueSleepAnalysisInBed
La Melodía,,2023-08-25 07:24:21 -0700,2023-08-25 07:30:11 -0700,HKCategoryValueSleepAnalysisInBed
La Melodía,,2023-08-26 01:14:51 -0700,2023-08-26 08:07:08 -0700,HKCategoryValueSleepAnalysisInBed
La Melodía,,2023-08-27 00:42:15 -0700,2023-08-27 07:33:42 -0700,HKCategoryValueSleepAnalysisInBed
La Melodía,,2023-08-28 01:28:16 -0700,2023-08-28 08:47:03 -0700,HKCategoryValueSleepAnalysisInBed
La Melodía,,2023-08-29 00:30:00 -0700,2023-08-29 07:30:00 -0700,HKCategoryValueSleepAnalysisInBed
La Melodía,,2023-08-30 00:30:00 -0700,2023-08-30 06:04:50 -0700,HKCategoryValueSleepAnalysisInBed
La Melodía,,2023-08-30 06:05:05 -0700,2023-08-30 07:30:00 -0700,HKCategoryValueSleepAnalysisInBed
La Melodía,,2023-08-31 01:59:48 -0700,2023-08-31 07:30:00 -0700,HKCategoryValueSleepAnalysisInBed
La Melodía,,2023-09-01 01:43:48 -0700,2023-09-01 02:30:34 -0700,HKCategoryValueSleepAnalysisInBed
La Melodía,,2023-09-01 02:42:59 -0700,2023-09-01 07:30:00 -0700,HKCategoryValueSleepAnalysisInBed
La Melodía,,2023-09-02 01:50:17 -0700,2023-09-02 07:30:00 -0700,HKCategoryValueSleepAnalysisInBed
La Melodía,,2023-09-03 00:36:20 -0700,2023-09-03 07:30:00 -0700,HKCategoryValueSleepAnalysisInBed
La Melodía,,2023-09-04 00:30:00 -0700,2023-09-04 02:32:03 -0700,HKCategoryValueSleepAnalysisInBed
La Melodía,,2023-09-04 02:33:01 -0700,2023-09-04 02:33:04 -0700,HKCategoryValueSleepAnalysisInBed
La Melodía,,2023-09-04 02:33:17 -0700,2023-09-04 02:41:56 -0700,HKCategoryValueSleepAnalysisInBed
La Melodía,,2023-09-04 02:44:41 -0700,2023-09-04 02:44:48 -0700,HKCategoryValueSleepAnalysisInBed
La Melodía,,2023-09-04 02:59:01 -0700,2023-09-04 02:59:34 -0700,HKCategoryValueSleepAnalysisInBed
La Melodía,,2023-09-04 02:59:34 -0700,2023-09-04 02:59:36 -0700,HKCategoryValueSleepAnalysisInBed
La Melodía,,2023-09-04 03:48:15 -0700,2023-09-04 07:30:00 -0700,HKCategoryValueSleepAnalysisInBed
La Melodía,,2023-09-05 01:38:01 -0700,2023-09-05 01:46:13 -0700,HKCategoryValueSleepAnalysisInBed
La Melodía,,2023-09-05 02:03:49 -0700,2023-09-05 02:08:07 -0700,HKCategoryValueSleepAnalysisInBed
La Melodía,,2023-09-05 02:09:53 -0700,2023-09-05 02:18:39 -0700,HKCategoryValueSleepAnalysisInBed
La Melodía,,2023-09-05 03:11:05 -0700,2023-09-05 03:11:06 -0700,HKCategoryValueSleepAnalysisInBed
La Melodía,,2023-09-05 03:11:18 -0700,2023-09-05 07:30:00 -0700,HKCategoryValueSleepAnalysisInBed
La Melodía,,2023-09-06 01:30:21 -0700,2023-09-06 02:00:18 -0700,HKCategoryValueSleepAnalysisInBed
La Melodía,,2023-09-06 02:01:42 -0700,2023-09-06 02:06:43 -0700,HKCategoryValueSleepAnalysisInBed
La Melodía,,2023-09-06 02:07:39 -0700,2023-09-06 02:23:42 -0700,HKCategoryValueSleepAnalysisInBed
La Melodía,,2023-09-06 02:25:29 -0700,2023-09-06 02:46:17 -0700,HKCategoryValueSleepAnalysisInBed
La Melodía,,2023-09-06 02:47:03 -0700,2023-09-06 07:30:00 -0700,HKCategoryValueSleepAnalysisInBed
La Melodía,,2023-09-07 00:02:06 -0700,2023-09-07 07:00:13 -0700,HKCategoryValueSleepAnalysisInBed
La Melodía,,2023-09-08 00:17:08 -0700,2023-09-08 09:04:49 -0700,HKCategoryValueSleepAnalysisInBed
La Melodía,,2023-09-08 09:06:43 -0700,2023-09-08 09:07:55 -0700,HKCategoryValueSleepAnalysisInBed
La Melodía,,2023-09-09 00:00:00 -0700,2023-09-09 07:00:00 -0700,HKCategoryValueSleepAnalysisInBed
La Melodía,,2023-09-10 00:07:06 -0700,2023-09-10 07:12:19 -0700,HKCategoryValueSleepAnalysisInBed
La Melodía,,2023-09-11 01:29:40 -0700,2023-09-11 01:55:52 -0700,HKCategoryValueSleepAnalysisInBed
La Melodía,,2023-09-11 01:56:45 -0700,2023-09-11 02:04:50 -0700,HKCategoryValueSleepAnalysisInBed
La Melodía,,2023-09-11 02:07:30 -0700,2023-09-11 02:13:18 -0700,HKCategoryValueSleepAnalysisInBed
La Melodía,,2023-09-11 02:14:34 -0700,2023-09-11 02:18:42 -0700,HKCategoryValueSleepAnalysisInBed
La Melodía,,2023-09-11 02:22:05 -0700,2023-09-11 02:54:28 -0700,HKCategoryValueSleepAnalysisInBed
La Melodía,,2023-09-11 02:54:53 -0700,2023-09-11 02:57:46 -0700,HKCategoryValueSleepAnalysisInBed
La Melodía,,2023-09-11 03:07:40 -0700,2023-09-11 07:00:01 -0700,HKCategoryValueSleepAnalysisInBed
La Melodía,,2023-09-12 03:25:00 -0700,2023-09-12 09:14:44 -0700,HKCategoryValueSleepAnalysisInBed
La Melodía,,2023-09-12 09:16:54 -0700,2023-09-12 09:36:11 -0700,HKCategoryValueSleepAnalysisInBed
La Melodía,,2023-09-13 03:19:20 -0700,2023-09-13 08:41:11 -0700,HKCategoryValueSleepAnalysisInBed
La Melodía,,2023-09-13 08:41:19 -0700,2023-09-13 08:41:28 -0700,HKCategoryValueSleepAnalysisInBed
La Melodía,,2023-09-14 03:05:00 -0700,2023-09-14 08:13:38 -0700,HKCategoryValueSleepAnalysisInBed
La Melodía,,2023-09-15 01:10:00 -0700,2023-09-15 08:29:56 -0700,HKCategoryValueSleepAnalysisInBed
La Melodía,,2023-09-16 01:10:00 -0700,2023-09-16 07:10:11 -0700,HKCategoryValueSleepAnalysisInBed
La Melodía,,2023-09-17 01:34:49 -0700,2023-09-17 10:39:40 -0700,HKCategoryValueSleepAnalysisInBed
La Melodía,,2023-09-18 01:40:30 -0700,2023-09-18 01:43:06 -0700,HKCategoryValueSleepAnalysisInBed
La Melodía,,2023-09-18 02:01:25 -0700,2023-09-18 02:25:06 -0700,HKCategoryValueSleepAnalysisInBed
La Melodía,,2023-09-18 03:06:02 -0700,2023-09-18 08:14:02 -0700,HKCategoryValueSleepAnalysisInBed
La Melodía,,2023-09-19 00:25:00 -0700,2023-09-19 07:37:38 -0700,HKCategoryValueSleepAnalysisInBed
La Melodía,,2023-09-19 23:54:09 -0700,2023-09-20 07:33:15 -0700,HKCategoryValueSleepAnalysisInBed
La Melodía,,2023-09-21 23:15:00 -0700,2023-09-22 08:01:06 -0700,HKCategoryValueSleepAnalysisInBed
La Melodía,,2023-09-23 00:43:58 -0700,2023-09-23 00:47:31 -0700,HKCategoryValueSleepAnalysisInBed
La Melodía,,2023-09-23 00:47:35 -0700,2023-09-23 01:11:02 -0700,HKCategoryValueSleepAnalysisInBed
La Melodía,,2023-09-23 01:11:47 -0700,2023-09-23 01:12:43 -0700,HKCategoryValueSleepAnalysisInBed
La Melodía,,2023-09-23 01:12:56 -0700,2023-09-23 01:18:12 -0700,HKCategoryValueSleepAnalysisInBed
La Melodía,,2023-09-23 01:18:16 -0700,2023-09-23 01:37:07 -0700,HKCategoryValueSleepAnalysisInBed
La Melodía,,2023-09-23 01:37:37 -0700,2023-09-23 01:37:48 -0700,HKCategoryValueSleepAnalysisInBed
La Melodía,,2023-09-23 01:38:02 -0700,2023-09-23 01:49:12 -0700,HKCategoryValueSleepAnalysisInBed
La Melodía,,2023-09-23 01:52:56 -0700,2023-09-23 02:00:07 -0700,HKCategoryValueSleepAnalysisInBed
La Melodía,,2023-09-23 02:01:47 -0700,2023-09-23 02:05:42 -0700,HKCategoryValueSleepAnalysisInBed
La Melodía,,2023-09-23 02:06:53 -0700,2023-09-23 02:06:54 -0700,HKCategoryValueSleepAnalysisInBed
La Melodía,,2023-09-23 02:07:06 -0700,2023-09-23 02:13:17 -0700,HKCategoryValueSleepAnalysisInBed
La Melodía,,2023-09-23 02:13:24 -0700,2023-09-23 02:55:54 -0700,HKCategoryValueSleepAnalysisInBed
La Melodía,,2023-09-23 02:56:37 -0700,2023-09-23 02:57:38 -0700,HKCategoryValueSleepAnalysisInBed
La Melodía,,2023-09-23 02:58:02 -0700,2023-09-23 03:19:25 -0700,HKCategoryValueSleepAnalysisInBed
La Melodía,,2023-09-23 03:19:42 -0700,2023-09-23 03:52:22 -0700,HKCategoryValueSleepAnalysisInBed
La Melodía,,2023-09-23 04:51:41 -0700,2023-09-23 10:21:53 -0700,HKCategoryValueSleepAnalysisInBed
La Melodía,,2023-09-23 23:15:00 -0700,2023-09-24 07:33:33 -0700,HKCategoryValueSleepAnalysisInBed
La Melodía,,2023-09-25 00:23:41 -0700,2023-09-25 01:06:04 -0700,HKCategoryValueSleepAnalysisInBed
La Melodía,,2023-09-25 01:07:41 -0700,2023-09-25 01:08:07 -0700,HKCategoryValueSleepAnalysisInBed
La Melodía,,2023-09-25 01:10:10 -0700,2023-09-25 01:10:40 -0700,HKCategoryValueSleepAnalysisInBed
La Melodía,,2023-09-25 01:10:42 -0700,2023-09-25 01:10:47 -0700,HKCategoryValueSleepAnalysisInBed
La Melodía,,2023-09-25 01:10:52 -0700,2023-09-25 01:10:54 -0700,HKCategoryValueSleepAnalysisInBed
La Melodía,,2023-09-25 01:17:29 -0700,2023-09-25 07:15:00 -0700,HKCategoryValueSleepAnalysisInBed
La Melodía,,2023-09-25 23:48:14 -0700,2023-09-26 00:53:55 -0700,HKCategoryValueSleepAnalysisInBed
La Melodía,,2023-09-26 00:54:59 -0700,2023-09-26 00:55:20 -0700,HKCategoryValueSleepAnalysisInBed
La Melodía,,2023-09-26 01:37:58 -0700,2023-09-26 07:15:00 -0700,HKCategoryValueSleepAnalysisInBed
La Melodía,,2023-09-27 01:21:25 -0700,2023-09-27 01:34:38 -0700,HKCategoryValueSleepAnalysisInBed
La Melodía,,2023-09-27 01:40:56 -0700,2023-09-27 08:00:00 -0700,HKCategoryValueSleepAnalysisInBed
La Melodía,,2023-09-28 00:00:47 -0700,2023-09-28 07:04:04 -0700,HKCategoryValueSleepAnalysisInBed
La Melodía,,2023-09-28 21:33:43 -0700,2023-09-29 06:49:46 -0700,HKCategoryValueSleepAnalysisInBed
La Melodía,,2023-09-29 06:50:39 -0700,2023-09-29 06:50:44 -0700,HKCategoryValueSleepAnalysisInBed
La Melodía,,2023-09-29 06:51:28 -0700,2023-09-29 07:03:55 -0700,HKCategoryValueSleepAnalysisInBed
La Melodía,,2023-10-01 22:26:07 -0700,2023-10-01 22:26:08 -0700,HKCategoryValueSleepAnalysisInBed
La Melodía,,2023-10-01 22:56:17 -0700,2023-10-02 05:24:18 -0700,HKCategoryValueSleepAnalysisInBed
La Melodía,,2023-10-02 05:24:42 -0700,2023-10-02 05:24:51 -0700,HKCategoryValueSleepAnalysisInBed
La Melodía,,2023-10-02 21:45:27 -0700,2023-10-03 05:46:35 -0700,HKCategoryValueSleepAnalysisInBed
La Melodía,,2023-10-03 05:47:15 -0700,2023-10-03 05:53:23 -0700,HKCategoryValueSleepAnalysisInBed
La Melodía,,2023-10-03 05:53:48 -0700,2023-10-03 05:58:56 -0700,HKCategoryValueSleepAnalysisInBed
La Melodía,,2023-10-03 22:52:53 -0700,2023-10-03 22:53:01 -0700,HKCategoryValueSleepAnalysisInBed
La Melodía,,2023-10-03 22:53:29 -0700,2023-10-04 08:05:10 -0700,HKCategoryValueSleepAnalysisInBed
La Melodía,,2023-10-04 22:36:37 -0700,2023-10-04 23:17:18 -0700,HKCategoryValueSleepAnalysisInBed
La Melodía,,2023-10-04 23:17:24 -0700,2023-10-05 05:01:22 -0700,HKCategoryValueSleepAnalysisInBed
La Melodía,,2023-10-05 21:15:00 -0700,2023-10-06 05:09:58 -0700,HKCategoryValueSleepAnalysisInBed
La Melodía,,2023-10-08 22:50:35 -0700,2023-10-08 22:52:31 -0700,HKCategoryValueSleepAnalysisInBed
La Melodía,,2023-10-08 22:52:44 -0700,2023-10-09 05:38:11 -0700,HKCategoryValueSleepAnalysisInBed
La Melodía,,2023-10-09 21:15:00 -0700,2023-10-09 23:10:04 -0700,HKCategoryValueSleepAnalysisInBed
La Melodía,,2023-10-09 23:21:37 -0700,2023-10-09 23:21:44 -0700,HKCategoryValueSleepAnalysisInBed
La Melodía,,2023-10-09 23:22:39 -0700,2023-10-09 23:27:37 -0700,HKCategoryValueSleepAnalysisInBed
La Melodía,,2023-10-09 23:30:45 -0700,2023-10-10 00:01:24 -0700,HKCategoryValueSleepAnalysisInBed
La Melodía,,2023-10-10 00:49:46 -0700,2023-10-10 06:41:46 -0700,HKCategoryValueSleepAnalysisInBed
La Melodía,,2023-10-10 23:07:26 -0700,2023-10-11 07:00:47 -0700,HKCategoryValueSleepAnalysisInBed
La Melodía,,2023-10-11 23:50:00 -0700,2023-10-12 07:02:40 -0700,HKCategoryValueSleepAnalysisInBed
La Melodía,,2023-10-12 07:02:44 -0700,2023-10-12 07:04:17 -0700,HKCategoryValueSleepAnalysisInBed
La Melodía,,2023-10-13 01:55:21 -0700,2023-10-13 08:29:24 -0700,HKCategoryValueSleepAnalysisInBed
La Melodía,,2023-10-16 01:25:00 -0700,2023-10-16 05:30:39 -0700,HKCategoryValueSleepAnalysisInBed
La Melodía,,2023-10-17 01:43:06 -0700,2023-10-17 07:36:12 -0700,HKCategoryValueSleepAnalysisInBed
La Melodía,,2023-10-17 07:37:27 -0700,2023-10-17 07:45:35 -0700,HKCategoryValueSleepAnalysisInBed
La Melodía,,2023-10-17 07:45:57 -0700,2023-10-17 07:46:06 -0700,HKCategoryValueSleepAnalysisInBed
La Melodía,,2023-10-18 01:25:00 -0700,2023-10-18 05:30:00 -0700,HKCategoryValueSleepAnalysisInBed
La Melodía,,2023-10-19 01:25:00 -0700,2023-10-19 05:30:00 -0700,HKCategoryValueSleepAnalysisInBed
La Melodía,,2023-10-20 01:25:00 -0700,2023-10-20 05:30:01 -0700,HKCategoryValueSleepAnalysisInBed
La Melodía,,2023-10-21 00:40:00 -0700,2023-10-21 08:18:10 -0700,HKCategoryValueSleepAnalysisInBed
La Melodía,,2023-10-23 02:05:00 -0700,2023-10-23 08:00:02 -0700,HKCategoryValueSleepAnalysisInBed
La Melodía,,2023-10-24 00:08:35 -0700,2023-10-24 05:30:00 -0700,HKCategoryValueSleepAnalysisInBed
La Melodía,,2023-10-25 00:00:00 -0700,2023-10-25 02:44:13 -0700,HKCategoryValueSleepAnalysisInBed
La Melodía,,2023-10-25 02:44:17 -0700,2023-10-25 05:16:52 -0700,HKCategoryValueSleepAnalysisInBed
La Melodía,,2023-10-25 05:17:12 -0700,2023-10-25 05:17:23 -0700,HKCategoryValueSleepAnalysisInBed
La Melodía,,2023-10-25 05:17:26 -0700,2023-10-25 05:30:00 -0700,HKCategoryValueSleepAnalysisInBed
La Melodía,,2023-10-26 03:07:03 -0700,2023-10-26 05:30:01 -0700,HKCategoryValueSleepAnalysisInBed
La Melodía,,2023-10-27 00:00:00 -0700,2023-10-27 05:30:02 -0700,HKCategoryValueSleepAnalysisInBed
La Melodía,,2023-10-28 01:23:38 -0700,2023-10-28 08:34:26 -0700,HKCategoryValueSleepAnalysisInBed
La Melodía,,2023-10-30 02:35:00 -0700,2023-10-30 06:42:10 -0700,HKCategoryValueSleepAnalysisInBed
La Melodía,,2023-10-30 06:42:56 -0700,2023-10-30 06:46:43 -0700,HKCategoryValueSleepAnalysisInBed
La Melodía,,2023-10-30 07:08:12 -0700,2023-10-30 07:08:30 -0700,HKCategoryValueSleepAnalysisInBed
La Melodía,,2023-10-30 08:02:26 -0700,2023-10-30 08:03:43 -0700,HKCategoryValueSleepAnalysisInBed
La Melodía,,2023-10-30 08:07:23 -0700,2023-10-30 08:15:14 -0700,HKCategoryValueSleepAnalysisInBed
La Melodía,,2023-10-30 08:15:22 -0700,2023-10-30 08:24:19 -0700,HKCategoryValueSleepAnalysisInBed
La Melodía,,2023-10-30 08:24:24 -0700,2023-10-30 08:30:24 -0700,HKCategoryValueSleepAnalysisInBed
La Melodía,,2023-10-30 08:48:42 -0700,2023-10-30 08:51:43 -0700,HKCategoryValueSleepAnalysisInBed
La Melodía,,2023-10-30 09:10:03 -0700,2023-10-30 09:24:14 -0700,HKCategoryValueSleepAnalysisInBed
La Melodía,,2023-10-30 09:30:43 -0700,2023-10-30 09:35:18 -0700,HKCategoryValueSleepAnalysisInBed
La Melodía,,2023-10-30 09:35:32 -0700,2023-10-30 09:38:53 -0700,HKCategoryValueSleepAnalysisInBed
La Melodía,,2023-10-30 09:51:34 -0700,2023-10-30 09:58:10 -0700,HKCategoryValueSleepAnalysisInBed
La Melodía,,2023-10-30 10:06:57 -0700,2023-10-30 10:09:34 -0700,HKCategoryValueSleepAnalysisInBed
La Melodía,,2023-10-30 10:23:36 -0700,2023-10-30 10:24:53 -0700,HKCategoryValueSleepAnalysisInBed
La Melodía,,2023-10-31 00:55:00 -0700,2023-10-31 05:55:00 -0700,HKCategoryValueSleepAnalysisInBed
La Melodía,,2023-11-01 02:03:33 -0700,2023-11-01 05:55:01 -0700,HKCategoryValueSleepAnalysisInBed
La Melodía,,2023-11-02 00:55:00 -0700,2023-11-02 05:55:02 -0700,HKCategoryValueSleepAnalysisInBed
La Melodía,,2023-11-03 00:55:00 -0700,2023-11-03 05:55:00 -0700,HKCategoryValueSleepAnalysisInBed
La Melodía,,2023-11-05 00:26:34 -0700,2023-11-05 08:59:39 -0700,HKCategoryValueSleepAnalysisInBed
La Melodía,,2023-11-05 08:59:42 -0700,2023-11-05 08:59:44 -0700,HKCategoryValueSleepAnalysisInBed
La Melodía,,2023-11-06 01:55:00 -0700,2023-11-06 06:55:02 -0700,HKCategoryValueSleepAnalysisInBed
La Melodía,,2023-11-07 02:01:22 -0700,2023-11-07 06:55:00 -0700,HKCategoryValueSleepAnalysisInBed
La Melodía,,2023-11-08 01:55:00 -0700,2023-11-08 06:55:00 -0700,HKCategoryValueSleepAnalysisInBed
La Melodía,,2023-11-09 00:51:06 -0700,2023-11-09 08:59:38 -0700,HKCategoryValueSleepAnalysisInBed
La Melodía,,2023-11-10 00:51:51 -0700,2023-11-10 00:56:35 -0700,HKCategoryValueSleepAnalysisInBed
La Melodía,,2023-11-10 03:04:58 -0700,2023-11-10 03:05:03 -0700,HKCategoryValueSleepAnalysisInBed
La Melodía,,2023-11-10 03:05:09 -0700,2023-11-10 03:26:31 -0700,HKCategoryValueSleepAnalysisInBed
La Melodía,,2023-11-10 05:09:28 -0700,2023-11-10 05:09:30 -0700,HKCategoryValueSleepAnalysisInBed
La Melodía,,2023-11-10 05:10:08 -0700,2023-11-10 05:10:09 -0700,HKCategoryValueSleepAnalysisInBed
La Melodía,,2023-11-10 06:11:54 -0700,2023-11-10 07:35:00 -0700,HKCategoryValueSleepAnalysisInBed
La Melodía,,2023-11-13 00:08:55 -0700,2023-11-13 01:57:25 -0700,HKCategoryValueSleepAnalysisInBed
La Melodía,,2023-11-13 02:02:46 -0700,2023-11-13 02:04:13 -0700,HKCategoryValueSleepAnalysisInBed
La Melodía,,2023-11-13 02:12:34 -0700,2023-11-13 07:35:01 -0700,HKCategoryValueSleepAnalysisInBed
La Melodía,,2023-11-13 23:35:00 -0700,2023-11-14 07:09:08 -0700,HKCategoryValueSleepAnalysisInBed
La Melodía,,2023-11-14 07:10:07 -0700,2023-11-14 07:27:35 -0700,HKCategoryValueSleepAnalysisInBed
La Melodía,,2023-11-14 07:29:10 -0700,2023-11-14 07:30:15 -0700,HKCategoryValueSleepAnalysisInBed
La Melodía,,2023-11-15 00:12:44 -0700,2023-11-15 01:05:09 -0700,HKCategoryValueSleepAnalysisInBed
La Melodía,,2023-11-15 01:06:10 -0700,2023-11-15 01:31:22 -0700,HKCategoryValueSleepAnalysisInBed
La Melodía,,2023-11-15 01:31:32 -0700,2023-11-15 03:44:36 -0700,HKCategoryValueSleepAnalysisInBed
La Melodía,,2023-11-16 00:03:33 -0700,2023-11-16 00:06:25 -0700,HKCategoryValueSleepAnalysisInBed
La Melodía,,2023-11-16 01:12:29 -0700,2023-11-16 01:15:14 -0700,HKCategoryValueSleepAnalysisInBed
La Melodía,,2023-11-16 01:22:25 -0700,2023-11-16 01:46:17 -0700,HKCategoryValueSleepAnalysisInBed
La Melodía,,2023-11-16 02:08:09 -0700,2023-11-16 02:26:47 -0700,HKCategoryValueSleepAnalysisInBed
La Melodía,,2023-11-16 02:32:59 -0700,2023-11-16 02:46:15 -0700,HKCategoryValueSleepAnalysisInBed
La Melodía,,2023-11-16 02:50:22 -0700,2023-11-16 04:03:04 -0700,HKCategoryValueSleepAnalysisInBed
La Melodía,,2023-11-16 04:08:50 -0700,2023-11-16 04:10:51 -0700,HKCategoryValueSleepAnalysisInBed
La Melodía,,2023-11-16 04:13:24 -0700,2023-11-16 07:35:00 -0700,HKCategoryValueSleepAnalysisInBed
La Melodía,,2023-11-17 01:01:33 -0700,2023-11-17 02:19:49 -0700,HKCategoryValueSleepAnalysisInBed
La Melodía,,2023-11-17 02:20:19 -0700,2023-11-17 07:35:02 -0700,HKCategoryValueSleepAnalysisInBed
La Melodía,,2023-11-18 03:10:00 -0700,2023-11-18 11:21:13 -0700,HKCategoryValueSleepAnalysisInBed
La Melodía,,2023-11-20 06:45:00 -0700,2023-11-20 11:00:01 -0700,HKCategoryValueSleepAnalysisInBed
La Melodía,,2023-11-21 06:45:00 -0700,2023-11-21 08:54:59 -0700,HKCategoryValueSleepAnalysisInBed
La Melodía,,2023-11-21 08:55:49 -0700,2023-11-21 08:55:52 -0700,HKCategoryValueSleepAnalysisInBed
La Melodía,,2023-11-21 08:56:00 -0700,2023-11-21 11:00:00 -0700,HKCategoryValueSleepAnalysisInBed
La Melodía,,2023-11-22 01:13:14 -0700,2023-11-22 03:05:00 -0700,HKCategoryValueSleepAnalysisInBed
La Melodía,,2023-11-22 03:06:06 -0700,2023-11-22 03:16:21 -0700,HKCategoryValueSleepAnalysisInBed
La Melodía,,2023-11-22 03:16:30 -0700,2023-11-22 03:16:42 -0700,HKCategoryValueSleepAnalysisInBed
La Melodía,,2023-11-22 03:23:23 -0700,2023-11-22 09:15:30 -0700,HKCategoryValueSleepAnalysisInBed
La Melodía,,2023-11-23 01:52:44 -0700,2023-11-23 01:52:46 -0700,HKCategoryValueSleepAnalysisInBed
La Melodía,,2023-11-23 02:31:57 -0700,2023-11-23 02:33:27 -0700,HKCategoryValueSleepAnalysisInBed
La Melodía,,2023-11-23 02:35:10 -0700,2023-11-23 08:25:00 -0700,HKCategoryValueSleepAnalysisInBed
La Melodía,,2023-11-23 23:25:00 -0700,2023-11-24 08:12:01 -0700,HKCategoryValueSleepAnalysisInBed
La Melodía,,2023-11-27 00:49:34 -0700,2023-11-27 00:56:17 -0700,HKCategoryValueSleepAnalysisInBed
La Melodía,,2023-11-27 00:58:01 -0700,2023-11-27 01:10:30 -0700,HKCategoryValueSleepAnalysisInBed
La Melodía,,2023-11-27 01:10:57 -0700,2023-11-27 01:28:26 -0700,HKCategoryValueSleepAnalysisInBed
La Melodía,,2023-11-27 01:38:28 -0700,2023-11-27 01:58:17 -0700,HKCategoryValueSleepAnalysisInBed
La Melodía,,2023-11-27 02:00:06 -0700,2023-11-27 03:19:31 -0700,HKCategoryValueSleepAnalysisInBed
La Melodía,,2023-11-27 03:19:43 -0700,2023-11-27 07:25:00 -0700,HKCategoryValueSleepAnalysisInBed
La Melodía,,2023-11-28 00:19:53 -0700,2023-11-28 00:47:54 -0700,HKCategoryValueSleepAnalysisInBed
La Melodía,,2023-11-28 01:15:33 -0700,2023-11-28 01:21:35 -0700,HKCategoryValueSleepAnalysisInBed
La Melodía,,2023-11-28 01:24:14 -0700,2023-11-28 01:24:31 -0700,HKCategoryValueSleepAnalysisInBed
La Melodía,,2023-11-28 01:38:56 -0700,2023-11-28 01:44:12 -0700,HKCategoryValueSleepAnalysisInBed
La Melodía,,2023-11-28 01:45:00 -0700,2023-11-28 01:53:40 -0700,HKCategoryValueSleepAnalysisInBed
La Melodía,,2023-11-28 01:59:47 -0700,2023-11-28 02:00:22 -0700,HKCategoryValueSleepAnalysisInBed
La Melodía,,2023-11-28 02:02:54 -0700,2023-11-28 02:04:50 -0700,HKCategoryValueSleepAnalysisInBed
La Melodía,,2023-11-28 02:06:46 -0700,2023-11-28 02:07:20 -0700,HKCategoryValueSleepAnalysisInBed
La Melodía,,2023-11-28 02:07:37 -0700,2023-11-28 02:08:56 -0700,HKCategoryValueSleepAnalysisInBed
La Melodía,,2023-11-28 02:18:54 -0700,2023-11-28 02:25:48 -0700,HKCategoryValueSleepAnalysisInBed
La Melodía,,2023-11-28 03:11:35 -0700,2023-11-28 03:12:55 -0700,HKCategoryValueSleepAnalysisInBed
La Melodía,,2023-11-28 03:16:00 -0700,2023-11-28 03:49:01 -0700,HKCategoryValueSleepAnalysisInBed
La Melodía,,2023-11-28 03:50:10 -0700,2023-11-28 04:30:49 -0700,HKCategoryValueSleepAnalysisInBed
La Melodía,,2023-11-28 04:30:59 -0700,2023-11-28 05:07:50 -0700,HKCategoryValueSleepAnalysisInBed
La Melodía,,2023-11-28 05:16:47 -0700,2023-11-28 07:25:00 -0700,HKCategoryValueSleepAnalysisInBed
La Melodía,,2023-11-29 00:26:24 -0700,2023-11-29 01:36:16 -0700,HKCategoryValueSleepAnalysisInBed
La Melodía,,2023-11-29 01:42:20 -0700,2023-11-29 01:43:20 -0700,HKCategoryValueSleepAnalysisInBed
La Melodía,,2023-11-29 02:09:44 -0700,2023-11-29 02:09:47 -0700,HKCategoryValueSleepAnalysisInBed
La Melodía,,2023-11-29 02:34:43 -0700,2023-11-29 02:37:05 -0700,HKCategoryValueSleepAnalysisInBed
La Melodía,,2023-11-29 02:38:15 -0700,2023-11-29 02:44:45 -0700,HKCategoryValueSleepAnalysisInBed
La Melodía,,2023-11-29 02:52:36 -0700,2023-11-29 07:25:00 -0700,HKCategoryValueSleepAnalysisInBed
La Melodía,,2023-11-30 00:16:50 -0700,2023-11-30 07:25:01 -0700,HKCategoryValueSleepAnalysisInBed
La Melodía,,2023-12-01 00:42:34 -0700,2023-12-01 01:08:56 -0700,HKCategoryValueSleepAnalysisInBed
La Melodía,,2023-12-01 01:09:03 -0700,2023-12-01 02:38:50 -0700,HKCategoryValueSleepAnalysisInBed
La Melodía,,2023-12-01 02:43:51 -0700,2023-12-01 02:57:55 -0700,HKCategoryValueSleepAnalysisInBed
La Melodía,,2023-12-01 02:57:59 -0700,2023-12-01 07:25:03 -0700,HKCategoryValueSleepAnalysisInBed
La Melodía,,2023-12-02 03:15:00 -0700,2023-12-02 12:19:26 -0700,HKCategoryValueSleepAnalysisInBed
La Melodía,,2023-12-04 02:29:46 -0700,2023-12-04 02:31:05 -0700,HKCategoryValueSleepAnalysisInBed
La Melodía,,2023-12-04 02:38:39 -0700,2023-12-04 02:48:13 -0700,HKCategoryValueSleepAnalysisInBed
La Melodía,,2023-12-04 02:48:26 -0700,2023-12-04 03:59:20 -0700,HKCategoryValueSleepAnalysisInBed
La Melodía,,2023-12-04 04:01:01 -0700,2023-12-04 06:58:39 -0700,HKCategoryValueSleepAnalysisInBed
La Melodía,,2023-12-05 03:24:58 -0700,2023-12-05 03:42:34 -0700,HKCategoryValueSleepAnalysisInBed
La Melodía,,2023-12-05 03:42:48 -0700,2023-12-05 03:53:24 -0700,HKCategoryValueSleepAnalysisInBed
La Melodía,,2023-12-05 03:53:33 -0700,2023-12-05 03:57:16 -0700,HKCategoryValueSleepAnalysisInBed
La Melodía,,2023-12-05 03:58:09 -0700,2023-12-05 04:29:00 -0700,HKCategoryValueSleepAnalysisInBed
La Melodía,,2023-12-05 04:30:06 -0700,2023-12-05 09:03:11 -0700,HKCategoryValueSleepAnalysisInBed
La Melodía,,2023-12-06 02:00:00 -0700,2023-12-06 09:22:53 -0700,HKCategoryValueSleepAnalysisInBed
La Melodía,,2023-12-07 03:24:05 -0700,2023-12-07 04:10:30 -0700,HKCategoryValueSleepAnalysisInBed
La Melodía,,2023-12-08 03:00:00 -0700,2023-12-08 08:54:04 -0700,HKCategoryValueSleepAnalysisInBed
La Melodía,,2023-12-09 02:15:00 -0700,2023-12-09 09:54:13 -0700,HKCategoryValueSleepAnalysisInBed
La Melodía,,2023-12-09 09:54:23 -0700,2023-12-09 09:54:26 -0700,HKCategoryValueSleepAnalysisInBed
La Melodía,,2023-12-09 10:53:06 -0700,2023-12-09 10:53:37 -0700,HKCategoryValueSleepAnalysisInBed
La Melodía,,2023-12-09 10:54:28 -0700,2023-12-09 10:54:55 -0700,HKCategoryValueSleepAnalysisInBed
La Melodía,,2023-12-11 03:15:00 -0700,2023-12-11 07:40:40 -0700,HKCategoryValueSleepAnalysisInBed
La Melodía,,2023-12-11 07:40:51 -0700,2023-12-11 09:43:20 -0700,HKCategoryValueSleepAnalysisInBed
La Melodía,,2023-12-11 09:44:13 -0700,2023-12-11 10:05:32 -0700,HKCategoryValueSleepAnalysisInBed
La Melodía,,2023-12-11 10:05:59 -0700,2023-12-11 10:37:57 -0700,HKCategoryValueSleepAnalysisInBed
La Melodía,,2023-12-12 02:50:00 -0700,2023-12-12 08:07:53 -0700,HKCategoryValueSleepAnalysisInBed
La Melodía,,2023-12-12 08:08:49 -0700,2023-12-12 08:09:01 -0700,HKCategoryValueSleepAnalysisInBed
La Melodía,,2023-12-13 02:50:00 -0700,2023-12-13 07:20:16 -0700,HKCategoryValueSleepAnalysisInBed
La Melodía,,2023-12-14 02:50:00 -0700,2023-12-14 07:20:00 -0700,HKCategoryValueSleepAnalysisInBed
La Melodía,,2023-12-15 02:50:00 -0700,2023-12-15 07:20:00 -0700,HKCategoryValueSleepAnalysisInBed
La Melodía,,2023-12-16 02:40:00 -0700,2023-12-16 10:23:48 -0700,HKCategoryValueSleepAnalysisInBed
La Melodía,,2023-12-18 02:50:00 -0700,2023-12-18 06:59:17 -0700,HKCategoryValueSleepAnalysisInBed
La Melodía,,2023-12-18 07:00:28 -0700,2023-12-18 07:20:00 -0700,HKCategoryValueSleepAnalysisInBed
La Melodía,,2023-12-19 02:50:00 -0700,2023-12-19 07:20:00 -0700,HKCategoryValueSleepAnalysisInBed
La Melodía,,2023-12-20 02:50:00 -0700,2023-12-20 07:20:00 -0700,HKCategoryValueSleepAnalysisInBed
La Melodía,,2023-12-21 02:50:00 -0700,2023-12-21 07:20:00 -0700,HKCategoryValueSleepAnalysisInBed
La Melodía,,2023-12-22 03:25:40 -0700,2023-12-22 07:20:01 -0700,HKCategoryValueSleepAnalysisInBed
La Melodía,,2023-12-25 02:50:00 -0700,2023-12-25 07:20:02 -0700,HKCategoryValueSleepAnalysisInBed
La Melodía,,2023-12-26 02:50:00 -0700,2023-12-26 07:20:00 -0700,HKCategoryValueSleepAnalysisInBed
La Melodía,,2023-12-27 02:35:00 -0700,2023-12-27 07:35:01 -0700,HKCategoryValueSleepAnalysisInBed
La Melodía,,2023-12-28 02:35:00 -0700,2023-12-28 07:35:00 -0700,HKCategoryValueSleepAnalysisInBed
La Melodía,,2023-12-29 02:35:00 -0700,2023-12-29 07:35:01 -0700,HKCategoryValueSleepAnalysisInBed
La Melodía,,2024-01-01 00:24:02 -0700,2024-01-01 00:32:48 -0700,HKCategoryValueSleepAnalysisInBed
La Melodía,,2024-01-01 00:32:49 -0700,2024-01-01 00:34:05 -0700,HKCategoryValueSleepAnalysisInBed
La Melodía,,2024-01-01 01:03:28 -0700,2024-01-01 01:03:32 -0700,HKCategoryValueSleepAnalysisInBed
La Melodía,,2024-01-01 01:13:15 -0700,2024-01-01 01:30:44 -0700,HKCategoryValueSleepAnalysisInBed
La Melodía,,2024-01-01 01:34:55 -0700,2024-01-01 01:38:36 -0700,HKCategoryValueSleepAnalysisInBed
La Melodía,,2024-01-01 01:39:48 -0700,2024-01-01 01:58:17 -0700,HKCategoryValueSleepAnalysisInBed
La Melodía,,2024-01-01 02:12:26 -0700,2024-01-01 02:13:04 -0700,HKCategoryValueSleepAnalysisInBed
La Melodía,,2024-01-01 02:16:11 -0700,2024-01-01 02:16:16 -0700,HKCategoryValueSleepAnalysisInBed
La Melodía,,2024-01-01 02:51:58 -0700,2024-01-01 02:52:10 -0700,HKCategoryValueSleepAnalysisInBed
La Melodía,,2024-01-01 03:44:21 -0700,2024-01-01 03:44:58 -0700,HKCategoryValueSleepAnalysisInBed
La Melodía,,2024-01-01 03:45:18 -0700,2024-01-01 07:00:00 -0700,HKCategoryValueSleepAnalysisInBed
La Melodía,,2024-01-03 01:10:00 -0700,2024-01-03 07:10:00 -0700,HKCategoryValueSleepAnalysisInBed
La Melodía,,2024-01-04 01:48:01 -0700,2024-01-04 07:10:02 -0700,HKCategoryValueSleepAnalysisInBed
La Melodía,,2024-01-05 01:43:26 -0700,2024-01-05 01:43:35 -0700,HKCategoryValueSleepAnalysisInBed
La Melodía,,2024-01-05 02:44:53 -0700,2024-01-05 08:30:09 -0700,HKCategoryValueSleepAnalysisInBed
La Melodía,,2024-01-08 00:45:00 -0700,2024-01-08 02:35:52 -0700,HKCategoryValueSleepAnalysisInBed
La Melodía,,2024-01-08 02:36:12 -0700,2024-01-08 02:39:34 -0700,HKCategoryValueSleepAnalysisInBed
La Melodía,,2024-01-08 02:39:48 -0700,2024-01-08 08:15:00 -0700,HKCategoryValueSleepAnalysisInBed
La Melodía,,2024-01-09 02:30:00 -0700,2024-01-09 09:16:28 -0700,HKCategoryValueSleepAnalysisInBed
La Melodía,,2024-01-09 09:16:47 -0700,2024-01-09 09:20:19 -0700,HKCategoryValueSleepAnalysisInBed
La Melodía,,2024-01-10 03:53:23 -0700,2024-01-10 08:58:09 -0700,HKCategoryValueSleepAnalysisInBed
La Melodía,,2024-01-10 08:58:11 -0700,2024-01-10 08:58:13 -0700,HKCategoryValueSleepAnalysisInBed
La Melodía,,2024-01-10 08:59:17 -0700,2024-01-10 09:00:35 -0700,HKCategoryValueSleepAnalysisInBed
La Melodía,,2024-01-10 09:18:46 -0700,2024-01-10 09:25:33 -0700,HKCategoryValueSleepAnalysisInBed
La Melodía,,2024-01-13 04:25:00 -0700,2024-01-13 10:30:30 -0700,HKCategoryValueSleepAnalysisInBed
La Melodía,,2024-01-14 23:35:00 -0700,2024-01-15 08:48:32 -0700,HKCategoryValueSleepAnalysisInBed
La Melodía,,2024-01-16 02:27:15 -0700,2024-01-16 09:06:55 -0700,HKCategoryValueSleepAnalysisInBed
La Melodía,,2024-01-16 09:11:11 -0700,2024-01-16 09:12:00 -0700,HKCategoryValueSleepAnalysisInBed
La Melodía,,2024-01-17 01:45:00 -0700,2024-01-17 08:48:21 -0700,HKCategoryValueSleepAnalysisInBed
La Melodía,,2024-01-18 01:00:00 -0700,2024-01-18 07:59:03 -0700,HKCategoryValueSleepAnalysisInBed
La Melodía,,2024-01-19 03:35:00 -0700,2024-01-19 09:14:31 -0700,HKCategoryValueSleepAnalysisInBed
La Melodía,,2024-01-19 09:14:48 -0700,2024-01-19 09:19:47 -0700,HKCategoryValueSleepAnalysisInBed
La Melodía,,2024-01-19 09:19:49 -0700,2024-01-19 09:19:53 -0700,HKCategoryValueSleepAnalysisInBed
La Melodía,,2024-01-22 03:00:00 -0700,2024-01-22 09:05:54 -0700,HKCategoryValueSleepAnalysisInBed
La Melodía,,2024-01-23 03:08:10 -0700,2024-01-23 06:20:00 -0700,HKCategoryValueSleepAnalysisInBed
La Melodía,,2024-01-24 02:05:00 -0700,2024-01-24 09:21:30 -0700,HKCategoryValueSleepAnalysisInBed
La Melodía,,2024-01-25 02:47:58 -0700,2024-01-25 08:38:09 -0700,HKCategoryValueSleepAnalysisInBed
La Melodía,,2024-01-26 02:05:00 -0700,2024-01-26 08:50:00 -0700,HKCategoryValueSleepAnalysisInBed
La Melodía,,2024-01-27 08:00:00 -0700,2024-01-27 13:29:05 -0700,HKCategoryValueSleepAnalysisInBed
La Melodía,,2024-01-29 02:26:43 -0700,2024-01-29 02:30:19 -0700,HKCategoryValueSleepAnalysisInBed
La Melodía,,2024-01-29 02:54:05 -0700,2024-01-29 02:54:27 -0700,HKCategoryValueSleepAnalysisInBed
La Melodía,,2024-01-29 02:54:57 -0700,2024-01-29 07:46:17 -0700,HKCategoryValueSleepAnalysisInBed
La Melodía,,2024-01-31 02:21:18 -0700,2024-01-31 09:10:46 -0700,HKCategoryValueSleepAnalysisInBed
La Melodía,,2024-02-01 02:05:03 -0700,2024-02-01 02:49:58 -0700,HKCategoryValueSleepAnalysisInBed
La Melodía,,2024-02-01 02:50:16 -0700,2024-02-01 02:50:37 -0700,HKCategoryValueSleepAnalysisInBed
La Melodía,,2024-02-01 02:50:42 -0700,2024-02-01 02:56:33 -0700,HKCategoryValueSleepAnalysisInBed
La Melodía,,2024-02-01 02:56:49 -0700,2024-02-01 03:01:28 -0700,HKCategoryValueSleepAnalysisInBed
La Melodía,,2024-02-01 03:02:31 -0700,2024-02-01 03:02:34 -0700,HKCategoryValueSleepAnalysisInBed
La Melodía,,2024-02-01 03:03:21 -0700,2024-02-01 03:04:31 -0700,HKCategoryValueSleepAnalysisInBed
La Melodía,,2024-02-02 02:13:49 -0700,2024-02-02 02:14:16 -0700,HKCategoryValueSleepAnalysisInBed
La Melodía,,2024-02-02 02:30:04 -0700,2024-02-02 03:13:02 -0700,HKCategoryValueSleepAnalysisInBed
La Melodía,,2024-02-02 03:13:31 -0700,2024-02-02 03:30:54 -0700,HKCategoryValueSleepAnalysisInBed
La Melodía,,2024-02-02 03:31:00 -0700,2024-02-02 03:40:40 -0700,HKCategoryValueSleepAnalysisInBed
La Melodía,,2024-02-02 04:00:06 -0700,2024-02-02 07:37:06 -0700,HKCategoryValueSleepAnalysisInBed
La Melodía,,2024-02-05 23:55:00 -0700,2024-02-06 01:28:09 -0700,HKCategoryValueSleepAnalysisInBed
La Melodía,,2024-02-06 01:35:04 -0700,2024-02-06 01:35:52 -0700,HKCategoryValueSleepAnalysisInBed
La Melodía,,2024-02-06 01:36:11 -0700,2024-02-06 01:37:18 -0700,HKCategoryValueSleepAnalysisInBed
La Melodía,,2024-02-06 01:40:24 -0700,2024-02-06 01:41:10 -0700,HKCategoryValueSleepAnalysisInBed
La Melodía,,2024-02-06 01:41:35 -0700,2024-02-06 02:34:05 -0700,HKCategoryValueSleepAnalysisInBed
La Melodía,,2024-02-06 02:34:32 -0700,2024-02-06 03:47:35 -0700,HKCategoryValueSleepAnalysisInBed
La Melodía,,2024-02-06 03:48:48 -0700,2024-02-06 03:49:13 -0700,HKCategoryValueSleepAnalysisInBed
La Melodía,,2024-02-06 03:50:31 -0700,2024-02-06 03:51:51 -0700,HKCategoryValueSleepAnalysisInBed
La Melodía,,2024-02-06 03:53:37 -0700,2024-02-06 04:28:14 -0700,HKCategoryValueSleepAnalysisInBed
La Melodía,,2024-02-06 04:28:44 -0700,2024-02-06 04:30:42 -0700,HKCategoryValueSleepAnalysisInBed
La Melodía,,2024-02-06 04:31:26 -0700,2024-02-06 04:31:33 -0700,HKCategoryValueSleepAnalysisInBed
La Melodía,,2024-02-06 04:33:23 -0700,2024-02-06 04:36:07 -0700,HKCategoryValueSleepAnalysisInBed
La Melodía,,2024-02-06 04:46:29 -0700,2024-02-06 04:52:12 -0700,HKCategoryValueSleepAnalysisInBed
La Melodía,,2024-02-06 04:53:48 -0700,2024-02-06 04:56:54 -0700,HKCategoryValueSleepAnalysisInBed
La Melodía,,2024-02-06 05:00:06 -0700,2024-02-06 05:18:44 -0700,HKCategoryValueSleepAnalysisInBed
La Melodía,,2024-02-06 05:19:09 -0700,2024-02-06 05:22:56 -0700,HKCategoryValueSleepAnalysisInBed
La Melodía,,2024-02-06 05:23:48 -0700,2024-02-06 05:26:06 -0700,HKCategoryValueSleepAnalysisInBed
La Melodía,,2024-02-06 05:26:40 -0700,2024-02-06 05:29:44 -0700,HKCategoryValueSleepAnalysisInBed
La Melodía,,2024-02-06 05:30:21 -0700,2024-02-06 05:32:24 -0700,HKCategoryValueSleepAnalysisInBed
La Melodía,,2024-02-06 05:33:09 -0700,2024-02-06 05:40:30 -0700,HKCategoryValueSleepAnalysisInBed
La Melodía,,2024-02-06 05:43:42 -0700,2024-02-06 07:45:02 -0700,HKCategoryValueSleepAnalysisInBed
La Melodía,,2024-02-07 00:55:44 -0700,2024-02-07 01:07:41 -0700,HKCategoryValueSleepAnalysisInBed
La Melodía,,2024-02-07 01:31:50 -0700,2024-02-07 01:32:03 -0700,HKCategoryValueSleepAnalysisInBed
La Melodía,,2024-02-07 01:36:05 -0700,2024-02-07 01:36:50 -0700,HKCategoryValueSleepAnalysisInBed
La Melodía,,2024-02-07 01:37:50 -0700,2024-02-07 07:28:16 -0700,HKCategoryValueSleepAnalysisInBed
La Melodía,,2024-02-07 07:30:00 -0700,2024-02-07 07:31:32 -0700,HKCategoryValueSleepAnalysisInBed
La Melodía,,2024-02-07 07:31:51 -0700,2024-02-07 07:38:11 -0700,HKCategoryValueSleepAnalysisInBed
La Melodía,,2024-02-07 07:38:15 -0700,2024-02-07 07:45:01 -0700,HKCategoryValueSleepAnalysisInBed
La Melodía,,2024-02-08 00:37:21 -0700,2024-02-08 01:21:07 -0700,HKCategoryValueSleepAnalysisInBed
La Melodía,,2024-02-08 01:21:27 -0700,2024-02-08 01:34:41 -0700,HKCategoryValueSleepAnalysisInBed
La Melodía,,2024-02-08 01:38:22 -0700,2024-02-08 01:44:01 -0700,HKCategoryValueSleepAnalysisInBed
La Melodía,,2024-02-08 01:44:17 -0700,2024-02-08 01:51:05 -0700,HKCategoryValueSleepAnalysisInBed
La Melodía,,2024-02-08 01:51:07 -0700,2024-02-08 02:01:07 -0700,HKCategoryValueSleepAnalysisInBed
La Melodía,,2024-02-08 02:01:33 -0700,2024-02-08 02:04:04 -0700,HKCategoryValueSleepAnalysisInBed
La Melodía,,2024-02-08 02:05:01 -0700,2024-02-08 02:32:28 -0700,HKCategoryValueSleepAnalysisInBed
La Melodía,,2024-02-08 02:32:33 -0700,2024-02-08 02:53:02 -0700,HKCategoryValueSleepAnalysisInBed
La Melodía,,2024-02-08 02:53:06 -0700,2024-02-08 03:21:51 -0700,HKCategoryValueSleepAnalysisInBed
La Melodía,,2024-02-08 03:22:03 -0700,2024-02-08 03:22:17 -0700,HKCategoryValueSleepAnalysisInBed
La Melodía,,2024-02-08 03:23:18 -0700,2024-02-08 03:24:12 -0700,HKCategoryValueSleepAnalysisInBed
La Melodía,,2024-02-08 03:24:16 -0700,2024-02-08 03:31:04 -0700,HKCategoryValueSleepAnalysisInBed
La Melodía,,2024-02-08 03:31:05 -0700,2024-02-08 07:45:00 -0700,HKCategoryValueSleepAnalysisInBed
La Melodía,,2024-02-09 01:14:29 -0700,2024-02-09 01:20:51 -0700,HKCategoryValueSleepAnalysisInBed
La Melodía,,2024-02-09 01:29:13 -0700,2024-02-09 01:34:39 -0700,HKCategoryValueSleepAnalysisInBed
La Melodía,,2024-02-09 01:35:41 -0700,2024-02-09 01:37:30 -0700,HKCategoryValueSleepAnalysisInBed
La Melodía,,2024-02-09 01:38:12 -0700,2024-02-09 01:48:03 -0700,HKCategoryValueSleepAnalysisInBed
La Melodía,,2024-02-09 01:48:14 -0700,2024-02-09 01:51:00 -0700,HKCategoryValueSleepAnalysisInBed
La Melodía,,2024-02-09 01:55:47 -0700,2024-02-09 02:12:05 -0700,HKCategoryValueSleepAnalysisInBed
La Melodía,,2024-02-09 02:17:39 -0700,2024-02-09 05:46:56 -0700,HKCategoryValueSleepAnalysisInBed
La Melodía,,2024-02-09 05:47:04 -0700,2024-02-09 07:45:02 -0700,HKCategoryValueSleepAnalysisInBed
La Melodía,,2024-02-12 01:30:40 -0700,2024-02-12 01:33:56 -0700,HKCategoryValueSleepAnalysisInBed
La Melodía,,2024-02-12 01:34:15 -0700,2024-02-12 01:40:12 -0700,HKCategoryValueSleepAnalysisInBed
La Melodía,,2024-02-12 01:41:15 -0700,2024-02-12 01:41:50 -0700,HKCategoryValueSleepAnalysisInBed
La Melodía,,2024-02-12 01:43:20 -0700,2024-02-12 01:43:22 -0700,HKCategoryValueSleepAnalysisInBed
La Melodía,,2024-02-12 01:47:12 -0700,2024-02-12 01:51:11 -0700,HKCategoryValueSleepAnalysisInBed
La Melodía,,2024-02-12 01:58:26 -0700,2024-02-12 02:16:25 -0700,HKCategoryValueSleepAnalysisInBed
La Melodía,,2024-02-12 02:17:21 -0700,2024-02-12 02:19:00 -0700,HKCategoryValueSleepAnalysisInBed
La Melodía,,2024-02-12 02:22:05 -0700,2024-02-12 02:23:32 -0700,HKCategoryValueSleepAnalysisInBed
La Melodía,,2024-02-12 02:24:02 -0700,2024-02-12 03:08:50 -0700,HKCategoryValueSleepAnalysisInBed
La Melodía,,2024-02-12 03:08:54 -0700,2024-02-12 03:17:35 -0700,HKCategoryValueSleepAnalysisInBed
La Melodía,,2024-02-12 03:18:32 -0700,2024-02-12 03:19:12 -0700,HKCategoryValueSleepAnalysisInBed
La Melodía,,2024-02-12 03:20:15 -0700,2024-02-12 03:20:22 -0700,HKCategoryValueSleepAnalysisInBed
La Melodía,,2024-02-12 03:23:35 -0700,2024-02-12 04:12:18 -0700,HKCategoryValueSleepAnalysisInBed
La Melodía,,2024-02-12 04:14:27 -0700,2024-02-12 04:14:30 -0700,HKCategoryValueSleepAnalysisInBed
La Melodía,,2024-02-12 04:17:37 -0700,2024-02-12 04:29:15 -0700,HKCategoryValueSleepAnalysisInBed
La Melodía,,2024-02-12 04:29:28 -0700,2024-02-12 05:11:32 -0700,HKCategoryValueSleepAnalysisInBed
La Melodía,,2024-02-12 05:12:43 -0700,2024-02-12 05:18:05 -0700,HKCategoryValueSleepAnalysisInBed
La Melodía,,2024-02-12 05:18:08 -0700,2024-02-12 05:23:37 -0700,HKCategoryValueSleepAnalysisInBed
La Melodía,,2024-02-12 05:23:39 -0700,2024-02-12 06:43:55 -0700,HKCategoryValueSleepAnalysisInBed
La Melodía,,2024-02-12 06:43:57 -0700,2024-02-12 07:25:12 -0700,HKCategoryValueSleepAnalysisInBed
La Melodía,,2024-02-12 07:25:22 -0700,2024-02-12 07:26:22 -0700,HKCategoryValueSleepAnalysisInBed
La Melodía,,2024-02-12 07:26:49 -0700,2024-02-12 07:45:00 -0700,HKCategoryValueSleepAnalysisInBed
La Melodía,,2024-02-12 23:59:46 -0700,2024-02-13 07:45:01 -0700,HKCategoryValueSleepAnalysisInBed
La Melodía,,2024-02-14 00:44:52 -0700,2024-02-14 07:45:01 -0700,HKCategoryValueSleepAnalysisInBed
La Melodía,,2024-02-15 01:10:08 -0700,2024-02-15 01:10:32 -0700,HKCategoryValueSleepAnalysisInBed
La Melodía,,2024-02-15 01:15:15 -0700,2024-02-15 07:45:02 -0700,HKCategoryValueSleepAnalysisInBed
La Melodía,,2024-02-16 03:05:02 -0700,2024-02-16 09:09:09 -0700,HKCategoryValueSleepAnalysisInBed
La Melodía,,2024-02-19 01:50:00 -0700,2024-02-19 09:18:44 -0700,HKCategoryValueSleepAnalysisInBed
La Melodía,,2024-02-19 09:18:51 -0700,2024-02-19 09:18:52 -0700,HKCategoryValueSleepAnalysisInBed
La Melodía,,2024-02-19 09:18:54 -0700,2024-02-19 09:18:56 -0700,HKCategoryValueSleepAnalysisInBed
La Melodía,,2024-02-20 03:05:01 -0700,2024-02-20 03:05:10 -0700,HKCategoryValueSleepAnalysisInBed
La Melodía,,2024-02-20 03:21:57 -0700,2024-02-20 03:25:01 -0700,HKCategoryValueSleepAnalysisInBed
La Melodía,,2024-02-20 03:29:04 -0700,2024-02-20 03:30:39 -0700,HKCategoryValueSleepAnalysisInBed
La Melodía,,2024-02-20 03:35:18 -0700,2024-02-20 03:38:58 -0700,HKCategoryValueSleepAnalysisInBed
La Melodía,,2024-02-20 03:40:46 -0700,2024-02-20 04:14:44 -0700,HKCategoryValueSleepAnalysisInBed
La Melodía,,2024-02-20 04:15:00 -0700,2024-02-20 04:21:46 -0700,HKCategoryValueSleepAnalysisInBed
La Melodía,,2024-02-20 04:28:59 -0700,2024-02-20 10:04:02 -0700,HKCategoryValueSleepAnalysisInBed
La Melodía,,2024-02-21 02:48:09 -0700,2024-02-21 04:02:26 -0700,HKCategoryValueSleepAnalysisInBed
La Melodía,,2024-02-21 04:03:01 -0700,2024-02-21 04:14:38 -0700,HKCategoryValueSleepAnalysisInBed
La Melodía,,2024-02-21 04:14:57 -0700,2024-02-21 04:24:29 -0700,HKCategoryValueSleepAnalysisInBed
La Melodía,,2024-02-21 04:24:47 -0700,2024-02-21 04:27:41 -0700,HKCategoryValueSleepAnalysisInBed
La Melodía,,2024-02-21 04:32:57 -0700,2024-02-21 04:39:20 -0700,HKCategoryValueSleepAnalysisInBed
La Melodía,,2024-02-21 04:39:20 -0700,2024-02-21 04:54:02 -0700,HKCategoryValueSleepAnalysisInBed
La Melodía,,2024-02-21 04:58:04 -0700,2024-02-21 04:58:16 -0700,HKCategoryValueSleepAnalysisInBed
La Melodía,,2024-02-21 04:59:46 -0700,2024-02-21 05:01:37 -0700,HKCategoryValueSleepAnalysisInBed
La Melodía,,2024-02-21 05:02:33 -0700,2024-02-21 05:13:29 -0700,HKCategoryValueSleepAnalysisInBed
La Melodía,,2024-02-21 05:17:57 -0700,2024-02-21 05:19:55 -0700,HKCategoryValueSleepAnalysisInBed
La Melodía,,2024-02-21 05:24:26 -0700,2024-02-21 05:24:38 -0700,HKCategoryValueSleepAnalysisInBed
La Melodía,,2024-02-21 05:34:04 -0700,2024-02-21 05:34:18 -0700,HKCategoryValueSleepAnalysisInBed
La Melodía,,2024-02-21 05:34:30 -0700,2024-02-21 05:39:56 -0700,HKCategoryValueSleepAnalysisInBed
La Melodía,,2024-02-21 05:48:16 -0700,2024-02-21 05:51:33 -0700,HKCategoryValueSleepAnalysisInBed
La Melodía,,2024-02-21 05:51:40 -0700,2024-02-21 06:00:05 -0700,HKCategoryValueSleepAnalysisInBed
La Melodía,,2024-02-21 06:06:46 -0700,2024-02-21 06:22:19 -0700,HKCategoryValueSleepAnalysisInBed
La Melodía,,2024-02-21 07:42:14 -0700,2024-02-21 07:46:06 -0700,HKCategoryValueSleepAnalysisInBed
La Melodía,,2024-02-21 08:02:46 -0700,2024-02-21 08:03:17 -0700,HKCategoryValueSleepAnalysisInBed
La Melodía,,2024-02-21 08:03:46 -0700,2024-02-21 08:06:42 -0700,HKCategoryValueSleepAnalysisInBed
La Melodía,,2024-02-21 08:07:28 -0700,2024-02-21 08:50:15 -0700,HKCategoryValueSleepAnalysisInBed
La Melodía,,2024-02-22 02:34:15 -0700,2024-02-22 05:48:34 -0700,HKCategoryValueSleepAnalysisInBed
La Melodía,,2024-02-22 05:48:48 -0700,2024-02-22 08:50:50 -0700,HKCategoryValueSleepAnalysisInBed
La Melodía,,2024-02-23 01:50:00 -0700,2024-02-23 09:05:06 -0700,HKCategoryValueSleepAnalysisInBed
La Melodía,,2024-02-23 09:05:21 -0700,2024-02-23 09:22:15 -0700,HKCategoryValueSleepAnalysisInBed
La Melodía,,2024-02-23 09:25:50 -0700,2024-02-23 09:26:22 -0700,HKCategoryValueSleepAnalysisInBed
La Melodía,,2024-02-24 03:05:00 -0700,2024-02-24 08:06:09 -0700,HKCategoryValueSleepAnalysisInBed
La Melodía,,2024-02-24 08:06:24 -0700,2024-02-24 13:10:15 -0700,HKCategoryValueSleepAnalysisInBed
La Melodía,,2024-02-25 03:30:00 -0700,2024-02-25 10:34:54 -0700,HKCategoryValueSleepAnalysisInBed
La Melodía,,2024-02-26 02:23:22 -0700,2024-02-26 03:25:39 -0700,HKCategoryValueSleepAnalysisInBed
La Melodía,,2024-02-26 03:26:16 -0700,2024-02-26 03:27:54 -0700,HKCategoryValueSleepAnalysisInBed
La Melodía,,2024-02-26 03:31:02 -0700,2024-02-26 04:03:51 -0700,HKCategoryValueSleepAnalysisInBed
La Melodía,,2024-02-26 04:05:02 -0700,2024-02-26 04:06:25 -0700,HKCategoryValueSleepAnalysisInBed
La Melodía,,2024-02-26 04:06:51 -0700,2024-02-26 04:11:13 -0700,HKCategoryValueSleepAnalysisInBed
La Melodía,,2024-02-26 04:11:15 -0700,2024-02-26 04:12:29 -0700,HKCategoryValueSleepAnalysisInBed
La Melodía,,2024-02-26 04:12:36 -0700,2024-02-26 04:30:52 -0700,HKCategoryValueSleepAnalysisInBed
La Melodía,,2024-02-26 04:34:04 -0700,2024-02-26 04:49:10 -0700,HKCategoryValueSleepAnalysisInBed
La Melodía,,2024-02-26 04:49:41 -0700,2024-02-26 09:28:47 -0700,HKCategoryValueSleepAnalysisInBed
La Melodía,,2024-02-27 01:58:15 -0700,2024-02-27 08:52:21 -0700,HKCategoryValueSleepAnalysisInBed
La Melodía,,2024-02-28 02:24:18 -0700,2024-02-28 09:18:23 -0700,HKCategoryValueSleepAnalysisInBed
La Melodía,,2024-02-29 02:34:29 -0700,2024-02-29 09:11:21 -0700,HKCategoryValueSleepAnalysisInBed
La Melodía,,2024-02-29 09:11:39 -0700,2024-02-29 09:15:17 -0700,HKCategoryValueSleepAnalysisInBed
La Melodía,,2024-02-29 09:16:23 -0700,2024-02-29 09:20:19 -0700,HKCategoryValueSleepAnalysisInBed
La Melodía,,2024-03-01 01:50:00 -0700,2024-03-01 08:53:39 -0700,HKCategoryValueSleepAnalysisInBed
La Melodía,,2024-03-01 08:54:17 -0700,2024-03-01 09:29:28 -0700,HKCategoryValueSleepAnalysisInBed
La Melodía,,2024-03-04 01:40:00 -0700,2024-03-04 07:30:32 -0700,HKCategoryValueSleepAnalysisInBed
La Melodía,,2024-03-04 07:30:45 -0700,2024-03-04 09:16:47 -0700,HKCategoryValueSleepAnalysisInBed
La Melodía,,2024-03-05 02:59:54 -0700,2024-03-05 03:10:01 -0700,HKCategoryValueSleepAnalysisInBed
La Melodía,,2024-03-05 03:10:12 -0700,2024-03-05 04:44:31 -0700,HKCategoryValueSleepAnalysisInBed
La Melodía,,2024-03-05 04:45:04 -0700,2024-03-05 07:41:25 -0700,HKCategoryValueSleepAnalysisInBed
La Melodía,,2024-03-06 02:31:08 -0700,2024-03-06 02:38:47 -0700,HKCategoryValueSleepAnalysisInBed
La Melodía,,2024-03-06 03:28:07 -0700,2024-03-06 07:41:32 -0700,HKCategoryValueSleepAnalysisInBed
La Melodía,,2024-03-07 02:53:32 -0700,2024-03-07 05:09:47 -0700,HKCategoryValueSleepAnalysisInBed
La Melodía,,2024-03-07 05:10:08 -0700,2024-03-07 05:11:30 -0700,HKCategoryValueSleepAnalysisInBed
La Melodía,,2024-03-07 05:11:46 -0700,2024-03-07 13:54:27 -0700,HKCategoryValueSleepAnalysisInBed
La Melodía,,2024-03-08 03:07:46 -0700,2024-03-08 03:26:41 -0700,HKCategoryValueSleepAnalysisInBed
La Melodía,,2024-03-08 03:33:23 -0700,2024-03-08 03:37:41 -0700,HKCategoryValueSleepAnalysisInBed
La Melodía,,2024-03-08 03:38:09 -0700,2024-03-08 04:04:18 -0700,HKCategoryValueSleepAnalysisInBed
La Melodía,,2024-03-08 04:04:40 -0700,2024-03-08 04:15:33 -0700,HKCategoryValueSleepAnalysisInBed
La Melodía,,2024-03-08 04:17:09 -0700,2024-03-08 04:18:17 -0700,HKCategoryValueSleepAnalysisInBed
La Melodía,,2024-03-08 04:18:21 -0700,2024-03-08 04:18:22 -0700,HKCategoryValueSleepAnalysisInBed
La Melodía,,2024-03-08 04:18:38 -0700,2024-03-08 04:25:37 -0700,HKCategoryValueSleepAnalysisInBed
La Melodía,,2024-03-08 04:25:49 -0700,2024-03-08 04:26:01 -0700,HKCategoryValueSleepAnalysisInBed
La Melodía,,2024-03-08 04:29:21 -0700,2024-03-08 04:59:59 -0700,HKCategoryValueSleepAnalysisInBed
La Melodía,,2024-03-08 05:00:15 -0700,2024-03-08 05:02:57 -0700,HKCategoryValueSleepAnalysisInBed
La Melodía,,2024-03-08 05:04:38 -0700,2024-03-08 05:10:15 -0700,HKCategoryValueSleepAnalysisInBed
La Melodía,,2024-03-08 05:11:09 -0700,2024-03-08 05:19:02 -0700,HKCategoryValueSleepAnalysisInBed
La Melodía,,2024-03-08 05:23:36 -0700,2024-03-08 05:25:57 -0700,HKCategoryValueSleepAnalysisInBed
La Melodía,,2024-03-08 05:26:03 -0700,2024-03-08 05:27:26 -0700,HKCategoryValueSleepAnalysisInBed
La Melodía,,2024-03-08 05:37:47 -0700,2024-03-08 05:37:51 -0700,HKCategoryValueSleepAnalysisInBed
La Melodía,,2024-03-08 05:38:23 -0700,2024-03-08 05:38:54 -0700,HKCategoryValueSleepAnalysisInBed
La Melodía,,2024-03-08 05:39:24 -0700,2024-03-08 09:14:00 -0700,HKCategoryValueSleepAnalysisInBed
La Melodía,,2024-03-09 03:17:40 -0700,2024-03-09 10:08:01 -0700,HKCategoryValueSleepAnalysisInBed
La Melodía,,2024-03-11 03:00:00 -0700,2024-03-11 08:25:30 -0700,HKCategoryValueSleepAnalysisInBed
La Melodía,,2024-03-12 03:00:00 -0700,2024-03-12 08:30:01 -0700,HKCategoryValueSleepAnalysisInBed
La Melodía,,2024-03-13 03:00:00 -0700,2024-03-13 08:01:05 -0700,HKCategoryValueSleepAnalysisInBed
La Melodía,,2024-03-13 08:01:08 -0700,2024-03-13 08:37:08 -0700,HKCategoryValueSleepAnalysisInBed
La Melodía,,2024-03-13 08:37:39 -0700,2024-03-13 08:39:17 -0700,HKCategoryValueSleepAnalysisInBed
La Melodía,,2024-03-14 03:00:00 -0700,2024-03-14 08:46:08 -0700,HKCategoryValueSleepAnalysisInBed
La Melodía,,2024-03-15 03:25:59 -0700,2024-03-15 08:23:21 -0700,HKCategoryValueSleepAnalysisInBed
La Melodía,,2024-03-15 08:23:59 -0700,2024-03-15 08:39:32 -0700,HKCategoryValueSleepAnalysisInBed
La Melodía,,2024-03-16 01:00:00 -0700,2024-03-16 10:13:56 -0700,HKCategoryValueSleepAnalysisInBed
La Melodía,,2024-03-18 04:00:00 -0700,2024-03-18 08:07:00 -0700,HKCategoryValueSleepAnalysisInBed
La Melodía,,2024-03-19 04:26:22 -0700,2024-03-19 10:20:20 -0700,HKCategoryValueSleepAnalysisInBed
La Melodía,,2024-03-20 03:03:55 -0700,2024-03-20 10:30:43 -0700,HKCategoryValueSleepAnalysisInBed
La Melodía,,2024-03-21 02:20:00 -0700,2024-03-21 11:35:35 -0700,HKCategoryValueSleepAnalysisInBed
La Melodía,,2024-03-22 02:20:00 -0700,2024-03-22 08:25:31 -0700,HKCategoryValueSleepAnalysisInBed
La Melodía,,2024-03-22 08:28:01 -0700,2024-03-22 08:29:18 -0700,HKCategoryValueSleepAnalysisInBed
La Melodía,,2024-03-22 08:29:22 -0700,2024-03-22 08:29:23 -0700,HKCategoryValueSleepAnalysisInBed
La Melodía,,2024-03-25 04:00:00 -0700,2024-03-25 07:51:15 -0700,HKCategoryValueSleepAnalysisInBed
La Melodía,,2024-03-25 07:51:39 -0700,2024-03-25 08:11:08 -0700,HKCategoryValueSleepAnalysisInBed
La Melodía,,2024-03-25 08:11:12 -0700,2024-03-25 08:16:58 -0700,HKCategoryValueSleepAnalysisInBed
La Melodía,,2024-03-26 04:00:00 -0700,2024-03-26 08:11:00 -0700,HKCategoryValueSleepAnalysisInBed
La Melodía,,2024-03-27 04:00:00 -0700,2024-03-27 05:58:08 -0700,HKCategoryValueSleepAnalysisInBed
La Melodía,,2024-03-27 05:58:40 -0700,2024-03-27 06:11:36 -0700,HKCategoryValueSleepAnalysisInBed
La Melodía,,2024-03-27 06:19:50 -0700,2024-03-27 06:20:11 -0700,HKCategoryValueSleepAnalysisInBed
La Melodía,,2024-03-27 06:31:27 -0700,2024-03-27 08:19:17 -0700,HKCategoryValueSleepAnalysisInBed
La Melodía,,2024-03-28 04:00:00 -0700,2024-03-28 08:10:35 -0700,HKCategoryValueSleepAnalysisInBed
La Melodía,,2024-03-29 04:00:00 -0700,2024-03-29 08:39:49 -0700,HKCategoryValueSleepAnalysisInBed
La Melodía,,2024-04-01 04:00:00 -0700,2024-04-01 08:32:09 -0700,HKCategoryValueSleepAnalysisInBed
La Melodía,,2024-04-01 08:33:17 -0700,2024-04-01 08:37:23 -0700,HKCategoryValueSleepAnalysisInBed
La Melodía,,2024-04-02 03:00:00 -0700,2024-04-02 10:23:37 -0700,HKCategoryValueSleepAnalysisInBed
La Melodía,,2024-04-02 10:25:27 -0700,2024-04-02 10:32:28 -0700,HKCategoryValueSleepAnalysisInBed
La Melodía,,2024-04-03 03:00:00 -0700,2024-04-03 08:36:40 -0700,HKCategoryValueSleepAnalysisInBed
La Melodía,,2024-04-03 08:39:08 -0700,2024-04-03 08:41:21 -0700,HKCategoryValueSleepAnalysisInBed
La Melodía,,2024-04-03 08:42:14 -0700,2024-04-03 08:44:20 -0700,HKCategoryValueSleepAnalysisInBed
La Melodía,,2024-04-03 08:44:23 -0700,2024-04-03 08:46:46 -0700,HKCategoryValueSleepAnalysisInBed
La Melodía,,2024-04-03 08:47:48 -0700,2024-04-03 09:11:31 -0700,HKCategoryValueSleepAnalysisInBed
La Melodía,,2024-04-03 09:19:13 -0700,2024-04-03 09:27:54 -0700,HKCategoryValueSleepAnalysisInBed
La Melodía,,2024-04-03 09:28:01 -0700,2024-04-03 09:34:00 -0700,HKCategoryValueSleepAnalysisInBed
La Melodía,,2024-04-03 09:34:18 -0700,2024-04-03 09:36:22 -0700,HKCategoryValueSleepAnalysisInBed
La Melodía,,2024-04-03 09:36:29 -0700,2024-04-03 10:27:00 -0700,HKCategoryValueSleepAnalysisInBed
La Melodía,,2024-04-03 10:37:39 -0700,2024-04-03 10:42:43 -0700,HKCategoryValueSleepAnalysisInBed
La Melodía,,2024-04-03 10:44:01 -0700,2024-04-03 10:49:16 -0700,HKCategoryValueSleepAnalysisInBed
La Melodía,,2024-04-03 10:49:32 -0700,2024-04-03 10:54:56 -0700,HKCategoryValueSleepAnalysisInBed
La Melodía,,2024-04-03 10:58:43 -0700,2024-04-03 10:58:50 -0700,HKCategoryValueSleepAnalysisInBed
La Melodía,,2024-04-03 10:59:18 -0700,2024-04-03 10:59:37 -0700,HKCategoryValueSleepAnalysisInBed
La Melodía,,2024-04-04 04:15:39 -0700,2024-04-04 04:29:56 -0700,HKCategoryValueSleepAnalysisInBed
La Melodía,,2024-04-04 04:30:09 -0700,2024-04-04 04:34:39 -0700,HKCategoryValueSleepAnalysisInBed
La Melodía,,2024-04-04 04:34:44 -0700,2024-04-04 04:46:02 -0700,HKCategoryValueSleepAnalysisInBed
La Melodía,,2024-04-04 04:46:11 -0700,2024-04-04 04:46:26 -0700,HKCategoryValueSleepAnalysisInBed
La Melodía,,2024-04-04 04:47:07 -0700,2024-04-04 05:03:28 -0700,HKCategoryValueSleepAnalysisInBed
La Melodía,,2024-04-04 05:03:34 -0700,2024-04-04 11:00:01 -0700,HKCategoryValueSleepAnalysisInBed
La Melodía,,2024-04-05 03:00:00 -0700,2024-04-05 05:25:53 -0700,HKCategoryValueSleepAnalysisInBed
La Melodía,,2024-04-05 05:26:27 -0700,2024-04-05 09:32:48 -0700,HKCategoryValueSleepAnalysisInBed
La Melodía,,2024-04-08 03:00:00 -0700,2024-04-08 07:31:36 -0700,HKCategoryValueSleepAnalysisInBed
La Melodía,,2024-04-08 07:31:48 -0700,2024-04-08 08:11:07 -0700,HKCategoryValueSleepAnalysisInBed
La Melodía,,2024-04-08 08:11:36 -0700,2024-04-08 08:38:09 -0700,HKCategoryValueSleepAnalysisInBed
La Melodía,,2024-04-08 08:38:23 -0700,2024-04-08 08:56:29 -0700,HKCategoryValueSleepAnalysisInBed
La Melodía,,2024-04-08 08:56:35 -0700,2024-04-08 09:15:21 -0700,HKCategoryValueSleepAnalysisInBed
La Melodía,,2024-04-08 09:15:34 -0700,2024-04-08 09:34:18 -0700,HKCategoryValueSleepAnalysisInBed
La Melodía,,2024-04-08 09:40:39 -0700,2024-04-08 09:40:44 -0700,HKCategoryValueSleepAnalysisInBed
La Melodía,,2024-04-08 09:41:29 -0700,2024-04-08 09:43:53 -0700,HKCategoryValueSleepAnalysisInBed
La Melodía,,2024-04-08 09:44:49 -0700,2024-04-08 09:45:27 -0700,HKCategoryValueSleepAnalysisInBed
La Melodía,,2024-04-08 09:45:38 -0700,2024-04-08 09:46:42 -0700,HKCategoryValueSleepAnalysisInBed
La Melodía,,2024-04-08 09:46:49 -0700,2024-04-08 09:46:58 -0700,HKCategoryValueSleepAnalysisInBed
La Melodía,,2024-04-08 09:47:01 -0700,2024-04-08 09:48:33 -0700,HKCategoryValueSleepAnalysisInBed
La Melodía,,2024-04-08 09:58:21 -0700,2024-04-08 10:00:59 -0700,HKCategoryValueSleepAnalysisInBed
La Melodía,,2024-04-08 10:05:23 -0700,2024-04-08 10:07:49 -0700,HKCategoryValueSleepAnalysisInBed
La Melodía,,2024-04-08 10:09:28 -0700,2024-04-08 10:10:55 -0700,HKCategoryValueSleepAnalysisInBed
La Melodía,,2024-04-08 10:12:17 -0700,2024-04-08 10:27:06 -0700,HKCategoryValueSleepAnalysisInBed
La Melodía,,2024-04-08 10:31:39 -0700,2024-04-08 10:42:30 -0700,HKCategoryValueSleepAnalysisInBed
La Melodía,,2024-04-09 02:20:00 -0700,2024-04-09 10:20:02 -0700,HKCategoryValueSleepAnalysisInBed
La Melodía,,2024-04-10 02:57:38 -0700,2024-04-10 06:37:18 -0700,HKCategoryValueSleepAnalysisInBed
La Melodía,,2024-04-10 06:37:28 -0700,2024-04-10 06:37:31 -0700,HKCategoryValueSleepAnalysisInBed
La Melodía,,2024-04-10 06:37:41 -0700,2024-04-10 06:50:07 -0700,HKCategoryValueSleepAnalysisInBed
La Melodía,,2024-04-10 06:52:33 -0700,2024-04-10 06:52:49 -0700,HKCategoryValueSleepAnalysisInBed
La Melodía,,2024-04-10 06:55:37 -0700,2024-04-10 06:57:42 -0700,HKCategoryValueSleepAnalysisInBed
La Melodía,,2024-04-10 07:06:25 -0700,2024-04-10 08:11:14 -0700,HKCategoryValueSleepAnalysisInBed
La Melodía,,2024-04-10 08:11:34 -0700,2024-04-10 08:26:58 -0700,HKCategoryValueSleepAnalysisInBed
La Melodía,,2024-04-10 08:27:19 -0700,2024-04-10 08:29:49 -0700,HKCategoryValueSleepAnalysisInBed
La Melodía,,2024-04-10 08:29:54 -0700,2024-04-10 08:32:07 -0700,HKCategoryValueSleepAnalysisInBed
La Melodía,,2024-04-10 08:39:19 -0700,2024-04-10 08:39:22 -0700,HKCategoryValueSleepAnalysisInBed
La Melodía,,2024-04-10 08:39:29 -0700,2024-04-10 09:02:03 -0700,HKCategoryValueSleepAnalysisInBed
La Melodía,,2024-04-10 09:02:16 -0700,2024-04-10 09:03:55 -0700,HKCategoryValueSleepAnalysisInBed
La Melodía,,2024-04-10 09:04:28 -0700,2024-04-10 09:22:46 -0700,HKCategoryValueSleepAnalysisInBed
La Melodía,,2024-04-10 09:23:36 -0700,2024-04-10 09:23:56 -0700,HKCategoryValueSleepAnalysisInBed
La Melodía,,2024-04-10 09:25:01 -0700,2024-04-10 09:37:57 -0700,HKCategoryValueSleepAnalysisInBed
La Melodía,,2024-04-10 09:39:06 -0700,2024-04-10 09:44:12 -0700,HKCategoryValueSleepAnalysisInBed
La Melodía,,2024-04-10 09:57:47 -0700,2024-04-10 09:59:07 -0700,HKCategoryValueSleepAnalysisInBed
La Melodía,,2024-04-10 09:59:21 -0700,2024-04-10 10:14:55 -0700,HKCategoryValueSleepAnalysisInBed
La Melodía,,2024-04-10 10:15:57 -0700,2024-04-10 10:16:04 -0700,HKCategoryValueSleepAnalysisInBed
La Melodía,,2024-04-10 10:16:33 -0700,2024-04-10 10:18:41 -0700,HKCategoryValueSleepAnalysisInBed
La Melodía,,2024-04-10 10:19:14 -0700,2024-04-10 10:20:02 -0700,HKCategoryValueSleepAnalysisInBed
La Melodía,,2024-04-11 02:10:35 -0700,2024-04-11 10:36:35 -0700,HKCategoryValueSleepAnalysisInBed
La Melodía,,2024-04-12 03:30:00 -0700,2024-04-12 03:39:06 -0700,HKCategoryValueSleepAnalysisInBed
La Melodía,,2024-04-12 03:40:10 -0700,2024-04-12 04:09:59 -0700,HKCategoryValueSleepAnalysisInBed
La Melodía,,2024-04-12 04:10:06 -0700,2024-04-12 07:27:18 -0700,HKCategoryValueSleepAnalysisInBed
La Melodía,,2024-04-15 02:04:16 -0700,2024-04-15 07:17:39 -0700,HKCategoryValueSleepAnalysisInBed
La Melodía,,2024-04-16 00:35:00 -0700,2024-04-16 09:11:10 -0700,HKCategoryValueSleepAnalysisInBed
La Melodía,,2024-04-17 01:57:25 -0700,2024-04-17 01:57:26 -0700,HKCategoryValueSleepAnalysisInBed
La Melodía,,2024-04-17 02:09:38 -0700,2024-04-17 07:47:37 -0700,HKCategoryValueSleepAnalysisInBed
La Melodía,,2024-04-17 07:48:00 -0700,2024-04-17 08:25:28 -0700,HKCategoryValueSleepAnalysisInBed
La Melodía,,2024-04-18 00:35:00 -0700,2024-04-18 12:08:16 -0700,HKCategoryValueSleepAnalysisInBed
La Melodía,,2024-04-19 01:27:14 -0700,2024-04-19 09:03:02 -0700,HKCategoryValueSleepAnalysisInBed
La Melodía,,2024-04-22 02:20:00 -0700,2024-04-22 07:30:39 -0700,HKCategoryValueSleepAnalysisInBed
La Melodía,,2024-04-23 02:21:14 -0700,2024-04-23 07:45:58 -0700,HKCategoryValueSleepAnalysisInBed
La Melodía,,2024-04-24 02:20:00 -0700,2024-04-24 07:30:00 -0700,HKCategoryValueSleepAnalysisInBed
La Melodía,,2024-04-25 02:05:00 -0700,2024-04-25 09:00:22 -0700,HKCategoryValueSleepAnalysisInBed
La Melodía,,2024-04-26 02:05:00 -0700,2024-04-26 06:20:25 -0700,HKCategoryValueSleepAnalysisInBed
La Melodía,,2024-04-29 02:05:00 -0700,2024-04-29 08:16:54 -0700,HKCategoryValueSleepAnalysisInBed
La Melodía,,2024-04-30 02:40:00 -0700,2024-04-30 10:50:34 -0700,HKCategoryValueSleepAnalysisInBed
La Melodía,,2024-05-01 03:15:00 -0700,2024-05-01 07:39:13 -0700,HKCategoryValueSleepAnalysisInBed
La Melodía,,2024-05-01 07:39:55 -0700,2024-05-01 07:43:44 -0700,HKCategoryValueSleepAnalysisInBed
La Melodía,,2024-05-01 07:43:52 -0700,2024-05-01 07:43:58 -0700,HKCategoryValueSleepAnalysisInBed
La Melodía,,2024-05-02 03:15:00 -0700,2024-05-02 10:04:04 -0700,HKCategoryValueSleepAnalysisInBed
La Melodía,,2024-05-03 03:15:00 -0700,2024-05-03 06:55:01 -0700,HKCategoryValueSleepAnalysisInBed
La Melodía,,2024-05-04 09:38:53 -0700,2024-05-04 10:56:35 -0700,HKCategoryValueSleepAnalysisInBed
La Melodía,,2024-05-04 10:56:56 -0700,2024-05-04 10:57:01 -0700,HKCategoryValueSleepAnalysisInBed
La Melodía,,2024-05-06 04:32:29 -0700,2024-05-06 06:55:00 -0700,HKCategoryValueSleepAnalysisInBed
La Melodía,,2024-05-07 03:15:00 -0700,2024-05-07 06:55:00 -0700,HKCategoryValueSleepAnalysisInBed
La Melodía,,2024-05-08 03:15:00 -0700,2024-05-08 06:55:02 -0700,HKCategoryValueSleepAnalysisInBed
La Melodía,,2024-05-09 04:54:58 -0700,2024-05-09 06:55:00 -0700,HKCategoryValueSleepAnalysisInBed
La Melodía,,2024-05-10 03:15:00 -0700,2024-05-10 06:55:01 -0700,HKCategoryValueSleepAnalysisInBed
La Melodía,,2024-05-13 03:15:00 -0700,2024-05-13 06:55:00 -0700,HKCategoryValueSleepAnalysisInBed
La Melodía,,2024-05-14 01:25:00 -0700,2024-05-14 09:54:27 -0700,HKCategoryValueSleepAnalysisInBed
La Melodía,,2024-05-15 02:52:11 -0700,2024-05-15 02:59:57 -0700,HKCategoryValueSleepAnalysisInBed
La Melodía,,2024-05-15 03:03:18 -0700,2024-05-15 03:04:13 -0700,HKCategoryValueSleepAnalysisInBed
La Melodía,,2024-05-15 03:05:41 -0700,2024-05-15 03:05:52 -0700,HKCategoryValueSleepAnalysisInBed
La Melodía,,2024-05-15 03:28:59 -0700,2024-05-15 03:29:52 -0700,HKCategoryValueSleepAnalysisInBed
La Melodía,,2024-05-15 03:31:05 -0700,2024-05-15 03:33:43 -0700,HKCategoryValueSleepAnalysisInBed
La Melodía,,2024-05-15 03:48:27 -0700,2024-05-15 08:05:06 -0700,HKCategoryValueSleepAnalysisInBed
La Melodía,,2024-05-15 08:10:43 -0700,2024-05-15 08:11:59 -0700,HKCategoryValueSleepAnalysisInBed
La Melodía,,2024-05-16 01:25:00 -0700,2024-05-16 09:00:35 -0700,HKCategoryValueSleepAnalysisInBed
La Melodía,,2024-05-20 02:33:16 -0700,2024-05-20 03:42:47 -0700,HKCategoryValueSleepAnalysisInBed
La Melodía,,2024-05-20 03:43:49 -0700,2024-05-20 08:26:43 -0700,HKCategoryValueSleepAnalysisInBed
La Melodía,,2024-05-21 01:25:00 -0700,2024-05-21 08:07:39 -0700,HKCategoryValueSleepAnalysisInBed
La Melodía,,2024-05-22 02:27:56 -0700,2024-05-22 08:05:09 -0700,HKCategoryValueSleepAnalysisInBed
La Melodía,,2024-05-23 03:30:14 -0700,2024-05-23 09:22:56 -0700,HKCategoryValueSleepAnalysisInBed
La Melodía,,2024-05-23 09:23:07 -0700,2024-05-23 09:34:30 -0700,HKCategoryValueSleepAnalysisInBed
La Melodía,,2024-05-24 01:43:20 -0700,2024-05-24 08:13:02 -0700,HKCategoryValueSleepAnalysisInBed
La Melodía,,2024-05-27 01:40:00 -0700,2024-05-27 06:13:34 -0700,HKCategoryValueSleepAnalysisInBed
La Melodía,,2024-05-28 03:40:09 -0700,2024-05-28 11:55:06 -0700,HKCategoryValueSleepAnalysisInBed
La Melodía,,2024-05-28 12:09:48 -0700,2024-05-28 12:11:05 -0700,HKCategoryValueSleepAnalysisInBed
La Melodía,,2024-05-29 02:35:00 -0700,2024-05-29 07:42:48 -0700,HKCategoryValueSleepAnalysisInBed
La Melodía,,2024-05-30 02:35:00 -0700,2024-05-30 07:30:40 -0700,HKCategoryValueSleepAnalysisInBed
La Melodía,,2024-05-31 03:00:00 -0700,2024-05-31 08:50:12 -0700,HKCategoryValueSleepAnalysisInBed
La Melodía,,2024-06-03 03:00:00 -0700,2024-06-03 09:14:14 -0700,HKCategoryValueSleepAnalysisInBed
La Melodía,,2024-06-04 03:09:04 -0700,2024-06-04 10:57:46 -0700,HKCategoryValueSleepAnalysisInBed
La Melodía,,2024-06-05 03:00:00 -0700,2024-06-05 06:57:16 -0700,HKCategoryValueSleepAnalysisInBed
La Melodía,,2024-06-05 07:01:40 -0700,2024-06-05 08:45:31 -0700,HKCategoryValueSleepAnalysisInBed
La Melodía,,2024-06-06 03:00:00 -0700,2024-06-06 05:26:53 -0700,HKCategoryValueSleepAnalysisInBed
La Melodía,,2024-06-06 05:27:37 -0700,2024-06-06 06:24:13 -0700,HKCategoryValueSleepAnalysisInBed
La Melodía,,2024-06-06 06:28:15 -0700,2024-06-06 06:45:46 -0700,HKCategoryValueSleepAnalysisInBed
La Melodía,,2024-06-06 06:46:09 -0700,2024-06-06 07:16:46 -0700,HKCategoryValueSleepAnalysisInBed
La Melodía,,2024-06-06 07:19:54 -0700,2024-06-06 07:25:17 -0700,HKCategoryValueSleepAnalysisInBed
La Melodía,,2024-06-06 07:25:36 -0700,2024-06-06 07:25:38 -0700,HKCategoryValueSleepAnalysisInBed
La Melodía,,2024-06-06 07:39:50 -0700,2024-06-06 07:39:52 -0700,HKCategoryValueSleepAnalysisInBed
La Melodía,,2024-06-06 07:42:27 -0700,2024-06-06 08:09:14 -0700,HKCategoryValueSleepAnalysisInBed
La Melodía,,2024-06-06 08:09:19 -0700,2024-06-06 08:10:12 -0700,HKCategoryValueSleepAnalysisInBed
La Melodía,,2024-06-07 03:00:00 -0700,2024-06-07 06:11:17 -0700,HKCategoryValueSleepAnalysisInBed
La Melodía,,2024-06-07 06:12:26 -0700,2024-06-07 06:14:14 -0700,HKCategoryValueSleepAnalysisInBed
La Melodía,,2024-06-07 06:14:22 -0700,2024-06-07 06:14:24 -0700,HKCategoryValueSleepAnalysisInBed
La Melodía,,2024-06-07 06:14:28 -0700,2024-06-07 06:15:48 -0700,HKCategoryValueSleepAnalysisInBed
La Melodía,,2024-06-07 06:15:53 -0700,2024-06-07 06:23:15 -0700,HKCategoryValueSleepAnalysisInBed
La Melodía,,2024-06-07 06:31:34 -0700,2024-06-07 06:35:27 -0700,HKCategoryValueSleepAnalysisInBed
La Melodía,,2024-06-07 06:35:57 -0700,2024-06-07 06:51:52 -0700,HKCategoryValueSleepAnalysisInBed
La Melodía,,2024-06-07 06:58:10 -0700,2024-06-07 07:39:49 -0700,HKCategoryValueSleepAnalysisInBed
La Melodía,,2024-06-07 07:41:36 -0700,2024-06-07 08:25:52 -0700,HKCategoryValueSleepAnalysisInBed
La Melodía,,2024-06-07 08:36:06 -0700,2024-06-07 08:42:27 -0700,HKCategoryValueSleepAnalysisInBed
La Melodía,,2024-06-07 08:42:54 -0700,2024-06-07 08:45:13 -0700,HKCategoryValueSleepAnalysisInBed
La Melodía,,2024-06-10 03:00:00 -0700,2024-06-10 05:05:49 -0700,HKCategoryValueSleepAnalysisInBed
La Melodía,,2024-06-10 05:06:02 -0700,2024-06-10 05:30:14 -0700,HKCategoryValueSleepAnalysisInBed
La Melodía,,2024-06-10 05:30:46 -0700,2024-06-10 05:33:14 -0700,HKCategoryValueSleepAnalysisInBed
La Melodía,,2024-06-10 05:33:24 -0700,2024-06-10 05:50:09 -0700,HKCategoryValueSleepAnalysisInBed
La Melodía,,2024-06-10 05:50:46 -0700,2024-06-10 06:02:06 -0700,HKCategoryValueSleepAnalysisInBed
La Melodía,,2024-06-10 06:02:13 -0700,2024-06-10 06:12:08 -0700,HKCategoryValueSleepAnalysisInBed
La Melodía,,2024-06-10 06:12:17 -0700,2024-06-10 06:12:24 -0700,HKCategoryValueSleepAnalysisInBed
La Melodía,,2024-06-10 06:12:32 -0700,2024-06-10 06:16:40 -0700,HKCategoryValueSleepAnalysisInBed
La Melodía,,2024-06-10 06:16:54 -0700,2024-06-10 06:53:24 -0700,HKCategoryValueSleepAnalysisInBed
La Melodía,,2024-06-10 06:53:46 -0700,2024-06-10 06:53:51 -0700,HKCategoryValueSleepAnalysisInBed
La Melodía,,2024-06-10 06:54:05 -0700,2024-06-10 06:54:07 -0700,HKCategoryValueSleepAnalysisInBed
La Melodía,,2024-06-10 06:54:19 -0700,2024-06-10 06:54:21 -0700,HKCategoryValueSleepAnalysisInBed
La Melodía,,2024-06-10 06:54:37 -0700,2024-06-10 06:55:09 -0700,HKCategoryValueSleepAnalysisInBed
La Melodía,,2024-06-10 06:55:10 -0700,2024-06-10 06:56:22 -0700,HKCategoryValueSleepAnalysisInBed
La Melodía,,2024-06-10 06:56:37 -0700,2024-06-10 08:53:12 -0700,HKCategoryValueSleepAnalysisInBed
La Melodía,,2024-06-10 08:54:58 -0700,2024-06-10 08:56:12 -0700,HKCategoryValueSleepAnalysisInBed
La Melodía,,2024-06-11 03:00:00 -0700,2024-06-11 08:32:00 -0700,HKCategoryValueSleepAnalysisInBed
La Melodía,,2024-06-11 08:32:26 -0700,2024-06-11 08:45:00 -0700,HKCategoryValueSleepAnalysisInBed
La Melodía,,2024-06-12 03:00:00 -0700,2024-06-12 05:19:05 -0700,HKCategoryValueSleepAnalysisInBed
La Melodía,,2024-06-12 05:19:57 -0700,2024-06-12 07:38:42 -0700,HKCategoryValueSleepAnalysisInBed
La Melodía,,2024-06-12 07:39:30 -0700,2024-06-12 07:39:33 -0700,HKCategoryValueSleepAnalysisInBed
La Melodía,,2024-06-12 07:43:08 -0700,2024-06-12 07:55:35 -0700,HKCategoryValueSleepAnalysisInBed
La Melodía,,2024-06-12 07:56:17 -0700,2024-06-12 07:56:43 -0700,HKCategoryValueSleepAnalysisInBed
La Melodía,,2024-06-12 07:56:59 -0700,2024-06-12 08:11:39 -0700,HKCategoryValueSleepAnalysisInBed
La Melodía,,2024-06-12 08:12:21 -0700,2024-06-12 08:21:04 -0700,HKCategoryValueSleepAnalysisInBed
La Melodía,,2024-06-12 08:39:18 -0700,2024-06-12 08:45:02 -0700,HKCategoryValueSleepAnalysisInBed
La Melodía,,2024-06-13 03:00:00 -0700,2024-06-13 06:28:22 -0700,HKCategoryValueSleepAnalysisInBed
La Melodía,,2024-06-13 06:45:52 -0700,2024-06-13 07:39:40 -0700,HKCategoryValueSleepAnalysisInBed
La Melodía,,2024-06-13 07:41:31 -0700,2024-06-13 08:45:02 -0700,HKCategoryValueSleepAnalysisInBed
La Melodía,,2024-06-14 03:00:00 -0700,2024-06-14 05:07:17 -0700,HKCategoryValueSleepAnalysisInBed
La Melodía,,2024-06-14 05:08:11 -0700,2024-06-14 05:55:24 -0700,HKCategoryValueSleepAnalysisInBed
La Melodía,,2024-06-14 05:55:30 -0700,2024-06-14 06:00:27 -0700,HKCategoryValueSleepAnalysisInBed
La Melodía,,2024-06-14 06:09:57 -0700,2024-06-14 06:10:17 -0700,HKCategoryValueSleepAnalysisInBed
La Melodía,,2024-06-14 06:14:27 -0700,2024-06-14 06:14:39 -0700,HKCategoryValueSleepAnalysisInBed
La Melodía,,2024-06-14 06:19:52 -0700,2024-06-14 06:20:00 -0700,HKCategoryValueSleepAnalysisInBed
La Melodía,,2024-06-14 06:20:45 -0700,2024-06-14 06:45:20 -0700,HKCategoryValueSleepAnalysisInBed
La Melodía,,2024-06-17 03:00:00 -0700,2024-06-17 05:07:38 -0700,HKCategoryValueSleepAnalysisInBed
La Melodía,,2024-06-17 05:07:47 -0700,2024-06-17 06:10:59 -0700,HKCategoryValueSleepAnalysisInBed
La Melodía,,2024-06-17 06:11:38 -0700,2024-06-17 06:12:30 -0700,HKCategoryValueSleepAnalysisInBed
La Melodía,,2024-06-17 06:14:55 -0700,2024-06-17 07:47:27 -0700,HKCategoryValueSleepAnalysisInBed
La Melodía,,2024-06-18 00:59:24 -0700,2024-06-18 07:54:51 -0700,HKCategoryValueSleepAnalysisInBed
La Melodía,,2024-06-18 07:56:16 -0700,2024-06-18 08:00:04 -0700,HKCategoryValueSleepAnalysisInBed
La Melodía,,2024-06-19 02:15:00 -0700,2024-06-19 05:50:02 -0700,HKCategoryValueSleepAnalysisInBed
La Melodía,,2024-06-20 02:15:00 -0700,2024-06-20 05:06:23 -0700,HKCategoryValueSleepAnalysisInBed
La Melodía,,2024-06-21 02:15:00 -0700,2024-06-21 04:46:04 -0700,HKCategoryValueSleepAnalysisInBed
La Melodía,,2024-06-21 04:47:50 -0700,2024-06-21 05:09:54 -0700,HKCategoryValueSleepAnalysisInBed
La Melodía,,2024-06-21 05:09:56 -0700,2024-06-21 05:10:08 -0700,HKCategoryValueSleepAnalysisInBed
La Melodía,,2024-06-21 05:11:12 -0700,2024-06-21 05:47:04 -0700,HKCategoryValueSleepAnalysisInBed
La Melodía,,2024-06-21 05:47:06 -0700,2024-06-21 05:47:11 -0700,HKCategoryValueSleepAnalysisInBed
La Melodía,,2024-06-21 05:47:22 -0700,2024-06-21 05:50:00 -0700,HKCategoryValueSleepAnalysisInBed
La Melodía,,2024-06-24 02:25:29 -0700,2024-06-24 04:10:36 -0700,HKCategoryValueSleepAnalysisInBed
La Melodía,,2024-06-24 04:10:36 -0700,2024-06-24 04:10:41 -0700,HKCategoryValueSleepAnalysisInBed
La Melodía,,2024-06-24 04:10:46 -0700,2024-06-24 04:10:48 -0700,HKCategoryValueSleepAnalysisInBed
La Melodía,,2024-06-24 04:16:08 -0700,2024-06-24 05:50:00 -0700,HKCategoryValueSleepAnalysisInBed
La Melodía,,2024-06-25 02:03:23 -0700,2024-06-25 06:44:23 -0700,HKCategoryValueSleepAnalysisInBed
La Melodía,,2024-06-25 06:44:40 -0700,2024-06-25 06:48:41 -0700,HKCategoryValueSleepAnalysisInBed
La Melodía,,2024-06-26 01:50:00 -0700,2024-06-26 06:27:40 -0700,HKCategoryValueSleepAnalysisInBed
La Melodía,,2024-06-26 06:27:43 -0700,2024-06-26 06:27:44 -0700,HKCategoryValueSleepAnalysisInBed
La Melodía,,2024-06-27 01:50:00 -0700,2024-06-27 06:55:02 -0700,HKCategoryValueSleepAnalysisInBed
La Melodía,,2024-06-28 03:18:31 -0700,2024-06-28 03:24:06 -0700,HKCategoryValueSleepAnalysisInBed
La Melodía,,2024-06-28 03:24:23 -0700,2024-06-28 03:53:36 -0700,HKCategoryValueSleepAnalysisInBed
La Melodía,,2024-06-28 03:53:52 -0700,2024-06-28 06:55:00 -0700,HKCategoryValueSleepAnalysisInBed
La Melodía,,2024-07-01 02:24:52 -0700,2024-07-01 06:00:12 -0700,HKCategoryValueSleepAnalysisInBed
La Melodía,,2024-07-01 06:00:31 -0700,2024-07-01 06:02:11 -0700,HKCategoryValueSleepAnalysisInBed
La Melodía,,2024-07-01 06:03:08 -0700,2024-07-01 06:03:15 -0700,HKCategoryValueSleepAnalysisInBed
La Melodía,,2024-07-01 06:03:23 -0700,2024-07-01 06:22:05 -0700,HKCategoryValueSleepAnalysisInBed
La Melodía,,2024-07-01 06:22:22 -0700,2024-07-01 06:32:34 -0700,HKCategoryValueSleepAnalysisInBed
La Melodía,,2024-07-01 06:32:52 -0700,2024-07-01 06:51:45 -0700,HKCategoryValueSleepAnalysisInBed
La Melodía,,2024-07-02 01:50:00 -0700,2024-07-02 06:55:00 -0700,HKCategoryValueSleepAnalysisInBed
La Melodía,,2024-07-03 01:50:00 -0700,2024-07-03 06:55:01 -0700,HKCategoryValueSleepAnalysisInBed
La Melodía,,2024-07-04 01:50:00 -0700,2024-07-04 06:55:00 -0700,HKCategoryValueSleepAnalysisInBed
La Melodía,,2024-07-05 01:50:00 -0700,2024-07-05 06:55:00 -0700,HKCategoryValueSleepAnalysisInBed
La Melodía,,2024-07-08 01:50:00 -0700,2024-07-08 06:46:27 -0700,HKCategoryValueSleepAnalysisInBed
La Melodía,,2024-07-08 06:46:51 -0700,2024-07-08 06:55:01 -0700,HKCategoryValueSleepAnalysisInBed
La Melodía,,2024-07-09 01:50:00 -0700,2024-07-09 06:55:00 -0700,HKCategoryValueSleepAnalysisInBed
La Melodía,,2024-07-10 01:50:00 -0700,2024-07-10 06:24:23 -0700,HKCategoryValueSleepAnalysisInBed
La Melodía,,2024-07-10 06:35:14 -0700,2024-07-10 06:55:01 -0700,HKCategoryValueSleepAnalysisInBed
La Melodía,,2024-07-11 01:50:00 -0700,2024-07-11 06:55:01 -0700,HKCategoryValueSleepAnalysisInBed
La Melodía,,2024-07-12 01:50:00 -0700,2024-07-12 06:55:00 -0700,HKCategoryValueSleepAnalysisInBed
La Melodía,,2024-07-15 01:55:22 -0700,2024-07-15 06:55:00 -0700,HKCategoryValueSleepAnalysisInBed
La Melodía,,2024-07-16 01:50:00 -0700,2024-07-16 06:55:00 -0700,HKCategoryValueSleepAnalysisInBed
La Melodía,,2024-07-17 01:50:00 -0700,2024-07-17 06:07:21 -0700,HKCategoryValueSleepAnalysisInBed
La Melodía,,2024-07-17 06:07:58 -0700,2024-07-17 06:55:02 -0700,HKCategoryValueSleepAnalysisInBed
La Melodía,,2024-07-18 01:50:00 -0700,2024-07-18 06:55:00 -0700,HKCategoryValueSleepAnalysisInBed
La Melodía,,2024-07-19 02:37:13 -0700,2024-07-19 06:20:19 -0700,HKCategoryValueSleepAnalysisInBed
La Melodía,,2024-07-19 06:21:38 -0700,2024-07-19 06:22:20 -0700,HKCategoryValueSleepAnalysisInBed
La Melodía,,2024-07-19 06:22:37 -0700,2024-07-19 06:29:29 -0700,HKCategoryValueSleepAnalysisInBed
La Melodía,,2024-07-19 06:29:42 -0700,2024-07-19 06:29:52 -0700,HKCategoryValueSleepAnalysisInBed
La Melodía,,2024-07-19 06:30:19 -0700,2024-07-19 06:55:01 -0700,HKCategoryValueSleepAnalysisInBed
La Melodía,,2024-07-22 01:50:00 -0700,2024-07-22 06:55:00 -0700,HKCategoryValueSleepAnalysisInBed
La Melodía,,2024-07-23 01:50:00 -0700,2024-07-23 06:55:00 -0700,HKCategoryValueSleepAnalysisInBed
La Melodía,,2024-07-24 01:50:00 -0700,2024-07-24 06:32:10 -0700,HKCategoryValueSleepAnalysisInBed
La Melodía,,2024-07-24 06:32:36 -0700,2024-07-24 06:55:02 -0700,HKCategoryValueSleepAnalysisInBed
La Melodía,,2024-07-25 01:50:00 -0700,2024-07-25 06:55:02 -0700,HKCategoryValueSleepAnalysisInBed
La Melodía,,2024-07-26 01:50:00 -0700,2024-07-26 02:09:18 -0700,HKCategoryValueSleepAnalysisInBed
La Melodía,,2024-07-29 02:03:56 -0700,2024-07-29 06:55:00 -0700,HKCategoryValueSleepAnalysisInBed
La Melodía,,2024-07-30 01:50:00 -0700,2024-07-30 06:55:00 -0700,HKCategoryValueSleepAnalysisInBed
La Melodía,,2024-07-31 02:00:22 -0700,2024-07-31 06:55:00 -0700,HKCategoryValueSleepAnalysisInBed
La Melodía,,2024-08-01 01:50:00 -0700,2024-08-01 06:55:00 -0700,HKCategoryValueSleepAnalysisInBed
La Melodía,,2024-08-02 01:50:00 -0700,2024-08-02 06:55:01 -0700,HKCategoryValueSleepAnalysisInBed
La Melodía,,2024-08-05 02:40:00 -0700,2024-08-05 08:00:00 -0700,HKCategoryValueSleepAnalysisInBed
La Melodía,,2024-08-06 00:37:07 -0700,2024-08-06 07:58:47 -0700,HKCategoryValueSleepAnalysisInBed
La Melodía,,2024-08-06 07:59:05 -0700,2024-08-06 08:04:44 -0700,HKCategoryValueSleepAnalysisInBed
La Melodía,,2024-08-07 00:48:04 -0700,2024-08-07 07:09:40 -0700,HKCategoryValueSleepAnalysisInBed
La Melodía,,2024-08-08 00:43:39 -0700,2024-08-08 00:48:37 -0700,HKCategoryValueSleepAnalysisInBed
La Melodía,,2024-08-08 00:51:54 -0700,2024-08-08 00:53:07 -0700,HKCategoryValueSleepAnalysisInBed
La Melodía,,2024-08-08 00:53:24 -0700,2024-08-08 00:53:58 -0700,HKCategoryValueSleepAnalysisInBed
La Melodía,,2024-08-08 00:54:07 -0700,2024-08-08 00:54:50 -0700,HKCategoryValueSleepAnalysisInBed
La Melodía,,2024-08-08 00:55:53 -0700,2024-08-08 01:16:53 -0700,HKCategoryValueSleepAnalysisInBed
La Melodía,,2024-08-08 01:27:05 -0700,2024-08-08 02:13:00 -0700,HKCategoryValueSleepAnalysisInBed
La Melodía,,2024-08-08 02:13:36 -0700,2024-08-08 07:43:13 -0700,HKCategoryValueSleepAnalysisInBed
La Melodía,,2024-08-08 07:44:04 -0700,2024-08-08 07:47:46 -0700,HKCategoryValueSleepAnalysisInBed
La Melodía,,2024-08-08 07:48:24 -0700,2024-08-08 07:53:50 -0700,HKCategoryValueSleepAnalysisInBed
La Melodía,,2024-08-08 23:15:00 -0700,2024-08-09 08:09:34 -0700,HKCategoryValueSleepAnalysisInBed
La Melodía,,2024-08-09 08:11:31 -0700,2024-08-09 08:40:06 -0700,HKCategoryValueSleepAnalysisInBed
La Melodía,,2024-08-12 02:00:00 -0700,2024-08-12 08:11:55 -0700,HKCategoryValueSleepAnalysisInBed
La Melodía,,2024-08-13 02:00:00 -0700,2024-08-13 08:21:38 -0700,HKCategoryValueSleepAnalysisInBed
La Melodía,,2024-08-15 02:00:00 -0700,2024-08-15 08:15:16 -0700,HKCategoryValueSleepAnalysisInBed
La Melodía,,2024-08-16 02:00:00 -0700,2024-08-16 06:34:45 -0700,HKCategoryValueSleepAnalysisInBed
La Melodía,,2024-08-19 02:00:00 -0700,2024-08-19 07:04:22 -0700,HKCategoryValueSleepAnalysisInBed
La Melodía,,2024-08-19 07:05:02 -0700,2024-08-19 07:05:13 -0700,HKCategoryValueSleepAnalysisInBed
La Melodía,,2024-08-19 07:05:32 -0700,2024-08-19 07:20:46 -0700,HKCategoryValueSleepAnalysisInBed
La Melodía,,2024-08-19 23:30:00 -0700,2024-08-20 07:32:10 -0700,HKCategoryValueSleepAnalysisInBed
La Melodía,,2024-08-20 07:32:14 -0700,2024-08-20 07:32:18 -0700,HKCategoryValueSleepAnalysisInBed
La Melodía,,2024-08-21 23:30:00 -0700,2024-08-22 01:13:41 -0700,HKCategoryValueSleepAnalysisInBed
La Melodía,,2024-08-22 01:14:28 -0700,2024-08-22 08:29:30 -0700,HKCategoryValueSleepAnalysisInBed
La Melodía,,2024-08-22 08:30:03 -0700,2024-08-22 08:30:41 -0700,HKCategoryValueSleepAnalysisInBed
La Melodía,,2024-08-22 23:54:03 -0700,2024-08-23 01:09:38 -0700,HKCategoryValueSleepAnalysisInBed
La Melodía,,2024-08-23 01:09:40 -0700,2024-08-23 01:34:21 -0700,HKCategoryValueSleepAnalysisInBed
La Melodía,,2024-08-23 01:34:42 -0700,2024-08-23 09:25:43 -0700,HKCategoryValueSleepAnalysisInBed
La Melodía,,2024-08-26 02:05:00 -0700,2024-08-26 10:07:57 -0700,HKCategoryValueSleepAnalysisInBed
La Melodía,,2024-08-27 02:05:00 -0700,2024-08-27 08:14:17 -0700,HKCategoryValueSleepAnalysisInBed
La Melodía,,2024-08-29 00:05:00 -0700,2024-08-29 08:25:26 -0700,HKCategoryValueSleepAnalysisInBed
La Melodía,,2024-08-29 08:27:56 -0700,2024-08-29 08:28:16 -0700,HKCategoryValueSleepAnalysisInBed
La Melodía,,2024-08-30 00:48:28 -0700,2024-08-30 02:03:58 -0700,HKCategoryValueSleepAnalysisInBed
La Melodía,,2024-08-30 02:17:27 -0700,2024-08-30 08:48:03 -0700,HKCategoryValueSleepAnalysisInBed
La Melodía,,2024-08-30 08:52:22 -0700,2024-08-30 08:57:05 -0700,HKCategoryValueSleepAnalysisInBed
La Melodía,,2024-09-02 01:15:01 -0700,2024-09-02 01:26:59 -0700,HKCategoryValueSleepAnalysisInBed
La Melodía,,2024-09-02 01:57:20 -0700,2024-09-02 08:04:27 -0700,HKCategoryValueSleepAnalysisInBed
La Melodía,,2024-09-03 01:30:23 -0700,2024-09-03 07:40:09 -0700,HKCategoryValueSleepAnalysisInBed
La Melodía,,2024-09-04 01:20:00 -0700,2024-09-04 07:00:02 -0700,HKCategoryValueSleepAnalysisInBed
La Melodía,,2024-09-05 01:20:00 -0700,2024-09-05 07:00:00 -0700,HKCategoryValueSleepAnalysisInBed
La Melodía,,2024-09-06 01:24:04 -0700,2024-09-06 07:00:00 -0700,HKCategoryValueSleepAnalysisInBed
La Melodía,,2024-09-09 00:25:00 -0700,2024-09-09 06:10:02 -0700,HKCategoryValueSleepAnalysisInBed
La Melodía,,2024-09-10 01:34:23 -0700,2024-09-10 02:20:18 -0700,HKCategoryValueSleepAnalysisInBed
La Melodía,,2024-09-10 02:27:45 -0700,2024-09-10 02:31:08 -0700,HKCategoryValueSleepAnalysisInBed
La Melodía,,2024-09-10 02:31:39 -0700,2024-09-10 02:31:41 -0700,HKCategoryValueSleepAnalysisInBed
La Melodía,,2024-09-10 02:31:49 -0700,2024-09-10 06:10:00 -0700,HKCategoryValueSleepAnalysisInBed
La Melodía,,2024-09-11 01:19:48 -0700,2024-09-11 08:45:40 -0700,HKCategoryValueSleepAnalysisInBed
La Melodía,,2024-09-12 01:15:46 -0700,2024-09-12 07:50:29 -0700,HKCategoryValueSleepAnalysisInBed
La Melodía,,2024-09-13 02:40:00 -0700,2024-09-13 08:15:26 -0700,HKCategoryValueSleepAnalysisInBed
La Melodía,,2024-09-13 23:35:00 -0700,2024-09-14 07:05:41 -0700,HKCategoryValueSleepAnalysisInBed
La Melodía,,2024-09-14 07:05:59 -0700,2024-09-14 07:22:10 -0700,HKCategoryValueSleepAnalysisInBed
La Melodía,,2024-09-16 02:40:00 -0700,2024-09-16 08:43:43 -0700,HKCategoryValueSleepAnalysisInBed
La Melodía,,2024-09-17 02:40:00 -0700,2024-09-17 08:25:45 -0700,HKCategoryValueSleepAnalysisInBed
La Melodía,,2024-09-18 02:40:00 -0700,2024-09-18 07:05:20 -0700,HKCategoryValueSleepAnalysisInBed
La Melodía,,2024-09-19 02:40:00 -0700,2024-09-19 07:10:08 -0700,HKCategoryValueSleepAnalysisInBed
La Melodía,,2024-09-20 02:40:00 -0700,2024-09-20 08:12:42 -0700,HKCategoryValueSleepAnalysisInBed
La Melodía,,2024-09-23 00:41:10 -0700,2024-09-23 06:30:00 -0700,HKCategoryValueSleepAnalysisInBed
La Melodía,,2024-09-24 01:21:49 -0700,2024-09-24 02:05:21 -0700,HKCategoryValueSleepAnalysisInBed
La Melodía,,2024-09-24 02:05:27 -0700,2024-09-24 02:05:33 -0700,HKCategoryValueSleepAnalysisInBed
La Melodía,,2024-09-24 02:05:49 -0700,2024-09-24 02:08:33 -0700,HKCategoryValueSleepAnalysisInBed
La Melodía,,2024-09-24 02:09:08 -0700,2024-09-24 06:39:04 -0700,HKCategoryValueSleepAnalysisInBed
La Melodía,,2024-09-25 00:15:49 -0700,2024-09-25 07:23:00 -0700,HKCategoryValueSleepAnalysisInBed
La Melodía,,2024-09-26 01:19:12 -0700,2024-09-26 01:32:39 -0700,HKCategoryValueSleepAnalysisInBed
La Melodía,,2024-09-26 01:32:55 -0700,2024-09-26 01:36:18 -0700,HKCategoryValueSleepAnalysisInBed
La Melodía,,2024-09-26 01:37:13 -0700,2024-09-26 01:41:56 -0700,HKCategoryValueSleepAnalysisInBed
La Melodía,,2024-09-26 01:42:33 -0700,2024-09-26 01:42:50 -0700,HKCategoryValueSleepAnalysisInBed
La Melodía,,2024-09-26 01:43:02 -0700,2024-09-26 02:08:00 -0700,HKCategoryValueSleepAnalysisInBed
La Melodía,,2024-09-26 02:09:18 -0700,2024-09-26 02:18:57 -0700,HKCategoryValueSleepAnalysisInBed
La Melodía,,2024-09-26 02:19:12 -0700,2024-09-26 02:29:16 -0700,HKCategoryValueSleepAnalysisInBed
La Melodía,,2024-09-26 02:31:34 -0700,2024-09-26 02:31:36 -0700,HKCategoryValueSleepAnalysisInBed
La Melodía,,2024-09-26 02:31:44 -0700,2024-09-26 02:31:53 -0700,HKCategoryValueSleepAnalysisInBed
La Melodía,,2024-09-26 02:45:38 -0700,2024-09-26 02:49:26 -0700,HKCategoryValueSleepAnalysisInBed
La Melodía,,2024-09-26 02:54:50 -0700,2024-09-26 03:01:02 -0700,HKCategoryValueSleepAnalysisInBed
La Melodía,,2024-09-26 03:16:38 -0700,2024-09-26 07:23:00 -0700,HKCategoryValueSleepAnalysisInBed
La Melodía,,2024-09-27 01:06:15 -0700,2024-09-27 03:46:32 -0700,HKCategoryValueSleepAnalysisInBed
La Melodía,,2024-09-30 02:00:00 -0700,2024-09-30 08:00:00 -0700,HKCategoryValueSleepAnalysisInBed
La Melodía,,2024-10-01 02:14:08 -0700,2024-10-01 08:00:00 -0700,HKCategoryValueSleepAnalysisInBed
La Melodía,,2024-10-02 01:14:28 -0700,2024-10-02 07:24:08 -0700,HKCategoryValueSleepAnalysisInBed
La Melodía,,2024-10-03 01:35:32 -0700,2024-10-03 02:01:58 -0700,HKCategoryValueSleepAnalysisInBed
La Melodía,,2024-10-03 02:02:14 -0700,2024-10-03 02:10:38 -0700,HKCategoryValueSleepAnalysisInBed
La Melodía,,2024-10-03 02:10:41 -0700,2024-10-03 02:12:53 -0700,HKCategoryValueSleepAnalysisInBed
La Melodía,,2024-10-03 02:16:00 -0700,2024-10-03 02:24:51 -0700,HKCategoryValueSleepAnalysisInBed
La Melodía,,2024-10-03 02:24:57 -0700,2024-10-03 02:35:26 -0700,HKCategoryValueSleepAnalysisInBed
La Melodía,,2024-10-03 02:35:37 -0700,2024-10-03 02:58:47 -0700,HKCategoryValueSleepAnalysisInBed
La Melodía,,2024-10-03 03:01:29 -0700,2024-10-03 03:02:55 -0700,HKCategoryValueSleepAnalysisInBed
La Melodía,,2024-10-03 03:04:15 -0700,2024-10-03 07:17:00 -0700,HKCategoryValueSleepAnalysisInBed
La Melodía,,2024-10-04 03:00:01 -0700,2024-10-04 08:23:21 -0700,HKCategoryValueSleepAnalysisInBed
La Melodía,,2024-10-04 08:25:34 -0700,2024-10-04 08:25:45 -0700,HKCategoryValueSleepAnalysisInBed
La Melodía,,2024-10-04 08:26:57 -0700,2024-10-04 08:33:29 -0700,HKCategoryValueSleepAnalysisInBed
La Melodía,,2024-10-08 02:17:00 -0700,2024-10-08 07:53:49 -0700,HKCategoryValueSleepAnalysisInBed
La Melodía,,2024-10-09 00:40:00 -0700,2024-10-09 06:59:16 -0700,HKCategoryValueSleepAnalysisInBed
La Melodía,,2024-10-10 01:06:40 -0700,2024-10-10 07:17:00 -0700,HKCategoryValueSleepAnalysisInBed
La Melodía,,2024-10-11 00:40:00 -0700,2024-10-11 07:24:57 -0700,HKCategoryValueSleepAnalysisInBed
La Melodía,,2024-10-14 00:40:00 -0700,2024-10-14 06:21:03 -0700,HKCategoryValueSleepAnalysisInBed
La Melodía,,2024-10-14 06:21:36 -0700,2024-10-14 07:08:36 -0700,HKCategoryValueSleepAnalysisInBed
La Melodía,,2024-10-14 07:08:44 -0700,2024-10-14 07:19:11 -0700,HKCategoryValueSleepAnalysisInBed
La Melodía,,2024-10-14 07:19:20 -0700,2024-10-14 07:26:42 -0700,HKCategoryValueSleepAnalysisInBed
La Melodía,,2024-10-15 02:49:06 -0700,2024-10-15 07:31:10 -0700,HKCategoryValueSleepAnalysisInBed
La Melodía,,2024-10-16 02:40:00 -0700,2024-10-16 07:17:00 -0700,HKCategoryValueSleepAnalysisInBed
La Melodía,,2024-10-17 03:57:29 -0700,2024-10-17 08:12:00 -0700,HKCategoryValueSleepAnalysisInBed
La Melodía,,2024-10-18 03:15:00 -0700,2024-10-18 09:52:39 -0700,HKCategoryValueSleepAnalysisInBed
La Melodía,,2024-10-21 03:15:00 -0700,2024-10-21 07:16:44 -0700,HKCategoryValueSleepAnalysisInBed
La Melodía,,2024-10-21 07:21:01 -0700,2024-10-21 08:02:02 -0700,HKCategoryValueSleepAnalysisInBed
La Melodía,,2024-10-21 08:03:41 -0700,2024-10-21 08:09:46 -0700,HKCategoryValueSleepAnalysisInBed
La Melodía,,2024-10-21 08:10:08 -0700,2024-10-21 08:15:20 -0700,HKCategoryValueSleepAnalysisInBed
La Melodía,,2024-10-21 08:16:10 -0700,2024-10-21 08:16:14 -0700,HKCategoryValueSleepAnalysisInBed
La Melodía,,2024-10-21 08:16:16 -0700,2024-10-21 08:29:10 -0700,HKCategoryValueSleepAnalysisInBed
La Melodía,,2024-10-21 08:39:23 -0700,2024-10-21 08:50:23 -0700,HKCategoryValueSleepAnalysisInBed
La Melodía,,2024-10-21 08:50:27 -0700,2024-10-21 08:52:32 -0700,HKCategoryValueSleepAnalysisInBed
La Melodía,,2024-10-21 08:53:18 -0700,2024-10-21 08:56:11 -0700,HKCategoryValueSleepAnalysisInBed
La Melodía,,2024-10-21 08:56:36 -0700,2024-10-21 08:58:33 -0700,HKCategoryValueSleepAnalysisInBed
La Melodía,,2024-10-21 08:58:51 -0700,2024-10-21 09:13:33 -0700,HKCategoryValueSleepAnalysisInBed
La Melodía,,2024-10-21 09:14:05 -0700,2024-10-21 09:19:52 -0700,HKCategoryValueSleepAnalysisInBed
La Melodía,,2024-10-21 09:20:33 -0700,2024-10-21 09:20:57 -0700,HKCategoryValueSleepAnalysisInBed
La Melodía,,2024-10-21 09:24:31 -0700,2024-10-21 09:28:10 -0700,HKCategoryValueSleepAnalysisInBed
La Melodía,,2024-10-21 09:32:46 -0700,2024-10-21 09:34:42 -0700,HKCategoryValueSleepAnalysisInBed
La Melodía,,2024-10-21 09:36:28 -0700,2024-10-21 09:40:27 -0700,HKCategoryValueSleepAnalysisInBed
La Melodía,,2024-10-21 09:43:54 -0700,2024-10-21 09:51:46 -0700,HKCategoryValueSleepAnalysisInBed
La Melodía,,2024-10-21 09:54:39 -0700,2024-10-21 09:56:30 -0700,HKCategoryValueSleepAnalysisInBed
La Melodía,,2024-10-21 09:58:54 -0700,2024-10-21 10:07:56 -0700,HKCategoryValueSleepAnalysisInBed
La Melodía,,2024-10-21 10:08:25 -0700,2024-10-21 10:08:48 -0700,HKCategoryValueSleepAnalysisInBed
La Melodía,,2024-10-21 10:09:05 -0700,2024-10-21 10:12:03 -0700,HKCategoryValueSleepAnalysisInBed
La Melodía,,2024-10-21 10:12:07 -0700,2024-10-21 10:16:30 -0700,HKCategoryValueSleepAnalysisInBed
La Melodía,,2024-10-21 10:17:26 -0700,2024-10-21 10:24:31 -0700,HKCategoryValueSleepAnalysisInBed
La Melodía,,2024-10-21 10:28:39 -0700,2024-10-21 10:28:53 -0700,HKCategoryValueSleepAnalysisInBed
La Melodía,,2024-10-21 10:30:32 -0700,2024-10-21 10:33:17 -0700,HKCategoryValueSleepAnalysisInBed
La Melodía,,2024-10-21 10:34:37 -0700,2024-10-21 10:37:29 -0700,HKCategoryValueSleepAnalysisInBed
La Melodía,,2024-10-21 10:38:08 -0700,2024-10-21 10:39:09 -0700,HKCategoryValueSleepAnalysisInBed
La Melodía,,2024-10-21 10:39:44 -0700,2024-10-21 10:40:47 -0700,HKCategoryValueSleepAnalysisInBed
La Melodía,,2024-10-21 10:42:35 -0700,2024-10-21 10:51:43 -0700,HKCategoryValueSleepAnalysisInBed
La Melodía,,2024-10-21 10:52:13 -0700,2024-10-21 10:56:28 -0700,HKCategoryValueSleepAnalysisInBed
La Melodía,,2024-10-21 10:56:32 -0700,2024-10-21 10:57:08 -0700,HKCategoryValueSleepAnalysisInBed
La Melodía,,2024-10-22 01:42:10 -0700,2024-10-22 01:42:15 -0700,HKCategoryValueSleepAnalysisInBed
La Melodía,,2024-10-22 03:43:51 -0700,2024-10-22 07:13:00 -0700,HKCategoryValueSleepAnalysisInBed
La Melodía,,2024-10-23 03:15:00 -0700,2024-10-23 05:23:20 -0700,HKCategoryValueSleepAnalysisInBed
La Melodía,,2024-10-23 05:41:26 -0700,2024-10-23 06:10:40 -0700,HKCategoryValueSleepAnalysisInBed
La Melodía,,2024-10-23 06:11:43 -0700,2024-10-23 08:07:38 -0700,HKCategoryValueSleepAnalysisInBed
La Melodía,,2024-10-23 08:07:46 -0700,2024-10-23 09:27:34 -0700,HKCategoryValueSleepAnalysisInBed
La Melodía,,2024-10-23 09:28:23 -0700,2024-10-23 09:36:22 -0700,HKCategoryValueSleepAnalysisInBed
La Melodía,,2024-10-24 03:15:00 -0700,2024-10-24 08:12:33 -0700,HKCategoryValueSleepAnalysisInBed
La Melodía,,2024-10-24 08:15:45 -0700,2024-10-24 08:35:58 -0700,HKCategoryValueSleepAnalysisInBed
La Melodía,,2024-10-24 08:37:04 -0700,2024-10-24 08:43:23 -0700,HKCategoryValueSleepAnalysisInBed
La Melodía,,2024-10-24 08:44:31 -0700,2024-10-24 09:23:18 -0700,HKCategoryValueSleepAnalysisInBed
La Melodía,,2024-10-24 09:23:56 -0700,2024-10-24 09:26:32 -0700,HKCategoryValueSleepAnalysisInBed
La Melodía,,2024-10-24 09:33:12 -0700,2024-10-24 09:38:50 -0700,HKCategoryValueSleepAnalysisInBed
La Melodía,,2024-10-24 09:46:41 -0700,2024-10-24 09:57:30 -0700,HKCategoryValueSleepAnalysisInBed
La Melodía,,2024-10-24 09:57:35 -0700,2024-10-24 10:33:16 -0700,HKCategoryValueSleepAnalysisInBed
La Melodía,,2024-10-24 10:33:22 -0700,2024-10-24 10:34:26 -0700,HKCategoryValueSleepAnalysisInBed
La Melodía,,2024-10-24 10:40:20 -0700,2024-10-24 10:45:47 -0700,HKCategoryValueSleepAnalysisInBed
La Melodía,,2024-10-24 10:56:10 -0700,2024-10-24 10:59:26 -0700,HKCategoryValueSleepAnalysisInBed
La Melodía,,2024-10-24 11:00:50 -0700,2024-10-24 11:07:19 -0700,HKCategoryValueSleepAnalysisInBed
La Melodía,,2024-10-24 11:09:11 -0700,2024-10-24 11:09:38 -0700,HKCategoryValueSleepAnalysisInBed
La Melodía,,2024-10-24 11:10:15 -0700,2024-10-24 11:12:16 -0700,HKCategoryValueSleepAnalysisInBed
La Melodía,,2024-10-24 11:12:29 -0700,2024-10-24 11:12:38 -0700,HKCategoryValueSleepAnalysisInBed
La Melodía,,2024-10-24 11:12:56 -0700,2024-10-24 11:15:04 -0700,HKCategoryValueSleepAnalysisInBed
La Melodía,,2024-10-25 03:15:00 -0700,2024-10-25 08:50:58 -0700,HKCategoryValueSleepAnalysisInBed
La Melodía,,2024-10-25 08:53:37 -0700,2024-10-25 09:14:26 -0700,HKCategoryValueSleepAnalysisInBed
La Melodía,,2024-10-25 09:15:05 -0700,2024-10-25 09:35:35 -0700,HKCategoryValueSleepAnalysisInBed
La Melodía,,2024-10-25 09:35:51 -0700,2024-10-25 09:41:42 -0700,HKCategoryValueSleepAnalysisInBed
La Melodía,,2024-10-25 09:42:23 -0700,2024-10-25 09:42:41 -0700,HKCategoryValueSleepAnalysisInBed
La Melodía,,2024-10-25 09:43:11 -0700,2024-10-25 09:44:33 -0700,HKCategoryValueSleepAnalysisInBed
La Melodía,,2024-10-25 09:44:48 -0700,2024-10-25 09:47:50 -0700,HKCategoryValueSleepAnalysisInBed
La Melodía,,2024-10-25 09:48:52 -0700,2024-10-25 09:52:21 -0700,HKCategoryValueSleepAnalysisInBed
La Melodía,,2024-10-25 09:52:49 -0700,2024-10-25 09:54:14 -0700,HKCategoryValueSleepAnalysisInBed
La Melodía,,2024-10-25 09:54:47 -0700,2024-10-25 09:59:41 -0700,HKCategoryValueSleepAnalysisInBed
La Melodía,,2024-10-25 10:03:35 -0700,2024-10-25 10:05:13 -0700,HKCategoryValueSleepAnalysisInBed
La Melodía,,2024-10-25 10:15:31 -0700,2024-10-25 10:15:36 -0700,HKCategoryValueSleepAnalysisInBed
La Melodía,,2024-10-25 10:17:46 -0700,2024-10-25 10:18:06 -0700,HKCategoryValueSleepAnalysisInBed
La Melodía,,2024-10-25 10:18:10 -0700,2024-10-25 10:22:15 -0700,HKCategoryValueSleepAnalysisInBed
La Melodía,,2024-10-25 10:23:34 -0700,2024-10-25 10:26:04 -0700,HKCategoryValueSleepAnalysisInBed
La Melodía,,2024-10-25 10:33:17 -0700,2024-10-25 10:33:57 -0700,HKCategoryValueSleepAnalysisInBed
La Melodía,,2024-10-25 10:53:31 -0700,2024-10-25 10:54:27 -0700,HKCategoryValueSleepAnalysisInBed
La Melodía,,2024-10-25 10:56:16 -0700,2024-10-25 10:56:39 -0700,HKCategoryValueSleepAnalysisInBed
La Melodía,,2024-10-25 11:05:50 -0700,2024-10-25 11:07:29 -0700,HKCategoryValueSleepAnalysisInBed
La Melodía,,2024-10-25 11:10:59 -0700,2024-10-25 11:12:07 -0700,HKCategoryValueSleepAnalysisInBed
La Melodía,,2024-10-25 11:12:33 -0700,2024-10-25 11:15:05 -0700,HKCategoryValueSleepAnalysisInBed
La Melodía,,2024-10-29 00:08:17 -0700,2024-10-29 00:08:46 -0700,HKCategoryValueSleepAnalysisInBed
La Melodía,,2024-10-29 01:27:35 -0700,2024-10-29 01:36:16 -0700,HKCategoryValueSleepAnalysisInBed
La Melodía,,2024-10-29 01:41:54 -0700,2024-10-29 01:42:10 -0700,HKCategoryValueSleepAnalysisInBed
La Melodía,,2024-10-29 02:06:16 -0700,2024-10-29 07:43:37 -0700,HKCategoryValueSleepAnalysisInBed
La Melodía,,2024-10-30 00:51:46 -0700,2024-10-30 08:33:38 -0700,HKCategoryValueSleepAnalysisInBed
La Melodía,,2024-10-30 23:20:00 -0700,2024-10-31 08:55:32 -0700,HKCategoryValueSleepAnalysisInBed
La Melodía,,2024-10-31 23:25:46 -0700,2024-11-01 08:31:11 -0700,HKCategoryValueSleepAnalysisInBed
La Melodía,,2024-11-01 08:37:04 -0700,2024-11-01 08:38:42 -0700,HKCategoryValueSleepAnalysisInBed
La Melodía,,2024-11-03 23:40:31 -0700,2024-11-04 07:01:43 -0700,HKCategoryValueSleepAnalysisInBed
La Melodía,,2024-11-04 07:02:06 -0700,2024-11-04 07:09:33 -0700,HKCategoryValueSleepAnalysisInBed
La Melodía,,2024-11-04 07:10:06 -0700,2024-11-04 07:20:04 -0700,HKCategoryValueSleepAnalysisInBed
La Melodía,,2024-11-05 00:25:00 -0700,2024-11-05 08:08:37 -0700,HKCategoryValueSleepAnalysisInBed
La Melodía,,2024-11-06 00:26:43 -0700,2024-11-06 09:06:20 -0700,HKCategoryValueSleepAnalysisInBed
La Melodía,,2024-11-07 01:58:18 -0700,2024-11-07 02:12:29 -0700,HKCategoryValueSleepAnalysisInBed
La Melodía,,2024-11-07 02:16:28 -0700,2024-11-07 02:20:59 -0700,HKCategoryValueSleepAnalysisInBed
La Melodía,,2024-11-07 02:21:15 -0700,2024-11-07 02:39:56 -0700,HKCategoryValueSleepAnalysisInBed
La Melodía,,2024-11-07 02:45:51 -0700,2024-11-07 03:06:30 -0700,HKCategoryValueSleepAnalysisInBed
La Melodía,,2024-11-07 03:13:49 -0700,2024-11-07 03:22:30 -0700,HKCategoryValueSleepAnalysisInBed
La Melodía,,2024-11-07 03:24:12 -0700,2024-11-07 03:36:53 -0700,HKCategoryValueSleepAnalysisInBed
La Melodía,,2024-11-07 03:39:27 -0700,2024-11-07 03:42:35 -0700,HKCategoryValueSleepAnalysisInBed
La Melodía,,2024-11-07 03:42:43 -0700,2024-11-07 03:43:03 -0700,HKCategoryValueSleepAnalysisInBed
La Melodía,,2024-11-07 03:43:07 -0700,2024-11-07 03:44:16 -0700,HKCategoryValueSleepAnalysisInBed
La Melodía,,2024-11-07 03:44:27 -0700,2024-11-07 03:51:16 -0700,HKCategoryValueSleepAnalysisInBed
La Melodía,,2024-11-07 03:51:32 -0700,2024-11-07 04:03:19 -0700,HKCategoryValueSleepAnalysisInBed
La Melodía,,2024-11-07 04:03:35 -0700,2024-11-07 04:27:05 -0700,HKCategoryValueSleepAnalysisInBed
La Melodía,,2024-11-07 04:27:30 -0700,2024-11-07 04:42:57 -0700,HKCategoryValueSleepAnalysisInBed
La Melodía,,2024-11-07 04:43:08 -0700,2024-11-07 09:09:54 -0700,HKCategoryValueSleepAnalysisInBed
La Melodía,,2024-11-07 09:10:06 -0700,2024-11-07 09:11:50 -0700,HKCategoryValueSleepAnalysisInBed
La Melodía,,2024-11-08 01:20:48 -0700,2024-11-08 08:30:08 -0700,HKCategoryValueSleepAnalysisInBed
La Melodía,,2024-11-11 00:54:42 -0700,2024-11-11 08:31:43 -0700,HKCategoryValueSleepAnalysisInBed
La Melodía,,2024-11-12 01:15:21 -0700,2024-11-12 04:04:19 -0700,HKCategoryValueSleepAnalysisInBed
La Melodía,,2024-11-12 04:04:59 -0700,2024-11-12 09:07:17 -0700,HKCategoryValueSleepAnalysisInBed
La Melodía,,2024-11-13 01:14:04 -0700,2024-11-13 09:23:23 -0700,HKCategoryValueSleepAnalysisInBed
La Melodía,,2024-11-14 01:35:13 -0700,2024-11-14 08:56:12 -0700,HKCategoryValueSleepAnalysisInBed
La Melodía,,2024-11-14 08:59:07 -0700,2024-11-14 08:59:09 -0700,HKCategoryValueSleepAnalysisInBed
La Melodía,,2024-11-14 08:59:50 -0700,2024-11-14 09:10:16 -0700,HKCategoryValueSleepAnalysisInBed
La Melodía,,2024-11-15 01:05:00 -0700,2024-11-15 09:01:51 -0700,HKCategoryValueSleepAnalysisInBed
La Melodía,,2024-11-15 09:01:58 -0700,2024-11-15 09:02:02 -0700,HKCategoryValueSleepAnalysisInBed
La Melodía,,2024-11-15 09:02:36 -0700,2024-11-15 09:02:41 -0700,HKCategoryValueSleepAnalysisInBed
La Melodía,,2024-11-15 09:02:54 -0700,2024-11-15 09:06:55 -0700,HKCategoryValueSleepAnalysisInBed
La Melodía,,2024-11-15 09:08:00 -0700,2024-11-15 09:09:28 -0700,HKCategoryValueSleepAnalysisInBed
La Melodía,,2024-11-18 02:32:19 -0700,2024-11-18 02:32:20 -0700,HKCategoryValueSleepAnalysisInBed
La Melodía,,2024-11-18 03:28:27 -0700,2024-11-18 09:14:18 -0700,HKCategoryValueSleepAnalysisInBed
La Melodía,,2024-11-18 09:21:54 -0700,2024-11-18 09:46:49 -0700,HKCategoryValueSleepAnalysisInBed
La Melodía,,2024-11-19 01:38:26 -0700,2024-11-19 09:46:36 -0700,HKCategoryValueSleepAnalysisInBed
Connect,,2026-04-23 05:13:22 -0700,2026-04-23 05:23:21 -0700,HKCategoryValueSleepAnalysisAsleepCore
Connect,,2026-04-23 05:23:21 -0700,2026-04-23 06:09:21 -0700,HKCategoryValueSleepAnalysisAsleepDeep
Connect,,2026-04-23 06:09:21 -0700,2026-04-23 06:22:21 -0700,HKCategoryValueSleepAnalysisAsleepCore
Connect,,2026-04-23 06:22:21 -0700,2026-04-23 06:30:21 -0700,HKCategoryValueSleepAnalysisAsleepREM
Connect,,2026-04-23 06:30:21 -0700,2026-04-23 06:46:21 -0700,HKCategoryValueSleepAnalysisAsleepCore
Connect,,2026-04-23 06:46:21 -0700,2026-04-23 07:07:21 -0700,HKCategoryValueSleepAnalysisAsleepDeep
Connect,,2026-04-23 07:07:21 -0700,2026-04-23 07:15:21 -0700,HKCategoryValueSleepAnalysisAsleepCore
Connect,,2026-04-23 07:15:21 -0700,2026-04-23 07:24:21 -0700,HKCategoryValueSleepAnalysisAsleepDeep
Connect,,2026-04-23 07:24:21 -0700,2026-04-23 08:14:21 -0700,HKCategoryValueSleepAnalysisAsleepCore
Connect,,2026-04-23 08:14:21 -0700,2026-04-23 08:34:21 -0700,HKCategoryValueSleepAnalysisAsleepDeep
Connect,,2026-04-23 08:34:21 -0700,2026-04-23 08:49:21 -0700,HKCategoryValueSleepAnalysisAsleepCore
Connect,,2026-04-23 08:49:21 -0700,2026-04-23 09:20:21 -0700,HKCategoryValueSleepAnalysisAsleepREM
Connect,,2026-04-23 09:20:21 -0700,2026-04-23 09:55:21 -0700,HKCategoryValueSleepAnalysisAsleepCore
Connect,,2026-04-23 09:55:21 -0700,2026-04-23 10:38:21 -0700,HKCategoryValueSleepAnalysisAsleepREM
Connect,,2026-04-23 10:38:21 -0700,2026-04-23 11:36:21 -0700,HKCategoryValueSleepAnalysisAsleepCore
Connect,,2026-04-23 11:36:21 -0700,2026-04-23 11:50:21 -0700,HKCategoryValueSleepAnalysisAwake
Connect,,2026-04-23 11:50:21 -0700,2026-04-23 12:21:21 -0700,HKCategoryValueSleepAnalysisAsleepCore
Connect,,2026-04-23 12:21:21 -0700,2026-04-23 12:30:21 -0700,HKCategoryValueSleepAnalysisAwake
Connect,,2026-04-23 12:30:21 -0700,2026-04-23 12:45:21 -0700,HKCategoryValueSleepAnalysisAsleepCore
Connect,,2026-04-23 05:13:21 -0700,2026-04-23 12:45:21 -0700,HKCategoryValueSleepAnalysisInBed
Connect,,2026-04-26 06:15:13 -0700,2026-04-26 06:17:12 -0700,HKCategoryValueSleepAnalysisAsleepCore
Connect,,2026-04-26 06:17:12 -0700,2026-04-26 06:54:12 -0700,HKCategoryValueSleepAnalysisAsleepDeep
Connect,,2026-04-26 06:54:12 -0700,2026-04-26 07:36:12 -0700,HKCategoryValueSleepAnalysisAsleepCore
Connect,,2026-04-26 07:36:12 -0700,2026-04-26 07:41:12 -0700,HKCategoryValueSleepAnalysisAsleepDeep
Connect,,2026-04-26 07:41:12 -0700,2026-04-26 08:23:12 -0700,HKCategoryValueSleepAnalysisAsleepCore
Connect,,2026-04-26 08:23:12 -0700,2026-04-26 08:45:12 -0700,HKCategoryValueSleepAnalysisAsleepDeep
Connect,,2026-04-26 08:45:12 -0700,2026-04-26 10:10:12 -0700,HKCategoryValueSleepAnalysisAsleepCore
Connect,,2026-04-26 10:10:12 -0700,2026-04-26 10:50:12 -0700,HKCategoryValueSleepAnalysisAsleepREM
Connect,,2026-04-26 10:50:12 -0700,2026-04-26 10:51:12 -0700,HKCategoryValueSleepAnalysisAsleepCore
Connect,,2026-04-26 10:51:12 -0700,2026-04-26 10:52:12 -0700,HKCategoryValueSleepAnalysisAwake
Connect,,2026-04-26 10:52:12 -0700,2026-04-26 11:28:12 -0700,HKCategoryValueSleepAnalysisAsleepCore
Connect,,2026-04-26 11:28:12 -0700,2026-04-26 11:34:12 -0700,HKCategoryValueSleepAnalysisAsleepDeep
Connect,,2026-04-26 11:34:12 -0700,2026-04-26 12:15:12 -0700,HKCategoryValueSleepAnalysisAsleepCore
Connect,,2026-04-26 12:15:12 -0700,2026-04-26 12:16:12 -0700,HKCategoryValueSleepAnalysisAwake
Connect,,2026-04-26 12:16:12 -0700,2026-04-26 12:26:12 -0700,HKCategoryValueSleepAnalysisAsleepCore
Connect,,2026-04-26 12:26:12 -0700,2026-04-26 12:32:12 -0700,HKCategoryValueSleepAnalysisAwake
Connect,,2026-04-26 12:32:12 -0700,2026-04-26 12:44:12 -0700,HKCategoryValueSleepAnalysisAsleepCore
Connect,,2026-04-26 06:15:12 -0700,2026-04-26 12:44:12 -0700,HKCategoryValueSleepAnalysisInBed
Connect,,2026-04-26 14:55:11 -0700,2026-04-26 15:28:11 -0700,HKCategoryValueSleepAnalysisInBed
Connect,,2026-04-26 14:55:11 -0700,2026-04-26 15:28:11 -0700,HKCategoryValueSleepAnalysisAsleepUnspecified
Connect,,2026-04-28 09:14:48 -0700,2026-04-28 09:24:47 -0700,HKCategoryValueSleepAnalysisAsleepCore
Connect,,2026-04-28 09:24:47 -0700,2026-04-28 09:57:47 -0700,HKCategoryValueSleepAnalysisAsleepDeep
Connect,,2026-04-28 09:57:47 -0700,2026-04-28 10:26:47 -0700,HKCategoryValueSleepAnalysisAsleepCore
Connect,,2026-04-28 10:26:47 -0700,2026-04-28 10:36:47 -0700,HKCategoryValueSleepAnalysisAsleepDeep
Connect,,2026-04-28 10:36:47 -0700,2026-04-28 10:42:47 -0700,HKCategoryValueSleepAnalysisAsleepCore
Connect,,2026-04-28 10:42:47 -0700,2026-04-28 10:48:47 -0700,HKCategoryValueSleepAnalysisAsleepDeep
Connect,,2026-04-28 10:48:47 -0700,2026-04-28 11:04:47 -0700,HKCategoryValueSleepAnalysisAsleepCore
Connect,,2026-04-28 11:04:47 -0700,2026-04-28 11:17:47 -0700,HKCategoryValueSleepAnalysisAsleepDeep
Connect,,2026-04-28 11:17:47 -0700,2026-04-28 11:58:47 -0700,HKCategoryValueSleepAnalysisAsleepCore
Connect,,2026-04-28 11:58:47 -0700,2026-04-28 12:03:47 -0700,HKCategoryValueSleepAnalysisAsleepREM
Connect,,2026-04-28 12:03:47 -0700,2026-04-28 12:15:47 -0700,HKCategoryValueSleepAnalysisAsleepCore
Connect,,2026-04-28 12:15:47 -0700,2026-04-28 12:22:47 -0700,HKCategoryValueSleepAnalysisAsleepREM
Connect,,2026-04-28 12:22:47 -0700,2026-04-28 12:27:47 -0700,HKCategoryValueSleepAnalysisAsleepCore
Connect,,2026-04-28 12:27:47 -0700,2026-04-28 12:33:47 -0700,HKCategoryValueSleepAnalysisAsleepREM
Connect,,2026-04-28 12:33:47 -0700,2026-04-28 12:42:47 -0700,HKCategoryValueSleepAnalysisAsleepCore
Connect,,2026-04-28 12:42:47 -0700,2026-04-28 13:08:47 -0700,HKCategoryValueSleepAnalysisAsleepREM
Connect,,2026-04-28 13:08:47 -0700,2026-04-28 13:22:47 -0700,HKCategoryValueSleepAnalysisAsleepCore
Connect,,2026-04-28 13:22:47 -0700,2026-04-28 13:29:47 -0700,HKCategoryValueSleepAnalysisAsleepREM
Connect,,2026-04-28 13:29:47 -0700,2026-04-28 14:24:47 -0700,HKCategoryValueSleepAnalysisAsleepCore
Connect,,2026-04-28 14:24:47 -0700,2026-04-28 14:32:47 -0700,HKCategoryValueSleepAnalysisAwake
Connect,,2026-04-28 14:32:47 -0700,2026-04-28 14:42:47 -0700,HKCategoryValueSleepAnalysisAsleepCore
Connect,,2026-04-28 14:42:47 -0700,2026-04-28 15:04:47 -0700,HKCategoryValueSleepAnalysisAsleepREM
Connect,,2026-04-28 15:04:47 -0700,2026-04-28 15:05:47 -0700,HKCategoryValueSleepAnalysisAwake
Connect,,2026-04-28 15:05:47 -0700,2026-04-28 15:27:47 -0700,HKCategoryValueSleepAnalysisAsleepCore
Connect,,2026-04-28 15:27:47 -0700,2026-04-28 15:28:47 -0700,HKCategoryValueSleepAnalysisAwake
Connect,,2026-04-28 15:28:47 -0700,2026-04-28 15:41:47 -0700,HKCategoryValueSleepAnalysisAsleepCore
Connect,,2026-04-28 15:41:47 -0700,2026-04-28 16:05:47 -0700,HKCategoryValueSleepAnalysisAsleepREM
Connect,,2026-04-28 09:14:47 -0700,2026-04-28 16:05:47 -0700,HKCategoryValueSleepAnalysisInBed
Connect,,2026-04-29 03:47:13 -0700,2026-04-29 03:57:12 -0700,HKCategoryValueSleepAnalysisAsleepCore
Connect,,2026-04-29 03:57:12 -0700,2026-04-29 04:41:12 -0700,HKCategoryValueSleepAnalysisAsleepDeep
Connect,,2026-04-29 04:41:12 -0700,2026-04-29 04:53:12 -0700,HKCategoryValueSleepAnalysisAsleepCore
Connect,,2026-04-29 04:53:12 -0700,2026-04-29 05:21:12 -0700,HKCategoryValueSleepAnalysisAsleepDeep
Connect,,2026-04-29 05:21:12 -0700,2026-04-29 05:49:12 -0700,HKCategoryValueSleepAnalysisAsleepCore
Connect,,2026-04-29 05:49:12 -0700,2026-04-29 06:32:12 -0700,HKCategoryValueSleepAnalysisAsleepDeep
Connect,,2026-04-29 06:32:12 -0700,2026-04-29 07:06:12 -0700,HKCategoryValueSleepAnalysisAsleepCore
Connect,,2026-04-29 07:06:12 -0700,2026-04-29 07:28:12 -0700,HKCategoryValueSleepAnalysisAsleepDeep
Connect,,2026-04-29 07:28:12 -0700,2026-04-29 07:41:12 -0700,HKCategoryValueSleepAnalysisAsleepCore
Connect,,2026-04-29 07:41:12 -0700,2026-04-29 07:47:12 -0700,HKCategoryValueSleepAnalysisAwake
Connect,,2026-04-29 07:47:12 -0700,2026-04-29 08:03:12 -0700,HKCategoryValueSleepAnalysisAsleepCore
Connect,,2026-04-29 08:03:12 -0700,2026-04-29 08:24:12 -0700,HKCategoryValueSleepAnalysisAsleepDeep
Connect,,2026-04-29 08:24:12 -0700,2026-04-29 08:39:12 -0700,HKCategoryValueSleepAnalysisAsleepCore
Connect,,2026-04-29 08:39:12 -0700,2026-04-29 09:03:12 -0700,HKCategoryValueSleepAnalysisAsleepREM
Connect,,2026-04-29 09:03:12 -0700,2026-04-29 10:03:12 -0700,HKCategoryValueSleepAnalysisAsleepCore
Connect,,2026-04-29 10:03:12 -0700,2026-04-29 10:45:12 -0700,HKCategoryValueSleepAnalysisAsleepREM
Connect,,2026-04-29 10:45:12 -0700,2026-04-29 10:51:12 -0700,HKCategoryValueSleepAnalysisAsleepCore
Connect,,2026-04-29 10:51:12 -0700,2026-04-29 10:57:12 -0700,HKCategoryValueSleepAnalysisAsleepREM
Connect,,2026-04-29 10:57:12 -0700,2026-04-29 11:35:12 -0700,HKCategoryValueSleepAnalysisAsleepCore
Connect,,2026-04-29 11:35:12 -0700,2026-04-29 12:12:12 -0700,HKCategoryValueSleepAnalysisAsleepREM
Connect,,2026-04-29 12:12:12 -0700,2026-04-29 12:30:12 -0700,HKCategoryValueSleepAnalysisAsleepCore
Connect,,2026-04-29 12:30:12 -0700,2026-04-29 12:59:12 -0700,HKCategoryValueSleepAnalysisAsleepREM
Connect,,2026-04-29 12:59:12 -0700,2026-04-29 13:00:12 -0700,HKCategoryValueSleepAnalysisAwake
Connect,,2026-04-29 13:00:12 -0700,2026-04-29 13:40:12 -0700,HKCategoryValueSleepAnalysisAsleepCore
Connect,,2026-04-29 13:40:12 -0700,2026-04-29 13:47:12 -0700,HKCategoryValueSleepAnalysisAsleepREM
Connect,,2026-04-29 13:47:12 -0700,2026-04-29 13:55:12 -0700,HKCategoryValueSleepAnalysisAsleepCore
Connect,,2026-04-29 13:55:12 -0700,2026-04-29 14:32:12 -0700,HKCategoryValueSleepAnalysisAsleepREM
Connect,,2026-04-29 14:32:12 -0700,2026-04-29 14:44:59 -0700,HKCategoryValueSleepAnalysisAsleepCore
Connect,,2026-04-29 03:47:12 -0700,2026-04-29 14:44:59 -0700,HKCategoryValueSleepAnalysisInBed
Connect,,2026-04-30 08:04:06 -0700,2026-04-30 08:14:05 -0700,HKCategoryValueSleepAnalysisAsleepCore
Connect,,2026-04-30 08:14:05 -0700,2026-04-30 08:32:05 -0700,HKCategoryValueSleepAnalysisAsleepDeep
Connect,,2026-04-30 08:32:05 -0700,2026-04-30 09:08:05 -0700,HKCategoryValueSleepAnalysisAsleepCore
Connect,,2026-04-30 09:08:05 -0700,2026-04-30 09:17:05 -0700,HKCategoryValueSleepAnalysisAsleepREM
Connect,,2026-04-30 09:17:05 -0700,2026-04-30 09:28:05 -0700,HKCategoryValueSleepAnalysisAsleepCore
Connect,,2026-04-30 09:28:05 -0700,2026-04-30 09:58:05 -0700,HKCategoryValueSleepAnalysisAsleepDeep
Connect,,2026-04-30 09:58:05 -0700,2026-04-30 10:44:05 -0700,HKCategoryValueSleepAnalysisAsleepCore
Connect,,2026-04-30 10:44:05 -0700,2026-04-30 10:55:05 -0700,HKCategoryValueSleepAnalysisAsleepREM
Connect,,2026-04-30 10:55:05 -0700,2026-04-30 11:30:05 -0700,HKCategoryValueSleepAnalysisAsleepCore
Connect,,2026-04-30 11:30:05 -0700,2026-04-30 11:40:05 -0700,HKCategoryValueSleepAnalysisAsleepREM
Connect,,2026-04-30 11:40:05 -0700,2026-04-30 11:47:05 -0700,HKCategoryValueSleepAnalysisAsleepCore
Connect,,2026-04-30 11:47:05 -0700,2026-04-30 12:03:05 -0700,HKCategoryValueSleepAnalysisAsleepREM
Connect,,2026-04-30 12:03:05 -0700,2026-04-30 12:34:05 -0700,HKCategoryValueSleepAnalysisAsleepCore
Connect,,2026-04-30 12:34:05 -0700,2026-04-30 12:49:05 -0700,HKCategoryValueSleepAnalysisAsleepREM
Connect,,2026-04-30 12:49:05 -0700,2026-04-30 13:05:05 -0700,HKCategoryValueSleepAnalysisAsleepCore
Connect,,2026-04-30 13:05:05 -0700,2026-04-30 13:18:05 -0700,HKCategoryValueSleepAnalysisAsleepREM
Connect,,2026-04-30 13:18:05 -0700,2026-04-30 13:29:05 -0700,HKCategoryValueSleepAnalysisAwake
Connect,,2026-04-30 13:29:05 -0700,2026-04-30 13:43:05 -0700,HKCategoryValueSleepAnalysisAsleepCore
Connect,,2026-04-30 13:43:05 -0700,2026-04-30 13:48:05 -0700,HKCategoryValueSleepAnalysisAwake
Connect,,2026-04-30 13:48:05 -0700,2026-04-30 14:30:05 -0700,HKCategoryValueSleepAnalysisAsleepCore
Connect,,2026-04-30 14:30:05 -0700,2026-04-30 14:46:05 -0700,HKCategoryValueSleepAnalysisAsleepREM
Connect,,2026-04-30 14:46:05 -0700,2026-04-30 14:47:05 -0700,HKCategoryValueSleepAnalysisAwake
Connect,,2026-04-30 14:47:05 -0700,2026-04-30 14:58:05 -0700,HKCategoryValueSleepAnalysisAsleepCore
Connect,,2026-04-30 08:04:05 -0700,2026-04-30 14:58:05 -0700,HKCategoryValueSleepAnalysisInBed
Connect,,2026-05-02 07:41:14 -0700,2026-05-02 07:51:13 -0700,HKCategoryValueSleepAnalysisAsleepCore
Connect,,2026-05-02 07:51:13 -0700,2026-05-02 08:05:13 -0700,HKCategoryValueSleepAnalysisAsleepDeep
Connect,,2026-05-02 08:05:13 -0700,2026-05-02 08:12:13 -0700,HKCategoryValueSleepAnalysisAsleepCore
Connect,,2026-05-02 08:12:13 -0700,2026-05-02 08:37:13 -0700,HKCategoryValueSleepAnalysisAsleepDeep
Connect,,2026-05-02 08:37:13 -0700,2026-05-02 09:21:13 -0700,HKCategoryValueSleepAnalysisAsleepCore
Connect,,2026-05-02 09:21:13 -0700,2026-05-02 09:56:13 -0700,HKCategoryValueSleepAnalysisAsleepDeep
Connect,,2026-05-02 09:56:13 -0700,2026-05-02 10:59:13 -0700,HKCategoryValueSleepAnalysisAsleepCore
Connect,,2026-05-02 10:59:13 -0700,2026-05-02 11:22:13 -0700,HKCategoryValueSleepAnalysisAsleepDeep
Connect,,2026-05-02 11:22:13 -0700,2026-05-02 11:32:13 -0700,HKCategoryValueSleepAnalysisAsleepCore
Connect,,2026-05-02 11:32:13 -0700,2026-05-02 11:49:13 -0700,HKCategoryValueSleepAnalysisAsleepREM
Connect,,2026-05-02 11:49:13 -0700,2026-05-02 12:59:13 -0700,HKCategoryValueSleepAnalysisAsleepCore
Connect,,2026-05-02 12:59:13 -0700,2026-05-02 13:37:13 -0700,HKCategoryValueSleepAnalysisAsleepREM
Connect,,2026-05-02 13:37:13 -0700,2026-05-02 13:45:13 -0700,HKCategoryValueSleepAnalysisAsleepCore
Connect,,2026-05-02 13:45:13 -0700,2026-05-02 14:10:13 -0700,HKCategoryValueSleepAnalysisAsleepREM
Connect,,2026-05-02 14:10:13 -0700,2026-05-02 14:24:13 -0700,HKCategoryValueSleepAnalysisAsleepCore
Connect,,2026-05-02 14:24:13 -0700,2026-05-02 14:35:13 -0700,HKCategoryValueSleepAnalysisAsleepREM
Connect,,2026-05-02 14:35:13 -0700,2026-05-02 14:56:13 -0700,HKCategoryValueSleepAnalysisAsleepCore
Connect,,2026-05-02 14:56:13 -0700,2026-05-02 15:15:51 -0700,HKCategoryValueSleepAnalysisAsleepREM
Connect,,2026-05-02 07:41:13 -0700,2026-05-02 15:15:51 -0700,HKCategoryValueSleepAnalysisInBed
Connect,,2026-05-03 08:56:52 -0700,2026-05-03 09:06:51 -0700,HKCategoryValueSleepAnalysisAsleepCore
Connect,,2026-05-03 09:06:51 -0700,2026-05-03 09:34:51 -0700,HKCategoryValueSleepAnalysisAsleepDeep
Connect,,2026-05-03 09:34:51 -0700,2026-05-03 10:05:51 -0700,HKCategoryValueSleepAnalysisAsleepCore
Connect,,2026-05-03 10:05:51 -0700,2026-05-03 10:51:51 -0700,HKCategoryValueSleepAnalysisAsleepDeep
Connect,,2026-05-03 10:51:51 -0700,2026-05-03 12:08:51 -0700,HKCategoryValueSleepAnalysisAsleepCore
Connect,,2026-05-03 12:08:51 -0700,2026-05-03 12:11:51 -0700,HKCategoryValueSleepAnalysisAwake
Connect,,2026-05-03 12:11:51 -0700,2026-05-03 12:21:51 -0700,HKCategoryValueSleepAnalysisAsleepCore
Connect,,2026-05-03 12:21:51 -0700,2026-05-03 12:44:51 -0700,HKCategoryValueSleepAnalysisAsleepDeep
Connect,,2026-05-03 12:44:51 -0700,2026-05-03 12:52:51 -0700,HKCategoryValueSleepAnalysisAsleepCore
Connect,,2026-05-03 12:52:51 -0700,2026-05-03 13:42:51 -0700,HKCategoryValueSleepAnalysisAsleepREM
Connect,,2026-05-03 13:42:51 -0700,2026-05-03 14:48:51 -0700,HKCategoryValueSleepAnalysisAsleepCore
Connect,,2026-05-03 14:48:51 -0700,2026-05-03 15:14:51 -0700,HKCategoryValueSleepAnalysisAsleepREM
Connect,,2026-05-03 15:14:51 -0700,2026-05-03 15:19:51 -0700,HKCategoryValueSleepAnalysisAsleepCore
Connect,,2026-05-03 15:19:51 -0700,2026-05-03 15:31:51 -0700,HKCategoryValueSleepAnalysisAsleepREM
Connect,,2026-05-03 08:56:51 -0700,2026-05-03 15:31:51 -0700,HKCategoryValueSleepAnalysisInBed
Connect,,2026-05-04 06:35:15 -0700,2026-05-04 07:23:14 -0700,HKCategoryValueSleepAnalysisAsleepCore
Connect,,2026-05-04 07:23:14 -0700,2026-05-04 07:33:14 -0700,HKCategoryValueSleepAnalysisAwake
Connect,,2026-05-04 07:33:14 -0700,2026-05-04 08:37:14 -0700,HKCategoryValueSleepAnalysisAsleepCore
Connect,,2026-05-04 08:37:14 -0700,2026-05-04 08:49:14 -0700,HKCategoryValueSleepAnalysisAwake
Connect,,2026-05-04 08:49:14 -0700,2026-05-04 09:44:14 -0700,HKCategoryValueSleepAnalysisAsleepCore
Connect,,2026-05-04 06:35:14 -0700,2026-05-04 09:44:14 -0700,HKCategoryValueSleepAnalysisInBed
Connect,,2026-05-04 13:34:14 -0700,2026-05-04 15:57:14 -0700,HKCategoryValueSleepAnalysisInBed
Connect,,2026-05-04 13:34:14 -0700,2026-05-04 15:57:14 -0700,HKCategoryValueSleepAnalysisAsleepUnspecified
Connect,,2026-05-04 17:29:14 -0700,2026-05-04 18:03:14 -0700,HKCategoryValueSleepAnalysisInBed
Connect,,2026-05-04 17:29:14 -0700,2026-05-04 18:03:14 -0700,HKCategoryValueSleepAnalysisAsleepUnspecified
Connect,,2026-05-05 07:56:24 -0700,2026-05-05 08:02:23 -0700,HKCategoryValueSleepAnalysisAsleepCore
Connect,,2026-05-05 08:02:23 -0700,2026-05-05 08:37:23 -0700,HKCategoryValueSleepAnalysisAsleepDeep
Connect,,2026-05-05 08:37:23 -0700,2026-05-05 08:47:23 -0700,HKCategoryValueSleepAnalysisAsleepCore
Connect,,2026-05-05 08:47:23 -0700,2026-05-05 08:57:23 -0700,HKCategoryValueSleepAnalysisAsleepREM
Connect,,2026-05-05 08:57:23 -0700,2026-05-05 09:04:23 -0700,HKCategoryValueSleepAnalysisAsleepCore
Connect,,2026-05-05 09:04:23 -0700,2026-05-05 09:33:23 -0700,HKCategoryValueSleepAnalysisAsleepDeep
Connect,,2026-05-05 09:33:23 -0700,2026-05-05 10:44:23 -0700,HKCategoryValueSleepAnalysisAsleepCore
Connect,,2026-05-05 10:44:23 -0700,2026-05-05 10:55:23 -0700,HKCategoryValueSleepAnalysisAsleepDeep
Connect,,2026-05-05 10:55:23 -0700,2026-05-05 11:09:23 -0700,HKCategoryValueSleepAnalysisAsleepCore
Connect,,2026-05-05 11:09:23 -0700,2026-05-05 11:50:23 -0700,HKCategoryValueSleepAnalysisAsleepREM
Connect,,2026-05-05 11:50:23 -0700,2026-05-05 12:12:23 -0700,HKCategoryValueSleepAnalysisAsleepCore
Connect,,2026-05-05 12:12:23 -0700,2026-05-05 12:13:23 -0700,HKCategoryValueSleepAnalysisAwake
Connect,,2026-05-05 12:13:23 -0700,2026-05-05 12:45:23 -0700,HKCategoryValueSleepAnalysisAsleepCore
Connect,,2026-05-05 12:45:23 -0700,2026-05-05 13:27:23 -0700,HKCategoryValueSleepAnalysisAsleepREM
Connect,,2026-05-05 13:27:23 -0700,2026-05-05 13:36:23 -0700,HKCategoryValueSleepAnalysisAsleepCore
Connect,,2026-05-05 13:36:23 -0700,2026-05-05 14:16:23 -0700,HKCategoryValueSleepAnalysisAsleepREM
Connect,,2026-05-05 14:16:23 -0700,2026-05-05 14:26:23 -0700,HKCategoryValueSleepAnalysisAsleepCore
Connect,,2026-05-05 14:26:23 -0700,2026-05-05 14:39:23 -0700,HKCategoryValueSleepAnalysisAsleepDeep
Connect,,2026-05-05 14:39:23 -0700,2026-05-05 14:55:23 -0700,HKCategoryValueSleepAnalysisAsleepCore
Connect,,2026-05-05 14:55:23 -0700,2026-05-05 15:45:23 -0700,HKCategoryValueSleepAnalysisAsleepREM
Connect,,2026-05-05 15:45:23 -0700,2026-05-05 15:59:23 -0700,HKCategoryValueSleepAnalysisAwake
Connect,,2026-05-05 15:59:23 -0700,2026-05-05 16:09:23 -0700,HKCategoryValueSleepAnalysisAsleepCore
Connect,,2026-05-05 16:09:23 -0700,2026-05-05 16:16:23 -0700,HKCategoryValueSleepAnalysisAsleepREM
Connect,,2026-05-05 16:16:23 -0700,2026-05-05 16:29:23 -0700,HKCategoryValueSleepAnalysisAsleepCore
Connect,,2026-05-05 16:29:23 -0700,2026-05-05 16:34:23 -0700,HKCategoryValueSleepAnalysisAsleepDeep
Connect,,2026-05-05 16:34:23 -0700,2026-05-05 16:44:23 -0700,HKCategoryValueSleepAnalysisAwake
Connect,,2026-05-05 16:44:23 -0700,2026-05-05 16:52:23 -0700,HKCategoryValueSleepAnalysisAsleepCore
Connect,,2026-05-05 16:52:23 -0700,2026-05-05 17:13:23 -0700,HKCategoryValueSleepAnalysisAsleepREM
Connect,,2026-05-05 17:13:23 -0700,2026-05-05 17:45:23 -0700,HKCategoryValueSleepAnalysisAsleepCore
Connect,,2026-05-05 17:45:23 -0700,2026-05-05 17:59:23 -0700,HKCategoryValueSleepAnalysisAwake
Connect,,2026-05-05 17:59:23 -0700,2026-05-05 18:17:23 -0700,HKCategoryValueSleepAnalysisAsleepCore
Connect,,2026-05-05 07:56:23 -0700,2026-05-05 18:17:23 -0700,HKCategoryValueSleepAnalysisInBed
Connect,,2026-05-06 09:48:51 -0700,2026-05-06 10:09:50 -0700,HKCategoryValueSleepAnalysisAsleepCore
Connect,,2026-05-06 10:09:50 -0700,2026-05-06 10:32:50 -0700,HKCategoryValueSleepAnalysisAsleepDeep
Connect,,2026-05-06 10:32:50 -0700,2026-05-06 10:37:50 -0700,HKCategoryValueSleepAnalysisAsleepCore
Connect,,2026-05-06 10:37:50 -0700,2026-05-06 11:07:50 -0700,HKCategoryValueSleepAnalysisAsleepDeep
Connect,,2026-05-06 11:07:50 -0700,2026-05-06 11:28:50 -0700,HKCategoryValueSleepAnalysisAsleepCore
Connect,,2026-05-06 11:28:50 -0700,2026-05-06 11:34:50 -0700,HKCategoryValueSleepAnalysisAsleepREM
Connect,,2026-05-06 11:34:50 -0700,2026-05-06 12:07:50 -0700,HKCategoryValueSleepAnalysisAsleepCore
Connect,,2026-05-06 12:07:50 -0700,2026-05-06 12:42:50 -0700,HKCategoryValueSleepAnalysisAsleepDeep
Connect,,2026-05-06 12:42:50 -0700,2026-05-06 13:03:50 -0700,HKCategoryValueSleepAnalysisAsleepCore
Connect,,2026-05-06 13:03:50 -0700,2026-05-06 13:26:50 -0700,HKCategoryValueSleepAnalysisAsleepREM
Connect,,2026-05-06 13:26:50 -0700,2026-05-06 14:10:50 -0700,HKCategoryValueSleepAnalysisAsleepCore
Connect,,2026-05-06 14:10:50 -0700,2026-05-06 14:21:50 -0700,HKCategoryValueSleepAnalysisAwake
Connect,,2026-05-06 14:21:50 -0700,2026-05-06 14:47:50 -0700,HKCategoryValueSleepAnalysisAsleepCore
Connect,,2026-05-06 14:47:50 -0700,2026-05-06 15:33:50 -0700,HKCategoryValueSleepAnalysisAsleepREM
Connect,,2026-05-06 15:33:50 -0700,2026-05-06 15:41:50 -0700,HKCategoryValueSleepAnalysisAsleepCore
Connect,,2026-05-06 15:41:50 -0700,2026-05-06 16:08:50 -0700,HKCategoryValueSleepAnalysisAsleepREM
Connect,,2026-05-06 16:08:50 -0700,2026-05-06 16:43:50 -0700,HKCategoryValueSleepAnalysisAsleepCore
Connect,,2026-05-06 16:43:50 -0700,2026-05-06 16:59:50 -0700,HKCategoryValueSleepAnalysisAsleepREM
Connect,,2026-05-06 16:59:50 -0700,2026-05-06 17:10:50 -0700,HKCategoryValueSleepAnalysisAsleepCore
Connect,,2026-05-06 17:10:50 -0700,2026-05-06 17:19:50 -0700,HKCategoryValueSleepAnalysisAsleepREM
Connect,,2026-05-06 17:19:50 -0700,2026-05-06 17:51:50 -0700,HKCategoryValueSleepAnalysisAsleepCore
Connect,,2026-05-06 09:48:50 -0700,2026-05-06 17:51:50 -0700,HKCategoryValueSleepAnalysisInBed
Connect,,2026-05-07 07:16:09 -0700,2026-05-07 07:26:08 -0700,HKCategoryValueSleepAnalysisAsleepCore
Connect,,2026-05-07 07:26:08 -0700,2026-05-07 08:18:08 -0700,HKCategoryValueSleepAnalysisAsleepDeep
Connect,,2026-05-07 08:18:08 -0700,2026-05-07 09:36:08 -0700,HKCategoryValueSleepAnalysisAsleepCore
Connect,,2026-05-07 09:36:08 -0700,2026-05-07 09:46:08 -0700,HKCategoryValueSleepAnalysisAsleepDeep
Connect,,2026-05-07 09:46:08 -0700,2026-05-07 11:10:08 -0700,HKCategoryValueSleepAnalysisAsleepCore
Connect,,2026-05-07 11:10:08 -0700,2026-05-07 11:54:08 -0700,HKCategoryValueSleepAnalysisAsleepREM
Connect,,2026-05-07 11:54:08 -0700,2026-05-07 13:00:08 -0700,HKCategoryValueSleepAnalysisAsleepCore
Connect,,2026-05-07 13:00:08 -0700,2026-05-07 13:05:08 -0700,HKCategoryValueSleepAnalysisAsleepREM
Connect,,2026-05-07 13:05:08 -0700,2026-05-07 13:11:08 -0700,HKCategoryValueSleepAnalysisAsleepCore
Connect,,2026-05-07 13:11:08 -0700,2026-05-07 13:14:08 -0700,HKCategoryValueSleepAnalysisAwake
Connect,,2026-05-07 13:14:08 -0700,2026-05-07 14:10:08 -0700,HKCategoryValueSleepAnalysisAsleepCore
Connect,,2026-05-07 14:10:08 -0700,2026-05-07 14:39:08 -0700,HKCategoryValueSleepAnalysisAsleepREM
Connect,,2026-05-07 14:39:08 -0700,2026-05-07 14:44:08 -0700,HKCategoryValueSleepAnalysisAwake
Connect,,2026-05-07 14:44:08 -0700,2026-05-07 15:00:08 -0700,HKCategoryValueSleepAnalysisAsleepCore
Connect,,2026-05-07 15:00:08 -0700,2026-05-07 15:14:08 -0700,HKCategoryValueSleepAnalysisAwake
Connect,,2026-05-07 15:14:08 -0700,2026-05-07 16:23:08 -0700,HKCategoryValueSleepAnalysisAsleepCore
Connect,,2026-05-07 16:23:08 -0700,2026-05-07 16:35:08 -0700,HKCategoryValueSleepAnalysisAwake
Connect,,2026-05-07 16:35:08 -0700,2026-05-07 16:43:08 -0700,HKCategoryValueSleepAnalysisAsleepCore
Connect,,2026-05-07 16:43:08 -0700,2026-05-07 17:13:08 -0700,HKCategoryValueSleepAnalysisAsleepREM
Connect,,2026-05-07 07:16:08 -0700,2026-05-07 17:13:08 -0700,HKCategoryValueSleepAnalysisInBed
Connect,,2026-05-10 08:42:53 -0700,2026-05-10 08:44:52 -0700,HKCategoryValueSleepAnalysisAsleepCore
Connect,,2026-05-10 08:44:52 -0700,2026-05-10 09:25:52 -0700,HKCategoryValueSleepAnalysisAsleepDeep
Connect,,2026-05-10 09:25:52 -0700,2026-05-10 09:35:52 -0700,HKCategoryValueSleepAnalysisAsleepCore
Connect,,2026-05-10 09:35:52 -0700,2026-05-10 10:03:52 -0700,HKCategoryValueSleepAnalysisAsleepREM
Connect,,2026-05-10 10:03:52 -0700,2026-05-10 10:26:52 -0700,HKCategoryValueSleepAnalysisAsleepCore
Connect,,2026-05-10 10:26:52 -0700,2026-05-10 10:31:52 -0700,HKCategoryValueSleepAnalysisAsleepDeep
Connect,,2026-05-10 10:31:52 -0700,2026-05-10 10:47:52 -0700,HKCategoryValueSleepAnalysisAsleepCore
Connect,,2026-05-10 10:47:52 -0700,2026-05-10 11:59:52 -0700,HKCategoryValueSleepAnalysisAsleepDeep
Connect,,2026-05-10 11:59:52 -0700,2026-05-10 12:19:52 -0700,HKCategoryValueSleepAnalysisAsleepCore
Connect,,2026-05-10 12:19:52 -0700,2026-05-10 12:33:52 -0700,HKCategoryValueSleepAnalysisAsleepREM
Connect,,2026-05-10 12:33:52 -0700,2026-05-10 12:43:52 -0700,HKCategoryValueSleepAnalysisAsleepCore
Connect,,2026-05-10 12:43:52 -0700,2026-05-10 12:54:52 -0700,HKCategoryValueSleepAnalysisAsleepDeep
Connect,,2026-05-10 12:54:52 -0700,2026-05-10 13:18:52 -0700,HKCategoryValueSleepAnalysisAsleepCore
Connect,,2026-05-10 13:18:52 -0700,2026-05-10 13:34:52 -0700,HKCategoryValueSleepAnalysisAsleepDeep
Connect,,2026-05-10 13:34:52 -0700,2026-05-10 13:44:52 -0700,HKCategoryValueSleepAnalysisAsleepCore
Connect,,2026-05-10 13:44:52 -0700,2026-05-10 14:07:52 -0700,HKCategoryValueSleepAnalysisAsleepREM
Connect,,2026-05-10 14:07:52 -0700,2026-05-10 14:13:52 -0700,HKCategoryValueSleepAnalysisAsleepCore
Connect,,2026-05-10 14:13:52 -0700,2026-05-10 14:30:52 -0700,HKCategoryValueSleepAnalysisAsleepDeep
Connect,,2026-05-10 14:30:52 -0700,2026-05-10 14:44:52 -0700,HKCategoryValueSleepAnalysisAsleepCore
Connect,,2026-05-10 14:44:52 -0700,2026-05-10 15:14:52 -0700,HKCategoryValueSleepAnalysisAsleepREM
Connect,,2026-05-10 15:14:52 -0700,2026-05-10 15:16:52 -0700,HKCategoryValueSleepAnalysisAwake
Connect,,2026-05-10 15:16:52 -0700,2026-05-10 15:28:52 -0700,HKCategoryValueSleepAnalysisAsleepCore
Connect,,2026-05-10 15:28:52 -0700,2026-05-10 15:48:52 -0700,HKCategoryValueSleepAnalysisAsleepREM
Connect,,2026-05-10 15:48:52 -0700,2026-05-10 15:57:52 -0700,HKCategoryValueSleepAnalysisAsleepCore
Connect,,2026-05-10 15:57:52 -0700,2026-05-10 16:09:52 -0700,HKCategoryValueSleepAnalysisAsleepREM
Connect,,2026-05-10 16:09:52 -0700,2026-05-10 16:35:52 -0700,HKCategoryValueSleepAnalysisAsleepCore
Connect,,2026-05-10 16:35:52 -0700,2026-05-10 17:17:52 -0700,HKCategoryValueSleepAnalysisAsleepREM
Connect,,2026-05-10 08:42:52 -0700,2026-05-10 17:17:52 -0700,HKCategoryValueSleepAnalysisInBed
Connect,,2026-05-11 09:21:03 -0700,2026-05-11 09:42:02 -0700,HKCategoryValueSleepAnalysisAsleepCore
Connect,,2026-05-11 09:21:02 -0700,2026-05-11 09:42:02 -0700,HKCategoryValueSleepAnalysisInBed
Connect,,2026-05-11 13:34:43 -0700,2026-05-11 16:34:43 -0700,HKCategoryValueSleepAnalysisInBed
Connect,,2026-05-11 13:34:43 -0700,2026-05-11 16:34:43 -0700,HKCategoryValueSleepAnalysisAsleepUnspecified
Connect,,2026-05-11 17:38:36 -0700,2026-05-11 18:30:36 -0700,HKCategoryValueSleepAnalysisInBed
Connect,,2026-05-11 17:38:36 -0700,2026-05-11 18:30:36 -0700,HKCategoryValueSleepAnalysisAsleepUnspecified
Connect,,2026-05-11 19:26:36 -0700,2026-05-11 21:56:36 -0700,HKCategoryValueSleepAnalysisInBed
Connect,,2026-05-11 19:26:36 -0700,2026-05-11 21:56:36 -0700,HKCategoryValueSleepAnalysisAsleepUnspecified
Connect,,2026-05-13 19:41:18 -0700,2026-05-13 19:53:17 -0700,HKCategoryValueSleepAnalysisAsleepCore
Connect,,2026-05-13 19:53:17 -0700,2026-05-13 20:24:17 -0700,HKCategoryValueSleepAnalysisAsleepDeep
Connect,,2026-05-13 20:24:17 -0700,2026-05-13 20:38:17 -0700,HKCategoryValueSleepAnalysisAsleepCore
Connect,,2026-05-13 20:38:17 -0700,2026-05-13 20:49:17 -0700,HKCategoryValueSleepAnalysisAsleepDeep
Connect,,2026-05-13 20:49:17 -0700,2026-05-13 21:25:17 -0700,HKCategoryValueSleepAnalysisAsleepCore
Connect,,2026-05-13 21:25:17 -0700,2026-05-13 22:04:17 -0700,HKCategoryValueSleepAnalysisAsleepDeep
Connect,,2026-05-13 22:04:17 -0700,2026-05-13 22:35:17 -0700,HKCategoryValueSleepAnalysisAsleepCore
Connect,,2026-05-13 22:35:17 -0700,2026-05-13 22:37:17 -0700,HKCategoryValueSleepAnalysisAwake
Connect,,2026-05-13 22:37:17 -0700,2026-05-13 23:00:17 -0700,HKCategoryValueSleepAnalysisAsleepCore
Connect,,2026-05-13 23:00:17 -0700,2026-05-13 23:16:17 -0700,HKCategoryValueSleepAnalysisAsleepREM
Connect,,2026-05-13 23:16:17 -0700,2026-05-13 23:58:17 -0700,HKCategoryValueSleepAnalysisAsleepCore
Connect,,2026-05-13 23:58:17 -0700,2026-05-13 23:59:17 -0700,HKCategoryValueSleepAnalysisAwake
Connect,,2026-05-13 23:59:17 -0700,2026-05-14 00:24:17 -0700,HKCategoryValueSleepAnalysisAsleepCore
Connect,,2026-05-14 00:24:17 -0700,2026-05-14 01:07:17 -0700,HKCategoryValueSleepAnalysisAsleepDeep
Connect,,2026-05-14 01:07:17 -0700,2026-05-14 01:14:17 -0700,HKCategoryValueSleepAnalysisAsleepCore
Connect,,2026-05-14 01:14:17 -0700,2026-05-14 01:26:17 -0700,HKCategoryValueSleepAnalysisAsleepREM
Connect,,2026-05-14 01:26:17 -0700,2026-05-14 01:36:17 -0700,HKCategoryValueSleepAnalysisAsleepCore
Connect,,2026-05-14 01:36:17 -0700,2026-05-14 01:56:17 -0700,HKCategoryValueSleepAnalysisAsleepDeep
Connect,,2026-05-14 01:56:17 -0700,2026-05-14 02:15:17 -0700,HKCategoryValueSleepAnalysisAsleepCore
Connect,,2026-05-14 02:15:17 -0700,2026-05-14 02:53:17 -0700,HKCategoryValueSleepAnalysisAsleepREM
Connect,,2026-05-14 02:53:17 -0700,2026-05-14 03:18:17 -0700,HKCategoryValueSleepAnalysisAsleepCore
Connect,,2026-05-14 03:18:17 -0700,2026-05-14 03:53:17 -0700,HKCategoryValueSleepAnalysisAsleepREM
Connect,,2026-05-14 03:53:17 -0700,2026-05-14 04:09:17 -0700,HKCategoryValueSleepAnalysisAwake
Connect,,2026-05-14 04:09:17 -0700,2026-05-14 04:19:17 -0700,HKCategoryValueSleepAnalysisAsleepCore
Connect,,2026-05-14 04:19:17 -0700,2026-05-14 04:26:17 -0700,HKCategoryValueSleepAnalysisAsleepREM
Connect,,2026-05-14 04:26:17 -0700,2026-05-14 05:13:17 -0700,HKCategoryValueSleepAnalysisAsleepCore
Connect,,2026-05-14 05:13:17 -0700,2026-05-14 05:16:17 -0700,HKCategoryValueSleepAnalysisAwake
Connect,,2026-05-14 05:16:17 -0700,2026-05-14 05:34:17 -0700,HKCategoryValueSleepAnalysisAsleepCore
Connect,,2026-05-13 19:41:17 -0700,2026-05-14 05:34:17 -0700,HKCategoryValueSleepAnalysisInBed
Connect,,2026-05-14 21:10:01 -0700,2026-05-14 21:36:21 -0700,HKCategoryValueSleepAnalysisAsleepCore
Connect,,2026-05-14 21:36:21 -0700,2026-05-14 22:00:21 -0700,HKCategoryValueSleepAnalysisAsleepDeep
Connect,,2026-05-14 22:00:21 -0700,2026-05-14 22:01:21 -0700,HKCategoryValueSleepAnalysisAwake
Connect,,2026-05-14 22:01:21 -0700,2026-05-14 23:22:21 -0700,HKCategoryValueSleepAnalysisAsleepCore
Connect,,2026-05-14 23:22:21 -0700,2026-05-15 00:08:21 -0700,HKCategoryValueSleepAnalysisAsleepDeep
Connect,,2026-05-15 00:08:21 -0700,2026-05-15 00:53:21 -0700,HKCategoryValueSleepAnalysisAsleepCore
Connect,,2026-05-15 00:53:21 -0700,2026-05-15 00:56:21 -0700,HKCategoryValueSleepAnalysisAwake
Connect,,2026-05-15 00:56:21 -0700,2026-05-15 01:06:21 -0700,HKCategoryValueSleepAnalysisAsleepCore
Connect,,2026-05-15 01:06:21 -0700,2026-05-15 01:24:21 -0700,HKCategoryValueSleepAnalysisAsleepDeep
Connect,,2026-05-15 01:24:21 -0700,2026-05-15 01:42:21 -0700,HKCategoryValueSleepAnalysisAsleepCore
Connect,,2026-05-15 01:42:21 -0700,2026-05-15 02:15:21 -0700,HKCategoryValueSleepAnalysisAsleepREM
Connect,,2026-05-15 02:15:21 -0700,2026-05-15 02:50:21 -0700,HKCategoryValueSleepAnalysisAsleepCore
Connect,,2026-05-15 02:50:21 -0700,2026-05-15 03:19:21 -0700,HKCategoryValueSleepAnalysisAsleepREM
Connect,,2026-05-15 03:19:21 -0700,2026-05-15 04:36:21 -0700,HKCategoryValueSleepAnalysisAsleepCore
Connect,,2026-05-15 04:36:21 -0700,2026-05-15 04:51:21 -0700,HKCategoryValueSleepAnalysisAsleepREM
Connect,,2026-05-15 04:51:21 -0700,2026-05-15 04:59:21 -0700,HKCategoryValueSleepAnalysisAsleepCore
Connect,,2026-05-14 21:10:00 -0700,2026-05-15 05:00:00 -0700,HKCategoryValueSleepAnalysisInBed
Connect,,2026-05-28 03:37:26 -0700,2026-05-28 03:47:25 -0700,HKCategoryValueSleepAnalysisAsleepCore
Connect,,2026-05-28 03:47:25 -0700,2026-05-28 04:00:25 -0700,HKCategoryValueSleepAnalysisAsleepDeep
Connect,,2026-05-28 04:00:25 -0700,2026-05-28 04:01:25 -0700,HKCategoryValueSleepAnalysisAwake
Connect,,2026-05-28 04:01:25 -0700,2026-05-28 04:06:25 -0700,HKCategoryValueSleepAnalysisAsleepCore
Connect,,2026-05-28 04:06:25 -0700,2026-05-28 04:12:25 -0700,HKCategoryValueSleepAnalysisAsleepDeep
Connect,,2026-05-28 04:12:25 -0700,2026-05-28 05:01:25 -0700,HKCategoryValueSleepAnalysisAsleepCore
Connect,,2026-05-28 05:01:25 -0700,2026-05-28 05:07:25 -0700,HKCategoryValueSleepAnalysisAsleepDeep
Connect,,2026-05-28 05:07:25 -0700,2026-05-28 05:23:25 -0700,HKCategoryValueSleepAnalysisAsleepCore
Connect,,2026-05-28 05:23:25 -0700,2026-05-28 05:27:25 -0700,HKCategoryValueSleepAnalysisAwake
Connect,,2026-05-28 05:27:25 -0700,2026-05-28 05:55:25 -0700,HKCategoryValueSleepAnalysisAsleepCore
Connect,,2026-05-28 05:55:25 -0700,2026-05-28 06:27:25 -0700,HKCategoryValueSleepAnalysisAsleepDeep
Connect,,2026-05-28 06:27:25 -0700,2026-05-28 07:28:25 -0700,HKCategoryValueSleepAnalysisAsleepCore
Connect,,2026-05-28 07:28:25 -0700,2026-05-28 07:51:25 -0700,HKCategoryValueSleepAnalysisAsleepREM
Connect,,2026-05-28 07:51:25 -0700,2026-05-28 08:45:25 -0700,HKCategoryValueSleepAnalysisAsleepCore
Connect,,2026-05-28 08:45:25 -0700,2026-05-28 09:03:25 -0700,HKCategoryValueSleepAnalysisAsleepREM
Connect,,2026-05-28 09:03:25 -0700,2026-05-28 09:24:25 -0700,HKCategoryValueSleepAnalysisAsleepCore
Connect,,2026-05-28 09:24:25 -0700,2026-05-28 09:42:25 -0700,HKCategoryValueSleepAnalysisAsleepREM
Connect,,2026-05-28 09:42:25 -0700,2026-05-28 10:41:25 -0700,HKCategoryValueSleepAnalysisAsleepCore
Connect,,2026-05-28 10:41:25 -0700,2026-05-28 10:47:25 -0700,HKCategoryValueSleepAnalysisAwake
Connect,,2026-05-28 10:47:25 -0700,2026-05-28 11:19:25 -0700,HKCategoryValueSleepAnalysisAsleepCore
Connect,,2026-05-28 11:19:25 -0700,2026-05-28 11:27:25 -0700,HKCategoryValueSleepAnalysisAsleepREM
Connect,,2026-05-28 11:27:25 -0700,2026-05-28 11:49:25 -0700,HKCategoryValueSleepAnalysisAsleepCore
Connect,,2026-05-28 11:49:25 -0700,2026-05-28 11:56:25 -0700,HKCategoryValueSleepAnalysisAsleepREM
Connect,,2026-05-28 11:56:25 -0700,2026-05-28 12:10:25 -0700,HKCategoryValueSleepAnalysisAsleepCore
Connect,,2026-05-28 12:10:25 -0700,2026-05-28 12:23:25 -0700,HKCategoryValueSleepAnalysisAsleepREM
Connect,,2026-05-28 12:23:25 -0700,2026-05-28 12:50:25 -0700,HKCategoryValueSleepAnalysisAsleepCore
Connect,,2026-05-28 12:50:25 -0700,2026-05-28 13:12:25 -0700,HKCategoryValueSleepAnalysisAsleepREM
Connect,,2026-05-28 03:37:25 -0700,2026-05-28 13:12:25 -0700,HKCategoryValueSleepAnalysisInBed
Connect,,2026-05-31 02:52:45 -0700,2026-05-31 03:02:44 -0700,HKCategoryValueSleepAnalysisAsleepCore
Connect,,2026-05-31 03:02:44 -0700,2026-05-31 03:50:44 -0700,HKCategoryValueSleepAnalysisAsleepDeep
Connect,,2026-05-31 03:50:44 -0700,2026-05-31 03:51:44 -0700,HKCategoryValueSleepAnalysisAwake
Connect,,2026-05-31 03:51:44 -0700,2026-05-31 05:14:44 -0700,HKCategoryValueSleepAnalysisAsleepCore
Connect,,2026-05-31 05:14:44 -0700,2026-05-31 05:25:44 -0700,HKCategoryValueSleepAnalysisAsleepDeep
Connect,,2026-05-31 05:25:44 -0700,2026-05-31 06:43:44 -0700,HKCategoryValueSleepAnalysisAsleepCore
Connect,,2026-05-31 06:43:44 -0700,2026-05-31 06:44:44 -0700,HKCategoryValueSleepAnalysisAwake
Connect,,2026-05-31 06:44:44 -0700,2026-05-31 07:29:44 -0700,HKCategoryValueSleepAnalysisAsleepCore
Connect,,2026-05-31 07:29:44 -0700,2026-05-31 07:31:44 -0700,HKCategoryValueSleepAnalysisAwake
Connect,,2026-05-31 07:31:44 -0700,2026-05-31 07:43:44 -0700,HKCategoryValueSleepAnalysisAsleepCore
Connect,,2026-05-31 07:43:44 -0700,2026-05-31 09:04:44 -0700,HKCategoryValueSleepAnalysisAwake
Connect,,2026-05-31 09:04:44 -0700,2026-05-31 09:25:44 -0700,HKCategoryValueSleepAnalysisAsleepCore
Connect,,2026-05-31 09:25:44 -0700,2026-05-31 09:32:44 -0700,HKCategoryValueSleepAnalysisAwake
Connect,,2026-05-31 09:32:44 -0700,2026-05-31 10:32:44 -0700,HKCategoryValueSleepAnalysisAsleepCore
Connect,,2026-05-31 10:32:44 -0700,2026-05-31 10:33:44 -0700,HKCategoryValueSleepAnalysisAwake
Connect,,2026-05-31 10:33:44 -0700,2026-05-31 10:45:44 -0700,HKCategoryValueSleepAnalysisAsleepCore
Connect,,2026-05-31 10:45:44 -0700,2026-05-31 11:02:44 -0700,HKCategoryValueSleepAnalysisAsleepREM
Connect,,2026-05-31 11:02:44 -0700,2026-05-31 11:06:44 -0700,HKCategoryValueSleepAnalysisAsleepCore
Connect,,2026-05-31 11:06:44 -0700,2026-05-31 11:07:44 -0700,HKCategoryValueSleepAnalysisAwake
Connect,,2026-05-31 11:07:44 -0700,2026-05-31 11:28:44 -0700,HKCategoryValueSleepAnalysisAsleepCore
Connect,,2026-05-31 11:28:44 -0700,2026-05-31 11:29:44 -0700,HKCategoryValueSleepAnalysisAwake
Connect,,2026-05-31 11:29:44 -0700,2026-05-31 12:00:44 -0700,HKCategoryValueSleepAnalysisAsleepCore
Connect,,2026-05-31 12:00:44 -0700,2026-05-31 12:25:44 -0700,HKCategoryValueSleepAnalysisAwake
Connect,,2026-05-31 12:25:44 -0700,2026-05-31 12:30:44 -0700,HKCategoryValueSleepAnalysisAsleepCore
Connect,,2026-05-31 12:30:44 -0700,2026-05-31 12:57:44 -0700,HKCategoryValueSleepAnalysisAsleepREM
Connect,,2026-05-31 02:52:44 -0700,2026-05-31 12:57:44 -0700,HKCategoryValueSleepAnalysisInBed
Connect,,2026-06-01 04:57:37 -0700,2026-06-01 05:07:36 -0700,HKCategoryValueSleepAnalysisAsleepCore
Connect,,2026-06-01 05:07:36 -0700,2026-06-01 05:54:36 -0700,HKCategoryValueSleepAnalysisAsleepDeep
Connect,,2026-06-01 05:54:36 -0700,2026-06-01 07:04:36 -0700,HKCategoryValueSleepAnalysisAsleepCore
Connect,,2026-06-01 07:04:36 -0700,2026-06-01 07:13:36 -0700,HKCategoryValueSleepAnalysisAsleepREM
Connect,,2026-06-01 07:13:36 -0700,2026-06-01 07:35:36 -0700,HKCategoryValueSleepAnalysisAsleepCore
Connect,,2026-06-01 07:35:36 -0700,2026-06-01 07:50:36 -0700,HKCategoryValueSleepAnalysisAsleepREM
Connect,,2026-06-01 07:50:36 -0700,2026-06-01 09:25:30 -0700,HKCategoryValueSleepAnalysisAsleepCore
Connect,,2026-06-01 04:57:36 -0700,2026-06-01 09:25:30 -0700,HKCategoryValueSleepAnalysisInBed
Connect,,2026-06-02 04:57:43 -0700,2026-06-02 05:14:42 -0700,HKCategoryValueSleepAnalysisAsleepCore
Connect,,2026-06-02 05:14:42 -0700,2026-06-02 05:18:42 -0700,HKCategoryValueSleepAnalysisAwake
Connect,,2026-06-02 05:18:42 -0700,2026-06-02 05:26:42 -0700,HKCategoryValueSleepAnalysisAsleepCore
Connect,,2026-06-02 05:26:42 -0700,2026-06-02 05:51:42 -0700,HKCategoryValueSleepAnalysisAsleepDeep
Connect,,2026-06-02 05:51:42 -0700,2026-06-02 05:57:42 -0700,HKCategoryValueSleepAnalysisAsleepCore
Connect,,2026-06-02 05:57:42 -0700,2026-06-02 06:06:42 -0700,HKCategoryValueSleepAnalysisAsleepDeep
Connect,,2026-06-02 06:06:42 -0700,2026-06-02 06:50:42 -0700,HKCategoryValueSleepAnalysisAsleepCore
Connect,,2026-06-02 06:50:42 -0700,2026-06-02 07:20:42 -0700,HKCategoryValueSleepAnalysisAsleepDeep
Connect,,2026-06-02 07:20:42 -0700,2026-06-02 07:36:42 -0700,HKCategoryValueSleepAnalysisAsleepCore
Connect,,2026-06-02 07:36:42 -0700,2026-06-02 07:53:42 -0700,HKCategoryValueSleepAnalysisAsleepDeep
Connect,,2026-06-02 07:53:42 -0700,2026-06-02 08:05:42 -0700,HKCategoryValueSleepAnalysisAsleepCore
Connect,,2026-06-02 08:05:42 -0700,2026-06-02 08:19:42 -0700,HKCategoryValueSleepAnalysisAsleepREM
Connect,,2026-06-02 08:19:42 -0700,2026-06-02 09:05:42 -0700,HKCategoryValueSleepAnalysisAsleepCore
Connect,,2026-06-02 09:05:42 -0700,2026-06-02 09:27:42 -0700,HKCategoryValueSleepAnalysisAsleepDeep
Connect,,2026-06-02 09:27:42 -0700,2026-06-02 09:37:42 -0700,HKCategoryValueSleepAnalysisAsleepCore
Connect,,2026-06-02 09:37:42 -0700,2026-06-02 09:57:42 -0700,HKCategoryValueSleepAnalysisAsleepREM
Connect,,2026-06-02 09:57:42 -0700,2026-06-02 10:25:42 -0700,HKCategoryValueSleepAnalysisAsleepCore
Connect,,2026-06-02 10:25:42 -0700,2026-06-02 10:47:42 -0700,HKCategoryValueSleepAnalysisAsleepREM
Connect,,2026-06-02 10:47:42 -0700,2026-06-02 11:00:42 -0700,HKCategoryValueSleepAnalysisAsleepCore
Connect,,2026-06-02 11:00:42 -0700,2026-06-02 11:05:42 -0700,HKCategoryValueSleepAnalysisAsleepREM
Connect,,2026-06-02 11:05:42 -0700,2026-06-02 11:12:42 -0700,HKCategoryValueSleepAnalysisAsleepCore
Connect,,2026-06-02 11:12:42 -0700,2026-06-02 11:18:42 -0700,HKCategoryValueSleepAnalysisAsleepREM
Connect,,2026-06-02 04:57:42 -0700,2026-06-02 11:18:42 -0700,HKCategoryValueSleepAnalysisInBed
Connect,,2026-06-03 06:44:26 -0700,2026-06-03 06:48:25 -0700,HKCategoryValueSleepAnalysisAsleepCore
Connect,,2026-06-03 06:48:25 -0700,2026-06-03 06:59:25 -0700,HKCategoryValueSleepAnalysisAsleepDeep
Connect,,2026-06-03 06:59:25 -0700,2026-06-03 07:01:25 -0700,HKCategoryValueSleepAnalysisAwake
Connect,,2026-06-03 07:01:25 -0700,2026-06-03 07:17:25 -0700,HKCategoryValueSleepAnalysisAsleepCore
Connect,,2026-06-03 07:17:25 -0700,2026-06-03 07:18:25 -0700,HKCategoryValueSleepAnalysisAwake
Connect,,2026-06-03 07:18:25 -0700,2026-06-03 07:30:25 -0700,HKCategoryValueSleepAnalysisAsleepCore
Connect,,2026-06-03 07:30:25 -0700,2026-06-03 07:32:25 -0700,HKCategoryValueSleepAnalysisAwake
Connect,,2026-06-03 07:32:25 -0700,2026-06-03 07:42:25 -0700,HKCategoryValueSleepAnalysisAsleepCore
Connect,,2026-06-03 07:42:25 -0700,2026-06-03 07:53:25 -0700,HKCategoryValueSleepAnalysisAsleepDeep
Connect,,2026-06-03 07:53:25 -0700,2026-06-03 08:10:25 -0700,HKCategoryValueSleepAnalysisAsleepCore
Connect,,2026-06-03 08:10:25 -0700,2026-06-03 08:21:25 -0700,HKCategoryValueSleepAnalysisAsleepDeep
Connect,,2026-06-03 08:21:25 -0700,2026-06-03 09:09:25 -0700,HKCategoryValueSleepAnalysisAsleepCore
Connect,,2026-06-03 09:09:25 -0700,2026-06-03 09:27:25 -0700,HKCategoryValueSleepAnalysisAsleepDeep
Connect,,2026-06-03 09:27:25 -0700,2026-06-03 09:46:25 -0700,HKCategoryValueSleepAnalysisAsleepCore
Connect,,2026-06-03 09:46:25 -0700,2026-06-03 10:17:25 -0700,HKCategoryValueSleepAnalysisAsleepREM
Connect,,2026-06-03 10:17:25 -0700,2026-06-03 11:13:25 -0700,HKCategoryValueSleepAnalysisAsleepCore
Connect,,2026-06-03 11:13:25 -0700,2026-06-03 11:29:25 -0700,HKCategoryValueSleepAnalysisAsleepREM
Connect,,2026-06-03 11:29:25 -0700,2026-06-03 11:35:25 -0700,HKCategoryValueSleepAnalysisAsleepCore
Connect,,2026-06-03 11:35:25 -0700,2026-06-03 12:12:25 -0700,HKCategoryValueSleepAnalysisAsleepREM
Connect,,2026-06-03 12:12:25 -0700,2026-06-03 12:25:25 -0700,HKCategoryValueSleepAnalysisAsleepCore
Connect,,2026-06-03 12:25:25 -0700,2026-06-03 12:46:25 -0700,HKCategoryValueSleepAnalysisAsleepREM
Connect,,2026-06-03 12:46:25 -0700,2026-06-03 12:59:25 -0700,HKCategoryValueSleepAnalysisAsleepCore
Connect,,2026-06-03 12:59:25 -0700,2026-06-03 13:20:25 -0700,HKCategoryValueSleepAnalysisAsleepREM
Connect,,2026-06-03 13:20:25 -0700,2026-06-03 13:40:25 -0700,HKCategoryValueSleepAnalysisAsleepCore
Connect,,2026-06-03 06:44:25 -0700,2026-06-03 13:40:25 -0700,HKCategoryValueSleepAnalysisInBed
Connect,,2026-06-03 15:18:39 -0700,2026-06-03 15:45:39 -0700,HKCategoryValueSleepAnalysisInBed
Connect,,2026-06-03 15:18:39 -0700,2026-06-03 15:45:39 -0700,HKCategoryValueSleepAnalysisAsleepUnspecified
Connect,,2026-06-03 15:46:16 -0700,2026-06-03 15:59:16 -0700,HKCategoryValueSleepAnalysisInBed
Connect,,2026-06-03 15:46:16 -0700,2026-06-03 15:59:16 -0700,HKCategoryValueSleepAnalysisAsleepUnspecified
Connect,,2026-06-04 08:06:53 -0700,2026-06-04 08:16:52 -0700,HKCategoryValueSleepAnalysisAsleepCore
Connect,,2026-06-04 08:16:52 -0700,2026-06-04 08:55:52 -0700,HKCategoryValueSleepAnalysisAsleepDeep
Connect,,2026-06-04 08:55:52 -0700,2026-06-04 09:13:52 -0700,HKCategoryValueSleepAnalysisAsleepCore
Connect,,2026-06-04 09:13:52 -0700,2026-06-04 09:46:52 -0700,HKCategoryValueSleepAnalysisAsleepDeep
Connect,,2026-06-04 09:46:52 -0700,2026-06-04 10:24:52 -0700,HKCategoryValueSleepAnalysisAsleepCore
Connect,,2026-06-04 10:24:52 -0700,2026-06-04 10:39:52 -0700,HKCategoryValueSleepAnalysisAsleepREM
Connect,,2026-06-04 10:39:52 -0700,2026-06-04 10:51:52 -0700,HKCategoryValueSleepAnalysisAsleepCore
Connect,,2026-06-04 10:51:52 -0700,2026-06-04 11:08:52 -0700,HKCategoryValueSleepAnalysisAsleepDeep
Connect,,2026-06-04 11:08:52 -0700,2026-06-04 11:18:52 -0700,HKCategoryValueSleepAnalysisAsleepCore
Connect,,2026-06-04 11:18:52 -0700,2026-06-04 11:37:52 -0700,HKCategoryValueSleepAnalysisAsleepDeep
Connect,,2026-06-04 11:37:52 -0700,2026-06-04 12:39:52 -0700,HKCategoryValueSleepAnalysisAsleepCore
Connect,,2026-06-04 12:39:52 -0700,2026-06-04 12:44:52 -0700,HKCategoryValueSleepAnalysisAwake
Connect,,2026-06-04 12:44:52 -0700,2026-06-04 12:54:52 -0700,HKCategoryValueSleepAnalysisAsleepCore
Connect,,2026-06-04 12:54:52 -0700,2026-06-04 13:17:52 -0700,HKCategoryValueSleepAnalysisAsleepREM
Connect,,2026-06-04 13:17:52 -0700,2026-06-04 13:43:52 -0700,HKCategoryValueSleepAnalysisAsleepCore
Connect,,2026-06-04 13:43:52 -0700,2026-06-04 13:59:52 -0700,HKCategoryValueSleepAnalysisAsleepDeep
Connect,,2026-06-04 13:59:52 -0700,2026-06-04 14:02:52 -0700,HKCategoryValueSleepAnalysisAwake
Connect,,2026-06-04 14:02:52 -0700,2026-06-04 14:12:52 -0700,HKCategoryValueSleepAnalysisAsleepCore
Connect,,2026-06-04 14:12:52 -0700,2026-06-04 14:54:52 -0700,HKCategoryValueSleepAnalysisAsleepREM
Connect,,2026-06-04 08:06:52 -0700,2026-06-04 14:54:52 -0700,HKCategoryValueSleepAnalysisInBed
Connect,,2026-06-05 08:46:11 -0700,2026-06-05 08:56:10 -0700,HKCategoryValueSleepAnalysisAsleepCore
Connect,,2026-06-05 08:56:10 -0700,2026-06-05 09:41:10 -0700,HKCategoryValueSleepAnalysisAsleepDeep
Connect,,2026-06-05 09:41:10 -0700,2026-06-05 10:03:10 -0700,HKCategoryValueSleepAnalysisAsleepCore
Connect,,2026-06-05 10:03:10 -0700,2026-06-05 10:30:10 -0700,HKCategoryValueSleepAnalysisAsleepREM
Connect,,2026-06-05 10:30:10 -0700,2026-06-05 11:27:10 -0700,HKCategoryValueSleepAnalysisAsleepCore
Connect,,2026-06-05 11:27:10 -0700,2026-06-05 11:34:10 -0700,HKCategoryValueSleepAnalysisAsleepDeep
Connect,,2026-06-05 11:34:10 -0700,2026-06-05 12:45:10 -0700,HKCategoryValueSleepAnalysisAsleepCore
Connect,,2026-06-05 12:45:10 -0700,2026-06-05 13:16:10 -0700,HKCategoryValueSleepAnalysisAsleepREM
Connect,,2026-06-05 13:16:10 -0700,2026-06-05 13:25:10 -0700,HKCategoryValueSleepAnalysisAwake
Connect,,2026-06-05 13:25:10 -0700,2026-06-05 13:39:10 -0700,HKCategoryValueSleepAnalysisAsleepCore
Connect,,2026-06-05 08:46:10 -0700,2026-06-05 13:39:10 -0700,HKCategoryValueSleepAnalysisInBed
Connect,,2026-06-06 05:11:24 -0700,2026-06-06 05:17:23 -0700,HKCategoryValueSleepAnalysisAsleepCore
Connect,,2026-06-06 05:17:23 -0700,2026-06-06 05:45:23 -0700,HKCategoryValueSleepAnalysisAsleepDeep
Connect,,2026-06-06 05:45:23 -0700,2026-06-06 06:35:23 -0700,HKCategoryValueSleepAnalysisAsleepCore
Connect,,2026-06-06 06:35:23 -0700,2026-06-06 07:22:23 -0700,HKCategoryValueSleepAnalysisAsleepDeep
Connect,,2026-06-06 07:22:23 -0700,2026-06-06 07:34:23 -0700,HKCategoryValueSleepAnalysisAsleepCore
Connect,,2026-06-06 07:34:23 -0700,2026-06-06 08:00:23 -0700,HKCategoryValueSleepAnalysisAsleepREM
Connect,,2026-06-06 08:00:23 -0700,2026-06-06 08:18:23 -0700,HKCategoryValueSleepAnalysisAsleepCore
Connect,,2026-06-06 08:18:23 -0700,2026-06-06 09:02:23 -0700,HKCategoryValueSleepAnalysisAsleepREM
Connect,,2026-06-06 09:02:23 -0700,2026-06-06 09:40:23 -0700,HKCategoryValueSleepAnalysisAsleepCore
Connect,,2026-06-06 09:40:23 -0700,2026-06-06 09:45:23 -0700,HKCategoryValueSleepAnalysisAsleepDeep
Connect,,2026-06-06 09:45:23 -0700,2026-06-06 10:16:23 -0700,HKCategoryValueSleepAnalysisAsleepCore
Connect,,2026-06-06 10:16:23 -0700,2026-06-06 10:17:23 -0700,HKCategoryValueSleepAnalysisAwake
Connect,,2026-06-06 10:17:23 -0700,2026-06-06 10:29:23 -0700,HKCategoryValueSleepAnalysisAsleepCore
Connect,,2026-06-06 10:29:23 -0700,2026-06-06 10:35:23 -0700,HKCategoryValueSleepAnalysisAwake
Connect,,2026-06-06 10:35:23 -0700,2026-06-06 11:16:23 -0700,HKCategoryValueSleepAnalysisAsleepCore
Connect,,2026-06-06 11:16:23 -0700,2026-06-06 12:11:42 -0700,HKCategoryValueSleepAnalysisAsleepREM
Connect,,2026-06-06 05:11:23 -0700,2026-06-06 12:11:42 -0700,HKCategoryValueSleepAnalysisInBed
Connect,,2026-06-07 01:21:44 -0700,2026-06-07 01:31:43 -0700,HKCategoryValueSleepAnalysisAsleepCore
Connect,,2026-06-07 01:31:43 -0700,2026-06-07 01:51:43 -0700,HKCategoryValueSleepAnalysisAsleepDeep
Connect,,2026-06-07 01:51:43 -0700,2026-06-07 01:54:43 -0700,HKCategoryValueSleepAnalysisAwake
Connect,,2026-06-07 01:54:43 -0700,2026-06-07 02:37:43 -0700,HKCategoryValueSleepAnalysisAsleepCore
Connect,,2026-06-07 02:37:43 -0700,2026-06-07 02:44:43 -0700,HKCategoryValueSleepAnalysisAsleepDeep
Connect,,2026-06-07 02:44:43 -0700,2026-06-07 03:01:43 -0700,HKCategoryValueSleepAnalysisAsleepCore
Connect,,2026-06-07 03:01:43 -0700,2026-06-07 03:07:43 -0700,HKCategoryValueSleepAnalysisAsleepDeep
Connect,,2026-06-07 03:07:43 -0700,2026-06-07 03:12:43 -0700,HKCategoryValueSleepAnalysisAsleepCore
Connect,,2026-06-07 03:12:43 -0700,2026-06-07 03:26:43 -0700,HKCategoryValueSleepAnalysisAsleepREM
Connect,,2026-06-07 03:26:43 -0700,2026-06-07 04:00:43 -0700,HKCategoryValueSleepAnalysisAsleepCore
Connect,,2026-06-07 04:00:43 -0700,2026-06-07 04:26:43 -0700,HKCategoryValueSleepAnalysisAsleepDeep
Connect,,2026-06-07 04:26:43 -0700,2026-06-07 05:11:43 -0700,HKCategoryValueSleepAnalysisAsleepCore
Connect,,2026-06-07 05:11:43 -0700,2026-06-07 05:16:43 -0700,HKCategoryValueSleepAnalysisAsleepREM
Connect,,2026-06-07 05:16:43 -0700,2026-06-07 07:06:43 -0700,HKCategoryValueSleepAnalysisAsleepCore
Connect,,2026-06-07 07:06:43 -0700,2026-06-07 07:07:43 -0700,HKCategoryValueSleepAnalysisAwake
Connect,,2026-06-07 07:07:43 -0700,2026-06-07 07:16:43 -0700,HKCategoryValueSleepAnalysisAsleepCore
Connect,,2026-06-07 07:16:43 -0700,2026-06-07 07:21:43 -0700,HKCategoryValueSleepAnalysisAsleepDeep
Connect,,2026-06-07 07:21:43 -0700,2026-06-07 07:49:43 -0700,HKCategoryValueSleepAnalysisAsleepCore
Connect,,2026-06-07 07:49:43 -0700,2026-06-07 08:45:43 -0700,HKCategoryValueSleepAnalysisAsleepREM
Connect,,2026-06-07 08:45:43 -0700,2026-06-07 09:06:43 -0700,HKCategoryValueSleepAnalysisAsleepCore
Connect,,2026-06-07 09:06:43 -0700,2026-06-07 09:39:43 -0700,HKCategoryValueSleepAnalysisAsleepREM
Connect,,2026-06-07 09:39:43 -0700,2026-06-07 11:09:43 -0700,HKCategoryValueSleepAnalysisAsleepCore
Connect,,2026-06-07 11:09:43 -0700,2026-06-07 11:45:34 -0700,HKCategoryValueSleepAnalysisAsleepREM
Connect,,2026-06-07 01:21:43 -0700,2026-06-07 11:45:34 -0700,HKCategoryValueSleepAnalysisInBed
Connect,,2026-06-07 13:49:59 -0700,2026-06-07 15:42:59 -0700,HKCategoryValueSleepAnalysisInBed
Connect,,2026-06-07 13:49:59 -0700,2026-06-07 15:42:59 -0700,HKCategoryValueSleepAnalysisAsleepUnspecified
Connect,,2026-06-08 05:45:38 -0700,2026-06-08 05:55:37 -0700,HKCategoryValueSleepAnalysisAsleepCore
Connect,,2026-06-08 05:55:37 -0700,2026-06-08 06:30:37 -0700,HKCategoryValueSleepAnalysisAsleepDeep
Connect,,2026-06-08 06:30:37 -0700,2026-06-08 06:58:37 -0700,HKCategoryValueSleepAnalysisAsleepCore
Connect,,2026-06-08 06:58:37 -0700,2026-06-08 07:04:37 -0700,HKCategoryValueSleepAnalysisAsleepDeep
Connect,,2026-06-08 07:04:37 -0700,2026-06-08 07:30:37 -0700,HKCategoryValueSleepAnalysisAsleepCore
Connect,,2026-06-08 07:30:37 -0700,2026-06-08 07:45:37 -0700,HKCategoryValueSleepAnalysisAsleepREM
Connect,,2026-06-08 07:45:37 -0700,2026-06-08 07:56:37 -0700,HKCategoryValueSleepAnalysisAsleepCore
Connect,,2026-06-08 07:56:37 -0700,2026-06-08 08:01:37 -0700,HKCategoryValueSleepAnalysisAsleepDeep
Connect,,2026-06-08 08:01:37 -0700,2026-06-08 08:13:37 -0700,HKCategoryValueSleepAnalysisAsleepCore
Connect,,2026-06-08 08:13:37 -0700,2026-06-08 08:27:37 -0700,HKCategoryValueSleepAnalysisAsleepDeep
Connect,,2026-06-08 08:27:37 -0700,2026-06-08 10:43:37 -0700,HKCategoryValueSleepAnalysisAsleepCore
Connect,,2026-06-08 10:43:37 -0700,2026-06-08 10:57:37 -0700,HKCategoryValueSleepAnalysisAsleepREM
Connect,,2026-06-08 10:57:37 -0700,2026-06-08 10:59:37 -0700,HKCategoryValueSleepAnalysisAwake
Connect,,2026-06-08 10:59:37 -0700,2026-06-08 11:09:37 -0700,HKCategoryValueSleepAnalysisAsleepCore
Connect,,2026-06-08 11:09:37 -0700,2026-06-08 11:21:37 -0700,HKCategoryValueSleepAnalysisAsleepREM
Connect,,2026-06-08 11:21:37 -0700,2026-06-08 12:41:37 -0700,HKCategoryValueSleepAnalysisAsleepCore
Connect,,2026-06-08 12:41:37 -0700,2026-06-08 12:52:37 -0700,HKCategoryValueSleepAnalysisAsleepREM
Connect,,2026-06-08 12:52:37 -0700,2026-06-08 13:36:37 -0700,HKCategoryValueSleepAnalysisAsleepCore
Connect,,2026-06-08 13:36:37 -0700,2026-06-08 14:28:24 -0700,HKCategoryValueSleepAnalysisAsleepREM
Connect,,2026-06-08 05:45:37 -0700,2026-06-08 14:28:24 -0700,HKCategoryValueSleepAnalysisInBed
Connect,,2026-06-09 07:56:05 -0700,2026-06-09 08:06:04 -0700,HKCategoryValueSleepAnalysisAsleepCore
Connect,,2026-06-09 08:06:04 -0700,2026-06-09 09:01:04 -0700,HKCategoryValueSleepAnalysisAsleepDeep
Connect,,2026-06-09 09:01:04 -0700,2026-06-09 09:11:04 -0700,HKCategoryValueSleepAnalysisAsleepCore
Connect,,2026-06-09 09:11:04 -0700,2026-06-09 09:34:04 -0700,HKCategoryValueSleepAnalysisAsleepREM
Connect,,2026-06-09 09:34:04 -0700,2026-06-09 09:59:04 -0700,HKCategoryValueSleepAnalysisAsleepCore
Connect,,2026-06-09 09:59:04 -0700,2026-06-09 10:28:04 -0700,HKCategoryValueSleepAnalysisAsleepDeep
Connect,,2026-06-09 10:28:04 -0700,2026-06-09 10:48:04 -0700,HKCategoryValueSleepAnalysisAsleepCore
Connect,,2026-06-09 10:48:04 -0700,2026-06-09 10:49:04 -0700,HKCategoryValueSleepAnalysisAwake
Connect,,2026-06-09 10:49:04 -0700,2026-06-09 11:17:04 -0700,HKCategoryValueSleepAnalysisAsleepCore
Connect,,2026-06-09 11:17:04 -0700,2026-06-09 11:36:04 -0700,HKCategoryValueSleepAnalysisAsleepDeep
Connect,,2026-06-09 11:36:04 -0700,2026-06-09 11:50:04 -0700,HKCategoryValueSleepAnalysisAsleepCore
Connect,,2026-06-09 11:50:04 -0700,2026-06-09 12:00:04 -0700,HKCategoryValueSleepAnalysisAsleepDeep
Connect,,2026-06-09 12:00:04 -0700,2026-06-09 12:02:04 -0700,HKCategoryValueSleepAnalysisAwake
Connect,,2026-06-09 12:02:04 -0700,2026-06-09 12:14:04 -0700,HKCategoryValueSleepAnalysisAsleepCore
Connect,,2026-06-09 12:14:04 -0700,2026-06-09 12:33:04 -0700,HKCategoryValueSleepAnalysisAsleepREM
Connect,,2026-06-09 12:33:04 -0700,2026-06-09 12:36:04 -0700,HKCategoryValueSleepAnalysisAwake
Connect,,2026-06-09 12:36:04 -0700,2026-06-09 12:43:04 -0700,HKCategoryValueSleepAnalysisAsleepCore
Connect,,2026-06-09 12:43:04 -0700,2026-06-09 12:49:04 -0700,HKCategoryValueSleepAnalysisAsleepDeep
Connect,,2026-06-09 12:49:04 -0700,2026-06-09 12:51:04 -0700,HKCategoryValueSleepAnalysisAwake
Connect,,2026-06-09 12:51:04 -0700,2026-06-09 12:57:04 -0700,HKCategoryValueSleepAnalysisAsleepCore
Connect,,2026-06-09 12:57:04 -0700,2026-06-09 13:07:04 -0700,HKCategoryValueSleepAnalysisAsleepDeep
Connect,,2026-06-09 13:07:04 -0700,2026-06-09 13:13:04 -0700,HKCategoryValueSleepAnalysisAsleepCore
Connect,,2026-06-09 13:13:04 -0700,2026-06-09 13:28:04 -0700,HKCategoryValueSleepAnalysisAwake
Connect,,2026-06-09 13:28:04 -0700,2026-06-09 13:38:04 -0700,HKCategoryValueSleepAnalysisAsleepCore
Connect,,2026-06-09 13:38:04 -0700,2026-06-09 14:00:04 -0700,HKCategoryValueSleepAnalysisAsleepREM
Connect,,2026-06-09 07:56:04 -0700,2026-06-09 14:00:04 -0700,HKCategoryValueSleepAnalysisInBed
Connect,,2026-06-10 07:34:27 -0700,2026-06-10 07:44:26 -0700,HKCategoryValueSleepAnalysisAsleepCore
Connect,,2026-06-10 07:44:26 -0700,2026-06-10 08:04:26 -0700,HKCategoryValueSleepAnalysisAsleepDeep
Connect,,2026-06-10 08:04:26 -0700,2026-06-10 08:09:26 -0700,HKCategoryValueSleepAnalysisAsleepCore
Connect,,2026-06-10 08:09:26 -0700,2026-06-10 08:17:26 -0700,HKCategoryValueSleepAnalysisAsleepDeep
Connect,,2026-06-10 08:17:26 -0700,2026-06-10 08:54:26 -0700,HKCategoryValueSleepAnalysisAsleepCore
Connect,,2026-06-10 08:54:26 -0700,2026-06-10 09:35:26 -0700,HKCategoryValueSleepAnalysisAsleepDeep
Connect,,2026-06-10 09:35:26 -0700,2026-06-10 09:36:26 -0700,HKCategoryValueSleepAnalysisAsleepCore
Connect,,2026-06-10 09:36:26 -0700,2026-06-10 09:51:26 -0700,HKCategoryValueSleepAnalysisAsleepREM
Connect,,2026-06-10 09:51:26 -0700,2026-06-10 10:26:26 -0700,HKCategoryValueSleepAnalysisAsleepCore
Connect,,2026-06-10 10:26:26 -0700,2026-06-10 10:59:26 -0700,HKCategoryValueSleepAnalysisAsleepDeep
Connect,,2026-06-10 10:59:26 -0700,2026-06-10 11:06:26 -0700,HKCategoryValueSleepAnalysisAsleepCore
Connect,,2026-06-10 11:06:26 -0700,2026-06-10 11:31:26 -0700,HKCategoryValueSleepAnalysisAsleepREM
Connect,,2026-06-10 07:34:26 -0700,2026-06-10 11:31:26 -0700,HKCategoryValueSleepAnalysisInBed
Connect,,2026-06-10 18:33:43 -0700,2026-06-10 20:11:43 -0700,HKCategoryValueSleepAnalysisInBed
Connect,,2026-06-10 18:33:43 -0700,2026-06-10 20:11:43 -0700,HKCategoryValueSleepAnalysisAsleepUnspecified
Connect,,2026-06-11 07:24:44 -0700,2026-06-11 07:34:43 -0700,HKCategoryValueSleepAnalysisAsleepCore
Connect,,2026-06-11 07:34:43 -0700,2026-06-11 08:44:43 -0700,HKCategoryValueSleepAnalysisAsleepDeep
Connect,,2026-06-11 08:44:43 -0700,2026-06-11 09:49:43 -0700,HKCategoryValueSleepAnalysisAsleepCore
Connect,,2026-06-11 09:49:43 -0700,2026-06-11 09:59:43 -0700,HKCategoryValueSleepAnalysisAsleepREM
Connect,,2026-06-11 09:59:43 -0700,2026-06-11 10:51:43 -0700,HKCategoryValueSleepAnalysisAsleepCore
Connect,,2026-06-11 10:51:43 -0700,2026-06-11 11:06:43 -0700,HKCategoryValueSleepAnalysisAsleepREM
Connect,,2026-06-11 11:06:43 -0700,2026-06-11 11:19:43 -0700,HKCategoryValueSleepAnalysisAsleepCore
Connect,,2026-06-11 11:19:43 -0700,2026-06-11 11:43:43 -0700,HKCategoryValueSleepAnalysisAsleepREM
Connect,,2026-06-11 11:43:43 -0700,2026-06-11 12:39:43 -0700,HKCategoryValueSleepAnalysisAsleepCore
Connect,,2026-06-11 12:39:43 -0700,2026-06-11 13:17:43 -0700,HKCategoryValueSleepAnalysisAsleepREM
Connect,,2026-06-11 13:17:43 -0700,2026-06-11 13:55:43 -0700,HKCategoryValueSleepAnalysisAsleepCore
Connect,,2026-06-11 07:24:43 -0700,2026-06-11 13:55:43 -0700,HKCategoryValueSleepAnalysisInBed
Connect,,2026-06-11 16:10:01 -0700,2026-06-11 18:39:01 -0700,HKCategoryValueSleepAnalysisInBed
Connect,,2026-06-11 16:10:01 -0700,2026-06-11 18:39:01 -0700,HKCategoryValueSleepAnalysisAsleepUnspecified
Connect,,2026-06-12 10:10:03 -0700,2026-06-12 10:20:02 -0700,HKCategoryValueSleepAnalysisAsleepCore
Connect,,2026-06-12 10:20:02 -0700,2026-06-12 11:07:02 -0700,HKCategoryValueSleepAnalysisAsleepDeep
Connect,,2026-06-12 11:07:02 -0700,2026-06-12 11:36:02 -0700,HKCategoryValueSleepAnalysisAsleepCore
Connect,,2026-06-12 11:36:02 -0700,2026-06-12 12:13:02 -0700,HKCategoryValueSleepAnalysisAsleepDeep
Connect,,2026-06-12 12:13:02 -0700,2026-06-12 12:24:02 -0700,HKCategoryValueSleepAnalysisAsleepCore
Connect,,2026-06-12 12:24:02 -0700,2026-06-12 12:55:02 -0700,HKCategoryValueSleepAnalysisAsleepREM
Connect,,2026-06-12 12:55:02 -0700,2026-06-12 13:18:02 -0700,HKCategoryValueSleepAnalysisAsleepCore
Connect,,2026-06-12 13:18:02 -0700,2026-06-12 13:39:02 -0700,HKCategoryValueSleepAnalysisAsleepDeep
Connect,,2026-06-12 13:39:02 -0700,2026-06-12 15:10:02 -0700,HKCategoryValueSleepAnalysisAsleepCore
Connect,,2026-06-12 10:10:02 -0700,2026-06-12 15:10:02 -0700,HKCategoryValueSleepAnalysisInBed
Connect,,2026-06-13 06:29:02 -0700,2026-06-13 06:39:01 -0700,HKCategoryValueSleepAnalysisAsleepCore
Connect,,2026-06-13 06:39:01 -0700,2026-06-13 06:54:01 -0700,HKCategoryValueSleepAnalysisAsleepDeep
Connect,,2026-06-13 06:54:01 -0700,2026-06-13 07:03:01 -0700,HKCategoryValueSleepAnalysisAsleepCore
Connect,,2026-06-13 07:03:01 -0700,2026-06-13 07:26:01 -0700,HKCategoryValueSleepAnalysisAsleepDeep
Connect,,2026-06-13 07:26:01 -0700,2026-06-13 07:39:01 -0700,HKCategoryValueSleepAnalysisAsleepCore
Connect,,2026-06-13 07:39:01 -0700,2026-06-13 07:49:01 -0700,HKCategoryValueSleepAnalysisAsleepREM
Connect,,2026-06-13 07:49:01 -0700,2026-06-13 08:16:01 -0700,HKCategoryValueSleepAnalysisAsleepCore
Connect,,2026-06-13 08:16:01 -0700,2026-06-13 08:37:01 -0700,HKCategoryValueSleepAnalysisAsleepDeep
Connect,,2026-06-13 08:37:01 -0700,2026-06-13 09:19:01 -0700,HKCategoryValueSleepAnalysisAsleepCore
Connect,,2026-06-13 09:19:01 -0700,2026-06-13 09:41:01 -0700,HKCategoryValueSleepAnalysisAsleepDeep
Connect,,2026-06-13 09:41:01 -0700,2026-06-13 09:57:01 -0700,HKCategoryValueSleepAnalysisAsleepCore
Connect,,2026-06-13 09:57:01 -0700,2026-06-13 10:02:01 -0700,HKCategoryValueSleepAnalysisAsleepREM
Connect,,2026-06-13 10:02:01 -0700,2026-06-13 10:16:01 -0700,HKCategoryValueSleepAnalysisAsleepCore
Connect,,2026-06-13 10:16:01 -0700,2026-06-13 10:24:01 -0700,HKCategoryValueSleepAnalysisAsleepREM
Connect,,2026-06-13 10:24:01 -0700,2026-06-13 10:29:01 -0700,HKCategoryValueSleepAnalysisAsleepCore
Connect,,2026-06-13 10:29:01 -0700,2026-06-13 10:43:01 -0700,HKCategoryValueSleepAnalysisAsleepREM
Connect,,2026-06-13 10:43:01 -0700,2026-06-13 11:23:01 -0700,HKCategoryValueSleepAnalysisAsleepCore
Connect,,2026-06-13 11:23:01 -0700,2026-06-13 12:07:01 -0700,HKCategoryValueSleepAnalysisAsleepREM
Connect,,2026-06-13 12:07:01 -0700,2026-06-13 12:10:01 -0700,HKCategoryValueSleepAnalysisAwake
Connect,,2026-06-13 12:10:01 -0700,2026-06-13 12:46:01 -0700,HKCategoryValueSleepAnalysisAsleepCore
Connect,,2026-06-13 12:46:01 -0700,2026-06-13 12:48:01 -0700,HKCategoryValueSleepAnalysisAwake
Connect,,2026-06-13 12:48:01 -0700,2026-06-13 12:58:01 -0700,HKCategoryValueSleepAnalysisAsleepCore
Connect,,2026-06-13 12:58:01 -0700,2026-06-13 13:24:01 -0700,HKCategoryValueSleepAnalysisAsleepREM
Connect,,2026-06-13 13:24:01 -0700,2026-06-13 13:36:01 -0700,HKCategoryValueSleepAnalysisAsleepCore
Connect,,2026-06-13 13:36:01 -0700,2026-06-13 13:39:01 -0700,HKCategoryValueSleepAnalysisAwake
Connect,,2026-06-13 13:39:01 -0700,2026-06-13 14:08:01 -0700,HKCategoryValueSleepAnalysisAsleepCore
Connect,,2026-06-13 14:08:01 -0700,2026-06-13 14:24:01 -0700,HKCategoryValueSleepAnalysisAsleepREM
Connect,,2026-06-13 14:24:01 -0700,2026-06-13 14:25:01 -0700,HKCategoryValueSleepAnalysisAwake
Connect,,2026-06-13 14:25:01 -0700,2026-06-13 14:35:01 -0700,HKCategoryValueSleepAnalysisAsleepCore
Connect,,2026-06-13 14:35:01 -0700,2026-06-13 14:47:01 -0700,HKCategoryValueSleepAnalysisAsleepREM
Connect,,2026-06-13 06:29:01 -0700,2026-06-13 14:47:01 -0700,HKCategoryValueSleepAnalysisInBed
